model,score,calibration_fraction,seed,dataset,calibration_n,evaluation_n,fixed_coverage,fixed_width,fixed_interval_score,adaptive_coverage,adaptive_width,adaptive_interval_score,delta_coverage,delta_width,delta_interval_score
dnsmos,mahalanobis,0.3,20270001,nisqa_val_sim,750,1750,0.9291428571428572,2.8412585258483887,3.1461120223999024,0.9314285714285714,2.855347914287022,3.1509370656694684,0.0022857142857142243,0.014089388438633499,0.0048250432695660095
dnsmos,mahalanobis,0.3,20270001,nisqa_train_live,750,1020,0.9911764705882353,2.8412585258483887,2.8582144695169784,0.9931372549019608,2.8192180322665794,2.8366006750686497,0.0019607843137254832,-0.022040493581809262,-0.021613794448328782
dnsmos,mahalanobis,0.3,20270001,nisqa_val_live,750,200,1.0,2.8412585258483887,2.8412585258483887,1.0,2.8314944207668304,2.8314944207668304,0.0,-0.009764105081558228,-0.009764105081558228
dnsmos,mahalanobis,0.3,20270001,nisqa_test_for,750,240,0.9125,2.8412585258483887,3.2184796730677285,0.925,2.846040744582812,3.1924983153740567,0.012500000000000067,0.004782218734423527,-0.025981357693671825
dnsmos,mahalanobis,0.3,20270001,nisqa_test_livetalk,750,232,0.9525862068965517,2.8412585258483887,3.0706495704322028,0.9525862068965517,2.8015696221384507,3.0454638949755966,0.0,-0.03968890370993794,-0.025185675456606216
dnsmos,mahalanobis,0.3,20270001,nisqa_test_p501,750,240,0.8916666666666667,2.8412585258483887,3.224944273630778,0.8958333333333334,2.851048359274864,3.215279280145963,0.004166666666666652,0.009789833426475436,-0.009664993484814755
dnsmos,l2,0.3,20270001,nisqa_val_sim,750,1750,0.9291428571428572,2.8412585258483887,3.1461120223999024,0.932,2.849074647358486,3.13715873336792,0.0028571428571428914,0.00781612151009714,-0.008953289031982337
dnsmos,l2,0.3,20270001,nisqa_train_live,750,1020,0.9911764705882353,2.8412585258483887,2.8582144695169784,0.9901960784313726,2.78602218207191,2.8083435021194756,-0.0009803921568627416,-0.05523634377647868,-0.04987096739750285
dnsmos,l2,0.3,20270001,nisqa_val_live,750,200,1.0,2.8412585258483887,2.8412585258483887,1.0,2.7945845317840576,2.7945845317840576,0.0,-0.04667399406433104,-0.04667399406433104
dnsmos,l2,0.3,20270001,nisqa_test_for,750,240,0.9125,2.8412585258483887,3.2184796730677285,0.9208333333333333,2.8613586286703745,3.1772689878940583,0.008333333333333304,0.02010010282198582,-0.041210685173670214
dnsmos,l2,0.3,20270001,nisqa_test_livetalk,750,232,0.9525862068965517,2.8412585258483887,3.0706495704322028,0.9525862068965517,2.803961786730536,3.0538941231267205,0.0,-0.037296739117852695,-0.016755447305482285
dnsmos,l2,0.3,20270001,nisqa_test_p501,750,240,0.8916666666666667,2.8412585258483887,3.224944273630778,0.8958333333333334,2.8538587470849355,3.185510285695394,0.004166666666666652,0.012600221236546805,-0.039433987935383996
dnsmos,knn,0.3,20270001,nisqa_val_sim,750,1750,0.9291428571428572,2.8412585258483887,3.1461120223999024,0.928,2.8326646090916223,3.1458180967058453,-0.0011428571428571122,-0.008593916756766351,-0.00029392569405706226
dnsmos,knn,0.3,20270001,nisqa_train_live,750,1020,0.9911764705882353,2.8412585258483887,2.8582144695169784,0.9931372549019608,2.821305498422361,2.8398532460717596,0.0019607843137254832,-0.01995302742602778,-0.018361223445218844
dnsmos,knn,0.3,20270001,nisqa_val_live,750,200,1.0,2.8412585258483887,2.8412585258483887,1.0,2.8264211225509643,2.8264211225509643,0.0,-0.014837403297424334,-0.014837403297424334
dnsmos,knn,0.3,20270001,nisqa_test_for,750,240,0.9125,2.8412585258483887,3.2184796730677285,0.9166666666666666,2.833150335152944,3.212572383880615,0.004166666666666652,-0.008108190695444772,-0.005907289187113474
dnsmos,knn,0.3,20270001,nisqa_test_livetalk,750,232,0.9525862068965517,2.8412585258483887,3.0706495704322028,0.9482758620689655,2.822843683177027,3.0584517799574753,-0.004310344827586188,-0.01841484267136151,-0.012197790474727466
dnsmos,knn,0.3,20270001,nisqa_test_p501,750,240,0.8916666666666667,2.8412585258483887,3.224944273630778,0.8875,2.8244631508986155,3.2159381926059725,-0.004166666666666763,-0.016795374949773123,-0.009006081024805379
dnsmos,mahalanobis,0.3,20270002,nisqa_val_sim,750,1750,0.8937142857142857,2.7206335067749023,3.19730475970677,0.896,2.7197988530567714,3.1950558941704887,0.0022857142857143353,-0.0008346537181309621,-0.0022488655362811194
dnsmos,mahalanobis,0.3,20270002,nisqa_train_live,750,1020,0.9901960784313726,2.7206335067749023,2.749116212713952,0.9813725490196078,2.6094942081208323,2.6527552920229294,-0.008823529411764786,-0.11113929865407002,-0.09636092069102276
dnsmos,mahalanobis,0.3,20270002,nisqa_val_live,750,200,1.0,2.7206335067749023,2.7206335067749023,0.995,2.6192083299160003,2.624368017911911,-0.0050000000000000044,-0.10142517685890207,-0.09626548886299124
dnsmos,mahalanobis,0.3,20270002,nisqa_test_for,750,240,0.9,2.7206335067749023,3.2149482369422913,0.8875,2.660956397652626,3.1894161154826484,-0.012500000000000067,-0.059677109122276306,-0.025532121459642898
dnsmos,mahalanobis,0.3,20270002,nisqa_test_livetalk,750,232,0.9439655172413793,2.7206335067749023,3.0156462028108795,0.9353448275862069,2.601712745839152,2.9630107191102257,-0.008620689655172487,-0.11892076093575055,-0.05263548370065374
dnsmos,mahalanobis,0.3,20270002,nisqa_test_p501,750,240,0.8583333333333333,2.7206335067749023,3.259566237529119,0.8583333333333333,2.709876278042793,3.2862814952929815,0.0,-0.010757228732109159,0.02671525776386252
dnsmos,l2,0.3,20270002,nisqa_val_sim,750,1750,0.8937142857142857,2.7206335067749023,3.19730475970677,0.8954285714285715,2.749440956251962,3.2059015833990916,0.0017142857142857792,0.0288074494770596,0.008596823692321731
dnsmos,l2,0.3,20270002,nisqa_train_live,750,1020,0.9901960784313726,2.7206335067749023,2.749116212713952,0.984313725490196,2.6748915317011814,2.711304965206221,-0.005882352941176561,-0.04574197507372091,-0.03781124750773124
dnsmos,l2,0.3,20270002,nisqa_val_live,750,200,1.0,2.7206335067749023,2.7206335067749023,0.995,2.672694456577301,2.6784717798233033,-0.0050000000000000044,-0.04793905019760114,-0.04216172695159903
dnsmos,l2,0.3,20270002,nisqa_test_for,750,240,0.9,2.7206335067749023,3.2149482369422913,0.9083333333333333,2.7624778201182685,3.1709389835596085,0.008333333333333304,0.041844313343366135,-0.0440092533826828
dnsmos,l2,0.3,20270002,nisqa_test_livetalk,750,232,0.9439655172413793,2.7206335067749023,3.0156462028108795,0.9353448275862069,2.6854783337691734,2.9764410997259207,-0.008620689655172487,-0.0351551730057289,-0.039205103084958726
dnsmos,l2,0.3,20270002,nisqa_test_p501,750,240,0.8583333333333333,2.7206335067749023,3.259566237529119,0.8791666666666667,2.757650242249171,3.164316123723984,0.02083333333333337,0.037016735474268536,-0.09525011380513515
dnsmos,knn,0.3,20270002,nisqa_val_sim,750,1750,0.8937142857142857,2.7206335067749023,3.19730475970677,0.8914285714285715,2.6933232258387974,3.2001471742902483,-0.0022857142857142243,-0.02731028093610499,0.0028424145834784476
dnsmos,knn,0.3,20270002,nisqa_train_live,750,1020,0.9901960784313726,2.7206335067749023,2.749116212713952,0.9774509803921568,2.5172197926278206,2.584995853199678,-0.012745098039215752,-0.20341371414708176,-0.16412035951427395
dnsmos,knn,0.3,20270002,nisqa_val_live,750,200,1.0,2.7206335067749023,2.7206335067749023,0.995,2.5261284565925597,2.536410174369812,-0.0050000000000000044,-0.19450505018234265,-0.18422333240509037
dnsmos,knn,0.3,20270002,nisqa_test_for,750,240,0.9,2.7206335067749023,3.2149482369422913,0.875,2.6093601882457733,3.193555017312368,-0.025000000000000022,-0.11127331852912903,-0.021393219629923355
dnsmos,knn,0.3,20270002,nisqa_test_livetalk,750,232,0.9439655172413793,2.7206335067749023,3.0156462028108795,0.9181034482758621,2.5317977276341668,2.9370755943758735,-0.025862068965517238,-0.18883577914073557,-0.07857060843500596
dnsmos,knn,0.3,20270002,nisqa_test_p501,750,240,0.8583333333333333,2.7206335067749023,3.259566237529119,0.85,2.68619203766187,3.2771518647670748,-0.008333333333333304,-0.03444146911303214,0.01758562723795576
dnsmos,mahalanobis,0.3,20270003,nisqa_val_sim,750,1750,0.8994285714285715,2.735581874847412,3.1784941945757184,0.896,2.717048628943307,3.1762886145455496,-0.0034285714285714475,-0.01853324590410521,-0.0022055800301687967
dnsmos,mahalanobis,0.3,20270003,nisqa_train_live,750,1020,0.9901960784313726,2.735581874847412,2.762599054504843,0.9872549019607844,2.650930308828167,2.684434131080029,-0.002941176470588225,-0.08465156601924528,-0.07816492342481407
dnsmos,mahalanobis,0.3,20270003,nisqa_val_live,750,200,1.0,2.735581874847412,2.735581874847412,0.995,2.659055709838867,2.6602033734321595,-0.0050000000000000044,-0.07652616500854492,-0.0753785014152526
dnsmos,mahalanobis,0.3,20270003,nisqa_test_for,750,240,0.9,2.735581874847412,3.2149482369422913,0.8791666666666667,2.6837653358777365,3.1626514832178754,-0.02083333333333337,-0.05181653896967564,-0.05229675372441589
dnsmos,mahalanobis,0.3,20270003,nisqa_test_livetalk,750,232,0.9439655172413793,2.735581874847412,3.0222183301531036,0.9396551724137931,2.6436259191611717,2.9779726349074265,-0.004310344827586188,-0.09195595568624038,-0.04424569524567712
dnsmos,mahalanobis,0.3,20270003,nisqa_test_p501,750,240,0.8583333333333333,2.735581874847412,3.2533377508322396,0.8625,2.7150984625021617,3.243229381243388,0.004166666666666763,-0.020483412345250418,-0.010108369588851751
dnsmos,l2,0.3,20270003,nisqa_val_sim,750,1750,0.8994285714285715,2.735581874847412,3.1784941945757184,0.8851428571428571,2.6915665860857283,3.1965364745003835,-0.014285714285714346,-0.04401528876168381,0.018042279924665117
dnsmos,l2,0.3,20270003,nisqa_train_live,750,1020,0.9901960784313726,2.735581874847412,2.762599054504843,0.9833333333333333,2.605166468433305,2.6577144304911298,-0.006862745098039302,-0.13041540641410698,-0.10488462401371335
dnsmos,l2,0.3,20270003,nisqa_val_live,750,200,1.0,2.735581874847412,2.735581874847412,0.995,2.632485280036926,2.6402507281303405,-0.0050000000000000044,-0.10309659481048605,-0.09533114671707166
dnsmos,l2,0.3,20270003,nisqa_test_for,750,240,0.9,2.735581874847412,3.2149482369422913,0.9041666666666667,2.7030215561389923,3.1322557230790458,0.004166666666666652,-0.0325603187084198,-0.0826925138632455
dnsmos,l2,0.3,20270003,nisqa_test_livetalk,750,232,0.9439655172413793,2.735581874847412,3.0222183301531036,0.9353448275862069,2.636295589907416,3.00011061594404,-0.008620689655172487,-0.09928628493999625,-0.022107714209063545
dnsmos,l2,0.3,20270003,nisqa_test_p501,750,240,0.8583333333333333,2.735581874847412,3.2533377508322396,0.8625,2.6860705812772117,3.2277425825595856,0.004166666666666763,-0.049511293570200454,-0.025595168272654067
dnsmos,knn,0.3,20270003,nisqa_val_sim,750,1750,0.8994285714285715,2.735581874847412,3.1784941945757184,0.8937142857142857,2.70504767036438,3.184831080027989,-0.005714285714285783,-0.030534204483032124,0.006336885452270735
dnsmos,knn,0.3,20270003,nisqa_train_live,750,1020,0.9901960784313726,2.735581874847412,2.762599054504843,0.9784313725490196,2.544623307620778,2.6068290079341216,-0.01176470588235301,-0.1909585672266343,-0.15577004657072147
dnsmos,knn,0.3,20270003,nisqa_val_live,750,200,1.0,2.735581874847412,2.735581874847412,0.995,2.554716560840607,2.563886771202087,-0.0050000000000000044,-0.18086531400680528,-0.17169510364532492
dnsmos,knn,0.3,20270003,nisqa_test_for,750,240,0.9,2.735581874847412,3.2149482369422913,0.8791666666666667,2.6314768393834433,3.1920220255851746,-0.02083333333333337,-0.10410503546396876,-0.0229262113571167
dnsmos,knn,0.3,20270003,nisqa_test_livetalk,750,232,0.9439655172413793,2.735581874847412,3.0222183301531036,0.9181034482758621,2.566994681440551,2.959210025853124,-0.025862068965517238,-0.16858719340686124,-0.06300830429997939
dnsmos,knn,0.3,20270003,nisqa_test_p501,750,240,0.8583333333333333,2.735581874847412,3.2533377508322396,0.8625,2.6785080075263976,3.232579811414083,0.004166666666666763,-0.05707386732101449,-0.020757939418156734
dnsmos,mahalanobis,0.3,20270004,nisqa_val_sim,750,1750,0.908,2.7642812728881836,3.1676217555999755,0.8988571428571429,2.7273074906212944,3.170295477594648,-0.00914285714285712,-0.03697378226688919,0.00267372199467264
dnsmos,mahalanobis,0.3,20270004,nisqa_train_live,750,1020,0.9901960784313726,2.7642812728881836,2.7884847860710296,0.9833333333333333,2.6099245810041243,2.6537902359868966,-0.006862745098039302,-0.15435669188405932,-0.134694550084133
dnsmos,mahalanobis,0.3,20270004,nisqa_val_live,750,200,1.0,2.7642812728881836,2.7642812728881836,0.995,2.6185521161556244,2.6215236461162568,-0.0050000000000000044,-0.14572915673255915,-0.14275762677192683
dnsmos,mahalanobis,0.3,20270004,nisqa_test_for,750,240,0.9,2.7642812728881836,3.2149482369422913,0.8875,2.6639441907405854,3.1581787625948587,-0.012500000000000067,-0.10033708214759818,-0.056769474347432514
dnsmos,mahalanobis,0.3,20270004,nisqa_test_livetalk,750,232,0.9439655172413793,2.7642812728881836,3.034836168946891,0.9353448275862069,2.6100516720064757,2.9753568758224618,-0.008620689655172487,-0.1542296008817079,-0.05947929312442923
dnsmos,mahalanobis,0.3,20270004,nisqa_test_p501,750,240,0.8708333333333333,2.7642812728881836,3.2424151798089347,0.8666666666666667,2.7282536456982296,3.274767471353213,-0.004166666666666652,-0.036027627189954003,0.03235229154427843
dnsmos,l2,0.3,20270004,nisqa_val_sim,750,1750,0.908,2.7642812728881836,3.1676217555999755,0.9045714285714286,2.773410288402012,3.1731541900634768,-0.0034285714285714475,0.009129015513828609,0.005532434463501268
dnsmos,l2,0.3,20270004,nisqa_train_live,750,1020,0.9901960784313726,2.7642812728881836,2.7884847860710296,0.9833333333333333,2.7006660767630035,2.733201758300557,-0.006862745098039302,-0.06361519612518007,-0.05528302777047278
dnsmos,l2,0.3,20270004,nisqa_val_live,750,200,1.0,2.7642812728881836,2.7642812728881836,0.995,2.695372544527054,2.6983440744876863,-0.0050000000000000044,-0.0689087283611296,-0.06593719840049728
dnsmos,l2,0.3,20270004,nisqa_test_for,750,240,0.9,2.7642812728881836,3.2149482369422913,0.9166666666666666,2.779544524351756,3.145392628510793,0.016666666666666607,0.015263251463572214,-0.06955560843149833
dnsmos,l2,0.3,20270004,nisqa_test_livetalk,750,232,0.9439655172413793,2.7642812728881836,3.034836168946891,0.9439655172413793,2.719477649392753,3.005415209408464,0.0,-0.04480362349543077,-0.02942095953842694
dnsmos,l2,0.3,20270004,nisqa_test_p501,750,240,0.8708333333333333,2.7642812728881836,3.2424151798089347,0.875,2.769310341278712,3.190631276369095,0.004166666666666652,0.005029068390528302,-0.05178390343983974
dnsmos,knn,0.3,20270004,nisqa_val_sim,750,1750,0.908,2.7642812728881836,3.1676217555999755,0.9068571428571428,2.7400275136402676,3.164026215553284,-0.0011428571428572232,-0.02425375924791595,-0.003595540046691603
dnsmos,knn,0.3,20270004,nisqa_train_live,750,1020,0.9901960784313726,2.7642812728881836,2.7884847860710296,0.9794117647058823,2.590595757493786,2.636413448230893,-0.010784313725490269,-0.1736855153943977,-0.1520713378401366
dnsmos,knn,0.3,20270004,nisqa_val_live,750,200,1.0,2.7642812728881836,2.7642812728881836,0.995,2.6059423518180846,2.6109908533096315,-0.0050000000000000044,-0.15833892107009895,-0.15329041957855205
dnsmos,knn,0.3,20270004,nisqa_test_for,750,240,0.9,2.7642812728881836,3.2149482369422913,0.8833333333333333,2.6728349218765897,3.16872622470061,-0.01666666666666672,-0.09144635101159393,-0.04622201224168121
dnsmos,knn,0.3,20270004,nisqa_test_livetalk,750,232,0.9439655172413793,2.7642812728881836,3.034836168946891,0.9396551724137931,2.6088990250538133,2.9842731798517295,-0.004310344827586188,-0.15538224783437027,-0.05056298909516155
dnsmos,knn,0.3,20270004,nisqa_test_p501,750,240,0.8708333333333333,2.7642812728881836,3.2424151798089347,0.8791666666666667,2.7473152339458466,3.252037779490153,0.008333333333333304,-0.016966038942336947,0.009622599681218258
dnsmos,mahalanobis,0.3,20270005,nisqa_val_sim,750,1750,0.8977142857142857,2.728243827819824,3.1571025753021242,0.9074285714285715,2.7516230840682985,3.153311083521162,0.009714285714285786,0.023379256248474256,-0.003791491780962275
dnsmos,mahalanobis,0.3,20270005,nisqa_train_live,750,1020,0.9901960784313726,2.728243827819824,2.755980423852509,0.9872549019607844,2.691173779964447,2.7195661462989507,-0.002941176470588225,-0.037070047855377375,-0.03641427755355853
dnsmos,mahalanobis,0.3,20270005,nisqa_val_live,750,200,1.0,2.728243827819824,2.728243827819824,0.995,2.709450742006302,2.7104794585704806,-0.0050000000000000044,-0.018793085813522126,-0.01776436924934366
dnsmos,mahalanobis,0.3,20270005,nisqa_test_for,750,240,0.9,2.728243827819824,3.2149482369422913,0.8875,2.7310581425825755,3.1826196531454722,-0.012500000000000067,0.002814314762751291,-0.03232858379681902
dnsmos,mahalanobis,0.3,20270005,nisqa_test_livetalk,750,232,0.9439655172413793,2.728243827819824,3.0189921198220087,0.9396551724137931,2.6784086021883735,2.9855542963948745,-0.004310344827586188,-0.04983522563145071,-0.033437823427134195
dnsmos,mahalanobis,0.3,20270005,nisqa_test_p501,750,240,0.8583333333333333,2.728243827819824,3.2563952704270682,0.8666666666666667,2.7465534657239914,3.229878450433413,0.008333333333333415,0.018309637904167175,-0.026516819993655183
dnsmos,l2,0.3,20270005,nisqa_val_sim,750,1750,0.8977142857142857,2.728243827819824,3.1571025753021242,0.8994285714285715,2.7324549625941685,3.149881570543562,0.0017142857142857792,0.004211134774344316,-0.007221004758562355
dnsmos,l2,0.3,20270005,nisqa_train_live,750,1020,0.9901960784313726,2.728243827819824,2.755980423852509,0.984313725490196,2.6788421623847065,2.7130336492669347,-0.005882352941176561,-0.0494016654351177,-0.0429467745855745
dnsmos,l2,0.3,20270005,nisqa_val_live,750,200,1.0,2.728243827819824,2.728243827819824,0.995,2.693311206102371,2.697099713087082,-0.0050000000000000044,-0.03493262171745304,-0.031144114732742256
dnsmos,l2,0.3,20270005,nisqa_test_for,750,240,0.9,2.728243827819824,3.2149482369422913,0.9,2.7411830127239227,3.1948234140872955,0.0,0.01293918490409851,-0.020124822854995728
dnsmos,l2,0.3,20270005,nisqa_test_livetalk,750,232,0.9439655172413793,2.728243827819824,3.0189921198220087,0.9396551724137931,2.7040962700186104,3.0076116919517517,-0.004310344827586188,-0.024147557801213804,-0.011380427870256948
dnsmos,l2,0.3,20270005,nisqa_test_p501,750,240,0.8583333333333333,2.728243827819824,3.2563952704270682,0.8541666666666666,2.7496567994356154,3.2312571138143538,-0.004166666666666652,0.021412971615791143,-0.025138156612714457
dnsmos,knn,0.3,20270005,nisqa_val_sim,750,1750,0.8977142857142857,2.728243827819824,3.1571025753021242,0.8948571428571429,2.7077230006626674,3.1555807198115757,-0.0028571428571427804,-0.020520827157156862,-0.001521855490548507
dnsmos,knn,0.3,20270005,nisqa_train_live,750,1020,0.9901960784313726,2.728243827819824,2.755980423852509,0.9872549019607844,2.642249165095535,2.679380507328931,-0.002941176470588225,-0.08599466272428913,-0.07659991652357823
dnsmos,knn,0.3,20270005,nisqa_val_live,750,200,1.0,2.728243827819824,2.728243827819824,0.995,2.6500414061546325,2.650185613632202,-0.0050000000000000044,-0.07820242166519176,-0.07805821418762227
dnsmos,knn,0.3,20270005,nisqa_test_for,750,240,0.9,2.728243827819824,3.2149482369422913,0.8833333333333333,2.6828255971272785,3.1939603606859843,-0.01666666666666672,-0.04541823069254569,-0.020987876256306937
dnsmos,knn,0.3,20270005,nisqa_test_livetalk,750,232,0.9439655172413793,2.728243827819824,3.0189921198220087,0.9396551724137931,2.6499194348680564,2.9863711605811942,-0.004310344827586188,-0.07832439295176785,-0.03262095924081443
dnsmos,knn,0.3,20270005,nisqa_test_p501,750,240,0.8583333333333333,2.728243827819824,3.2563952704270682,0.85,2.6897077689568203,3.2363893816868465,-0.008333333333333304,-0.03853605886300393,-0.02000588874022169
dnsmos,mahalanobis,0.3,20270006,nisqa_val_sim,750,1750,0.9034285714285715,2.751373291015625,3.2033826569148474,0.9028571428571428,2.735345285143171,3.204202230181013,-0.0005714285714286671,-0.01602800587245401,0.0008195732661655519
dnsmos,mahalanobis,0.3,20270006,nisqa_train_live,750,1020,0.9901960784313726,2.751373291015625,2.7768422926173493,0.9872549019607844,2.6754425245172837,2.706353815864114,-0.002941176470588225,-0.0759307664983413,-0.07048847675323522
dnsmos,mahalanobis,0.3,20270006,nisqa_val_live,750,200,1.0,2.751373291015625,2.751373291015625,0.995,2.6885120129585265,2.688656220436096,-0.0050000000000000044,-0.06286127805709851,-0.06271707057952902
dnsmos,mahalanobis,0.3,20270006,nisqa_test_for,750,240,0.9,2.751373291015625,3.2149482369422913,0.8833333333333333,2.7127231508493423,3.160645996530851,-0.01666666666666672,-0.038650140166282654,-0.05430224041144038
dnsmos,mahalanobis,0.3,20270006,nisqa_test_livetalk,750,232,0.9439655172413793,2.751373291015625,3.029161107951197,0.9439655172413793,2.6661841715204306,2.98588257308664,0.0,-0.08518911949519437,-0.04327853486455702
dnsmos,mahalanobis,0.3,20270006,nisqa_test_p501,750,240,0.8583333333333333,2.751373291015625,3.2467579940954843,0.8625,2.735677166779836,3.2407139877478284,0.004166666666666763,-0.015696124235788922,-0.006044006347655895
dnsmos,l2,0.3,20270006,nisqa_val_sim,750,1750,0.9034285714285715,2.751373291015625,3.2033826569148474,0.9034285714285715,2.7477818096705846,3.1946184569767544,0.0,-0.0035914813450403926,-0.008764199938092965
dnsmos,l2,0.3,20270006,nisqa_train_live,750,1020,0.9901960784313726,2.751373291015625,2.7768422926173493,0.9862745098039216,2.7001242892414914,2.731736442388273,-0.0039215686274509665,-0.05124900177413361,-0.04510585022907643
dnsmos,l2,0.3,20270006,nisqa_val_live,750,200,1.0,2.751373291015625,2.751373291015625,1.0,2.7108827114105223,2.7108827114105223,0.0,-0.04049057960510272,-0.04049057960510272
dnsmos,l2,0.3,20270006,nisqa_test_for,750,240,0.9,2.751373291015625,3.2149482369422913,0.9083333333333333,2.755656056602796,3.1709159344434736,0.008333333333333304,0.004282765587170889,-0.04403230249881762
dnsmos,l2,0.3,20270006,nisqa_test_livetalk,750,232,0.9439655172413793,2.751373291015625,3.029161107951197,0.9482758620689655,2.716753171435718,3.013478144489486,0.004310344827586188,-0.03462011957990718,-0.015682963461711275
dnsmos,l2,0.3,20270006,nisqa_test_p501,750,240,0.8583333333333333,2.751373291015625,3.2467579940954843,0.8625,2.7500685075918834,3.2206413467725117,0.004166666666666763,-0.001304783423741629,-0.026116647322972586
dnsmos,knn,0.3,20270006,nisqa_val_sim,750,1750,0.9034285714285715,2.751373291015625,3.2033826569148474,0.9062857142857143,2.7418397878919327,3.1946852496010916,0.0028571428571427804,-0.009533503123692277,-0.00869740731375579
dnsmos,knn,0.3,20270006,nisqa_train_live,750,1020,0.9901960784313726,2.751373291015625,2.7768422926173493,0.9872549019607844,2.651381289257723,2.6874514187083527,-0.002941176470588225,-0.09999200175790213,-0.08939087390899658
dnsmos,knn,0.3,20270006,nisqa_val_live,750,200,1.0,2.751373291015625,2.751373291015625,1.0,2.658262827396393,2.658262827396393,0.0,-0.09311046361923214,-0.09311046361923214
dnsmos,knn,0.3,20270006,nisqa_test_for,750,240,0.9,2.751373291015625,3.2149482369422913,0.8833333333333333,2.7010928014914195,3.1847010870774586,-0.01666666666666672,-0.050280489524205496,-0.03024714986483268
dnsmos,knn,0.3,20270006,nisqa_test_livetalk,750,232,0.9439655172413793,2.751373291015625,3.029161107951197,0.9396551724137931,2.6611306071281433,2.9887906169069223,-0.004310344827586188,-0.09024268388748169,-0.040370491044274814
dnsmos,knn,0.3,20270006,nisqa_test_p501,750,240,0.8583333333333333,2.751373291015625,3.2467579940954843,0.8708333333333333,2.7403182168801625,3.249287325143814,0.012500000000000067,-0.011055074135462473,0.0025293310483296416
dnsmos,mahalanobis,0.3,20270007,nisqa_val_sim,750,1750,0.8748571428571429,2.6636433601379395,3.197541551589966,0.8737142857142857,2.6672567620958603,3.1924989109039306,-0.0011428571428572232,0.0036134019579208143,-0.005042640686035327
dnsmos,mahalanobis,0.3,20270007,nisqa_train_live,750,1020,0.9892156862745098,2.6636433601379395,2.698107796556809,0.9852941176470589,2.6185789818857232,2.659250739508984,-0.0039215686274509665,-0.04506437825221621,-0.03885705704782527
dnsmos,mahalanobis,0.3,20270007,nisqa_val_live,750,200,1.0,2.6636433601379395,2.6636433601379395,0.995,2.6246120858192445,2.6257597494125364,-0.0050000000000000044,-0.03903127431869491,-0.03788361072540303
dnsmos,mahalanobis,0.3,20270007,nisqa_test_for,750,240,0.8791666666666667,2.6636433601379395,3.219773143529892,0.8791666666666667,2.645005625486374,3.2203140874703724,0.0,-0.018637734651565374,0.0005409439404804317
dnsmos,mahalanobis,0.3,20270007,nisqa_test_livetalk,750,232,0.9396551724137931,2.6636433601379395,2.991340653649692,0.9353448275862069,2.6174398208486624,2.9665830094238808,-0.004310344827586299,-0.04620353928927701,-0.02475764422581106
dnsmos,mahalanobis,0.3,20270007,nisqa_test_p501,750,240,0.8458333333333333,2.6636433601379395,3.2872684597969055,0.8458333333333333,2.6666388352711996,3.292064948876699,0.0,0.0029954751332601504,0.0047964890797933535
dnsmos,l2,0.3,20270007,nisqa_val_sim,750,1750,0.8748571428571429,2.6636433601379395,3.197541551589966,0.8777142857142857,2.6713074899400984,3.182910354886736,0.0028571428571427804,0.007664129802158914,-0.014631196703229765
dnsmos,l2,0.3,20270007,nisqa_train_live,750,1020,0.9892156862745098,2.6636433601379395,2.698107796556809,0.9872549019607844,2.643365449998893,2.6814218376197068,-0.0019607843137254832,-0.02027791013904645,-0.016685958937102452
dnsmos,l2,0.3,20270007,nisqa_val_live,750,200,1.0,2.6636433601379395,2.6636433601379395,1.0,2.6387926530838013,2.6387926530838013,0.0,-0.024850707054138166,-0.024850707054138166
dnsmos,l2,0.3,20270007,nisqa_test_for,750,240,0.8791666666666667,2.6636433601379395,3.219773143529892,0.8916666666666667,2.6722008625666303,3.1672038674354552,0.012500000000000067,0.0085575024286908,-0.052569276094436734
dnsmos,l2,0.3,20270007,nisqa_test_livetalk,750,232,0.9396551724137931,2.6636433601379395,2.991340653649692,0.9396551724137931,2.6458865917962173,2.9784234536105187,0.0,-0.01775676834172213,-0.012917200039173071
dnsmos,l2,0.3,20270007,nisqa_test_p501,750,240,0.8458333333333333,2.6636433601379395,3.2872684597969055,0.85,2.6664886593818666,3.2636531710624697,0.004166666666666652,0.0028452992439271796,-0.023615288734435858
dnsmos,knn,0.3,20270007,nisqa_val_sim,750,1750,0.8748571428571429,2.6636433601379395,3.197541551589966,0.876,2.6435386209487914,3.197788483892168,0.0011428571428571122,-0.020104739189148013,0.00024693230220229623
dnsmos,knn,0.3,20270007,nisqa_train_live,750,1020,0.9892156862745098,2.6636433601379395,2.698107796556809,0.9852941176470589,2.588723600611967,2.6373255879271262,-0.0039215686274509665,-0.0749197595259723,-0.06078220862968298
dnsmos,knn,0.3,20270007,nisqa_val_live,750,200,1.0,2.6636433601379395,2.6636433601379395,1.0,2.588075841665268,2.588075841665268,0.0,-0.0755675184726714,-0.0755675184726714
dnsmos,knn,0.3,20270007,nisqa_test_for,750,240,0.8791666666666667,2.6636433601379395,3.219773143529892,0.8666666666666667,2.6022794197003045,3.2494979153076806,-0.012499999999999956,-0.061363940437634934,0.02972477177778865
dnsmos,knn,0.3,20270007,nisqa_test_livetalk,750,232,0.9396551724137931,2.6636433601379395,2.991340653649692,0.9353448275862069,2.6000062155312507,2.969916145349371,-0.004310344827586299,-0.06363714460668879,-0.02142450830032061
dnsmos,knn,0.3,20270007,nisqa_test_p501,750,240,0.8458333333333333,2.6636433601379395,3.2872684597969055,0.8458333333333333,2.6430895874897637,3.303023263812065,0.0,-0.020553772648175705,0.015754804015159607
dnsmos,mahalanobis,0.3,20270008,nisqa_val_sim,750,1750,0.9011428571428571,2.741448402404785,3.1710855102539064,0.9011428571428571,2.750536514009748,3.1754264313834053,0.0,0.009088111604962812,0.004340921129498909
dnsmos,mahalanobis,0.3,20270008,nisqa_train_live,750,1020,0.9901960784313726,2.741448402404785,2.7678904323016895,0.9882352941176471,2.696649911356907,2.7232834988949346,-0.0019607843137254832,-0.04479849104787803,-0.04460693340675492
dnsmos,mahalanobis,0.3,20270008,nisqa_val_live,750,200,1.0,2.741448402404785,2.741448402404785,1.0,2.7072110950946806,2.7072110950946806,0.0,-0.03423730731010455,-0.03423730731010455
dnsmos,mahalanobis,0.3,20270008,nisqa_test_for,750,240,0.9,2.741448402404785,3.2149482369422913,0.8916666666666667,2.728333333134651,3.1680311650037765,-0.008333333333333304,-0.013115069270134061,-0.0469170719385148
dnsmos,mahalanobis,0.3,20270008,nisqa_test_livetalk,750,232,0.9439655172413793,2.741448402404785,3.0247975793378106,0.9439655172413793,2.6818083966600486,2.9942990551734794,0.0,-0.0596400057447366,-0.030498524164331187
dnsmos,mahalanobis,0.3,20270008,nisqa_test_p501,750,240,0.8583333333333333,2.741448402404785,3.250893364350001,0.8666666666666667,2.7477479656537374,3.2390300909678142,0.008333333333333415,0.0062995632489522,-0.011863273382186623
dnsmos,l2,0.3,20270008,nisqa_val_sim,750,1750,0.9011428571428571,2.741448402404785,3.1710855102539064,0.9062857142857143,2.758210206576756,3.162876923288618,0.005142857142857116,0.01676180417197104,-0.008208586965288589
dnsmos,l2,0.3,20270008,nisqa_train_live,750,1020,0.9901960784313726,2.741448402404785,2.7678904323016895,0.9862745098039216,2.6999261570911783,2.7336560001560284,-0.0039215686274509665,-0.04152224531360682,-0.03423443214566113
dnsmos,l2,0.3,20270008,nisqa_val_live,750,200,1.0,2.741448402404785,2.741448402404785,1.0,2.69472375869751,2.69472375869751,0.0,-0.04672464370727525,-0.04672464370727525
dnsmos,l2,0.3,20270008,nisqa_test_for,750,240,0.9,2.741448402404785,3.2149482369422913,0.9125,2.7602852056423823,3.134695030252139,0.012499999999999956,0.018836803237597177,-0.08025320669015246
dnsmos,l2,0.3,20270008,nisqa_test_livetalk,750,232,0.9439655172413793,2.741448402404785,3.0247975793378106,0.9482758620689655,2.7059158055946746,3.0070905839574746,0.004310344827586188,-0.03553259681011056,-0.017706995380335933
dnsmos,l2,0.3,20270008,nisqa_test_p501,750,240,0.8583333333333333,2.741448402404785,3.250893364350001,0.8708333333333333,2.7478766491015754,3.204689229528109,0.012500000000000067,0.0064282466967902074,-0.046204134821891785
dnsmos,knn,0.3,20270008,nisqa_val_sim,750,1750,0.9011428571428571,2.741448402404785,3.1710855102539064,0.9051428571428571,2.7579695687975203,3.172464336667742,0.0040000000000000036,0.016521166392735154,0.0013788264138354656
dnsmos,knn,0.3,20270008,nisqa_train_live,750,1020,0.9901960784313726,2.741448402404785,2.7678904323016895,0.9911764705882353,2.6870245031282014,2.718803154253492,0.0009803921568627416,-0.054423899276583754,-0.04908727804819746
dnsmos,knn,0.3,20270008,nisqa_val_live,750,200,1.0,2.741448402404785,2.741448402404785,1.0,2.6924353289604186,2.6924353289604186,0.0,-0.04901307344436656,-0.04901307344436656
dnsmos,knn,0.3,20270008,nisqa_test_for,750,240,0.9,2.741448402404785,3.2149482369422913,0.8916666666666667,2.735586170355479,3.183165474732717,-0.008333333333333304,-0.0058622320493060265,-0.03178276220957432
dnsmos,knn,0.3,20270008,nisqa_test_livetalk,750,232,0.9439655172413793,2.741448402404785,3.0247975793378106,0.9439655172413793,2.6886676323824914,2.999118280821833,0.0,-0.052780770022293755,-0.0256792985159775
dnsmos,knn,0.3,20270008,nisqa_test_p501,750,240,0.8583333333333333,2.741448402404785,3.250893364350001,0.8708333333333333,2.7485003689924876,3.2499403576056163,0.012500000000000067,0.007051966587702463,-0.000953006744384588
dnsmos,mahalanobis,0.3,20270009,nisqa_val_sim,750,1750,0.9108571428571428,2.7762632369995117,3.160474521092006,0.9034285714285715,2.7263512935638428,3.156127116067069,-0.00742857142857134,-0.04991194343566896,-0.004347405024937245
dnsmos,mahalanobis,0.3,20270009,nisqa_train_live,750,1020,0.9901960784313726,2.7762632369995117,2.799292047818502,0.9823529411764705,2.611529633578132,2.6571921278448665,-0.007843137254902044,-0.16473360342137955,-0.14209991997363547
dnsmos,mahalanobis,0.3,20270009,nisqa_val_live,750,200,1.0,2.7762632369995117,2.7762632369995117,0.995,2.6260257863998415,2.63094101190567,-0.0050000000000000044,-0.1502374505996702,-0.14532222509384152
dnsmos,mahalanobis,0.3,20270009,nisqa_test_for,750,240,0.9,2.7762632369995117,3.2149482369422913,0.8916666666666667,2.665418916940689,3.1532891233762106,-0.008333333333333304,-0.11084432005882272,-0.06165911356608067
dnsmos,mahalanobis,0.3,20270009,nisqa_test_livetalk,750,232,0.9439655172413793,2.7762632369995117,3.040104101444113,0.9396551724137931,2.602944018511937,2.9751817769017714,-0.004310344827586188,-0.17331921848757492,-0.06492232454234159
dnsmos,mahalanobis,0.3,20270009,nisqa_test_p501,750,240,0.8708333333333333,2.7762632369995117,3.238920440276464,0.8625,2.720443818966548,3.259064608812332,-0.008333333333333304,-0.05581941803296386,0.02014416853586809
dnsmos,l2,0.3,20270009,nisqa_val_sim,750,1750,0.9108571428571428,2.7762632369995117,3.160474521092006,0.9051428571428571,2.760309176308768,3.16901263155256,-0.005714285714285672,-0.015954060690743788,0.00853811046055375
dnsmos,l2,0.3,20270009,nisqa_train_live,750,1020,0.9901960784313726,2.7762632369995117,2.799292047818502,0.9813725490196078,2.68013230492087,2.722771964821161,-0.008823529411764786,-0.09613093207864187,-0.07652008299734092
dnsmos,l2,0.3,20270009,nisqa_val_live,750,200,1.0,2.7762632369995117,2.7762632369995117,0.995,2.7064360642433165,2.7113512897491456,-0.0050000000000000044,-0.06982717275619521,-0.06491194725036609
dnsmos,l2,0.3,20270009,nisqa_test_for,750,240,0.9,2.7762632369995117,3.2149482369422913,0.925,2.7764379302660624,3.1455253680547077,0.025000000000000022,0.00017469326655072948,-0.06942286888758353
dnsmos,l2,0.3,20270009,nisqa_test_livetalk,750,232,0.9439655172413793,2.7762632369995117,3.040104101444113,0.9396551724137931,2.713146448135376,3.026265771224581,-0.004310344827586188,-0.06311678886413574,-0.013838330219531958
dnsmos,l2,0.3,20270009,nisqa_test_p501,750,240,0.8708333333333333,2.7762632369995117,3.238920440276464,0.8791666666666667,2.771329398949941,3.192915703852971,0.008333333333333304,-0.004933838049570927,-0.04600473642349279
dnsmos,knn,0.3,20270009,nisqa_val_sim,750,1750,0.9108571428571428,2.7762632369995117,3.160474521092006,0.9154285714285715,2.7804831218719483,3.176997671127319,0.004571428571428671,0.00421988487243663,0.016523150035312906
dnsmos,knn,0.3,20270009,nisqa_train_live,750,1020,0.9901960784313726,2.7762632369995117,2.799292047818502,0.9872549019607844,2.635488785014433,2.675142492967493,-0.002941176470588225,-0.14077445198507865,-0.12414955485100876
dnsmos,knn,0.3,20270009,nisqa_val_live,750,200,1.0,2.7762632369995117,2.7762632369995117,0.995,2.6469071102142334,2.6480547738075257,-0.0050000000000000044,-0.1293561267852783,-0.12820846319198598
dnsmos,knn,0.3,20270009,nisqa_test_for,750,240,0.9,2.7762632369995117,3.2149482369422913,0.8833333333333333,2.7075277964274087,3.191752463579178,-0.01666666666666672,-0.06873544057210301,-0.023195773363113403
dnsmos,knn,0.3,20270009,nisqa_test_livetalk,750,232,0.9439655172413793,2.7762632369995117,3.040104101444113,0.9353448275862069,2.658817349836744,3.003501391616361,-0.008620689655172487,-0.11744588716276771,-0.036602709827751934
dnsmos,knn,0.3,20270009,nisqa_test_p501,750,240,0.8708333333333333,2.7762632369995117,3.238920440276464,0.8791666666666667,2.7763233691453935,3.2449842602014543,0.008333333333333304,6.013214588174165e-05,0.006063819924990277
dnsmos,mahalanobis,0.3,20270010,nisqa_val_sim,750,1750,0.9005714285714286,2.7394542694091797,3.1852515602111815,0.8925714285714286,2.6950950741086688,3.2318424139022826,-0.008000000000000007,-0.04435919530051091,0.04659085369110105
dnsmos,mahalanobis,0.3,20270010,nisqa_train_live,750,1020,0.9901960784313726,2.7394542694091797,2.7660918025409473,0.9784313725490196,2.540139577669256,2.6190832579837124,-0.01176470588235301,-0.19931469173992378,-0.1470085445572349
dnsmos,mahalanobis,0.3,20270010,nisqa_val_live,750,200,1.0,2.7394542694091797,2.7394542694091797,0.995,2.597548978328705,2.615079193115234,-0.0050000000000000044,-0.14190529108047478,-0.12437507629394551
dnsmos,mahalanobis,0.3,20270010,nisqa_test_for,750,240,0.9,2.7394542694091797,3.2149482369422913,0.8833333333333333,2.6367244591315586,3.1424816817045214,-0.01666666666666672,-0.10272981027762107,-0.0724665552377699
dnsmos,mahalanobis,0.3,20270010,nisqa_test_livetalk,750,232,0.9439655172413793,2.7394542694091797,3.023920848451812,0.9008620689655172,2.505568887653022,2.9571598305784423,-0.0431034482758621,-0.2338853817561577,-0.06676101787336952
dnsmos,mahalanobis,0.3,20270010,nisqa_test_p501,750,240,0.8583333333333333,2.7394542694091797,3.25172425309817,0.8708333333333333,2.6875278413295747,3.2903666456540424,0.012500000000000067,-0.051926428079605014,0.03864239255587254
dnsmos,l2,0.3,20270010,nisqa_val_sim,750,1750,0.9005714285714286,2.7394542694091797,3.1852515602111815,0.8902857142857142,2.6864706050327847,3.2154500032152447,-0.010285714285714342,-0.05298366437639501,0.030198443004063158
dnsmos,l2,0.3,20270010,nisqa_train_live,750,1020,0.9901960784313726,2.7394542694091797,2.7660918025409473,0.9764705882352941,2.5528600508091497,2.6353757042510835,-0.013725490196078494,-0.18659421860003,-0.13071609828986386
dnsmos,l2,0.3,20270010,nisqa_val_live,750,200,1.0,2.7394542694091797,2.7394542694091797,0.995,2.5896504163742065,2.608544647693634,-0.0050000000000000044,-0.14980385303497323,-0.13090962171554565
dnsmos,l2,0.3,20270010,nisqa_test_for,750,240,0.9,2.7394542694091797,3.2149482369422913,0.9125,2.711252112189929,3.1052928159634274,0.012499999999999956,-0.02820215721925079,-0.10965542097886383
dnsmos,l2,0.3,20270010,nisqa_test_livetalk,750,232,0.9439655172413793,2.7394542694091797,3.023920848451812,0.9137931034482759,2.6046179409684806,3.023360794988172,-0.030172413793103425,-0.13483632844069904,-0.0005600534636398535
dnsmos,l2,0.3,20270010,nisqa_test_p501,750,240,0.8583333333333333,2.7394542694091797,3.25172425309817,0.8625,2.7042812357346215,3.1826555778582892,0.004166666666666763,-0.03517303367455815,-0.06906867523988058
dnsmos,knn,0.3,20270010,nisqa_val_sim,750,1750,0.9005714285714286,2.7394542694091797,3.1852515602111815,0.8977142857142857,2.715378254073007,3.1809848685945785,-0.0028571428571428914,-0.024076015336172762,-0.00426669161660298
dnsmos,knn,0.3,20270010,nisqa_train_live,750,1020,0.9901960784313726,2.7394542694091797,2.7660918025409473,0.9794117647058823,2.575352850147322,2.6250188434825223,-0.010784313725490269,-0.16410141926185773,-0.14107295905842498
dnsmos,knn,0.3,20270010,nisqa_val_live,750,200,1.0,2.7394542694091797,2.7394542694091797,0.995,2.587058002948761,2.5922176909446715,-0.0050000000000000044,-0.1523962664604186,-0.14723657846450822
dnsmos,knn,0.3,20270010,nisqa_test_for,750,240,0.9,2.7394542694091797,3.2149482369422913,0.8791666666666667,2.6542964895566303,3.179789048433304,-0.02083333333333337,-0.08515777985254935,-0.03515918850898725
dnsmos,knn,0.3,20270010,nisqa_test_livetalk,750,232,0.9439655172413793,2.7394542694091797,3.023920848451812,0.9353448275862069,2.5915517488430284,2.9587773012703864,-0.008620689655172487,-0.14790252056615127,-0.06514354718142545
dnsmos,knn,0.3,20270010,nisqa_test_p501,750,240,0.8583333333333333,2.7394542694091797,3.25172425309817,0.8666666666666667,2.71868382692337,3.263942954937617,0.008333333333333415,-0.020770442485809504,0.012218701839447288
dnsmos,mahalanobis,0.3,20270011,nisqa_val_sim,750,1750,0.8908571428571429,2.715080738067627,3.2233542128971644,0.8977142857142857,2.7412393515450613,3.247601349694388,0.006857142857142784,0.02615861347743431,0.02424713679722368
dnsmos,mahalanobis,0.3,20270011,nisqa_train_live,750,1020,0.9901960784313726,2.715080738067627,2.7441078330956254,0.9833333333333333,2.626695765700995,2.6680825803794113,-0.006862745098039302,-0.08838497236663212,-0.07602525271621419
dnsmos,mahalanobis,0.3,20270011,nisqa_val_live,750,200,1.0,2.715080738067627,2.715080738067627,0.995,2.6463406133651732,2.6544712233543395,-0.0050000000000000044,-0.06874012470245372,-0.06060951471328746
dnsmos,mahalanobis,0.3,20270011,nisqa_test_for,750,240,0.9,2.715080738067627,3.2149482369422913,0.8958333333333334,2.6926795482635497,3.1462257246176404,-0.004166666666666652,-0.022401189804077237,-0.06872251232465088
dnsmos,mahalanobis,0.3,20270011,nisqa_test_livetalk,750,232,0.9439655172413793,2.715080738067627,3.0132048993275085,0.9310344827586207,2.603042980720257,2.9869316076410226,-0.012931034482758674,-0.11203775734737009,-0.026273291686485845
dnsmos,mahalanobis,0.3,20270011,nisqa_test_p501,750,240,0.8541666666666666,2.715080738067627,3.261960724989573,0.8583333333333333,2.736364459991455,3.251464819908142,0.004166666666666652,0.021283721923828214,-0.010495905081430834
dnsmos,l2,0.3,20270011,nisqa_val_sim,750,1750,0.8908571428571429,2.715080738067627,3.2233542128971644,0.9,2.7322514196123397,3.210438931601388,0.00914285714285712,0.017170681544712796,-0.01291528129577646
dnsmos,l2,0.3,20270011,nisqa_train_live,750,1020,0.9901960784313726,2.715080738067627,2.7441078330956254,0.9862745098039216,2.6859488449844657,2.7212975595511644,-0.0039215686274509665,-0.02913189308316122,-0.02281027354446108
dnsmos,l2,0.3,20270011,nisqa_val_live,750,200,1.0,2.715080738067627,2.715080738067627,0.995,2.6954600334167482,2.6956042408943177,-0.0050000000000000044,-0.01962070465087873,-0.019476497173309237
dnsmos,l2,0.3,20270011,nisqa_test_for,750,240,0.9,2.715080738067627,3.2149482369422913,0.9083333333333333,2.73949400583903,3.1632820765177407,0.008333333333333304,0.024413267771402847,-0.05166616042455052
dnsmos,l2,0.3,20270011,nisqa_test_livetalk,750,232,0.9439655172413793,2.715080738067627,3.0132048993275085,0.9482758620689655,2.6978519702779837,2.9964935101311783,0.004310344827586188,-0.017228767789643218,-0.016711389196330195
dnsmos,l2,0.3,20270011,nisqa_test_p501,750,240,0.8541666666666666,2.715080738067627,3.261960724989573,0.8583333333333333,2.731604830423991,3.2159551441669465,0.004166666666666652,0.016524092356363873,-0.04600558082262651
dnsmos,knn,0.3,20270011,nisqa_val_sim,750,1750,0.8908571428571429,2.715080738067627,3.2233542128971644,0.8971428571428571,2.720849589075361,3.217608642714364,0.006285714285714228,0.005768851007733833,-0.005745570182800197
dnsmos,knn,0.3,20270011,nisqa_train_live,750,1020,0.9901960784313726,2.715080738067627,2.7441078330956254,0.9872549019607844,2.640152495515113,2.6778069655100505,-0.002941176470588225,-0.07492824255251396,-0.06630086758557496
dnsmos,knn,0.3,20270011,nisqa_val_live,750,200,1.0,2.715080738067627,2.715080738067627,0.995,2.643616944551468,2.6437611520290374,-0.0050000000000000044,-0.07146379351615906,-0.07131958603858957
dnsmos,knn,0.3,20270011,nisqa_test_for,750,240,0.9,2.715080738067627,3.2149482369422913,0.8791666666666667,2.6815956940253574,3.197682053844134,-0.02083333333333337,-0.033485044042269596,-0.017266183098157306
dnsmos,knn,0.3,20270011,nisqa_test_livetalk,750,232,0.9439655172413793,2.715080738067627,3.0132048993275085,0.9353448275862069,2.652915990558164,2.980394884430129,-0.008620689655172487,-0.06216474750946288,-0.032810014897379336
dnsmos,knn,0.3,20270011,nisqa_test_p501,750,240,0.8541666666666666,2.715080738067627,3.261960724989573,0.8625,2.719112738966942,3.2616571138302484,0.008333333333333415,0.00403200089931488,-0.000303611159324646
dnsmos,mahalanobis,0.3,20270012,nisqa_val_sim,750,1750,0.912,2.7790160179138184,3.1531367792401994,0.9171428571428571,2.7917367292131696,3.154994280406407,0.005142857142857116,0.012720711299351262,0.0018575011662074203
dnsmos,mahalanobis,0.3,20270012,nisqa_train_live,750,1020,0.9901960784313726,2.7790160179138184,2.8017749482510137,0.9901960784313726,2.6983592299854053,2.728981249472674,0.0,-0.08065678792841302,-0.07279369877833952
dnsmos,mahalanobis,0.3,20270012,nisqa_val_live,750,200,1.0,2.7790160179138184,2.7790160179138184,1.0,2.703067098855972,2.703067098855972,0.0,-0.07594891905784618,-0.07594891905784618
dnsmos,mahalanobis,0.3,20270012,nisqa_test_for,750,240,0.9,2.7790160179138184,3.2149482369422913,0.8958333333333334,2.7388841698567075,3.1682582090298337,-0.004166666666666652,-0.0401318480571109,-0.04669002791245758
dnsmos,mahalanobis,0.3,20270012,nisqa_test_livetalk,750,232,0.9439655172413793,2.7790160179138184,3.0413143758116097,0.9439655172413793,2.6936869076613723,3.0137626477356614,0.0,-0.08532911025244605,-0.0275517280759483
dnsmos,mahalanobis,0.3,20270012,nisqa_test_p501,750,240,0.8708333333333333,2.7790160179138184,3.2381175458431244,0.875,2.7832005729277927,3.2375644356012345,0.004166666666666652,0.0041845550139743,-0.0005531102418898648
dnsmos,l2,0.3,20270012,nisqa_val_sim,750,1750,0.912,2.7790160179138184,3.1531367792401994,0.9171428571428571,2.7869628605161396,3.1486611119679044,0.005142857142857116,0.007946842602321258,-0.004475667272294981
dnsmos,l2,0.3,20270012,nisqa_train_live,750,1020,0.9901960784313726,2.7790160179138184,2.8017749482510137,0.9862745098039216,2.727547090661292,2.756226129625358,-0.0039215686274509665,-0.051468927252526164,-0.04554881862565585
dnsmos,l2,0.3,20270012,nisqa_val_live,750,200,1.0,2.7790160179138184,2.7790160179138184,0.995,2.7331096947193148,2.733442109823227,-0.0050000000000000044,-0.04590632319450361,-0.04557390809059125
dnsmos,l2,0.3,20270012,nisqa_test_for,750,240,0.9,2.7790160179138184,3.2149482369422913,0.9125,2.7962031960487366,3.1620103220144906,0.012499999999999956,0.017187178134918213,-0.052937914927800644
dnsmos,l2,0.3,20270012,nisqa_test_livetalk,750,232,0.9439655172413793,2.7790160179138184,3.0413143758116097,0.9482758620689655,2.7424985088151077,3.0289356790739914,0.004310344827586188,-0.036517509098710654,-0.012378696737618267
dnsmos,l2,0.3,20270012,nisqa_test_p501,750,240,0.8708333333333333,2.7790160179138184,3.2381175458431244,0.8791666666666667,2.788838890194893,3.2032358119885127,0.008333333333333304,0.009822872281074702,-0.034881733854611685
dnsmos,knn,0.3,20270012,nisqa_val_sim,750,1750,0.912,2.7790160179138184,3.1531367792401994,0.9051428571428571,2.7299692671639577,3.160379571914673,-0.006857142857142895,-0.049046750749860646,0.007242792674473364
dnsmos,knn,0.3,20270012,nisqa_train_live,750,1020,0.9901960784313726,2.7790160179138184,2.8017749482510137,0.9794117647058823,2.5444774683784037,2.6070047462687773,-0.010784313725490269,-0.23453854953541464,-0.19477020198223638
dnsmos,knn,0.3,20270012,nisqa_val_live,750,200,1.0,2.7790160179138184,2.7790160179138184,0.995,2.569914402961731,2.580196120738983,-0.0050000000000000044,-0.20910161495208746,-0.19881989717483517
dnsmos,knn,0.3,20270012,nisqa_test_for,750,240,0.9,2.7790160179138184,3.2149482369422913,0.8958333333333334,2.663761492570241,3.1570565660794574,-0.004166666666666652,-0.11525452534357727,-0.057891670862833866
dnsmos,knn,0.3,20270012,nisqa_test_livetalk,750,232,0.9439655172413793,2.7790160179138184,3.0413143758116097,0.9224137931034483,2.5588221632201096,2.958690086315418,-0.02155172413793105,-0.22019385469370878,-0.0826242894961915
dnsmos,knn,0.3,20270012,nisqa_test_p501,750,240,0.8708333333333333,2.7790160179138184,3.2381175458431244,0.8791666666666667,2.7221041063467664,3.237482402722041,0.008333333333333304,-0.056911911567052,-0.0006351431210833702
dnsmos,mahalanobis,0.3,20270013,nisqa_val_sim,750,1750,0.8982857142857142,2.730241537094116,3.1611253697531563,0.8897142857142857,2.6930787233625137,3.1575528428213935,-0.008571428571428563,-0.03716281373160246,-0.0035725269317627983
dnsmos,mahalanobis,0.3,20270013,nisqa_train_live,750,1020,0.9901960784313726,2.730241537094116,2.7577822792763804,0.9813725490196078,2.598294952102736,2.6466390453132926,-0.008823529411764786,-0.13194658499138034,-0.11114323396308778
dnsmos,mahalanobis,0.3,20270013,nisqa_val_live,750,200,1.0,2.730241537094116,2.730241537094116,0.995,2.6269176852703096,2.6332544457912443,-0.0050000000000000044,-0.10332385182380666,-0.09698709130287186
dnsmos,mahalanobis,0.3,20270013,nisqa_test_for,750,240,0.9,2.730241537094116,3.2149482369422913,0.8791666666666667,2.650002758701642,3.163550924261411,-0.02083333333333337,-0.08023877839247406,-0.051397312680880436
dnsmos,mahalanobis,0.3,20270013,nisqa_test_livetalk,750,232,0.9439655172413793,2.730241537094116,3.0198704230374305,0.9267241379310345,2.582836883849111,2.9580922815306434,-0.017241379310344862,-0.14740465324500507,-0.061778141506787065
dnsmos,mahalanobis,0.3,20270013,nisqa_test_p501,750,240,0.8583333333333333,2.730241537094116,3.25556289156278,0.8458333333333333,2.688565758864085,3.25464692513148,-0.012499999999999956,-0.04167577823003121,-0.000915966431299875
dnsmos,l2,0.3,20270013,nisqa_val_sim,750,1750,0.8982857142857142,2.730241537094116,3.1611253697531563,0.8965714285714286,2.742025561605181,3.1598613639559066,-0.0017142857142856682,0.01178402451106475,-0.0012640057972497232
dnsmos,l2,0.3,20270013,nisqa_train_live,750,1020,0.9901960784313726,2.730241537094116,2.7577822792763804,0.9833333333333333,2.6788701704904145,2.7143643203903647,-0.006862745098039302,-0.051371366603701674,-0.04341795888601574
dnsmos,l2,0.3,20270013,nisqa_val_live,750,200,1.0,2.730241537094116,2.730241537094116,0.995,2.682292629480362,2.6851827514171602,-0.0050000000000000044,-0.047948907613754255,-0.04505878567695598
dnsmos,l2,0.3,20270013,nisqa_test_for,750,240,0.9,2.730241537094116,3.2149482369422913,0.9083333333333333,2.749331651131312,3.164817202091217,0.008333333333333304,0.01909011403719596,-0.050131034851074396
dnsmos,l2,0.3,20270013,nisqa_test_livetalk,750,232,0.9439655172413793,2.730241537094116,3.0198704230374305,0.9353448275862069,2.6966304861266037,2.987830642996163,-0.008620689655172487,-0.03361105096751249,-0.032039780041267285
dnsmos,l2,0.3,20270013,nisqa_test_p501,750,240,0.8583333333333333,2.730241537094116,3.25556289156278,0.875,2.747334192196528,3.1737716297308602,0.01666666666666672,0.017092655102411758,-0.08179126183191965
dnsmos,knn,0.3,20270013,nisqa_val_sim,750,1750,0.8982857142857142,2.730241537094116,3.1611253697531563,0.9051428571428571,2.742833857536316,3.1592445966175626,0.006857142857142895,0.0125923204421996,-0.0018807731355936497
dnsmos,knn,0.3,20270013,nisqa_train_live,750,1020,0.9901960784313726,2.730241537094116,2.7577822792763804,0.9852941176470589,2.613040109475454,2.6543227141978694,-0.004901960784313708,-0.11720142761866237,-0.10345956507851106
dnsmos,knn,0.3,20270013,nisqa_val_live,750,200,1.0,2.730241537094116,2.730241537094116,0.995,2.6222436010837553,2.6241908729076386,-0.0050000000000000044,-0.1079979360103609,-0.10605066418647757
dnsmos,knn,0.3,20270013,nisqa_test_for,750,240,0.9,2.730241537094116,3.2149482369422913,0.8833333333333333,2.677072066068649,3.1920197983582814,-0.01666666666666672,-0.0531694710254671,-0.022928438584009836
dnsmos,knn,0.3,20270013,nisqa_test_livetalk,750,232,0.9439655172413793,2.730241537094116,3.0198704230374305,0.9353448275862069,2.633526981904589,2.977766023627643,-0.008620689655172487,-0.09671455518952721,-0.04210439940978761
dnsmos,knn,0.3,20270013,nisqa_test_p501,750,240,0.8583333333333333,2.730241537094116,3.25556289156278,0.8708333333333333,2.7438752124706904,3.2564851313829424,0.012500000000000067,0.013633675376574228,0.0009222398201624848
dnsmos,mahalanobis,0.3,20270014,nisqa_val_sim,750,1750,0.8988571428571429,2.7308754920959473,3.16441650390625,0.8977142857142857,2.7202145129612516,3.1724827741895405,-0.0011428571428572232,-0.010660979134695658,0.008066270283290322
dnsmos,mahalanobis,0.3,20270014,nisqa_train_live,750,1020,0.9901960784313726,2.7308754920959473,2.7583540818270516,0.9833333333333333,2.605961761755102,2.6482959326575783,-0.006862745098039302,-0.12491373034084541,-0.11005814916947321
dnsmos,mahalanobis,0.3,20270014,nisqa_val_live,750,200,1.0,2.7308754920959473,2.7308754920959473,0.995,2.615491222143173,2.619581161737442,-0.0050000000000000044,-0.11538426995277407,-0.11129433035850544
dnsmos,mahalanobis,0.3,20270014,nisqa_test_for,750,240,0.9,2.7308754920959473,3.2149482369422913,0.8875,2.6614880174398423,3.1559913367033006,-0.012500000000000067,-0.06938747465610495,-0.058956900238990695
dnsmos,mahalanobis,0.3,20270014,nisqa_test_livetalk,750,232,0.9439655172413793,2.7308754920959473,3.020149144633063,0.9353448275862069,2.604235663496215,2.972613846433574,-0.008620689655172487,-0.12663982859973233,-0.047535298199488984
dnsmos,mahalanobis,0.3,20270014,nisqa_test_p501,750,240,0.8583333333333333,2.7308754920959473,3.25529874364535,0.8666666666666667,2.7215977042913435,3.2755604018767674,0.008333333333333415,-0.009277787804603754,0.020261658231417456
dnsmos,l2,0.3,20270014,nisqa_val_sim,750,1750,0.8988571428571429,2.7308754920959473,3.16441650390625,0.9074285714285715,2.7615984389441355,3.1588818322590417,0.008571428571428563,0.030722946848188215,-0.0055346716472084445
dnsmos,l2,0.3,20270014,nisqa_train_live,750,1020,0.9901960784313726,2.7308754920959473,2.7583540818270516,0.9862745098039216,2.70443142488891,2.7366638216317867,-0.0039215686274509665,-0.026444067207037403,-0.021690260195264877
dnsmos,l2,0.3,20270014,nisqa_val_live,750,200,1.0,2.7308754920959473,2.7308754920959473,0.995,2.7042180478572844,2.705212301015854,-0.0050000000000000044,-0.026657444238662897,-0.025663191080093295
dnsmos,l2,0.3,20270014,nisqa_test_for,750,240,0.9,2.7308754920959473,3.2149482369422913,0.9166666666666666,2.768228859702746,3.1501023282607394,0.016666666666666607,0.03735336760679875,-0.06484590868155182
dnsmos,l2,0.3,20270014,nisqa_test_livetalk,750,232,0.9439655172413793,2.7308754920959473,3.020149144633063,0.9439655172413793,2.717630376075876,3.0240607939917465,0.0,-0.01324511602007128,0.003911649358683711
dnsmos,l2,0.3,20270014,nisqa_test_p501,750,240,0.8583333333333333,2.7308754920959473,3.25529874364535,0.8708333333333333,2.757228281100591,3.223965581258138,0.012500000000000067,0.02635278900464355,-0.03133316238721218
dnsmos,knn,0.3,20270014,nisqa_val_sim,750,1750,0.8988571428571429,2.7308754920959473,3.16441650390625,0.8925714285714286,2.6921697662898474,3.2111035434177944,-0.006285714285714339,-0.03870572580609988,0.04668703951154418
dnsmos,knn,0.3,20270014,nisqa_train_live,750,1020,0.9901960784313726,2.7308754920959473,2.7583540818270516,0.9833333333333333,2.566396871735068,2.624700403213501,-0.006862745098039302,-0.16447862036087946,-0.1336536786135505
dnsmos,knn,0.3,20270014,nisqa_val_live,750,200,1.0,2.7308754920959473,2.7308754920959473,0.995,2.569542384147644,2.5696865916252136,-0.0050000000000000044,-0.16133310794830313,-0.16118890047073364
dnsmos,knn,0.3,20270014,nisqa_test_for,750,240,0.9,2.7308754920959473,3.2149482369422913,0.8708333333333333,2.6093418220678966,3.252255282799403,-0.029166666666666674,-0.12153367002805071,0.03730704585711164
dnsmos,knn,0.3,20270014,nisqa_test_livetalk,750,232,0.9439655172413793,2.7308754920959473,3.020149144633063,0.9353448275862069,2.5864441148166,2.9850902454606416,-0.008620689655172487,-0.1444313772793473,-0.03505889917242122
dnsmos,knn,0.3,20270014,nisqa_test_p501,750,240,0.8583333333333333,2.7308754920959473,3.25529874364535,0.8666666666666667,2.7195735534032184,3.355987286567688,0.008333333333333415,-0.011301938692728886,0.10068854292233809
dnsmos,mahalanobis,0.3,20270015,nisqa_val_sim,750,1750,0.9131428571428571,2.7795324325561523,3.1931443759373255,0.8971428571428571,2.72513217653547,3.2002405507223948,-0.016000000000000014,-0.054400256020682214,0.007096174785069298
dnsmos,mahalanobis,0.3,20270015,nisqa_train_live,750,1020,0.9901960784313726,2.7795324325561523,2.8022407340068445,0.9813725490196078,2.6331596720452404,2.6744257767995196,-0.008823529411764786,-0.14637276051091197,-0.12781495720732483
dnsmos,mahalanobis,0.3,20270015,nisqa_val_live,750,200,1.0,2.7795324325561523,2.7795324325561523,0.995,2.653360462188721,2.6584089636802672,-0.0050000000000000044,-0.12617197036743155,-0.1211234688758851
dnsmos,mahalanobis,0.3,20270015,nisqa_test_for,750,240,0.9,2.7795324325561523,3.2149482369422913,0.8833333333333333,2.68795884847641,3.18474324742953,-0.01666666666666672,-0.09157358407974225,-0.030204989512761404
dnsmos,mahalanobis,0.3,20270015,nisqa_test_livetalk,750,232,0.9439655172413793,2.7795324325561523,3.041541420180222,0.9396551724137931,2.6198817820384583,2.964086592197418,-0.004310344827586188,-0.159650650517694,-0.07745482798280401
dnsmos,mahalanobis,0.3,20270015,nisqa_test_p501,750,240,0.8708333333333333,2.7795324325561523,3.237966924905777,0.875,2.7263123035430907,3.249476009607315,0.004166666666666652,-0.05322012901306161,0.011509084701537997
dnsmos,l2,0.3,20270015,nisqa_val_sim,750,1750,0.9131428571428571,2.7795324325561523,3.1931443759373255,0.9102857142857143,2.7895072983333042,3.186117411204747,-0.0028571428571428914,0.009974865777151898,-0.007026964732578467
dnsmos,l2,0.3,20270015,nisqa_train_live,750,1020,0.9901960784313726,2.7795324325561523,2.8022407340068445,0.9862745098039216,2.722477448687834,2.7552985523261277,-0.0039215686274509665,-0.05705498386831831,-0.04694218168071673
dnsmos,l2,0.3,20270015,nisqa_val_live,750,200,1.0,2.7795324325561523,2.7795324325561523,0.995,2.728100094795227,2.7284325098991395,-0.0050000000000000044,-0.05143233776092515,-0.0510999226570128
dnsmos,l2,0.3,20270015,nisqa_test_for,750,240,0.9,2.7795324325561523,3.2149482369422913,0.9166666666666666,2.798674190044403,3.149946137269338,0.016666666666666607,0.019141757488250644,-0.06500209967295323
dnsmos,l2,0.3,20270015,nisqa_test_livetalk,750,232,0.9439655172413793,2.7795324325561523,3.041541420180222,0.9482758620689655,2.7372254133224487,3.009233768644004,0.004310344827586188,-0.04230701923370361,-0.032307651536218174
dnsmos,l2,0.3,20270015,nisqa_test_p501,750,240,0.8708333333333333,2.7795324325561523,3.237966924905777,0.8833333333333333,2.7886310040950777,3.176552387078603,0.012499999999999956,0.009098571538925349,-0.06141453782717399
dnsmos,knn,0.3,20270015,nisqa_val_sim,750,1750,0.9131428571428571,2.7795324325561523,3.1931443759373255,0.9114285714285715,2.757017611231123,3.186957140105111,-0.0017142857142856682,-0.022514821325029466,-0.006187235832214366
dnsmos,knn,0.3,20270015,nisqa_train_live,750,1020,0.9901960784313726,2.7795324325561523,2.8022407340068445,0.9872549019607844,2.6285340785980225,2.6680721535402188,-0.002941176470588225,-0.15099835395812988,-0.13416858046662572
dnsmos,knn,0.3,20270015,nisqa_val_live,750,200,1.0,2.7795324325561523,2.7795324325561523,0.995,2.637617876529694,2.6386465930938723,-0.0050000000000000044,-0.14191455602645853,-0.14088583946228006
dnsmos,knn,0.3,20270015,nisqa_test_for,750,240,0.9,2.7795324325561523,3.2149482369422913,0.8833333333333333,2.689712458848953,3.188035402695338,-0.01666666666666672,-0.08981997370719919,-0.02691283424695312
dnsmos,knn,0.3,20270015,nisqa_test_livetalk,750,232,0.9439655172413793,2.7795324325561523,3.041541420180222,0.9396551724137931,2.6479647508982955,2.984208682487751,-0.004310344827586188,-0.13156768165785682,-0.05733273769247127
dnsmos,knn,0.3,20270015,nisqa_test_p501,750,240,0.8708333333333333,2.7795324325561523,3.237966924905777,0.8791666666666667,2.7590885043144224,3.2499978323777516,0.008333333333333304,-0.020443928241729914,0.012030907471974661
dnsmos,mahalanobis,0.3,20270016,nisqa_val_sim,750,1750,0.9114285714285715,2.777340888977051,3.1749799128941127,0.9137142857142857,2.766768255506243,3.1677201042175294,0.0022857142857142243,-0.010572633470807613,-0.007259808676583379
dnsmos,mahalanobis,0.3,20270016,nisqa_train_live,750,1020,0.9901960784313726,2.777340888977051,2.80026404764138,0.9872549019607844,2.6692593156122695,2.702843031462501,-0.002941176470588225,-0.1080815733647813,-0.09742101617887888
dnsmos,mahalanobis,0.3,20270016,nisqa_val_live,750,200,1.0,2.777340888977051,2.777340888977051,1.0,2.67542795419693,2.67542795419693,0.0,-0.10191293478012087,-0.10191293478012087
dnsmos,mahalanobis,0.3,20270016,nisqa_test_for,750,240,0.9,2.777340888977051,3.2149482369422913,0.8875,2.711390061179797,3.1785385638475416,-0.012500000000000067,-0.06595082779725381,-0.03640967309474963
dnsmos,mahalanobis,0.3,20270016,nisqa_test_livetalk,750,232,0.9439655172413793,2.777340888977051,3.0405778967101,0.9439655172413793,2.668896699773854,2.9922255380400298,0.0,-0.10844418920319665,-0.04835235867007004
dnsmos,mahalanobis,0.3,20270016,nisqa_test_p501,750,240,0.8708333333333333,2.777340888977051,3.2386061251163483,0.8708333333333333,2.7615247468153634,3.2579826414585114,0.0,-0.015816142161687363,0.019376516342163086
dnsmos,l2,0.3,20270016,nisqa_val_sim,750,1750,0.9114285714285715,2.777340888977051,3.1749799128941127,0.9062857142857143,2.750864437920707,3.1575988404410227,-0.005142857142857227,-0.026476451056343997,-0.017381072453090063
dnsmos,l2,0.3,20270016,nisqa_train_live,750,1020,0.9901960784313726,2.777340888977051,2.80026404764138,0.9872549019607844,2.6984789270980687,2.7318033720932755,-0.002941176470588225,-0.07886196187898209,-0.06846067554810453
dnsmos,l2,0.3,20270016,nisqa_val_live,750,200,1.0,2.777340888977051,2.777340888977051,1.0,2.7025119531154633,2.7025119531154633,0.0,-0.07482893586158745,-0.07482893586158745
dnsmos,l2,0.3,20270016,nisqa_test_for,750,240,0.9,2.777340888977051,3.2149482369422913,0.9166666666666666,2.7543976535399755,3.150727543234825,0.016666666666666607,-0.022943235437075327,-0.0642206937074663
dnsmos,l2,0.3,20270016,nisqa_test_livetalk,750,232,0.9439655172413793,2.777340888977051,3.0405778967101,0.9482758620689655,2.709210451306968,3.009680682215197,0.004310344827586188,-0.06813043767008287,-0.03089721449490268
dnsmos,l2,0.3,20270016,nisqa_test_p501,750,240,0.8708333333333333,2.777340888977051,3.2386061251163483,0.8625,2.742909276485443,3.220555647214254,-0.008333333333333304,-0.034431612491607755,-0.018050477902094464
dnsmos,knn,0.3,20270016,nisqa_val_sim,750,1750,0.9114285714285715,2.777340888977051,3.1749799128941127,0.9102857142857143,2.763656858444214,3.1799066731589183,-0.0011428571428572232,-0.013684030532836733,0.004926760264805541
dnsmos,knn,0.3,20270016,nisqa_train_live,750,1020,0.9901960784313726,2.777340888977051,2.80026404764138,0.9803921568627451,2.5852554064170987,2.638513072799234,-0.009803921568627527,-0.19208548255995206,-0.16175097484214618
dnsmos,knn,0.3,20270016,nisqa_val_live,750,200,1.0,2.777340888977051,2.777340888977051,0.995,2.595619013309479,2.6025365495681765,-0.0050000000000000044,-0.1817218756675718,-0.1748043394088743
dnsmos,knn,0.3,20270016,nisqa_test_for,750,240,0.9,2.777340888977051,3.2149482369422913,0.8833333333333333,2.679169859488805,3.182762489716212,-0.01666666666666672,-0.09817102948824585,-0.032185747226079364
dnsmos,knn,0.3,20270016,nisqa_test_livetalk,750,232,0.9439655172413793,2.777340888977051,3.0405778967101,0.9267241379310345,2.601689700422616,2.9722230434417725,-0.017241379310344862,-0.17565118855443496,-0.06835485326832735
dnsmos,knn,0.3,20270016,nisqa_test_p501,750,240,0.8708333333333333,2.777340888977051,3.2386061251163483,0.8708333333333333,2.745929708083471,3.24093105395635,0.0,-0.03141118089357997,0.002324928840001572
dnsmos,mahalanobis,0.3,20270017,nisqa_val_sim,750,1750,0.8982857142857142,2.730241537094116,3.1764339787619456,0.9022857142857142,2.7338434163502283,3.183887514250619,0.0040000000000000036,0.003601879256112106,0.007453535488673335
dnsmos,mahalanobis,0.3,20270017,nisqa_train_live,750,1020,0.9901960784313726,2.730241537094116,2.7577822792763804,0.9823529411764705,2.6281967258920855,2.6679375431116887,-0.007843137254902044,-0.10204481120203068,-0.08984473616469169
dnsmos,mahalanobis,0.3,20270017,nisqa_val_live,750,200,1.0,2.730241537094116,2.730241537094116,0.995,2.6434167754650115,2.6475067150592806,-0.0050000000000000044,-0.08682476162910469,-0.08273482203483562
dnsmos,mahalanobis,0.3,20270017,nisqa_test_for,750,240,0.9,2.730241537094116,3.2149482369422913,0.8875,2.685956092675527,3.1528807997703554,-0.012500000000000067,-0.04428544441858939,-0.06206743717193586
dnsmos,mahalanobis,0.3,20270017,nisqa_test_livetalk,750,232,0.9439655172413793,2.730241537094116,3.0198704230374305,0.9396551724137931,2.6223998480829698,2.971215745498394,-0.004310344827586188,-0.10784168901114644,-0.048654677539036406
dnsmos,mahalanobis,0.3,20270017,nisqa_test_p501,750,240,0.8583333333333333,2.730241537094116,3.25556289156278,0.8666666666666667,2.736127578218778,3.2591612368822096,0.008333333333333415,0.005886041124661734,0.0035983453194297077
dnsmos,l2,0.3,20270017,nisqa_val_sim,750,1750,0.8982857142857142,2.730241537094116,3.1764339787619456,0.9114285714285715,2.764438435418265,3.1694064382825577,0.013142857142857234,0.03419689832414896,-0.007027540479387806
dnsmos,l2,0.3,20270017,nisqa_train_live,750,1020,0.9901960784313726,2.730241537094116,2.7577822792763804,0.9862745098039216,2.709308505525776,2.740818386451871,-0.0039215686274509665,-0.020933031568340255,-0.016963892824509497
dnsmos,l2,0.3,20270017,nisqa_val_live,750,200,1.0,2.730241537094116,2.730241537094116,1.0,2.7117643094062807,2.7117643094062807,0.0,-0.01847722768783555,-0.01847722768783555
dnsmos,l2,0.3,20270017,nisqa_test_for,750,240,0.9,2.730241537094116,3.2149482369422913,0.9166666666666666,2.768149104714394,3.151623742779096,0.016666666666666607,0.03790756762027758,-0.06332449416319541
dnsmos,l2,0.3,20270017,nisqa_test_livetalk,750,232,0.9439655172413793,2.730241537094116,3.0198704230374305,0.9439655172413793,2.725079233276433,3.0233598464521867,0.0,-0.005162303817683345,0.003489423414756221
dnsmos,l2,0.3,20270017,nisqa_test_p501,750,240,0.8583333333333333,2.730241537094116,3.25556289156278,0.8666666666666667,2.760485114653905,3.2172512729962666,0.008333333333333415,0.030243577559788903,-0.03831161856651333
dnsmos,knn,0.3,20270017,nisqa_val_sim,750,1750,0.8982857142857142,2.730241537094116,3.1764339787619456,0.9085714285714286,2.736567784445626,3.1897433346339636,0.010285714285714342,0.006326247351509995,0.013309355872018092
dnsmos,knn,0.3,20270017,nisqa_train_live,750,1020,0.9901960784313726,2.730241537094116,2.7577822792763804,0.984313725490196,2.609748965618657,2.6560743032717236,-0.005882352941176561,-0.120492571475459,-0.10170797600465686
dnsmos,knn,0.3,20270017,nisqa_val_live,750,200,1.0,2.730241537094116,2.730241537094116,1.0,2.6102308237552645,2.6102308237552645,0.0,-0.12001071333885172,-0.12001071333885172
dnsmos,knn,0.3,20270017,nisqa_test_for,750,240,0.9,2.730241537094116,3.2149482369422913,0.8708333333333333,2.656950267155965,3.2199866195519764,-0.029166666666666674,-0.07329126993815116,0.005038382609685144
dnsmos,knn,0.3,20270017,nisqa_test_livetalk,750,232,0.9439655172413793,2.730241537094116,3.0198704230374305,0.9439655172413793,2.6309623677155067,2.970351965262972,0.0,-0.09927916937860948,-0.04951845777445829
dnsmos,knn,0.3,20270017,nisqa_test_p501,750,240,0.8583333333333333,2.730241537094116,3.25556289156278,0.8708333333333333,2.7515356222788494,3.300069747368495,0.012500000000000067,0.02129408518473319,0.044506855805714896
dnsmos,mahalanobis,0.3,20270018,nisqa_val_sim,750,1750,0.9045714285714286,2.756059169769287,3.1813238143920897,0.8925714285714286,2.6988361516680035,3.201939437866211,-0.01200000000000001,-0.05722301810128361,0.02061562347412149
dnsmos,mahalanobis,0.3,20270018,nisqa_train_live,750,1020,0.9901960784313726,2.756059169769287,2.781068771493201,0.9794117647058823,2.5497810165087382,2.6088478100066093,-0.010784313725490269,-0.20627815326054888,-0.17222096148659194
dnsmos,mahalanobis,0.3,20270018,nisqa_val_live,750,200,1.0,2.756059169769287,2.756059169769287,0.995,2.575121898651123,2.588514657020569,-0.0050000000000000044,-0.18093727111816404,-0.16754451274871807
dnsmos,mahalanobis,0.3,20270018,nisqa_test_for,750,240,0.9,2.756059169769287,3.2149482369422913,0.8875,2.6268266389767327,3.181046172976494,-0.012500000000000067,-0.12923253079255437,-0.033902063965797424
dnsmos,mahalanobis,0.3,20270018,nisqa_test_livetalk,750,232,0.9439655172413793,2.756059169769287,3.0312212787825485,0.9094827586206896,2.5257989312040396,2.9587699791480757,-0.034482758620689724,-0.23026023856524747,-0.07245129963447283
dnsmos,mahalanobis,0.3,20270018,nisqa_test_p501,750,240,0.8625,2.756059169769287,3.24491223692894,0.85,2.682166917125384,3.2735120087862013,-0.012500000000000067,-0.07389225264390298,0.02859977185726148
dnsmos,l2,0.3,20270018,nisqa_val_sim,750,1750,0.9045714285714286,2.756059169769287,3.1813238143920897,0.9057142857142857,2.7604386799676077,3.1736137764794488,0.0011428571428571122,0.004379510198320613,-0.00771003791264091
dnsmos,l2,0.3,20270018,nisqa_train_live,750,1020,0.9901960784313726,2.756059169769287,2.781068771493201,0.9882352941176471,2.715095076373979,2.743559510567609,-0.0019607843137254832,-0.040964093395308154,-0.03750926092559226
dnsmos,l2,0.3,20270018,nisqa_val_live,750,200,1.0,2.756059169769287,2.756059169769287,1.0,2.706383616924286,2.706383616924286,0.0,-0.049675552845001025,-0.049675552845001025
dnsmos,l2,0.3,20270018,nisqa_test_for,750,240,0.9,2.756059169769287,3.2149482369422913,0.9083333333333333,2.7622473279635114,3.154939407110214,0.008333333333333304,0.006188158194224247,-0.060008829832077115
dnsmos,l2,0.3,20270018,nisqa_test_livetalk,750,232,0.9439655172413793,2.756059169769287,3.0312212787825485,0.9482758620689655,2.7186621705005907,3.021893432428097,0.004310344827586188,-0.03739699926869644,-0.009327846354451719
dnsmos,l2,0.3,20270018,nisqa_test_p501,750,240,0.8625,2.756059169769287,3.24491223692894,0.8666666666666667,2.7563435206810634,3.2218615680933,0.004166666666666652,0.0002843509117762544,-0.023050668835639776
dnsmos,knn,0.3,20270018,nisqa_val_sim,750,1750,0.9045714285714286,2.756059169769287,3.1813238143920897,0.9017142857142857,2.72140494619097,3.184498496736799,-0.0028571428571428914,-0.034654223578316934,0.00317468234470919
dnsmos,knn,0.3,20270018,nisqa_train_live,750,1020,0.9901960784313726,2.756059169769287,2.781068771493201,0.9774509803921568,2.5327778339385985,2.596154363482606,-0.012745098039215752,-0.22328133583068865,-0.1849144080105951
dnsmos,knn,0.3,20270018,nisqa_val_live,750,200,1.0,2.756059169769287,2.756059169769287,0.995,2.5457494139671324,2.5544432640075683,-0.0050000000000000044,-0.21030975580215472,-0.20161590576171884
dnsmos,knn,0.3,20270018,nisqa_test_for,750,240,0.9,2.756059169769287,3.2149482369422913,0.8791666666666667,2.630245715379715,3.1852089166641235,-0.02083333333333337,-0.12581345438957214,-0.029739320278167725
dnsmos,knn,0.3,20270018,nisqa_test_livetalk,750,232,0.9439655172413793,2.756059169769287,3.0312212787825485,0.9224137931034483,2.5543144797456674,2.9620683748146583,-0.02155172413793105,-0.20174469002361972,-0.0691529039678902
dnsmos,knn,0.3,20270018,nisqa_test_p501,750,240,0.8625,2.756059169769287,3.24491223692894,0.8666666666666667,2.7245423197746277,3.279916634162267,0.004166666666666652,-0.031516849994659424,0.03500439723332738
dnsmos,mahalanobis,0.3,20270019,nisqa_val_sim,750,1750,0.9022857142857142,2.748234272003174,3.1575451265062604,0.9011428571428571,2.7320385367529734,3.1591142307009017,-0.0011428571428571122,-0.01619573525020046,0.001569104194641291
dnsmos,mahalanobis,0.3,20270019,nisqa_train_live,750,1020,0.9901960784313726,2.748234272003174,2.774011020566903,0.9823529411764705,2.631679990712334,2.669648523424186,-0.007843137254902044,-0.11655428129083978,-0.10436249714271728
dnsmos,mahalanobis,0.3,20270019,nisqa_val_live,750,200,1.0,2.748234272003174,2.748234272003174,0.995,2.647381455898285,2.6525411438941955,-0.0050000000000000044,-0.10085281610488872,-0.09569312810897834
dnsmos,mahalanobis,0.3,20270019,nisqa_test_for,750,240,0.9,2.748234272003174,3.2149482369422913,0.8833333333333333,2.6877249081929526,3.16213122010231,-0.01666666666666672,-0.060509363810221206,-0.05281701683998108
dnsmos,mahalanobis,0.3,20270019,nisqa_test_livetalk,750,232,0.9439655172413793,2.748234272003174,3.0277810220060677,0.9396551724137931,2.62147898406818,2.972734098804408,-0.004310344827586188,-0.1267552879349938,-0.05504692320165949
dnsmos,mahalanobis,0.3,20270019,nisqa_test_p501,750,240,0.8583333333333333,2.748234272003174,3.2480659186840057,0.8666666666666667,2.7316097378730775,3.251464392741521,0.008333333333333415,-0.016624534130096347,0.003398474057515255
dnsmos,l2,0.3,20270019,nisqa_val_sim,750,1750,0.9022857142857142,2.748234272003174,3.1575451265062604,0.9051428571428571,2.7809978956495014,3.164665221623012,0.0028571428571428914,0.032763623646327567,0.007120095116751379
dnsmos,l2,0.3,20270019,nisqa_train_live,750,1020,0.9901960784313726,2.748234272003174,2.774011020566903,0.984313725490196,2.707249303892547,2.7406507043277517,-0.005882352941176561,-0.040984968110626685,-0.033360316239151366
dnsmos,l2,0.3,20270019,nisqa_val_live,750,200,1.0,2.748234272003174,2.748234272003174,0.995,2.7039414286613463,2.7057345628738405,-0.0050000000000000044,-0.04429284334182748,-0.04249970912933332
dnsmos,l2,0.3,20270019,nisqa_test_for,750,240,0.9,2.748234272003174,3.2149482369422913,0.925,2.7877331336339313,3.1390109419822694,0.025000000000000022,0.03949886163075744,-0.07593729496002188
dnsmos,l2,0.3,20270019,nisqa_test_livetalk,750,232,0.9439655172413793,2.748234272003174,3.0277810220060677,0.9439655172413793,2.717499924117121,2.988946927004847,0.0,-0.03073434788605267,-0.0388340950012207
dnsmos,l2,0.3,20270019,nisqa_test_p501,750,240,0.8583333333333333,2.748234272003174,3.2480659186840057,0.8833333333333333,2.775554585456848,3.1642007708549498,0.025000000000000022,0.02732031345367414,-0.08386514782905596
dnsmos,knn,0.3,20270019,nisqa_val_sim,750,1750,0.9022857142857142,2.748234272003174,3.1575451265062604,0.8971428571428571,2.7093294105529786,3.1476676030840194,-0.005142857142857116,-0.03890486145019523,-0.009877523422241019
dnsmos,knn,0.3,20270019,nisqa_train_live,750,1020,0.9901960784313726,2.748234272003174,2.774011020566903,0.9794117647058823,2.5752286186405255,2.625519677704456,-0.010784313725490269,-0.17300565336264828,-0.14849134286244725
dnsmos,knn,0.3,20270019,nisqa_val_live,750,200,1.0,2.748234272003174,2.748234272003174,0.995,2.588013495206833,2.5930619966983794,-0.0050000000000000044,-0.16022077679634084,-0.15517227530479438
dnsmos,knn,0.3,20270019,nisqa_test_for,750,240,0.9,2.748234272003174,3.2149482369422913,0.8791666666666667,2.6480620950460434,3.1852085242668786,-0.02083333333333337,-0.10017217695713043,-0.029739712675412644
dnsmos,knn,0.3,20270019,nisqa_test_livetalk,750,232,0.9439655172413793,2.748234272003174,3.0277810220060677,0.9353448275862069,2.590935131599163,2.9658156057883955,-0.008620689655172487,-0.15729914040401072,-0.06196541621767215
dnsmos,knn,0.3,20270019,nisqa_test_p501,750,240,0.8583333333333333,2.748234272003174,3.2480659186840057,0.8666666666666667,2.7073184380928677,3.258740726113319,0.008333333333333415,-0.040915833910306176,0.010674807429313482
dnsmos,mahalanobis,0.3,20270020,nisqa_val_sim,750,1750,0.92,2.804211139678955,3.1541862555912563,0.9285714285714286,2.8200047803606307,3.1542166407448904,0.008571428571428563,0.015793640681675658,3.038515363407157e-05
dnsmos,mahalanobis,0.3,20270020,nisqa_train_live,750,1020,0.9901960784313726,2.804211139678955,2.824499960039176,0.9872549019607844,2.7163772587682686,2.7425520611744303,-0.002941176470588225,-0.08783388091068645,-0.08194789886474574
dnsmos,mahalanobis,0.3,20270020,nisqa_val_live,750,200,1.0,2.804211139678955,2.804211139678955,1.0,2.7272423815727236,2.7272423815727236,0.0,-0.0769687581062315,-0.0769687581062315
dnsmos,mahalanobis,0.3,20270020,nisqa_test_for,750,240,0.9041666666666667,2.804211139678955,3.215596338113149,0.8916666666666667,2.766572407881419,3.171159189939499,-0.012499999999999956,-0.037638731797536185,-0.044437148173650076
dnsmos,mahalanobis,0.3,20270020,nisqa_test_livetalk,750,232,0.9439655172413793,2.804211139678955,3.0523915414152474,0.9439655172413793,2.7062425818936577,3.0036783814430237,0.0,-0.09796855778529734,-0.048713159972223696
dnsmos,mahalanobis,0.3,20270020,nisqa_test_p501,750,240,0.875,2.804211139678955,3.2310779293378196,0.8875,2.8112071613470713,3.238183663288752,0.012499999999999956,0.006996021668116192,0.007105733950932613
dnsmos,l2,0.3,20270020,nisqa_val_sim,750,1750,0.92,2.804211139678955,3.1541862555912563,0.9217142857142857,2.8238757841927664,3.180847752434867,0.0017142857142856682,0.019664644513811336,0.02666149684361052
dnsmos,l2,0.3,20270020,nisqa_train_live,750,1020,0.9901960784313726,2.804211139678955,2.824499960039176,0.9813725490196078,2.7159131620444503,2.7554114187464993,-0.008823529411764786,-0.08829797763450475,-0.06908854129267672
dnsmos,l2,0.3,20270020,nisqa_val_live,750,200,1.0,2.804211139678955,2.804211139678955,0.995,2.7224347138404847,2.7273499393463134,-0.0050000000000000044,-0.08177642583847033,-0.07686120033264165
dnsmos,l2,0.3,20270020,nisqa_test_for,750,240,0.9041666666666667,2.804211139678955,3.215596338113149,0.925,2.8331380903720857,3.1104034503300984,0.02083333333333337,0.02892695069313067,-0.1051928877830508
dnsmos,l2,0.3,20270020,nisqa_test_livetalk,750,232,0.9439655172413793,2.804211139678955,3.0523915414152474,0.9439655172413793,2.738574967302125,3.043833074898555,0.0,-0.06563617237683017,-0.008558466516692231
dnsmos,l2,0.3,20270020,nisqa_test_p501,750,240,0.875,2.804211139678955,3.2310779293378196,0.875,2.8109311123689014,3.1805101096630097,0.0,0.006719972689946285,-0.05056781967480983
dnsmos,knn,0.3,20270020,nisqa_val_sim,750,1750,0.92,2.804211139678955,3.1541862555912563,0.9245714285714286,2.813175532204764,3.1605175792149134,0.00457142857142856,0.00896439252580894,0.00633132362365707
dnsmos,knn,0.3,20270020,nisqa_train_live,750,1020,0.9901960784313726,2.804211139678955,2.824499960039176,0.9921568627450981,2.71936559046016,2.7479155818621317,0.0019607843137254832,-0.08484554921879495,-0.07658437817704433
dnsmos,knn,0.3,20270020,nisqa_val_live,750,200,1.0,2.804211139678955,2.804211139678955,1.0,2.7313653087615966,2.7313653087615966,0.0,-0.07284583091735852,-0.07284583091735852
dnsmos,knn,0.3,20270020,nisqa_test_for,750,240,0.9041666666666667,2.804211139678955,3.215596338113149,0.9,2.775533401966095,3.1875092724959058,-0.004166666666666652,-0.028677737712860196,-0.02808706561724339
dnsmos,knn,0.3,20270020,nisqa_test_livetalk,750,232,0.9439655172413793,2.804211139678955,3.0523915414152474,0.9396551724137931,2.730666817262255,3.026614412151534,-0.004310344827586188,-0.07354432241670006,-0.025777129263713228
dnsmos,knn,0.3,20270020,nisqa_test_p501,750,240,0.875,2.804211139678955,3.2310779293378196,0.875,2.7974249184131623,3.2303461293379465,0.0,-0.006786221265792758,-0.0007317999998730507
dnsmos,mahalanobis,0.5,20270001,nisqa_val_sim,1250,1250,0.9072,2.7562456130981445,3.1607729873657227,0.9184,2.755717115020752,3.1520194946289064,0.011199999999999988,-0.0005284980773927472,-0.008753492736816249
dnsmos,mahalanobis,0.5,20270001,nisqa_train_live,1250,1020,0.9901960784313726,2.7562456130981445,2.7812369360643276,0.9882352941176471,2.701032450619866,2.7294074123980954,-0.0019607843137254832,-0.055213162478278566,-0.05182952366623228
dnsmos,mahalanobis,0.5,20270001,nisqa_val_live,1250,200,1.0,2.7562456130981445,2.7562456130981445,1.0,2.715190794467926,2.715190794467926,0.0,-0.04105481863021865,-0.04105481863021865
dnsmos,mahalanobis,0.5,20270001,nisqa_test_for,1250,240,0.9,2.7562456130981445,3.2149482369422913,0.8875,2.7347818434238436,3.1727344314257304,-0.012500000000000067,-0.02146376967430097,-0.04221380551656084
dnsmos,mahalanobis,0.5,20270001,nisqa_test_livetalk,1250,232,0.9439655172413793,2.7562456130981445,3.031303249556443,0.9439655172413793,2.6880329025202783,2.986705354575453,0.0,-0.06821271057786626,-0.04459789498098976
dnsmos,mahalanobis,0.5,20270001,nisqa_test_p501,1250,240,0.8625,2.7562456130981445,3.2448423206806183,0.8666666666666667,2.753319589296977,3.2369290769100187,0.004166666666666652,-0.0029260238011676876,-0.007913243770599543
dnsmos,l2,0.5,20270001,nisqa_val_sim,1250,1250,0.9072,2.7562456130981445,3.1607729873657227,0.9152,2.770150185394287,3.1572919357299805,0.008000000000000007,0.013904572296142614,-0.003481051635742194
dnsmos,l2,0.5,20270001,nisqa_train_live,1250,1020,0.9901960784313726,2.7562456130981445,2.7812369360643276,0.9892156862745098,2.729778529615963,2.7581822629068413,-0.0009803921568627416,-0.02646708348218141,-0.023054673157486327
dnsmos,l2,0.5,20270001,nisqa_val_live,1250,200,1.0,2.7562456130981445,2.7562456130981445,1.0,2.74337575674057,2.74337575674057,0.0,-0.012869856357574427,-0.012869856357574427
dnsmos,l2,0.5,20270001,nisqa_test_for,1250,240,0.9,2.7562456130981445,3.2149482369422913,0.9125,2.7783487190802894,3.1767324060201645,0.012499999999999956,0.02210310598214482,-0.03821583092212677
dnsmos,l2,0.5,20270001,nisqa_test_livetalk,1250,232,0.9439655172413793,2.7562456130981445,3.031303249556443,0.9482758620689655,2.7448001185367845,3.034696218268625,0.004310344827586188,-0.011445494561360015,0.0033929687121818652
dnsmos,l2,0.5,20270001,nisqa_test_p501,1250,240,0.8625,2.7562456130981445,3.2448423206806183,0.8708333333333333,2.773314552505811,3.224713670214017,0.008333333333333304,0.017068939407666406,-0.020128650466601172
dnsmos,knn,0.5,20270001,nisqa_val_sim,1250,1250,0.9072,2.7562456130981445,3.1607729873657227,0.9136,2.7486803798675536,3.1491306018829346,0.006399999999999961,-0.007565233230590884,-0.011642385482788065
dnsmos,knn,0.5,20270001,nisqa_train_live,1250,1020,0.9901960784313726,2.7562456130981445,2.7812369360643276,0.9892156862745098,2.6738859798393997,2.706359207396414,-0.0009803921568627416,-0.08235963325874485,-0.07487772866791387
dnsmos,knn,0.5,20270001,nisqa_val_live,1250,200,1.0,2.7562456130981445,2.7562456130981445,1.0,2.6816438674926757,2.6816438674926757,0.0,-0.07460174560546884,-0.07460174560546884
dnsmos,knn,0.5,20270001,nisqa_test_for,1250,240,0.9,2.7562456130981445,3.2149482369422913,0.8833333333333333,2.721295475959778,3.181974947452545,-0.01666666666666672,-0.0349501371383667,-0.032973289489746094
dnsmos,knn,0.5,20270001,nisqa_test_livetalk,1250,232,0.9439655172413793,2.7562456130981445,3.031303249556443,0.9396551724137931,2.6844243766932654,2.9949331396612626,-0.004310344827586188,-0.07182123640487914,-0.0363701098951803
dnsmos,knn,0.5,20270001,nisqa_test_p501,1250,240,0.8625,2.7562456130981445,3.2448423206806183,0.8666666666666667,2.744352815548579,3.232847221692403,0.004166666666666652,-0.011892797549565515,-0.011995098988215158
dnsmos,mahalanobis,0.5,20270002,nisqa_val_sim,1250,1250,0.8992,2.735581874847412,3.138508867263794,0.912,2.7542920301437377,3.1257816999435426,0.012800000000000034,0.01871015529632558,-0.012727167320251365
dnsmos,mahalanobis,0.5,20270002,nisqa_train_live,1250,1020,0.9901960784313726,2.735581874847412,2.762599054504843,0.9872549019607844,2.6685252608037464,2.702145912834242,-0.002941176470588225,-0.0670566140436657,-0.060453141670600896
dnsmos,mahalanobis,0.5,20270002,nisqa_val_live,1250,200,1.0,2.735581874847412,2.735581874847412,0.995,2.6820587241649627,2.683206387758255,-0.0050000000000000044,-0.053523150682449394,-0.05237548708915707
dnsmos,mahalanobis,0.5,20270002,nisqa_test_for,1250,240,0.9,2.735581874847412,3.2149482369422913,0.8875,2.7134463459253313,3.173890001575152,-0.012500000000000067,-0.022135528922080816,-0.04105823536713915
dnsmos,mahalanobis,0.5,20270002,nisqa_test_livetalk,1250,232,0.9439655172413793,2.735581874847412,3.0222183301531036,0.9396551724137931,2.6607641680487273,2.9787860040006966,-0.004310344827586188,-0.07481770679868482,-0.043432326152407
dnsmos,mahalanobis,0.5,20270002,nisqa_test_p501,1250,240,0.8583333333333333,2.735581874847412,3.2533377508322396,0.8666666666666667,2.748519324262937,3.24360048075517,0.008333333333333415,0.012937449415524771,-0.009737270077069482
dnsmos,l2,0.5,20270002,nisqa_val_sim,1250,1250,0.8992,2.735581874847412,3.138508867263794,0.9072,2.758760068893433,3.12716250038147,0.008000000000000007,0.023178194046020728,-0.011346366882324155
dnsmos,l2,0.5,20270002,nisqa_train_live,1250,1020,0.9901960784313726,2.735581874847412,2.762599054504843,0.9862745098039216,2.704401145729364,2.73644981992011,-0.0039215686274509665,-0.031180729118048145,-0.026149234584733172
dnsmos,l2,0.5,20270002,nisqa_val_live,1250,200,1.0,2.735581874847412,2.735581874847412,0.995,2.7056010723114015,2.7058932423591613,-0.0050000000000000044,-0.029980802536010653,-0.02968863248825082
dnsmos,l2,0.5,20270002,nisqa_test_for,1250,240,0.9,2.735581874847412,3.2149482369422913,0.9125,2.767392239967982,3.154567203919093,0.012499999999999956,0.031810365120569895,-0.060381033023198416
dnsmos,l2,0.5,20270002,nisqa_test_livetalk,1250,232,0.9439655172413793,2.735581874847412,3.0222183301531036,0.9482758620689655,2.714446139746699,2.994896074821209,0.004310344827586188,-0.021135735100713315,-0.027322255331894585
dnsmos,l2,0.5,20270002,nisqa_test_p501,1250,240,0.8583333333333333,2.735581874847412,3.2533377508322396,0.8791666666666667,2.7573388318220773,3.18817146619161,0.02083333333333337,0.021756956974665176,-0.06516628464062979
dnsmos,knn,0.5,20270002,nisqa_val_sim,1250,1250,0.8992,2.735581874847412,3.138508867263794,0.9,2.7315891286849974,3.1368364793777466,0.0008000000000000229,-0.00399274616241474,-0.0016723878860473995
dnsmos,knn,0.5,20270002,nisqa_train_live,1250,1020,0.9901960784313726,2.735581874847412,2.762599054504843,0.9794117647058823,2.5920137634464337,2.639356292930304,-0.010784313725490269,-0.14356811140097836,-0.12324276157453928
dnsmos,knn,0.5,20270002,nisqa_val_live,1250,200,1.0,2.735581874847412,2.735581874847412,0.995,2.6069903635978697,2.6121500515937806,-0.0050000000000000044,-0.12859151124954238,-0.12343182325363156
dnsmos,knn,0.5,20270002,nisqa_test_for,1250,240,0.9,2.735581874847412,3.2149482369422913,0.8791666666666667,2.6750669091939927,3.1712812294562656,-0.02083333333333337,-0.060514965653419406,-0.0436670074860257
dnsmos,knn,0.5,20270002,nisqa_test_livetalk,1250,232,0.9439655172413793,2.735581874847412,3.0222183301531036,0.9396551724137931,2.6078722826365768,2.966889206705422,-0.004310344827586188,-0.12770959221083533,-0.05532912344768137
dnsmos,knn,0.5,20270002,nisqa_test_p501,1250,240,0.8583333333333333,2.735581874847412,3.2533377508322396,0.8708333333333333,2.7389205743869147,3.269278809428215,0.012500000000000067,0.0033386995395026098,0.015941058595975388
dnsmos,mahalanobis,0.5,20270003,nisqa_val_sim,1250,1250,0.8976,2.730241537094116,3.170374111175537,0.8944,2.7124318662643434,3.1709965559005737,-0.0031999999999999806,-0.017809670829772806,0.0006224447250366971
dnsmos,mahalanobis,0.5,20270003,nisqa_train_live,1250,1020,0.9901960784313726,2.730241537094116,2.7577822792763804,0.9823529411764705,2.6049808972022115,2.6485469652157203,-0.007843137254902044,-0.12526063989190472,-0.10923531406066012
dnsmos,mahalanobis,0.5,20270003,nisqa_val_live,1250,200,1.0,2.730241537094116,2.730241537094116,0.995,2.616803587675095,2.6231403481960296,-0.0050000000000000044,-0.11343794941902141,-0.10710118889808662
dnsmos,mahalanobis,0.5,20270003,nisqa_test_for,1250,240,0.9,2.730241537094116,3.2149482369422913,0.8875,2.658055159449577,3.1610839595397313,-0.012500000000000067,-0.07218637764453906,-0.053864277402559946
dnsmos,mahalanobis,0.5,20270003,nisqa_test_livetalk,1250,232,0.9439655172413793,2.730241537094116,3.0198704230374305,0.9267241379310345,2.59458094115915,2.963217006675128,-0.017241379310344862,-0.13566059593496638,-0.056653416362302256
dnsmos,mahalanobis,0.5,20270003,nisqa_test_p501,1250,240,0.8583333333333333,2.730241537094116,3.25556289156278,0.8583333333333333,2.7048783053954444,3.262013331055641,0.0,-0.02536323169867183,0.006450439492861282
dnsmos,l2,0.5,20270003,nisqa_val_sim,1250,1250,0.8976,2.730241537094116,3.170374111175537,0.8824,2.6894910373687746,3.190731544494629,-0.015199999999999991,-0.040750499725341616,0.0203574333190919
dnsmos,l2,0.5,20270003,nisqa_train_live,1250,1020,0.9901960784313726,2.730241537094116,2.7577822792763804,0.9813725490196078,2.6012828667958576,2.660446317990621,-0.008823529411764786,-0.12895867029825858,-0.09733596128575961
dnsmos,l2,0.5,20270003,nisqa_val_live,1250,200,1.0,2.730241537094116,2.730241537094116,0.995,2.6243893933296203,2.633559603691101,-0.0050000000000000044,-0.10585214376449592,-0.09668193340301512
dnsmos,l2,0.5,20270003,nisqa_test_for,1250,240,0.9,2.730241537094116,3.2149482369422913,0.8958333333333334,2.7015490591526032,3.1182307660579682,-0.004166666666666652,-0.028692477941512973,-0.09671747088432303
dnsmos,l2,0.5,20270003,nisqa_test_livetalk,1250,232,0.9439655172413793,2.730241537094116,3.0198704230374305,0.9310344827586207,2.6296796469852843,2.981857277196029,-0.012931034482758674,-0.10056189010883188,-0.038013145841401474
dnsmos,l2,0.5,20270003,nisqa_test_p501,1250,240,0.8583333333333333,2.730241537094116,3.25556289156278,0.8583333333333333,2.6860540568828584,3.2315035422643024,0.0,-0.044187480211257846,-0.024059349298477528
dnsmos,knn,0.5,20270003,nisqa_val_sim,1250,1250,0.8976,2.730241537094116,3.170374111175537,0.8904,2.721243909263611,3.2151088994979857,-0.007199999999999984,-0.008997627830505284,0.044734788322448704
dnsmos,knn,0.5,20270003,nisqa_train_live,1250,1020,0.9901960784313726,2.730241537094116,2.7577822792763804,0.9764705882352941,2.53014431700987,2.597943642092686,-0.013725490196078494,-0.20009722008424635,-0.1598386371836944
dnsmos,knn,0.5,20270003,nisqa_val_live,1250,200,1.0,2.730241537094116,2.730241537094116,0.995,2.5481370282173157,2.558576602935791,-0.0050000000000000044,-0.18210450887680052,-0.17166493415832518
dnsmos,knn,0.5,20270003,nisqa_test_for,1250,240,0.9,2.730241537094116,3.2149482369422913,0.8916666666666667,2.639657376209895,3.196657298008601,-0.008333333333333304,-0.09058416088422128,-0.01829093893369027
dnsmos,knn,0.5,20270003,nisqa_test_livetalk,1250,232,0.9439655172413793,2.730241537094116,3.0198704230374305,0.9224137931034483,2.552845811021739,2.955157555382827,-0.02155172413793105,-0.17739572607237708,-0.06471286765460338
dnsmos,knn,0.5,20270003,nisqa_test_p501,1250,240,0.8583333333333333,2.730241537094116,3.25556289156278,0.8666666666666667,2.7033848027388254,3.253305451075236,0.008333333333333415,-0.02685673435529079,-0.002257440487543949
dnsmos,mahalanobis,0.5,20270004,nisqa_val_sim,1250,1250,0.9064,2.756059169769287,3.1869505558013915,0.9,2.7342602672576906,3.175905195236206,-0.006399999999999961,-0.021798902511596552,-0.011045360565185458
dnsmos,mahalanobis,0.5,20270004,nisqa_train_live,1250,1020,0.9901960784313726,2.756059169769287,2.781068771493201,0.9862745098039216,2.6546107385672775,2.6904023436939015,-0.0039215686274509665,-0.10144843120200964,-0.09066642779929968
dnsmos,mahalanobis,0.5,20270004,nisqa_val_live,1250,200,1.0,2.756059169769287,2.756059169769287,0.995,2.663729997873306,2.664724251031876,-0.0050000000000000044,-0.09232917189598089,-0.09133491873741129
dnsmos,mahalanobis,0.5,20270004,nisqa_test_for,1250,240,0.9,2.756059169769287,3.2149482369422913,0.8875,2.69560144841671,3.1865390886863074,-0.012500000000000067,-0.06045772135257721,-0.02840914825598384
dnsmos,mahalanobis,0.5,20270004,nisqa_test_livetalk,1250,232,0.9439655172413793,2.756059169769287,3.0312212787825485,0.9353448275862069,2.6477196576266455,2.972314118311323,-0.008620689655172487,-0.10833951214264159,-0.058907160471225684
dnsmos,mahalanobis,0.5,20270004,nisqa_test_p501,1250,240,0.8625,2.756059169769287,3.24491223692894,0.8583333333333333,2.7275765697161356,3.2560006936391193,-0.004166666666666763,-0.028482600053151508,0.01108845671017944
dnsmos,l2,0.5,20270004,nisqa_val_sim,1250,1250,0.9064,2.756059169769287,3.1869505558013915,0.9032,2.764578370666504,3.202047072982788,-0.0031999999999999806,0.008519200897216805,0.015096517181396596
dnsmos,l2,0.5,20270004,nisqa_train_live,1250,1020,0.9901960784313726,2.756059169769287,2.781068771493201,0.9833333333333333,2.693391849012936,2.7266483400382246,-0.006862745098039302,-0.06266732075635106,-0.05442043145497655
dnsmos,l2,0.5,20270004,nisqa_val_live,1250,200,1.0,2.756059169769287,2.756059169769287,0.995,2.687077451944351,2.6900489819049835,-0.0050000000000000044,-0.0689817178249359,-0.06601018786430357
dnsmos,l2,0.5,20270004,nisqa_test_for,1250,240,0.9,2.756059169769287,3.2149482369422913,0.9083333333333333,2.7698944956064224,3.149396056930224,0.008333333333333304,0.013835325837135315,-0.06555218001206731
dnsmos,l2,0.5,20270004,nisqa_test_livetalk,1250,232,0.9439655172413793,2.756059169769287,3.0312212787825485,0.9439655172413793,2.707920743473645,3.007414681130442,0.0,-0.048138426295642134,-0.023806597652106465
dnsmos,l2,0.5,20270004,nisqa_test_p501,1250,240,0.8625,2.756059169769287,3.24491223692894,0.8708333333333333,2.759865035613378,3.1853604515393577,0.008333333333333304,0.0038058658440909277,-0.05955178538958217
dnsmos,knn,0.5,20270004,nisqa_val_sim,1250,1250,0.9064,2.756059169769287,3.1869505558013915,0.9024,2.7269110359191893,3.1723335441589358,-0.0040000000000000036,-0.029148133850097846,-0.014617011642455768
dnsmos,knn,0.5,20270004,nisqa_train_live,1250,1020,0.9901960784313726,2.756059169769287,2.781068771493201,0.9823529411764705,2.614163625707813,2.6557096806226994,-0.007843137254902044,-0.14189554406147398,-0.1253590908705018
dnsmos,knn,0.5,20270004,nisqa_val_live,1250,200,1.0,2.756059169769287,2.756059169769287,0.995,2.6258792912960054,2.6288508212566377,-0.0050000000000000044,-0.13017987847328172,-0.1272083485126494
dnsmos,knn,0.5,20270004,nisqa_test_for,1250,240,0.9,2.756059169769287,3.2149482369422913,0.8791666666666667,2.681528318921725,3.1761171807845434,-0.02083333333333337,-0.07453085084756195,-0.038831056157747845
dnsmos,knn,0.5,20270004,nisqa_test_livetalk,1250,232,0.9439655172413793,2.756059169769287,3.0312212787825485,0.9353448275862069,2.6269351017886193,2.9734175492977273,-0.008620689655172487,-0.12912406798066778,-0.057803729484821265
dnsmos,knn,0.5,20270004,nisqa_test_p501,1250,240,0.8625,2.756059169769287,3.24491223692894,0.8625,2.7256413370370867,3.249494867523511,0.0,-0.030417832732200445,0.004582630594571313
dnsmos,mahalanobis,0.5,20270005,nisqa_val_sim,1250,1250,0.9136,2.7747015953063965,3.123415376663208,0.9168,2.7608220054626464,3.1095912258148193,0.0031999999999999806,-0.01387958984375004,-0.013824150848388506
dnsmos,mahalanobis,0.5,20270005,nisqa_train_live,1250,1020,0.9901960784313726,2.7747015953063965,2.7978835082521627,0.9892156862745098,2.685116135372835,2.715805173855202,-0.0009803921568627416,-0.08958545993356148,-0.08207833439696088
dnsmos,mahalanobis,0.5,20270005,nisqa_val_live,1250,200,1.0,2.7747015953063965,2.7747015953063965,1.0,2.692106077671051,2.692106077671051,0.0,-0.08259551763534567,-0.08259551763534567
dnsmos,mahalanobis,0.5,20270005,nisqa_test_for,1250,240,0.9,2.7747015953063965,3.2149482369422913,0.8875,2.719914664824804,3.187592605749766,-0.012500000000000067,-0.054786930481592666,-0.027355631192525376
dnsmos,mahalanobis,0.5,20270005,nisqa_test_livetalk,1250,232,0.9439655172413793,2.7747015953063965,3.0394175175962777,0.9439655172413793,2.680315751453926,2.9942492739907625,0.0,-0.09438584385247051,-0.04516824360551519
dnsmos,mahalanobis,0.5,20270005,nisqa_test_p501,1250,240,0.8708333333333333,2.7747015953063965,3.2393759191036224,0.8666666666666667,2.7530807932217916,3.247681913773219,-0.004166666666666652,-0.02162080208460493,0.008305994669596473
dnsmos,l2,0.5,20270005,nisqa_val_sim,1250,1250,0.9136,2.7747015953063965,3.123415376663208,0.9136,2.7859068441390993,3.1148748178482055,0.0,0.011205248832702797,-0.008540558815002264
dnsmos,l2,0.5,20270005,nisqa_train_live,1250,1020,0.9901960784313726,2.7747015953063965,2.7978835082521627,0.9862745098039216,2.7214339324072294,2.753224058010999,-0.0039215686274509665,-0.05326766289916707,-0.04465945024116369
dnsmos,l2,0.5,20270005,nisqa_val_live,1250,200,1.0,2.7747015953063965,2.7747015953063965,0.995,2.732128527164459,2.7331227803230287,-0.0050000000000000044,-0.0425730681419374,-0.041578814983367796
dnsmos,l2,0.5,20270005,nisqa_test_for,1250,240,0.9,2.7747015953063965,3.2149482369422913,0.9166666666666666,2.795654841264089,3.161429989337921,0.016666666666666607,0.020953245957692435,-0.053518247604370295
dnsmos,l2,0.5,20270005,nisqa_test_livetalk,1250,232,0.9439655172413793,2.7747015953063965,3.0394175175962777,0.9439655172413793,2.7394573657677093,3.021030149583159,0.0,-0.03524422953868722,-0.0183873680131188
dnsmos,l2,0.5,20270005,nisqa_test_p501,1250,240,0.8708333333333333,2.7747015953063965,3.2393759191036224,0.8708333333333333,2.7860206037759783,3.1921051214138667,0.0,0.011319008469581782,-0.04727079768975573
dnsmos,knn,0.5,20270005,nisqa_val_sim,1250,1250,0.9136,2.7747015953063965,3.123415376663208,0.9048,2.7349220529556275,3.1123293615341185,-0.008799999999999919,-0.03977954235076897,-0.011086015129089244
dnsmos,knn,0.5,20270005,nisqa_train_live,1250,1020,0.9901960784313726,2.7747015953063965,2.7978835082521627,0.9892156862745098,2.658690452108196,2.6940342697442747,-0.0009803921568627416,-0.11601114319820027,-0.10384923850788796
dnsmos,knn,0.5,20270005,nisqa_val_live,1250,200,1.0,2.7747015953063965,2.7747015953063965,1.0,2.6647378063201903,2.6647378063201903,0.0,-0.10996378898620618,-0.10996378898620618
dnsmos,knn,0.5,20270005,nisqa_test_for,1250,240,0.9,2.7747015953063965,3.2149482369422913,0.8833333333333333,2.697777764002482,3.193681345383326,-0.01666666666666672,-0.07692383130391445,-0.021266891558965106
dnsmos,knn,0.5,20270005,nisqa_test_livetalk,1250,232,0.9439655172413793,2.7747015953063965,3.0394175175962777,0.9396551724137931,2.6698145969160674,2.992636466848439,-0.004310344827586188,-0.10488699839032911,-0.04678105074783856
dnsmos,knn,0.5,20270005,nisqa_test_p501,1250,240,0.8708333333333333,2.7747015953063965,3.2393759191036224,0.8625,2.7258902291456857,3.2362220187981925,-0.008333333333333304,-0.0488113661607108,-0.0031539003054299464
dnsmos,mahalanobis,0.5,20270006,nisqa_val_sim,1250,1250,0.8848,2.7113044261932373,3.2808246726989747,0.8856,2.69787047996521,3.286780853652954,0.0008000000000000229,-0.013433946228027516,0.0059561809539792065
dnsmos,mahalanobis,0.5,20270006,nisqa_train_live,1250,1020,0.9901960784313726,2.7113044261932373,2.7407017478755877,0.9823529411764705,2.603311644815931,2.645900811401068,-0.007843137254902044,-0.10799278137730628,-0.09480093647451993
dnsmos,mahalanobis,0.5,20270006,nisqa_val_live,1250,200,1.0,2.7113044261932373,2.7113044261932373,0.995,2.6155832505226133,2.621360573768616,-0.0050000000000000044,-0.09572117567062399,-0.08994385242462144
dnsmos,mahalanobis,0.5,20270006,nisqa_test_for,1250,240,0.9,2.7113044261932373,3.2149482369422913,0.8875,2.653332414229711,3.15697941382726,-0.012500000000000067,-0.057972011963526526,-0.05796882311503104
dnsmos,mahalanobis,0.5,20270006,nisqa_test_livetalk,1250,232,0.9439655172413793,2.7113044261932373,3.0115446242792854,0.9310344827586207,2.5915093031422844,2.962643162957553,-0.012931034482758674,-0.11979512305095286,-0.04890146132173223
dnsmos,mahalanobis,0.5,20270006,nisqa_test_p501,1250,240,0.8541666666666666,2.7113044261932373,3.2636915345986686,0.8625,2.695811935265859,3.2667313396930693,0.008333333333333415,-0.015492490927378366,0.003039805094400716
dnsmos,l2,0.5,20270006,nisqa_val_sim,1250,1250,0.8848,2.7113044261932373,3.2808246726989747,0.8848,2.703504019165039,3.2749945377349854,0.0,-0.007800407028198286,-0.00583013496398932
dnsmos,l2,0.5,20270006,nisqa_train_live,1250,1020,0.9901960784313726,2.7113044261932373,2.7407017478755877,0.984313725490196,2.655812888986924,2.694324328852635,-0.005882352941176561,-0.05549153720631317,-0.04637741902295289
dnsmos,l2,0.5,20270006,nisqa_val_live,1250,200,1.0,2.7113044261932373,2.7113044261932373,0.995,2.6623333430290224,2.664126477241516,-0.0050000000000000044,-0.048971083164214946,-0.04717794895172123
dnsmos,l2,0.5,20270006,nisqa_test_for,1250,240,0.9,2.7113044261932373,3.2149482369422913,0.9083333333333333,2.7094008763631185,3.1600181698799132,0.008333333333333304,-0.001903549830118756,-0.05493006706237802
dnsmos,l2,0.5,20270006,nisqa_test_livetalk,1250,232,0.9439655172413793,2.7113044261932373,3.0115446242792854,0.9396551724137931,2.6689234273187044,2.989726498209197,-0.004310344827586188,-0.04238099887453295,-0.021818126070088262
dnsmos,l2,0.5,20270006,nisqa_test_p501,1250,240,0.8541666666666666,2.7113044261932373,3.2636915345986686,0.8583333333333333,2.701221130291621,3.2400639176368715,0.004166666666666652,-0.010083295901616385,-0.02362761696179705
dnsmos,knn,0.5,20270006,nisqa_val_sim,1250,1250,0.8848,2.7113044261932373,3.2808246726989747,0.8904,2.699260808753967,3.2780317209243774,0.005599999999999938,-0.012043617439270182,-0.002792951774597263
dnsmos,knn,0.5,20270006,nisqa_train_live,1250,1020,0.9901960784313726,2.7113044261932373,2.7407017478755877,0.9794117647058823,2.5694394646906384,2.620968802068748,-0.010784313725490269,-0.14186496150259886,-0.11973294580683991
dnsmos,knn,0.5,20270006,nisqa_val_live,1250,200,1.0,2.7113044261932373,2.7113044261932373,0.995,2.5758477067947387,2.5810073947906496,-0.0050000000000000044,-0.13545671939849857,-0.13029703140258775
dnsmos,knn,0.5,20270006,nisqa_test_for,1250,240,0.9,2.7113044261932373,3.2149482369422913,0.8708333333333333,2.6359616140524547,3.195249698559443,-0.029166666666666674,-0.07534281214078264,-0.019698538382848074
dnsmos,knn,0.5,20270006,nisqa_test_livetalk,1250,232,0.9439655172413793,2.7113044261932373,3.0115446242792854,0.9353448275862069,2.5817464096792815,2.960976491714346,-0.008620689655172487,-0.12955801651395582,-0.050568132564939194
dnsmos,knn,0.5,20270006,nisqa_test_p501,1250,240,0.8541666666666666,2.7113044261932373,3.2636915345986686,0.8541666666666666,2.6977126558621722,3.273213432232539,0.0,-0.013591770331065067,0.009521897633870235
dnsmos,mahalanobis,0.5,20270007,nisqa_val_sim,1250,1250,0.876,2.6907925605773926,3.2100118656158445,0.8672,2.6635801761627196,3.217770252990723,-0.00880000000000003,-0.027212384414672997,0.007758387374878328
dnsmos,mahalanobis,0.5,20270007,nisqa_train_live,1250,1020,0.9892156862745098,2.6907925605773926,2.7223291420469096,0.9803921568627451,2.5589685570959952,2.610620362150903,-0.008823529411764786,-0.13182400348139733,-0.11170877989600658
dnsmos,mahalanobis,0.5,20270007,nisqa_val_live,1250,200,1.0,2.6907925605773926,2.6907925605773926,0.995,2.569247477054596,2.575584237575531,-0.0050000000000000044,-0.12154508352279647,-0.11520832300186168
dnsmos,mahalanobis,0.5,20270007,nisqa_test_for,1250,240,0.8916666666666667,2.6907925605773926,3.2160477538903556,0.8666666666666667,2.6082636266946793,3.185481811563174,-0.025000000000000022,-0.08252893388271332,-0.030565942327181794
dnsmos,mahalanobis,0.5,20270007,nisqa_test_livetalk,1250,232,0.9439655172413793,2.6907925605773926,3.0025264764654227,0.9267241379310345,2.5558637123683403,2.95424207428406,-0.017241379310344862,-0.13492884820905227,-0.04828440218136265
dnsmos,mahalanobis,0.5,20270007,nisqa_test_p501,1250,240,0.85,2.6907925605773926,3.2735732893149057,0.8541666666666666,2.6585316121578217,3.293722575902939,0.004166666666666652,-0.032260948419570834,0.020149286588033277
dnsmos,l2,0.5,20270007,nisqa_val_sim,1250,1250,0.876,2.6907925605773926,3.2100118656158445,0.8696,2.6643085329055785,3.2084417364120483,-0.006399999999999961,-0.026484027671814125,-0.0015701292037961778
dnsmos,l2,0.5,20270007,nisqa_train_live,1250,1020,0.9892156862745098,2.6907925605773926,2.7223291420469096,0.984313725490196,2.596054974490521,2.646761587788077,-0.004901960784313819,-0.09473758608687177,-0.07556755425883255
dnsmos,l2,0.5,20270007,nisqa_val_live,1250,200,1.0,2.6907925605773926,2.6907925605773926,0.995,2.5957386684417725,2.603504116535187,-0.0050000000000000044,-0.0950538921356201,-0.0872884440422057
dnsmos,l2,0.5,20270007,nisqa_test_for,1250,240,0.8916666666666667,2.6907925605773926,3.2160477538903556,0.8958333333333334,2.671250596642494,3.13587253789107,0.004166666666666652,-0.019541963934898376,-0.08017521599928568
dnsmos,l2,0.5,20270007,nisqa_test_livetalk,1250,232,0.9439655172413793,2.6907925605773926,3.0025264764654227,0.9396551724137931,2.608342091585028,2.966539492894863,-0.004310344827586188,-0.08245046899236463,-0.035986983570559516
dnsmos,l2,0.5,20270007,nisqa_test_p501,1250,240,0.85,2.6907925605773926,3.2735732893149057,0.85,2.6609976530075072,3.232874764998754,0.0,-0.029794907569885343,-0.04069852431615173
dnsmos,knn,0.5,20270007,nisqa_val_sim,1250,1250,0.876,2.6907925605773926,3.2100118656158445,0.872,2.652030812072754,3.217311260986328,-0.0040000000000000036,-0.03876174850463876,0.00729939537048363
dnsmos,knn,0.5,20270007,nisqa_train_live,1250,1020,0.9892156862745098,2.6907925605773926,2.7223291420469096,0.984313725490196,2.571087833479339,2.6214348624734316,-0.004901960784313819,-0.1197047270980538,-0.10089427957347796
dnsmos,knn,0.5,20270007,nisqa_val_live,1250,200,1.0,2.6907925605773926,2.6907925605773926,0.995,2.572112958431244,2.573260622024536,-0.0050000000000000044,-0.1186796021461487,-0.11753193855285637
dnsmos,knn,0.5,20270007,nisqa_test_for,1250,240,0.8916666666666667,2.6907925605773926,3.2160477538903556,0.8666666666666667,2.5986530403296153,3.236423643430074,-0.025000000000000022,-0.09213952024777727,0.02037588953971836
dnsmos,knn,0.5,20270007,nisqa_test_livetalk,1250,232,0.9439655172413793,2.6907925605773926,3.0025264764654227,0.9310344827586207,2.5837061076328673,2.9607816770158966,-0.012931034482758674,-0.10708645294452523,-0.04174479944952614
dnsmos,knn,0.5,20270007,nisqa_test_p501,1250,240,0.85,2.6907925605773926,3.2735732893149057,0.85,2.6582749843597413,3.3059733072916666,0.0,-0.03251757621765128,0.03240001797676095
dnsmos,mahalanobis,0.5,20270008,nisqa_val_sim,1250,1250,0.912,2.76438570022583,3.1572369899749755,0.916,2.756651057434082,3.1501328937530517,0.0040000000000000036,-0.007734642791747959,-0.007104096221923761
dnsmos,mahalanobis,0.5,20270008,nisqa_train_live,1250,1020,0.9901960784313726,2.76438570022583,2.7885789754343966,0.9872549019607844,2.6995210684982003,2.725861520393222,-0.002941176470588225,-0.0648646317276298,-0.06271745504117465
dnsmos,mahalanobis,0.5,20270008,nisqa_val_live,1250,200,1.0,2.76438570022583,2.76438570022583,1.0,2.712032291889191,2.712032291889191,0.0,-0.05235340833663926,-0.05235340833663926
dnsmos,mahalanobis,0.5,20270008,nisqa_test_for,1250,240,0.9,2.76438570022583,3.2149482369422913,0.8875,2.7327520827452343,3.176205066839854,-0.012500000000000067,-0.03163361748059579,-0.03874317010243722
dnsmos,mahalanobis,0.5,20270008,nisqa_test_livetalk,1250,232,0.9439655172413793,2.76438570022583,3.0348820809660286,0.9396551724137931,2.685442371615048,2.992567080875923,-0.004310344827586188,-0.0789433286107819,-0.04231500009010558
dnsmos,mahalanobis,0.5,20270008,nisqa_test_p501,1250,240,0.8708333333333333,2.76438570022583,3.2423847218354545,0.8708333333333333,2.7527200917402905,3.236197853088379,0.0,-0.011665608485539547,-0.006186868747075636
dnsmos,l2,0.5,20270008,nisqa_val_sim,1250,1250,0.912,2.76438570022583,3.1572369899749755,0.9176,2.7794143388748167,3.1500559366226195,0.005599999999999938,0.015028638648986625,-0.0071810533523559705
dnsmos,l2,0.5,20270008,nisqa_train_live,1250,1020,0.9901960784313726,2.76438570022583,2.7885789754343966,0.9862745098039216,2.7179328448632183,2.7493786192407796,-0.0039215686274509665,-0.04645285536261179,-0.03920035619361695
dnsmos,l2,0.5,20270008,nisqa_val_live,1250,200,1.0,2.76438570022583,2.76438570022583,1.0,2.7196567177772524,2.7196567177772524,0.0,-0.0447289824485777,-0.0447289824485777
dnsmos,l2,0.5,20270008,nisqa_test_for,1250,240,0.9,2.76438570022583,3.2149482369422913,0.9166666666666666,2.787507868806521,3.1414111624161403,0.016666666666666607,0.02312216858069105,-0.07353707452615099
dnsmos,l2,0.5,20270008,nisqa_test_livetalk,1250,232,0.9439655172413793,2.76438570022583,3.0348820809660286,0.9482758620689655,2.7292620580771874,3.005624625189551,0.004310344827586188,-0.03512364214864272,-0.02925745577647776
dnsmos,l2,0.5,20270008,nisqa_test_p501,1250,240,0.8708333333333333,2.76438570022583,3.2423847218354545,0.8791666666666667,2.7737056146065395,3.182733220855395,0.008333333333333304,0.009319914380709449,-0.059651500980059335
dnsmos,knn,0.5,20270008,nisqa_val_sim,1250,1250,0.912,2.76438570022583,3.1572369899749755,0.9192,2.780347236824036,3.162060209465027,0.007199999999999984,0.01596153659820576,0.004823219490051489
dnsmos,knn,0.5,20270008,nisqa_train_live,1250,1020,0.9901960784313726,2.76438570022583,2.7885789754343966,0.9892156862745098,2.6803810883970822,2.7132369006381314,-0.0009803921568627416,-0.08400461182874785,-0.0753420747962652
dnsmos,knn,0.5,20270008,nisqa_val_live,1250,200,1.0,2.76438570022583,2.76438570022583,1.0,2.6881466519832613,2.6881466519832613,0.0,-0.07623904824256877,-0.07623904824256877
dnsmos,knn,0.5,20270008,nisqa_test_for,1250,240,0.9,2.76438570022583,3.2149482369422913,0.8958333333333334,2.739850875735283,3.1807144453128178,-0.004166666666666652,-0.024534824490547003,-0.03423379162947349
dnsmos,knn,0.5,20270008,nisqa_test_livetalk,1250,232,0.9439655172413793,2.76438570022583,3.0348820809660286,0.9439655172413793,2.6877996572132767,2.9983601940089257,0.0,-0.07658604301255334,-0.0365218869571029
dnsmos,knn,0.5,20270008,nisqa_test_p501,1250,240,0.8708333333333333,2.76438570022583,3.2423847218354545,0.8791666666666667,2.7690874954064686,3.243381045262019,0.008333333333333304,0.004701795180638513,0.000996323426564416
dnsmos,mahalanobis,0.5,20270009,nisqa_val_sim,1250,1250,0.8976,2.730241537094116,3.1897348766326905,0.8976,2.718853476715088,3.1807357418060302,0.0,-0.011388060379028175,-0.00899913482666026
dnsmos,mahalanobis,0.5,20270009,nisqa_train_live,1250,1020,0.9901960784313726,2.730241537094116,2.7577822792763804,0.9872549019607844,2.657412760397967,2.692449366345125,-0.002941176470588225,-0.07282877669614907,-0.0653329129312552
dnsmos,mahalanobis,0.5,20270009,nisqa_val_live,1250,200,1.0,2.730241537094116,2.730241537094116,0.995,2.6669390106201174,2.667880108356476,-0.0050000000000000044,-0.06330252647399881,-0.06236142873764017
dnsmos,mahalanobis,0.5,20270009,nisqa_test_for,1250,240,0.9,2.730241537094116,3.2149482369422913,0.8875,2.6912898659706115,3.1712280452251433,-0.012500000000000067,-0.03895167112350473,-0.043720191717147916
dnsmos,mahalanobis,0.5,20270009,nisqa_test_livetalk,1250,232,0.9439655172413793,2.730241537094116,3.0198704230374305,0.9353448275862069,2.6494722571866265,2.9782159410673996,-0.008620689655172487,-0.08076927990748972,-0.041654481970030854
dnsmos,mahalanobis,0.5,20270009,nisqa_test_p501,1250,240,0.8583333333333333,2.730241537094116,3.25556289156278,0.8583333333333333,2.7164108018080393,3.248942510286967,0.0,-0.013830735286076923,-0.006620381275812992
dnsmos,l2,0.5,20270009,nisqa_val_sim,1250,1250,0.8976,2.730241537094116,3.1897348766326905,0.8856,2.715738180923462,3.1964168479919435,-0.0119999999999999,-0.014503356170654236,0.0066819713592529695
dnsmos,l2,0.5,20270009,nisqa_train_live,1250,1020,0.9901960784313726,2.730241537094116,2.7577822792763804,0.9833333333333333,2.6572213647412317,2.697476951047486,-0.006862745098039302,-0.0730201723528845,-0.06030532822889434
dnsmos,l2,0.5,20270009,nisqa_val_live,1250,200,1.0,2.730241537094116,2.730241537094116,0.995,2.670413454771042,2.6733849847316744,-0.0050000000000000044,-0.05982808232307413,-0.0568565523624418
dnsmos,l2,0.5,20270009,nisqa_test_for,1250,240,0.9,2.730241537094116,3.2149482369422913,0.8958333333333334,2.7245332568883898,3.149295058846474,-0.004166666666666652,-0.005708280205726446,-0.06565317809581739
dnsmos,l2,0.5,20270009,nisqa_test_livetalk,1250,232,0.9439655172413793,2.730241537094116,3.0198704230374305,0.9353448275862069,2.679135355456122,3.022718242530165,-0.008620689655172487,-0.0511061816379943,0.0028478194927346046
dnsmos,l2,0.5,20270009,nisqa_test_p501,1250,240,0.8583333333333333,2.730241537094116,3.25556289156278,0.8541666666666666,2.7171968231598536,3.2352257778247195,-0.004166666666666652,-0.013044713934262653,-0.020337113738060353
dnsmos,knn,0.5,20270009,nisqa_val_sim,1250,1250,0.8976,2.730241537094116,3.1897348766326905,0.8968,2.707467932891846,3.1896033679962157,-0.0007999999999999119,-0.02277360420227037,-0.0001315086364748197
dnsmos,knn,0.5,20270009,nisqa_train_live,1250,1020,0.9901960784313726,2.730241537094116,2.7577822792763804,0.9813725490196078,2.5895738346903934,2.6355971100283604,-0.008823529411764786,-0.14066770240372284,-0.12218516924802003
dnsmos,knn,0.5,20270009,nisqa_val_live,1250,200,1.0,2.730241537094116,2.730241537094116,0.995,2.5996486270427703,2.6026201570034027,-0.0050000000000000044,-0.13059291005134588,-0.12762138009071355
dnsmos,knn,0.5,20270009,nisqa_test_for,1250,240,0.9,2.730241537094116,3.2149482369422913,0.875,2.6486607640981674,3.1979741901159286,-0.025000000000000022,-0.08158077299594879,-0.01697404682636261
dnsmos,knn,0.5,20270009,nisqa_test_livetalk,1250,232,0.9439655172413793,2.730241537094116,3.0198704230374305,0.9353448275862069,2.604232359549095,2.972411719889476,-0.008620689655172487,-0.12600917754502117,-0.047458703147954306
dnsmos,knn,0.5,20270009,nisqa_test_p501,1250,240,0.8583333333333333,2.730241537094116,3.25556289156278,0.8583333333333333,2.7070347239573795,3.2621564835309984,0.0,-0.02320681313673667,0.006593591968218515
dnsmos,mahalanobis,0.5,20270010,nisqa_val_sim,1250,1250,0.8896,2.7178893089294434,3.2333150539398194,0.8944,2.707024130821228,3.2364461431503297,0.0048000000000000265,-0.01086517810821519,0.003131089210510307
dnsmos,mahalanobis,0.5,20270010,nisqa_train_live,1250,1020,0.9901960784313726,2.7178893089294434,2.74664105387295,0.9813725490196078,2.6164703376152936,2.663079493887284,-0.008823529411764786,-0.10141897131414979,-0.08356155998566583
dnsmos,mahalanobis,0.5,20270010,nisqa_val_live,1250,200,1.0,2.7178893089294434,2.7178893089294434,0.995,2.6413044571876525,2.6470817804336546,-0.0050000000000000044,-0.07658485174179086,-0.07080752849578875
dnsmos,mahalanobis,0.5,20270010,nisqa_test_for,1250,240,0.9,2.7178893089294434,3.2149482369422913,0.8833333333333333,2.6700265636046727,3.1710032949844997,-0.01666666666666672,-0.04786274532477064,-0.04394494195779153
dnsmos,mahalanobis,0.5,20270010,nisqa_test_livetalk,1250,232,0.9439655172413793,2.7178893089294434,3.0144397020339966,0.9310344827586207,2.6015550853877234,2.9520915119812408,-0.012931034482758674,-0.11633422354171996,-0.062348190052755825
dnsmos,mahalanobis,0.5,20270010,nisqa_test_p501,1250,240,0.8583333333333333,2.7178893089294434,3.26070965329806,0.8583333333333333,2.703764330347379,3.25489295621713,0.0,-0.014124978582064518,-0.005816697080930133
dnsmos,l2,0.5,20270010,nisqa_val_sim,1250,1250,0.8896,2.7178893089294434,3.2333150539398194,0.8928,2.718700765609741,3.2300845279693604,0.0032000000000000917,0.0008114566802976952,-0.0032305259704590306
dnsmos,l2,0.5,20270010,nisqa_train_live,1250,1020,0.9901960784313726,2.7178893089294434,2.74664105387295,0.9813725490196078,2.651343712152219,2.693916123988582,-0.008823529411764786,-0.06654559677722416,-0.052724929884368166
dnsmos,l2,0.5,20270010,nisqa_val_live,1250,200,1.0,2.7178893089294434,2.7178893089294434,0.995,2.664780151844025,2.6699980974197386,-0.0050000000000000044,-0.053109157085418524,-0.04789121150970477
dnsmos,l2,0.5,20270010,nisqa_test_for,1250,240,0.9,2.7178893089294434,3.2149482369422913,0.9083333333333333,2.731171065568924,3.15238503019015,0.008333333333333304,0.013281756639480502,-0.06256320675214111
dnsmos,l2,0.5,20270010,nisqa_test_livetalk,1250,232,0.9439655172413793,2.7178893089294434,3.0144397020339966,0.9396551724137931,2.6745042780349992,2.9939121377879174,-0.004310344827586188,-0.04338503089444412,-0.020527564246079155
dnsmos,l2,0.5,20270010,nisqa_test_p501,1250,240,0.8583333333333333,2.7178893089294434,3.26070965329806,0.8583333333333333,2.723670933643977,3.2037941654523214,0.0,0.005781624714533695,-0.05691548784573852
dnsmos,knn,0.5,20270010,nisqa_val_sim,1250,1250,0.8896,2.7178893089294434,3.2333150539398194,0.8904,2.708182126235962,3.233552714538574,0.0008000000000000229,-0.009707182693481364,0.00023766059875462986
dnsmos,knn,0.5,20270010,nisqa_train_live,1250,1020,0.9901960784313726,2.7178893089294434,2.74664105387295,0.9794117647058823,2.5754957322980845,2.625248725040286,-0.010784313725490269,-0.14239357663135888,-0.12139232883266393
dnsmos,knn,0.5,20270010,nisqa_val_live,1250,200,1.0,2.7178893089294434,2.7178893089294434,0.995,2.5880193173885346,2.593179005384445,-0.0050000000000000044,-0.12986999154090872,-0.12471030354499835
dnsmos,knn,0.5,20270010,nisqa_test_for,1250,240,0.9,2.7178893089294434,3.2149482369422913,0.8791666666666667,2.649492231011391,3.1877193023761112,-0.02083333333333337,-0.0683970779180525,-0.02722893456618003
dnsmos,knn,0.5,20270010,nisqa_test_livetalk,1250,232,0.9439655172413793,2.7178893089294434,3.0144397020339966,0.9310344827586207,2.592604377146425,2.9615409528387002,-0.012931034482758674,-0.12528493178301847,-0.05289874919529636
dnsmos,knn,0.5,20270010,nisqa_test_p501,1250,240,0.8583333333333333,2.7178893089294434,3.26070965329806,0.8666666666666667,2.705956027905146,3.262218431631724,0.008333333333333415,-0.011933281024297138,0.0015087783336640292
dnsmos,mahalanobis,0.5,20270011,nisqa_val_sim,1250,1250,0.896,2.7273998260498047,3.205304105758667,0.8968,2.7157450157165526,3.2029643684387206,0.0008000000000000229,-0.011654810333252108,-0.002339737319946522
dnsmos,mahalanobis,0.5,20270011,nisqa_train_live,1250,1020,0.9901960784313726,2.7273998260498047,2.7552191673540603,0.9833333333333333,2.6126446321898817,2.6536787065805174,-0.006862745098039302,-0.11475519385992294,-0.10154046077354284
dnsmos,mahalanobis,0.5,20270011,nisqa_val_live,1250,200,1.0,2.7273998260498047,2.7273998260498047,0.995,2.6223291468620302,2.626419086456299,-0.0050000000000000044,-0.10507067918777446,-0.10098073959350584
dnsmos,mahalanobis,0.5,20270011,nisqa_test_for,1250,240,0.9,2.7273998260498047,3.2149482369422913,0.8833333333333333,2.6614992757638296,3.1704522411028546,-0.01666666666666672,-0.06590055028597508,-0.04449599583943664
dnsmos,mahalanobis,0.5,20270011,nisqa_test_livetalk,1250,232,0.9439655172413793,2.7273998260498047,3.0186210500782935,0.9353448275862069,2.607379124082368,2.968769371509552,-0.008620689655172487,-0.12002070196743686,-0.04985167856874151
dnsmos,mahalanobis,0.5,20270011,nisqa_test_p501,1250,240,0.8583333333333333,2.7273998260498047,3.256746937831243,0.8625,2.7082316954930623,3.2688565135002134,0.004166666666666763,-0.01916813055674238,0.012109575668970418
dnsmos,l2,0.5,20270011,nisqa_val_sim,1250,1250,0.896,2.7273998260498047,3.205304105758667,0.9,2.7439434122085573,3.194482028388977,0.0040000000000000036,0.01654358615875262,-0.010822077369689875
dnsmos,l2,0.5,20270011,nisqa_train_live,1250,1020,0.9901960784313726,2.7273998260498047,2.7552191673540603,0.9872549019607844,2.688733495684231,2.7236525519221435,-0.002941176470588225,-0.03866633036557365,-0.031566615431916745
dnsmos,l2,0.5,20270011,nisqa_val_live,1250,200,1.0,2.7273998260498047,2.7273998260498047,0.995,2.6910471963882445,2.692075912952423,-0.0050000000000000044,-0.036352629661560165,-0.0353239130973817
dnsmos,l2,0.5,20270011,nisqa_test_for,1250,240,0.9,2.7273998260498047,3.2149482369422913,0.9125,2.7497142354647317,3.1509433488051095,0.012499999999999956,0.022314409414927017,-0.06400488813718175
dnsmos,l2,0.5,20270011,nisqa_test_livetalk,1250,232,0.9439655172413793,2.7273998260498047,3.0186210500782935,0.9439655172413793,2.699319504458329,2.996167530273569,0.0,-0.028080321591475776,-0.022453519804724653
dnsmos,l2,0.5,20270011,nisqa_test_p501,1250,240,0.8583333333333333,2.7273998260498047,3.256746937831243,0.8708333333333333,2.740797566374143,3.199067520101865,0.012500000000000067,0.013397740324338159,-0.05767941772937801
dnsmos,knn,0.5,20270011,nisqa_val_sim,1250,1250,0.896,2.7273998260498047,3.205304105758667,0.8984,2.7240249713897704,3.205138971710205,0.0023999999999999577,-0.0033748546600342877,-0.0001651340484620789
dnsmos,knn,0.5,20270011,nisqa_train_live,1250,1020,0.9901960784313726,2.7273998260498047,2.7552191673540603,0.9862745098039216,2.6260122299194335,2.6665453261020136,-0.0039215686274509665,-0.10138759613037118,-0.08867384125204669
dnsmos,knn,0.5,20270011,nisqa_val_live,1250,200,1.0,2.7273998260498047,2.7273998260498047,0.995,2.6304900240898133,2.630918140411377,-0.0050000000000000044,-0.09690980195999144,-0.09648168563842763
dnsmos,knn,0.5,20270011,nisqa_test_for,1250,240,0.9,2.7273998260498047,3.2149482369422913,0.8791666666666667,2.6699464400609334,3.203424272934596,-0.02083333333333337,-0.057453385988871286,-0.011523964007695398
dnsmos,knn,0.5,20270011,nisqa_test_livetalk,1250,232,0.9439655172413793,2.7273998260498047,3.0186210500782935,0.9353448275862069,2.6391134241531633,2.976633337037317,-0.008620689655172487,-0.08828640189664139,-0.041987713040976704
dnsmos,knn,0.5,20270011,nisqa_test_p501,1250,240,0.8583333333333333,2.7273998260498047,3.256746937831243,0.8583333333333333,2.717073788245519,3.2570193707942963,0.0,-0.010326037804285537,0.0002724329630532374
dnsmos,mahalanobis,0.5,20270012,nisqa_val_sim,1250,1250,0.9072,2.7562456130981445,3.147849987030029,0.9072,2.7328284523010256,3.141703158569336,0.0,-0.023417160797118974,-0.006146828460693143
dnsmos,mahalanobis,0.5,20270012,nisqa_train_live,1250,1020,0.9901960784313726,2.7562456130981445,2.7812369360643276,0.9872549019607844,2.6544261448523576,2.691030063114914,-0.002941176470588225,-0.10181946824578691,-0.09020687294941343
dnsmos,mahalanobis,0.5,20270012,nisqa_val_live,1250,200,1.0,2.7562456130981445,2.7562456130981445,0.995,2.665520178079605,2.666461275815964,-0.0050000000000000044,-0.09072543501853936,-0.08978433728218072
dnsmos,mahalanobis,0.5,20270012,nisqa_test_for,1250,240,0.9,2.7562456130981445,3.2149482369422913,0.8833333333333333,2.6967808018128077,3.166696599125862,-0.01666666666666672,-0.05946481128533687,-0.04825163781642905
dnsmos,mahalanobis,0.5,20270012,nisqa_test_livetalk,1250,232,0.9439655172413793,2.7562456130981445,3.031303249556443,0.9396551724137931,2.650360348923453,2.9800127981037927,-0.004310344827586188,-0.10588526417469168,-0.05129045145265021
dnsmos,mahalanobis,0.5,20270012,nisqa_test_p501,1250,240,0.8625,2.7562456130981445,3.2448423206806183,0.8625,2.735791610678037,3.255461530884107,0.0,-0.020454002420107642,0.01061921020348855
dnsmos,l2,0.5,20270012,nisqa_val_sim,1250,1250,0.9072,2.7562456130981445,3.147849987030029,0.912,2.7793271812438967,3.1452633403778076,0.0048000000000000265,0.02308156814575213,-0.002586646652221525
dnsmos,l2,0.5,20270012,nisqa_train_live,1250,1020,0.9901960784313726,2.7562456130981445,2.7812369360643276,0.9862745098039216,2.718405758165846,2.750266446319281,-0.0039215686274509665,-0.03783985493229869,-0.03097048974504668
dnsmos,l2,0.5,20270012,nisqa_val_live,1250,200,1.0,2.7562456130981445,2.7562456130981445,0.995,2.728303288221359,2.7286357033252715,-0.0050000000000000044,-0.027942324876785385,-0.02760990977287303
dnsmos,l2,0.5,20270012,nisqa_test_for,1250,240,0.9,2.7562456130981445,3.2149482369422913,0.9125,2.7892444570859274,3.1618289589881896,0.012499999999999956,0.032998843987782855,-0.05311927795410165
dnsmos,l2,0.5,20270012,nisqa_test_livetalk,1250,232,0.9439655172413793,2.7562456130981445,3.031303249556443,0.9482758620689655,2.7329566602049202,3.0003628792433905,0.004310344827586188,-0.0232889528932243,-0.030940370313052412
dnsmos,l2,0.5,20270012,nisqa_test_p501,1250,240,0.8625,2.7562456130981445,3.2448423206806183,0.8833333333333333,2.781606078147888,3.1725026865800223,0.02083333333333326,0.025360465049743652,-0.07233963410059596
dnsmos,knn,0.5,20270012,nisqa_val_sim,1250,1250,0.9072,2.7562456130981445,3.147849987030029,0.9104,2.7423568531036375,3.140886434173584,0.0031999999999999806,-0.013888759994507005,-0.006963552856445343
dnsmos,knn,0.5,20270012,nisqa_train_live,1250,1020,0.9901960784313726,2.7562456130981445,2.7812369360643276,0.9852941176470589,2.6238456078604155,2.6637924117200513,-0.004901960784313708,-0.132400005237729,-0.11744452434427632
dnsmos,knn,0.5,20270012,nisqa_val_live,1250,200,1.0,2.7562456130981445,2.7562456130981445,0.995,2.6334744226932525,2.6354042899608614,-0.0050000000000000044,-0.12277119040489204,-0.12084132313728313
dnsmos,knn,0.5,20270012,nisqa_test_for,1250,240,0.9,2.7562456130981445,3.2149482369422913,0.8833333333333333,2.6888420949379603,3.179380374153455,-0.01666666666666672,-0.0674035181601842,-0.03556786278883628
dnsmos,knn,0.5,20270012,nisqa_test_livetalk,1250,232,0.9439655172413793,2.7562456130981445,3.031303249556443,0.9396551724137931,2.6388325362369933,2.978833893249775,-0.004310344827586188,-0.11741307686115121,-0.05246935630666805
dnsmos,knn,0.5,20270012,nisqa_test_p501,1250,240,0.8625,2.7562456130981445,3.2448423206806183,0.8708333333333333,2.7463161806265513,3.250426685810089,0.008333333333333304,-0.00992943247159328,0.005584365129470914
dnsmos,mahalanobis,0.5,20270013,nisqa_val_sim,1250,1250,0.9032,2.748234272003174,3.1788370819091796,0.8992,2.720703141784668,3.177048276519775,-0.0040000000000000036,-0.02753113021850595,-0.001788805389404402
dnsmos,mahalanobis,0.5,20270013,nisqa_train_live,1250,1020,0.9901960784313726,2.748234272003174,2.774011020566903,0.9823529411764705,2.619552318956338,2.663363923044766,-0.007843137254902044,-0.12868195304683594,-0.1106470975221372
dnsmos,mahalanobis,0.5,20270013,nisqa_val_live,1250,200,1.0,2.748234272003174,2.748234272003174,0.995,2.638219109773636,2.644555870294571,-0.0050000000000000044,-0.110015162229538,-0.10367840170860276
dnsmos,mahalanobis,0.5,20270013,nisqa_test_for,1250,240,0.9,2.748234272003174,3.2149482369422913,0.8875,2.676050261656443,3.1751371483008066,-0.012500000000000067,-0.07218401034673061,-0.03981108864148464
dnsmos,mahalanobis,0.5,20270013,nisqa_test_livetalk,1250,232,0.9439655172413793,2.748234272003174,3.0277810220060677,0.9310344827586207,2.6025715326440744,2.959124924807713,-0.012931034482758674,-0.14566273935909946,-0.06865609719835453
dnsmos,mahalanobis,0.5,20270013,nisqa_test_p501,1250,240,0.8583333333333333,2.748234272003174,3.2480659186840057,0.8541666666666666,2.71179791589578,3.2519940863053005,-0.004166666666666652,-0.03643635610739393,0.003928167621294776
dnsmos,l2,0.5,20270013,nisqa_val_sim,1250,1250,0.9032,2.748234272003174,3.1788370819091796,0.8976,2.7324770822525024,3.1802542428970337,-0.005600000000000049,-0.01575718975067142,0.0014171609878541602
dnsmos,l2,0.5,20270013,nisqa_train_live,1250,1020,0.9901960784313726,2.748234272003174,2.774011020566903,0.9813725490196078,2.66300370833453,2.7036818331363155,-0.008823529411764786,-0.0852305636686439,-0.07032918743058758
dnsmos,l2,0.5,20270013,nisqa_val_live,1250,200,1.0,2.748234272003174,2.748234272003174,0.995,2.672521731853485,2.6775702333450315,-0.0050000000000000044,-0.07571254014968876,-0.0706640386581423
dnsmos,l2,0.5,20270013,nisqa_test_for,1250,240,0.9,2.748234272003174,3.2149482369422913,0.9041666666666667,2.7464506298303606,3.1540355652570726,0.004166666666666652,-0.001783642172813238,-0.06091267168521863
dnsmos,l2,0.5,20270013,nisqa_test_livetalk,1250,232,0.9439655172413793,2.748234272003174,3.0277810220060677,0.9396551724137931,2.6831066187085777,2.981853812932968,-0.004310344827586188,-0.06512765329459613,-0.04592720907309955
dnsmos,l2,0.5,20270013,nisqa_test_p501,1250,240,0.8583333333333333,2.748234272003174,3.2480659186840057,0.8708333333333333,2.7399224907159807,3.174110240737597,0.012500000000000067,-0.00831178128719312,-0.07395567794640856
dnsmos,knn,0.5,20270013,nisqa_val_sim,1250,1250,0.9032,2.748234272003174,3.1788370819091796,0.9024,2.730215802192688,3.1803101530075075,-0.0008000000000000229,-0.018018469810485715,0.0014730710983279494
dnsmos,knn,0.5,20270013,nisqa_train_live,1250,1020,0.9901960784313726,2.748234272003174,2.774011020566903,0.9794117647058823,2.579926587086098,2.631395777534036,-0.010784313725490269,-0.16830768491707593,-0.14261524303286688
dnsmos,knn,0.5,20270013,nisqa_val_live,1250,200,1.0,2.748234272003174,2.748234272003174,0.995,2.597096357345581,2.603433117866516,-0.0050000000000000044,-0.15113791465759263,-0.14480115413665784
dnsmos,knn,0.5,20270013,nisqa_test_for,1250,240,0.9,2.748234272003174,3.2149482369422913,0.8791666666666667,2.6671726018190385,3.175611059864362,-0.02083333333333337,-0.08106167018413535,-0.039337177077929386
dnsmos,knn,0.5,20270013,nisqa_test_livetalk,1250,232,0.9439655172413793,2.748234272003174,3.0277810220060677,0.9267241379310345,2.596758542389705,2.9655658479394584,-0.017241379310344862,-0.15147572961346878,-0.06221517406660926
dnsmos,knn,0.5,20270013,nisqa_test_p501,1250,240,0.8583333333333333,2.748234272003174,3.2480659186840057,0.8583333333333333,2.720419861872991,3.24357035557429,0.0,-0.02781441013018293,-0.004495563109715661
dnsmos,mahalanobis,0.5,20270014,nisqa_val_sim,1250,1250,0.888,2.715618133544922,3.195836420059204,0.8888,2.708135344696045,3.18967483253479,0.0008000000000000229,-0.007482788848876876,-0.006161587524414092
dnsmos,mahalanobis,0.5,20270014,nisqa_train_live,1250,1020,0.9901960784313726,2.715618133544922,2.7445925427418127,0.9872549019607844,2.6310943397821163,2.6686080633425244,-0.002941176470588225,-0.08452379376280561,-0.07598447939928832
dnsmos,mahalanobis,0.5,20270014,nisqa_val_live,1250,200,1.0,2.715618133544922,2.715618133544922,0.995,2.636746587753296,2.6376876854896545,-0.0050000000000000044,-0.07887154579162603,-0.07793044805526739
dnsmos,mahalanobis,0.5,20270014,nisqa_test_for,1250,240,0.9,2.715618133544922,3.2149482369422913,0.8833333333333333,2.668945614496867,3.1703507641951245,-0.01666666666666672,-0.046672519048054806,-0.044597472747166744
dnsmos,mahalanobis,0.5,20270014,nisqa_test_livetalk,1250,232,0.9439655172413793,2.715618133544922,3.013441168028733,0.9353448275862069,2.6303709457660545,2.979080880510396,-0.008620689655172487,-0.08524718777886742,-0.034360287518337085
dnsmos,mahalanobis,0.5,20270014,nisqa_test_p501,1250,240,0.8541666666666666,2.715618133544922,3.2617144187291465,0.8625,2.710170022646586,3.271492870648702,0.008333333333333415,-0.005448110898335745,0.009778451919555398
dnsmos,l2,0.5,20270014,nisqa_val_sim,1250,1250,0.888,2.715618133544922,3.195836420059204,0.884,2.7016033630371092,3.190566005706787,-0.0040000000000000036,-0.014014770507812635,-0.005270414352417152
dnsmos,l2,0.5,20270014,nisqa_train_live,1250,1020,0.9901960784313726,2.715618133544922,2.7445925427418127,0.984313725490196,2.6484582950087154,2.6883763250182655,-0.005882352941176561,-0.06715983853620644,-0.056216217723547235
dnsmos,l2,0.5,20270014,nisqa_val_live,1250,200,1.0,2.715618133544922,2.715618133544922,0.995,2.644422162771225,2.6473936927318573,-0.0050000000000000044,-0.07119597077369688,-0.06822444081306456
dnsmos,l2,0.5,20270014,nisqa_test_for,1250,240,0.9,2.715618133544922,3.2149482369422913,0.9083333333333333,2.706641768415769,3.1444619546333947,0.008333333333333304,-0.008976365129152786,-0.07048628230889653
dnsmos,l2,0.5,20270014,nisqa_test_livetalk,1250,232,0.9439655172413793,2.715618133544922,3.013441168028733,0.9439655172413793,2.6570380268425775,2.9894052003992013,0.0,-0.05858010670234437,-0.02403596762953164
dnsmos,l2,0.5,20270014,nisqa_test_p501,1250,240,0.8541666666666666,2.715618133544922,3.2617144187291465,0.8625,2.6948295632998147,3.231578995784124,0.008333333333333415,-0.020788570245107163,-0.030135422945022583
dnsmos,knn,0.5,20270014,nisqa_val_sim,1250,1250,0.888,2.715618133544922,3.195836420059204,0.8776,2.671416083717346,3.1933593896865844,-0.010399999999999965,-0.044202049827575696,-0.002477030372619815
dnsmos,knn,0.5,20270014,nisqa_train_live,1250,1020,0.9901960784313726,2.715618133544922,2.7445925427418127,0.984313725490196,2.5843927427834155,2.631994437937643,-0.005882352941176561,-0.1312253907615064,-0.11259810480416954
dnsmos,knn,0.5,20270014,nisqa_val_live,1250,200,1.0,2.715618133544922,2.715618133544922,0.995,2.5872828698158266,2.5884305334091184,-0.0050000000000000044,-0.12833526372909532,-0.12718760013580344
dnsmos,knn,0.5,20270014,nisqa_test_for,1250,240,0.9,2.715618133544922,3.2149482369422913,0.8708333333333333,2.620075759291649,3.2256373137235643,-0.029166666666666674,-0.09554237425327283,0.010689076781273066
dnsmos,knn,0.5,20270014,nisqa_test_livetalk,1250,232,0.9439655172413793,2.715618133544922,3.013441168028733,0.9353448275862069,2.597267895936966,2.967174722202893,-0.008620689655172487,-0.11835023760795593,-0.04626644582583994
dnsmos,knn,0.5,20270014,nisqa_test_p501,1250,240,0.8541666666666666,2.715618133544922,3.2617144187291465,0.8541666666666666,2.6759321878353757,3.287837454676628,0.0,-0.0396859457095462,0.026123035947481554
dnsmos,mahalanobis,0.5,20270015,nisqa_val_sim,1250,1250,0.9256,2.795093059539795,3.169041717529297,0.9248,2.784905805969238,3.1636385177612305,-0.0008000000000000229,-0.01018725357055672,-0.005403199768066358
dnsmos,mahalanobis,0.5,20270015,nisqa_train_live,1250,1020,0.9901960784313726,2.795093059539795,2.816275809325424,0.9872549019607844,2.6996022726975237,2.7266036068691926,-0.002941176470588225,-0.09549078684227119,-0.08967220245623153
dnsmos,mahalanobis,0.5,20270015,nisqa_val_live,1250,200,1.0,2.795093059539795,2.795093059539795,0.995,2.7132771849632262,2.7143059015274047,-0.0050000000000000044,-0.08181587457656869,-0.08078715801239023
dnsmos,mahalanobis,0.5,20270015,nisqa_test_for,1250,240,0.9041666666666667,2.795093059539795,3.215216418107351,0.8958333333333334,2.7449107895294826,3.1678391327460607,-0.008333333333333304,-0.05018227001031228,-0.047377285361290156
dnsmos,mahalanobis,0.5,20270015,nisqa_test_livetalk,1250,232,0.9439655172413793,2.795093059539795,3.0483827303195823,0.9396551724137931,2.6881089097466964,2.995801147715799,-0.004310344827586188,-0.10698414979309856,-0.05258158260378343
dnsmos,mahalanobis,0.5,20270015,nisqa_test_p501,1250,240,0.8708333333333333,2.795093059539795,3.2334284087022147,0.8833333333333333,2.779380661249161,3.2326727430025737,0.012499999999999956,-0.015712398290633978,-0.0007556656996410283
dnsmos,l2,0.5,20270015,nisqa_val_sim,1250,1250,0.9256,2.795093059539795,3.169041717529297,0.9216,2.7720104244232178,3.1515007846832277,-0.0040000000000000036,-0.023082635116577155,-0.017540932846069168
dnsmos,l2,0.5,20270015,nisqa_train_live,1250,1020,0.9901960784313726,2.795093059539795,2.816275809325424,0.9862745098039216,2.7168871225095264,2.747229841643689,-0.0039215686274509665,-0.07820593703026857,-0.06904596768173521
dnsmos,l2,0.5,20270015,nisqa_val_live,1250,200,1.0,2.795093059539795,2.795093059539795,1.0,2.726941924095154,2.726941924095154,0.0,-0.06815113544464113,-0.06815113544464113
dnsmos,l2,0.5,20270015,nisqa_test_for,1250,240,0.9041666666666667,2.795093059539795,3.215216418107351,0.9166666666666666,2.7795804679393767,3.1577276130517324,0.012499999999999956,-0.01551259160041818,-0.057488805055618375
dnsmos,l2,0.5,20270015,nisqa_test_livetalk,1250,232,0.9439655172413793,2.795093059539795,3.0483827303195823,0.9482758620689655,2.7332126025495858,3.024388742857966,0.004310344827586188,-0.061880456990209165,-0.023993987461616406
dnsmos,l2,0.5,20270015,nisqa_test_p501,1250,240,0.8708333333333333,2.795093059539795,3.2334284087022147,0.8708333333333333,2.7725013832251233,3.205621802806854,0.0,-0.022591676314671627,-0.027806605895360548
dnsmos,knn,0.5,20270015,nisqa_val_sim,1250,1250,0.9256,2.795093059539795,3.169041717529297,0.924,2.775604374694824,3.159198468017578,-0.0015999999999999348,-0.019488684844970905,-0.009843249511718888
dnsmos,knn,0.5,20270015,nisqa_train_live,1250,1020,0.9901960784313726,2.795093059539795,2.816275809325424,0.9872549019607844,2.6620765947828104,2.6972444454828897,-0.002941176470588225,-0.13301646475698448,-0.11903136384253443
dnsmos,knn,0.5,20270015,nisqa_val_live,1250,200,1.0,2.795093059539795,2.795093059539795,1.0,2.6712581062316896,2.6712581062316896,0.0,-0.12383495330810534,-0.12383495330810534
dnsmos,knn,0.5,20270015,nisqa_test_for,1250,240,0.9041666666666667,2.795093059539795,3.215216418107351,0.8833333333333333,2.7213592708110808,3.1813760181268056,-0.02083333333333337,-0.07373378872871417,-0.03384039998054522
dnsmos,knn,0.5,20270015,nisqa_test_livetalk,1250,232,0.9439655172413793,2.795093059539795,3.0483827303195823,0.9396551724137931,2.676119866042302,2.9942041841046563,-0.004310344827586188,-0.11897319349749313,-0.054178546214926016
dnsmos,knn,0.5,20270015,nisqa_test_p501,1250,240,0.8708333333333333,2.795093059539795,3.2334284087022147,0.875,2.766648954153061,3.237654036283493,0.004166666666666652,-0.02844410538673392,0.004225627581278424
dnsmos,mahalanobis,0.5,20270016,nisqa_val_sim,1250,1250,0.9016,2.741448402404785,3.190988483428955,0.8984,2.722016749191284,3.1898514755249026,-0.0031999999999999806,-0.019431653213501043,-0.0011370079040524672
dnsmos,mahalanobis,0.5,20270016,nisqa_train_live,1250,1020,0.9901960784313726,2.741448402404785,2.7678904323016895,0.9833333333333333,2.6310160678975723,2.6689225112690647,-0.006862745098039302,-0.1104323345072129,-0.09896792103262486
dnsmos,mahalanobis,0.5,20270016,nisqa_val_live,1250,200,1.0,2.741448402404785,2.741448402404785,0.995,2.648186274766922,2.653345962762833,-0.0050000000000000044,-0.09326212763786312,-0.0881024396419523
dnsmos,mahalanobis,0.5,20270016,nisqa_test_for,1250,240,0.9,2.741448402404785,3.2149482369422913,0.8833333333333333,2.6806840658187867,3.185041254758835,-0.01666666666666672,-0.060764336585998446,-0.029906982183456332
dnsmos,mahalanobis,0.5,20270016,nisqa_test_livetalk,1250,232,0.9439655172413793,2.741448402404785,3.0247975793378106,0.9353448275862069,2.6174954484248985,2.9686440866568993,-0.008620689655172487,-0.1239529539798867,-0.0561534926809113
dnsmos,mahalanobis,0.5,20270016,nisqa_test_p501,1250,240,0.8583333333333333,2.741448402404785,3.250893364350001,0.8583333333333333,2.7112566004196803,3.253895557920138,0.0,-0.03019180198510485,0.0030021935701372016
dnsmos,l2,0.5,20270016,nisqa_val_sim,1250,1250,0.9016,2.741448402404785,3.190988483428955,0.9048,2.749184467315674,3.1799619159698485,0.0032000000000000917,0.007736064910888629,-0.011026567459106573
dnsmos,l2,0.5,20270016,nisqa_train_live,1250,1020,0.9901960784313726,2.741448402404785,2.7678904323016895,0.9862745098039216,2.6912934364057053,2.72621238044664,-0.0039215686274509665,-0.05015496599907987,-0.04167805185504969
dnsmos,l2,0.5,20270016,nisqa_val_live,1250,200,1.0,2.741448402404785,2.741448402404785,0.995,2.695660803318024,2.6965952014923094,-0.0050000000000000044,-0.04578759908676133,-0.0448532009124758
dnsmos,l2,0.5,20270016,nisqa_test_for,1250,240,0.9,2.741448402404785,3.2149482369422913,0.9166666666666666,2.7561157584190368,3.1489094932874044,0.016666666666666607,0.01466735601425162,-0.06603874365488682
dnsmos,l2,0.5,20270016,nisqa_test_livetalk,1250,232,0.9439655172413793,2.741448402404785,3.0247975793378106,0.9439655172413793,2.7037547354040474,2.997725223672801,0.0,-0.03769366700073773,-0.02707235566500943
dnsmos,l2,0.5,20270016,nisqa_test_p501,1250,240,0.8583333333333333,2.741448402404785,3.250893364350001,0.8708333333333333,2.747571122646332,3.1953243533770244,0.012500000000000067,0.0061227202415468085,-0.05556901097297651
dnsmos,knn,0.5,20270016,nisqa_val_sim,1250,1250,0.9016,2.741448402404785,3.190988483428955,0.8928,2.710241538238525,3.2327832538604735,-0.008799999999999919,-0.03120686416625995,0.04179477043151847
dnsmos,knn,0.5,20270016,nisqa_train_live,1250,1020,0.9901960784313726,2.741448402404785,2.7678904323016895,0.9774509803921568,2.5359103829252954,2.6016826405244715,-0.012745098039215752,-0.2055380194794898,-0.166207791777218
dnsmos,knn,0.5,20270016,nisqa_val_live,1250,200,1.0,2.741448402404785,2.741448402404785,0.995,2.555926184654236,2.566468994617462,-0.0050000000000000044,-0.18552221775054933,-0.17497940778732302
dnsmos,knn,0.5,20270016,nisqa_test_for,1250,240,0.9,2.741448402404785,3.2149482369422913,0.8833333333333333,2.6406158328056337,3.180574945608775,-0.01666666666666672,-0.10083256959915143,-0.03437329133351641
dnsmos,knn,0.5,20270016,nisqa_test_livetalk,1250,232,0.9439655172413793,2.741448402404785,3.0247975793378106,0.9181034482758621,2.554625953065938,2.971462845802307,-0.025862068965517238,-0.18682244933884729,-0.05333473353550344
dnsmos,knn,0.5,20270016,nisqa_test_p501,1250,240,0.8583333333333333,2.741448402404785,3.250893364350001,0.8458333333333333,2.682921266555786,3.248898551861445,-0.012499999999999956,-0.058527135848998935,-0.0019948124885558194
dnsmos,mahalanobis,0.5,20270017,nisqa_val_sim,1250,1250,0.8952,2.725325584411621,3.2175485076904295,0.904,2.7256438514709473,3.213478411865234,0.00880000000000003,0.0003182670593262493,-0.004070095825195352
dnsmos,mahalanobis,0.5,20270017,nisqa_train_live,1250,1020,0.9901960784313726,2.725325584411621,2.753348282739228,0.9872549019607844,2.6463881389767514,2.682465484095555,-0.002941176470588225,-0.07893744543486969,-0.07088279864367308
dnsmos,mahalanobis,0.5,20270017,nisqa_val_live,1250,200,1.0,2.725325584411621,2.725325584411621,0.995,2.651746051311493,2.6518902587890625,-0.0050000000000000044,-0.0735795331001281,-0.07343532562255861
dnsmos,mahalanobis,0.5,20270017,nisqa_test_for,1250,240,0.9,2.725325584411621,3.2149482369422913,0.8833333333333333,2.6856076459089917,3.162742300828298,-0.01666666666666672,-0.03971793850262939,-0.05220593611399327
dnsmos,mahalanobis,0.5,20270017,nisqa_test_livetalk,1250,232,0.9439655172413793,2.725325584411621,3.01770909901323,0.9396551724137931,2.6463459442401756,2.9832251791296334,-0.004310344827586188,-0.07897964017144554,-0.03448391988359667
dnsmos,mahalanobis,0.5,20270017,nisqa_test_p501,1250,240,0.8583333333333333,2.725325584411621,3.257611205180486,0.8625,2.7279592871665956,3.264015567302704,0.004166666666666763,0.002633702754974543,0.006404362122217844
dnsmos,l2,0.5,20270017,nisqa_val_sim,1250,1250,0.8952,2.725325584411621,3.2175485076904295,0.9024,2.743495341873169,3.2030617500305176,0.007199999999999984,0.01816975746154803,-0.01448675765991192
dnsmos,l2,0.5,20270017,nisqa_train_live,1250,1020,0.9901960784313726,2.725325584411621,2.753348282739228,0.9882352941176471,2.6990535474291035,2.730753204869289,-0.0019607843137254832,-0.026272036982517566,-0.022595077869938862
dnsmos,l2,0.5,20270017,nisqa_val_live,1250,200,1.0,2.725325584411621,2.725325584411621,1.0,2.6975304913520812,2.6975304913520812,0.0,-0.027795093059539866,-0.027795093059539866
dnsmos,l2,0.5,20270017,nisqa_test_for,1250,240,0.9,2.725325584411621,3.2149482369422913,0.9166666666666666,2.7488649487495422,3.1516976952552795,0.016666666666666607,0.023539364337921143,-0.06325054168701172
dnsmos,l2,0.5,20270017,nisqa_test_livetalk,1250,232,0.9439655172413793,2.725325584411621,3.01770909901323,0.9439655172413793,2.7077249884605408,3.0029558888797103,0.0,-0.017600595951080322,-0.014753210133519712
dnsmos,l2,0.5,20270017,nisqa_test_p501,1250,240,0.8583333333333333,2.725325584411621,3.257611205180486,0.8708333333333333,2.7397026558717092,3.208180898427963,0.012500000000000067,0.014377071460088153,-0.04943030675252302
dnsmos,knn,0.5,20270017,nisqa_val_sim,1250,1250,0.8952,2.725325584411621,3.2175485076904295,0.9056,2.7195251543045043,3.2190719854354857,0.010399999999999965,-0.0058004301071168385,0.0015234777450561232
dnsmos,knn,0.5,20270017,nisqa_train_live,1250,1020,0.9901960784313726,2.725325584411621,2.753348282739228,0.9852941176470589,2.6140101486561345,2.6575608760702845,-0.004901960784313708,-0.11131543575548664,-0.09578740666894348
dnsmos,knn,0.5,20270017,nisqa_val_live,1250,200,1.0,2.725325584411621,2.725325584411621,1.0,2.6163530027866364,2.6163530027866364,0.0,-0.10897258162498469,-0.10897258162498469
dnsmos,knn,0.5,20270017,nisqa_test_for,1250,240,0.9,2.725325584411621,3.2149482369422913,0.875,2.6558590322732925,3.216127384702365,-0.025000000000000022,-0.06946655213832864,0.0011791477600735512
dnsmos,knn,0.5,20270017,nisqa_test_livetalk,1250,232,0.9439655172413793,2.725325584411621,3.01770909901323,0.9439655172413793,2.6322422644187666,2.975159460100634,0.0,-0.09308331999285446,-0.04254963891259589
dnsmos,knn,0.5,20270017,nisqa_test_p501,1250,240,0.8583333333333333,2.725325584411621,3.257611205180486,0.8666666666666667,2.7300650695959727,3.279216331243515,0.008333333333333415,0.004739485184351633,0.021605126063029
dnsmos,mahalanobis,0.5,20270018,nisqa_val_sim,1250,1250,0.912,2.76438570022583,3.1397707805633543,0.8992,2.7141168102264404,3.1438782905578613,-0.012800000000000034,-0.05026888999938972,0.0041075099945069304
dnsmos,mahalanobis,0.5,20270018,nisqa_train_live,1250,1020,0.9901960784313726,2.76438570022583,2.7885789754343966,0.9803921568627451,2.590162009818881,2.6417411626554004,-0.009803921568627527,-0.17422369040694896,-0.1468378127789962
dnsmos,mahalanobis,0.5,20270018,nisqa_val_live,1250,200,1.0,2.76438570022583,2.76438570022583,0.995,2.610356637239456,2.619526847600937,-0.0050000000000000044,-0.15402906298637387,-0.14485885262489306
dnsmos,mahalanobis,0.5,20270018,nisqa_test_for,1250,240,0.9,2.76438570022583,3.2149482369422913,0.8875,2.658605741461118,3.164649086197217,-0.012500000000000067,-0.10577995876471213,-0.05029915074507407
dnsmos,mahalanobis,0.5,20270018,nisqa_test_livetalk,1250,232,0.9439655172413793,2.76438570022583,3.0348820809660286,0.9224137931034483,2.5687159053210555,2.95695298910141,-0.02155172413793105,-0.19566979490477454,-0.07792909186461872
dnsmos,mahalanobis,0.5,20270018,nisqa_test_p501,1250,240,0.8708333333333333,2.76438570022583,3.2423847218354545,0.8583333333333333,2.708482520778974,3.2600080937147142,-0.012500000000000067,-0.0559031794468563,0.017623371879259775
dnsmos,l2,0.5,20270018,nisqa_val_sim,1250,1250,0.912,2.76438570022583,3.1397707805633543,0.9104,2.7580045974731444,3.1271687744140624,-0.0016000000000000458,-0.006381102752685663,-0.012602006149291967
dnsmos,l2,0.5,20270018,nisqa_train_live,1250,1020,0.9901960784313726,2.76438570022583,2.7885789754343966,0.9892156862745098,2.716929064544977,2.7470920558069265,-0.0009803921568627416,-0.04745663568085323,-0.04148691962747009
dnsmos,l2,0.5,20270018,nisqa_val_live,1250,200,1.0,2.76438570022583,2.76438570022583,1.0,2.7152137923240662,2.7152137923240662,0.0,-0.049171907901763845,-0.049171907901763845
dnsmos,l2,0.5,20270018,nisqa_test_for,1250,240,0.9,2.76438570022583,3.2149482369422913,0.9166666666666666,2.7621385236581166,3.153514720996221,0.016666666666666607,-0.002247176567713449,-0.06143351594607038
dnsmos,l2,0.5,20270018,nisqa_test_livetalk,1250,232,0.9439655172413793,2.76438570022583,3.0348820809660286,0.9482758620689655,2.7227312716944465,3.0117454282168685,0.004310344827586188,-0.04165442853138357,-0.023136652749160103
dnsmos,l2,0.5,20270018,nisqa_test_p501,1250,240,0.8708333333333333,2.76438570022583,3.2423847218354545,0.8708333333333333,2.7521200835704804,3.209235475460688,0.0,-0.012265616655349643,-0.03314924637476624
dnsmos,knn,0.5,20270018,nisqa_val_sim,1250,1250,0.912,2.76438570022583,3.1397707805633543,0.9128,2.748400841522217,3.1295641887664796,0.0007999999999999119,-0.015984858703613103,-0.010206591796874775
dnsmos,knn,0.5,20270018,nisqa_train_live,1250,1020,0.9901960784313726,2.76438570022583,2.7885789754343966,0.9872549019607844,2.635766981162277,2.6741937660703474,-0.002941176470588225,-0.12861871906355304,-0.11438520936404917
dnsmos,knn,0.5,20270018,nisqa_val_live,1250,200,1.0,2.76438570022583,2.76438570022583,0.995,2.644811029434204,2.645752127170563,-0.0050000000000000044,-0.11957467079162587,-0.11863357305526723
dnsmos,knn,0.5,20270018,nisqa_test_for,1250,240,0.9,2.76438570022583,3.2149482369422913,0.8875,2.6943592369556426,3.1793064614137014,-0.012500000000000067,-0.07002646327018747,-0.035641775528589825
dnsmos,knn,0.5,20270018,nisqa_test_livetalk,1250,232,0.9439655172413793,2.76438570022583,3.0348820809660286,0.9396551724137931,2.648296759046357,2.9829474379276406,-0.004310344827586188,-0.116088941179473,-0.05193464303838802
dnsmos,knn,0.5,20270018,nisqa_test_p501,1250,240,0.8708333333333333,2.76438570022583,3.2423847218354545,0.875,2.7523421466350557,3.2520637929439546,0.004166666666666652,-0.012043553590774358,0.009679071108500192
dnsmos,mahalanobis,0.5,20270019,nisqa_val_sim,1250,1250,0.896,2.7273998260498047,3.174022876739502,0.8904,2.710344333076477,3.1743488878250123,-0.005600000000000049,-0.017055492973327535,0.000326011085510558
dnsmos,mahalanobis,0.5,20270019,nisqa_train_live,1250,1020,0.9901960784313726,2.7273998260498047,2.7552191673540603,0.9823529411764705,2.616717394894245,2.6597388985110264,-0.007843137254902044,-0.11068243115555987,-0.09548026884303384
dnsmos,mahalanobis,0.5,20270019,nisqa_val_live,1250,200,1.0,2.7273998260498047,2.7273998260498047,0.995,2.6301855564117433,2.635100781917572,-0.0050000000000000044,-0.09721426963806135,-0.09229904413223267
dnsmos,mahalanobis,0.5,20270019,nisqa_test_for,1250,240,0.9,2.7273998260498047,3.2149482369422913,0.8875,2.667000965277354,3.1802799264589945,-0.012500000000000067,-0.060398860772450824,-0.03466831048329677
dnsmos,mahalanobis,0.5,20270019,nisqa_test_livetalk,1250,232,0.9439655172413793,2.7273998260498047,3.0186210500782935,0.9353448275862069,2.602508849111097,2.9624258855293535,-0.008620689655172487,-0.12489097693870788,-0.056195164548940024
dnsmos,mahalanobis,0.5,20270019,nisqa_test_p501,1250,240,0.8583333333333333,2.7273998260498047,3.256746937831243,0.8625,2.7034456968307494,3.2601840138435363,0.004166666666666763,-0.023954129219055265,0.003437076012293261
dnsmos,l2,0.5,20270019,nisqa_val_sim,1250,1250,0.896,2.7273998260498047,3.174022876739502,0.904,2.7627760063171385,3.176938460922241,0.008000000000000007,0.0353761802673338,0.0029155841827392948
dnsmos,l2,0.5,20270019,nisqa_train_live,1250,1020,0.9901960784313726,2.7273998260498047,2.7552191673540603,0.9862745098039216,2.699949111657984,2.733946282723371,-0.0039215686274509665,-0.027450714391820785,-0.021272884630689326
dnsmos,l2,0.5,20270019,nisqa_val_live,1250,200,1.0,2.7273998260498047,2.7273998260498047,0.995,2.697386598587036,2.6984153151512147,-0.0050000000000000044,-0.030013227462768466,-0.02898451089859
dnsmos,l2,0.5,20270019,nisqa_test_for,1250,240,0.9,2.7273998260498047,3.2149482369422913,0.9166666666666666,2.7699799915154775,3.1356137176354726,0.016666666666666607,0.04258016546567278,-0.07933451930681867
dnsmos,l2,0.5,20270019,nisqa_test_livetalk,1250,232,0.9439655172413793,2.7273998260498047,3.0186210500782935,0.9439655172413793,2.7086283852314126,2.997039589388617,0.0,-0.018771440818392104,-0.02158146068967648
dnsmos,l2,0.5,20270019,nisqa_test_p501,1250,240,0.8583333333333333,2.7273998260498047,3.256746937831243,0.8791666666666667,2.7557105739911396,3.191661459207535,0.02083333333333337,0.028310747941334924,-0.06508547862370806
dnsmos,knn,0.5,20270019,nisqa_val_sim,1250,1250,0.896,2.7273998260498047,3.174022876739502,0.896,2.7073555084228516,3.1655501304626465,0.0,-0.020044317626953134,-0.008472746276855236
dnsmos,knn,0.5,20270019,nisqa_train_live,1250,1020,0.9901960784313726,2.7273998260498047,2.7552191673540603,0.984313725490196,2.6033047858406517,2.646474931754318,-0.005882352941176561,-0.12409504020915296,-0.10874423559974211
dnsmos,knn,0.5,20270019,nisqa_val_live,1250,200,1.0,2.7273998260498047,2.7273998260498047,0.995,2.611168135404587,2.6130980026721953,-0.0050000000000000044,-0.11623169064521788,-0.11430182337760941
dnsmos,knn,0.5,20270019,nisqa_test_for,1250,240,0.9,2.7273998260498047,3.2149482369422913,0.8791666666666667,2.657662805914879,3.193880545099576,-0.02083333333333337,-0.06973702013492566,-0.021067691842715064
dnsmos,knn,0.5,20270019,nisqa_test_livetalk,1250,232,0.9439655172413793,2.7273998260498047,3.0186210500782935,0.9353448275862069,2.617162547234831,2.9747068460645347,-0.008620689655172487,-0.11023727881497347,-0.043914204013758784
dnsmos,knn,0.5,20270019,nisqa_test_p501,1250,240,0.8583333333333333,2.7273998260498047,3.256746937831243,0.8583333333333333,2.7132674634456633,3.265688943862915,0.0,-0.014132362604141413,0.008942006031671834
dnsmos,mahalanobis,0.5,20270020,nisqa_val_sim,1250,1250,0.912,2.76438570022583,3.136566333770752,0.9216,2.782625490951538,3.143629309463501,0.009599999999999942,0.018239790725707916,0.007062975692748719
dnsmos,mahalanobis,0.5,20270020,nisqa_train_live,1250,1020,0.9901960784313726,2.76438570022583,2.7885789754343966,0.9872549019607844,2.672109719818714,2.705643652934654,-0.002941176470588225,-0.09227598040711626,-0.08293532249974245
dnsmos,mahalanobis,0.5,20270020,nisqa_val_live,1250,200,1.0,2.76438570022583,2.76438570022583,0.995,2.677620952129364,2.6785620498657225,-0.0050000000000000044,-0.08676474809646617,-0.08582365036010753
dnsmos,mahalanobis,0.5,20270020,nisqa_test_for,1250,240,0.9,2.76438570022583,3.2149482369422913,0.8916666666666667,2.719312110543251,3.1701204270124435,-0.008333333333333304,-0.04507358968257913,-0.044827809929847806
dnsmos,mahalanobis,0.5,20270020,nisqa_test_livetalk,1250,232,0.9439655172413793,2.76438570022583,3.0348820809660286,0.9396551724137931,2.6666897453110794,2.9876288072816255,-0.004310344827586188,-0.0976959549147507,-0.04725327368440313
dnsmos,mahalanobis,0.5,20270020,nisqa_test_p501,1250,240,0.8708333333333333,2.76438570022583,3.2423847218354545,0.8708333333333333,2.7669604301452635,3.259939122200012,0.0,0.002574729919433416,0.017554400364557576
dnsmos,l2,0.5,20270020,nisqa_val_sim,1250,1250,0.912,2.76438570022583,3.136566333770752,0.9112,2.7729037006378174,3.1482359016418457,-0.0008000000000000229,0.008518000411987359,0.011669567871093633
dnsmos,l2,0.5,20270020,nisqa_train_live,1250,1020,0.9901960784313726,2.76438570022583,2.7885789754343966,0.9862745098039216,2.7086812650456147,2.7424048063801783,-0.0039215686274509665,-0.055704435180215395,-0.04617416905421834
dnsmos,l2,0.5,20270020,nisqa_val_live,1250,200,1.0,2.76438570022583,2.76438570022583,0.995,2.701456062793732,2.701788477897644,-0.0050000000000000044,-0.06292963743209823,-0.06259722232818588
dnsmos,l2,0.5,20270020,nisqa_test_for,1250,240,0.9,2.76438570022583,3.2149482369422913,0.9208333333333333,2.774678192536036,3.1340459903081257,0.02083333333333326,0.010292492310206125,-0.08090224663416556
dnsmos,l2,0.5,20270020,nisqa_test_livetalk,1250,232,0.9439655172413793,2.76438570022583,3.0348820809660286,0.9482758620689655,2.715863517646132,3.0075950910305154,0.004310344827586188,-0.0485221825796982,-0.02728698993551326
dnsmos,l2,0.5,20270020,nisqa_test_p501,1250,240,0.8708333333333333,2.76438570022583,3.2423847218354545,0.8708333333333333,2.7602784752845766,3.20399649143219,0.0,-0.0041072249412534845,-0.038388230403264334
dnsmos,knn,0.5,20270020,nisqa_val_sim,1250,1250,0.912,2.76438570022583,3.136566333770752,0.9168,2.763085756111145,3.1364225652694704,0.0047999999999999154,-0.0012999441146850366,-0.0001437685012817269
dnsmos,knn,0.5,20270020,nisqa_train_live,1250,1020,0.9901960784313726,2.76438570022583,2.7885789754343966,0.9862745098039216,2.656163054587794,2.6934591884706536,-0.0039215686274509665,-0.10822264563803596,-0.09511978696374301
dnsmos,knn,0.5,20270020,nisqa_val_live,1250,200,1.0,2.76438570022583,2.76438570022583,1.0,2.661072875261307,2.661072875261307,0.0,-0.10331282496452321,-0.10331282496452321
dnsmos,knn,0.5,20270020,nisqa_test_for,1250,240,0.9,2.76438570022583,3.2149482369422913,0.8875,2.7068395167589188,3.187243178486824,-0.012500000000000067,-0.057546183466911316,-0.027705058455467224
dnsmos,knn,0.5,20270020,nisqa_test_livetalk,1250,232,0.9439655172413793,2.76438570022583,3.0348820809660286,0.9439655172413793,2.6680225812155625,2.977486988593792,0.0,-0.09636311901026762,-0.05739509237223661
dnsmos,knn,0.5,20270020,nisqa_test_p501,1250,240,0.8708333333333333,2.76438570022583,3.2423847218354545,0.875,2.749975761771202,3.236388356486956,0.004166666666666652,-0.014409938454627902,-0.005996365348498234
dnsmos,mahalanobis,0.7,20270001,nisqa_val_sim,1750,750,0.8946666666666667,2.728243827819824,3.201958554585775,0.908,2.7364370730717975,3.191612784385681,0.013333333333333308,0.008193245251973291,-0.010345770200093973
dnsmos,mahalanobis,0.7,20270001,nisqa_train_live,1750,1020,0.9901960784313726,2.728243827819824,2.755980423852509,0.9872549019607844,2.668002778408574,2.7007932242225197,-0.002941176470588225,-0.06024104941125019,-0.055187199629989525
dnsmos,mahalanobis,0.7,20270001,nisqa_val_live,1750,200,1.0,2.728243827819824,2.728243827819824,0.995,2.6832557559013366,2.684284472465515,-0.0050000000000000044,-0.04498807191848764,-0.04395935535430917
dnsmos,mahalanobis,0.7,20270001,nisqa_test_for,1750,240,0.9,2.728243827819824,3.2149482369422913,0.8833333333333333,2.7084121237198513,3.176547212402026,-0.01666666666666672,-0.019831704099972924,-0.03840102454026528
dnsmos,mahalanobis,0.7,20270001,nisqa_test_livetalk,1750,232,0.9439655172413793,2.728243827819824,3.0189921198220087,0.9396551724137931,2.658343226745211,2.9796971781500456,-0.004310344827586188,-0.06990060107461327,-0.03929494167196301
dnsmos,mahalanobis,0.7,20270001,nisqa_test_p501,1750,240,0.8583333333333333,2.728243827819824,3.2563952704270682,0.8625,2.736485422650973,3.246434520681699,0.004166666666666763,0.008241594831148724,-0.009960749745369313
dnsmos,l2,0.7,20270001,nisqa_val_sim,1750,750,0.8946666666666667,2.728243827819824,3.201958554585775,0.9,2.744878275871277,3.190188442548116,0.005333333333333301,0.016634448051452644,-0.011770112037658986
dnsmos,l2,0.7,20270001,nisqa_train_live,1750,1020,0.9901960784313726,2.728243827819824,2.755980423852509,0.9862745098039216,2.6943336874830957,2.7277694435680613,-0.0039215686274509665,-0.03391014033672857,-0.028210980284447906
dnsmos,l2,0.7,20270001,nisqa_val_live,1750,200,1.0,2.728243827819824,2.728243827819824,0.995,2.6967219924926757,2.6970141625404356,-0.0050000000000000044,-0.03152183532714847,-0.03122966527938864
dnsmos,l2,0.7,20270001,nisqa_test_for,1750,240,0.9,2.728243827819824,3.2149482369422913,0.9083333333333333,2.7528942694266636,3.151486244797707,0.008333333333333304,0.02465044160683938,-0.06346199214458448
dnsmos,l2,0.7,20270001,nisqa_test_livetalk,1750,232,0.9439655172413793,2.728243827819824,3.0189921198220087,0.9482758620689655,2.703619711357972,2.987656181228572,0.004310344827586188,-0.024624116461852363,-0.03133593859343664
dnsmos,l2,0.7,20270001,nisqa_test_p501,1750,240,0.8583333333333333,2.728243827819824,3.2563952704270682,0.875,2.745993281404177,3.185201788942019,0.01666666666666672,0.01774945358435298,-0.07119348148504923
dnsmos,knn,0.7,20270001,nisqa_val_sim,1750,750,0.8946666666666667,2.728243827819824,3.201958554585775,0.9053333333333333,2.724846867243449,3.182704453786214,0.010666666666666602,-0.0033969605763752853,-0.019254100799560803
dnsmos,knn,0.7,20270001,nisqa_train_live,1750,1020,0.9901960784313726,2.728243827819824,2.755980423852509,0.9872549019607844,2.636844138538136,2.674652928464553,-0.002941176470588225,-0.09139968928168818,-0.08132749538795636
dnsmos,knn,0.7,20270001,nisqa_val_live,1750,200,1.0,2.728243827819824,2.728243827819824,1.0,2.64314169049263,2.64314169049263,0.0,-0.08510213732719407,-0.08510213732719407
dnsmos,knn,0.7,20270001,nisqa_test_for,1750,240,0.9,2.728243827819824,3.2149482369422913,0.8833333333333333,2.683900668223699,3.1901209096113843,-0.01666666666666672,-0.044343159596125226,-0.02482732733090698
dnsmos,knn,0.7,20270001,nisqa_test_livetalk,1750,232,0.9439655172413793,2.728243827819824,3.0189921198220087,0.9396551724137931,2.649850122887513,2.982391989436643,-0.004310344827586188,-0.07839370493231135,-0.03660013038536558
dnsmos,knn,0.7,20270001,nisqa_test_p501,1750,240,0.8583333333333333,2.728243827819824,3.2563952704270682,0.8666666666666667,2.72984927992026,3.2523558348417283,0.008333333333333415,0.0016054521004358335,-0.004039435585339923
dnsmos,mahalanobis,0.7,20270002,nisqa_val_sim,1750,750,0.9106666666666666,2.756059169769287,3.0303282992045086,0.9266666666666666,2.7544840965271,3.0114730542500814,0.016000000000000014,-0.0015750732421873082,-0.018855244954427253
dnsmos,mahalanobis,0.7,20270002,nisqa_train_live,1750,1020,0.9901960784313726,2.756059169769287,2.781068771493201,0.9872549019607844,2.67303913340849,2.706245381224389,-0.002941176470588225,-0.08302003636079691,-0.07482339026881224
dnsmos,mahalanobis,0.7,20270002,nisqa_val_live,1750,200,1.0,2.756059169769287,2.756059169769287,1.0,2.6814950728416442,2.6814950728416442,0.0,-0.07456409692764288,-0.07456409692764288
dnsmos,mahalanobis,0.7,20270002,nisqa_test_for,1750,240,0.9,2.756059169769287,3.2149482369422913,0.8875,2.7139603813489277,3.17920889655749,-0.012500000000000067,-0.04209878842035941,-0.0357393403848012
dnsmos,mahalanobis,0.7,20270002,nisqa_test_livetalk,1750,232,0.9439655172413793,2.756059169769287,3.0312212787825485,0.9439655172413793,2.668533469068593,2.986877879192089,0.0,-0.08752570070069421,-0.04434339959045941
dnsmos,mahalanobis,0.7,20270002,nisqa_test_p501,1750,240,0.8625,2.756059169769287,3.24491223692894,0.8708333333333333,2.751986833413442,3.2500737428665163,0.008333333333333304,-0.004072336355845252,0.005161505937576472
dnsmos,l2,0.7,20270002,nisqa_val_sim,1750,750,0.9106666666666666,2.756059169769287,3.0303282992045086,0.9213333333333333,2.77319197622935,3.023545274416606,0.010666666666666713,0.017132806460062877,-0.006783024787902825
dnsmos,l2,0.7,20270002,nisqa_train_live,1750,1020,0.9901960784313726,2.756059169769287,2.781068771493201,0.9862745098039216,2.7149914035610125,2.745963117655586,-0.0039215686274509665,-0.04106776620827457,-0.035105653837615325
dnsmos,l2,0.7,20270002,nisqa_val_live,1750,200,1.0,2.756059169769287,2.756059169769287,0.995,2.7189122676849364,2.719056475162506,-0.0050000000000000044,-0.037146902084350675,-0.037002694606781183
dnsmos,l2,0.7,20270002,nisqa_test_for,1750,240,0.9,2.756059169769287,3.2149482369422913,0.9083333333333333,2.782221058011055,3.1572027395168942,0.008333333333333304,0.026161888241767794,-0.05774549742539703
dnsmos,l2,0.7,20270002,nisqa_test_livetalk,1750,232,0.9439655172413793,2.756059169769287,3.0312212787825485,0.9482758620689655,2.727629662587725,2.9972146163726676,0.004310344827586188,-0.02842950718156212,-0.03400666240988093
dnsmos,l2,0.7,20270002,nisqa_test_p501,1750,240,0.8625,2.756059169769287,3.24491223692894,0.8791666666666667,2.7749270528554915,3.172517342368762,0.016666666666666607,0.01886788308620435,-0.072394894560178
dnsmos,knn,0.7,20270002,nisqa_val_sim,1750,750,0.9106666666666666,2.756059169769287,3.0303282992045086,0.916,2.752170451482137,3.0212360922495525,0.005333333333333412,-0.0038887182871500947,-0.009092206954956161
dnsmos,knn,0.7,20270002,nisqa_train_live,1750,1020,0.9901960784313726,2.756059169769287,2.781068771493201,0.9872549019607844,2.6522373021817676,2.6880155698925843,-0.002941176470588225,-0.10382186758751955,-0.09305320160061692
dnsmos,knn,0.7,20270002,nisqa_val_live,1750,200,1.0,2.756059169769287,2.756059169769287,1.0,2.65886061668396,2.65886061668396,0.0,-0.09719855308532699,-0.09719855308532699
dnsmos,knn,0.7,20270002,nisqa_test_for,1750,240,0.9,2.756059169769287,3.2149482369422913,0.8791666666666667,2.7060651938120523,3.180312689145406,-0.02083333333333337,-0.04999397595723476,-0.03463554779688538
dnsmos,knn,0.7,20270002,nisqa_test_livetalk,1750,232,0.9439655172413793,2.756059169769287,3.0312212787825485,0.9439655172413793,2.662267502011924,2.9877776030836434,0.0,-0.09379166775736314,-0.04344367569890517
dnsmos,knn,0.7,20270002,nisqa_test_p501,1750,240,0.8625,2.756059169769287,3.24491223692894,0.8708333333333333,2.758100074529648,3.2628398060798647,0.008333333333333304,0.0020409047603608954,0.01792756915092486
dnsmos,mahalanobis,0.7,20270003,nisqa_val_sim,1750,750,0.8986666666666666,2.735581874847412,3.168388697306315,0.8986666666666666,2.720357420603434,3.1777555141448977,0.0,-0.015224454243977892,0.009366816838582537
dnsmos,mahalanobis,0.7,20270003,nisqa_train_live,1750,1020,0.9901960784313726,2.735581874847412,2.762599054504843,0.9823529411764705,2.62409953065947,2.6633405804634096,-0.007843137254902044,-0.11148234418794223,-0.09925847404143351
dnsmos,mahalanobis,0.7,20270003,nisqa_val_live,1750,200,1.0,2.735581874847412,2.735581874847412,0.995,2.636594696044922,2.641509921550751,-0.0050000000000000044,-0.0989871788024903,-0.09407195329666118
dnsmos,mahalanobis,0.7,20270003,nisqa_test_for,1750,240,0.9,2.735581874847412,3.2149482369422913,0.8833333333333333,2.6715590566396714,3.1678139080603915,-0.01666666666666672,-0.0640228182077407,-0.04713432888189972
dnsmos,mahalanobis,0.7,20270003,nisqa_test_livetalk,1750,232,0.9439655172413793,2.735581874847412,3.0222183301531036,0.9396551724137931,2.6144532304385613,2.9705612525857727,-0.004310344827586188,-0.12112864440885085,-0.051657077567330845
dnsmos,mahalanobis,0.7,20270003,nisqa_test_p501,1750,240,0.8583333333333333,2.735581874847412,3.2533377508322396,0.8625,2.712799882888794,3.2561265885829926,0.004166666666666763,-0.022781991958618075,0.0027888377507530038
dnsmos,l2,0.7,20270003,nisqa_val_sim,1750,750,0.8986666666666666,2.735581874847412,3.168388697306315,0.8906666666666667,2.7204411799112957,3.170484057108561,-0.007999999999999896,-0.015140694936116361,0.002095359802245955
dnsmos,l2,0.7,20270003,nisqa_train_live,1750,1020,0.9901960784313726,2.735581874847412,2.762599054504843,0.9823529411764705,2.6431828582988066,2.691028453322018,-0.007843137254902044,-0.0923990165486055,-0.07157060118282521
dnsmos,l2,0.7,20270003,nisqa_val_live,1750,200,1.0,2.735581874847412,2.735581874847412,0.995,2.656449570655823,2.662226893901825,-0.0050000000000000044,-0.07913230419158923,-0.07335498094558712
dnsmos,l2,0.7,20270003,nisqa_test_for,1750,240,0.9,2.735581874847412,3.2149482369422913,0.9166666666666666,2.7308652281761168,3.1281405369440716,0.016666666666666607,-0.004716646671295344,-0.08680769999821969
dnsmos,l2,0.7,20270003,nisqa_test_livetalk,1750,232,0.9439655172413793,2.735581874847412,3.0222183301531036,0.9396551724137931,2.662894635364927,2.991996779524047,-0.004310344827586188,-0.07268723948248512,-0.030221550629056626
dnsmos,l2,0.7,20270003,nisqa_test_p501,1750,240,0.8583333333333333,2.735581874847412,3.2533377508322396,0.8583333333333333,2.71792925397555,3.2064341803391776,0.0,-0.017652620871861924,-0.04690357049306204
dnsmos,knn,0.7,20270003,nisqa_val_sim,1750,750,0.8986666666666666,2.735581874847412,3.168388697306315,0.896,2.722064484914144,3.184012139002482,-0.002666666666666595,-0.01351738993326812,0.015623441696166918
dnsmos,knn,0.7,20270003,nisqa_train_live,1750,1020,0.9901960784313726,2.735581874847412,2.762599054504843,0.9794117647058823,2.5715464596654853,2.6248728724086985,-0.010784313725490269,-0.16403541518192677,-0.13772618209614462
dnsmos,knn,0.7,20270003,nisqa_val_live,1750,200,1.0,2.735581874847412,2.735581874847412,0.995,2.5839665818214415,2.5901744890213014,-0.0050000000000000044,-0.15161529302597065,-0.14540738582611068
dnsmos,knn,0.7,20270003,nisqa_test_for,1750,240,0.9,2.735581874847412,3.2149482369422913,0.8833333333333333,2.6525709946950276,3.1863688945770265,-0.01666666666666672,-0.08301088015238456,-0.028579342365264715
dnsmos,knn,0.7,20270003,nisqa_test_livetalk,1750,232,0.9439655172413793,2.735581874847412,3.0222183301531036,0.9267241379310345,2.587876383600564,2.9606056850532005,-0.017241379310344862,-0.1477054912468483,-0.06161264509990305
dnsmos,knn,0.7,20270003,nisqa_test_p501,1750,240,0.8583333333333333,2.735581874847412,3.2533377508322396,0.8708333333333333,2.7088685512542723,3.2495377540588377,0.012500000000000067,-0.026713323593139826,-0.0037999967734019258
dnsmos,mahalanobis,0.7,20270004,nisqa_val_sim,1750,750,0.908,2.751373291015625,3.1337456194559734,0.9053333333333333,2.7315506772994995,3.122001628557841,-0.002666666666666706,-0.01982261371612548,-0.011743990898132495
dnsmos,mahalanobis,0.7,20270004,nisqa_train_live,1750,1020,0.9901960784313726,2.751373291015625,2.7768422926173493,0.9833333333333333,2.638590327431174,2.679107821221445,-0.006862745098039302,-0.11278296358445106,-0.09773447139590408
dnsmos,mahalanobis,0.7,20270004,nisqa_val_live,1750,200,1.0,2.751373291015625,2.751373291015625,0.995,2.6509225642681122,2.65381268620491,-0.0050000000000000044,-0.10045072674751276,-0.09756060481071493
dnsmos,mahalanobis,0.7,20270004,nisqa_test_for,1750,240,0.9,2.751373291015625,3.2149482369422913,0.8875,2.6895703703165053,3.17260402739048,-0.012500000000000067,-0.061802920699119746,-0.042344209551811396
dnsmos,mahalanobis,0.7,20270004,nisqa_test_livetalk,1750,232,0.9439655172413793,2.751373291015625,3.029161107951197,0.9396551724137931,2.6315852424194075,2.968828384218545,-0.004310344827586188,-0.1197880485962175,-0.060332723732652305
dnsmos,mahalanobis,0.7,20270004,nisqa_test_p501,1750,240,0.8583333333333333,2.751373291015625,3.2467579940954843,0.8625,2.731174448132515,3.254619100689888,0.004166666666666763,-0.020198842883110135,0.007861106594403644
dnsmos,l2,0.7,20270004,nisqa_val_sim,1750,750,0.908,2.751373291015625,3.1337456194559734,0.904,2.7568438990910846,3.1399110968907675,-0.0040000000000000036,0.0054706080754596265,0.00616547743479412
dnsmos,l2,0.7,20270004,nisqa_train_live,1750,1020,0.9901960784313726,2.751373291015625,2.7768422926173493,0.984313725490196,2.6939818489785288,2.7282329171311623,-0.005882352941176561,-0.05739144203709623,-0.048609375486186934
dnsmos,l2,0.7,20270004,nisqa_val_live,1750,200,1.0,2.751373291015625,2.751373291015625,0.995,2.693598209619522,2.695391343832016,-0.0050000000000000044,-0.0577750813961031,-0.05598194718360894
dnsmos,l2,0.7,20270004,nisqa_test_for,1750,240,0.9,2.751373291015625,3.2149482369422913,0.9166666666666666,2.7652955055236816,3.1392499009768167,0.016666666666666607,0.01392221450805664,-0.0756983359654746
dnsmos,l2,0.7,20270004,nisqa_test_livetalk,1750,232,0.9439655172413793,2.751373291015625,3.029161107951197,0.9439655172413793,2.7052319296475114,2.9947672979585054,0.0,-0.04614136136811364,-0.034393809992691704
dnsmos,l2,0.7,20270004,nisqa_test_p501,1750,240,0.8583333333333333,2.751373291015625,3.2467579940954843,0.8791666666666667,2.755500861008962,3.180360056956609,0.02083333333333337,0.004127569993336966,-0.06639793713887521
dnsmos,knn,0.7,20270004,nisqa_val_sim,1750,750,0.908,2.751373291015625,3.1337456194559734,0.908,2.725833148956299,3.130356578826904,0.0,-0.025540142059325976,-0.0033890406290693065
dnsmos,knn,0.7,20270004,nisqa_train_live,1750,1020,0.9901960784313726,2.751373291015625,2.7768422926173493,0.9794117647058823,2.588272011046316,2.6366171537661085,-0.010784313725490269,-0.1631012799693088,-0.14022513885124077
dnsmos,knn,0.7,20270004,nisqa_val_live,1750,200,1.0,2.751373291015625,2.751373291015625,0.995,2.6028742504119875,2.607922751903534,-0.0050000000000000044,-0.1484990406036375,-0.14345053911209105
dnsmos,knn,0.7,20270004,nisqa_test_for,1750,240,0.9,2.751373291015625,3.2149482369422913,0.8791666666666667,2.66812983751297,3.1795881350835162,-0.02083333333333337,-0.08324345350265494,-0.03536010185877503
dnsmos,knn,0.7,20270004,nisqa_test_livetalk,1750,232,0.9439655172413793,2.751373291015625,3.029161107951197,0.9353448275862069,2.6063338250949464,2.966496535416307,-0.008620689655172487,-0.14503946592067862,-0.06266457253489
dnsmos,knn,0.7,20270004,nisqa_test_p501,1750,240,0.8583333333333333,2.751373291015625,3.2467579940954843,0.8666666666666667,2.7278969903786976,3.2477697749932606,0.008333333333333415,-0.023476300636927405,0.0010117808977763154
dnsmos,mahalanobis,0.7,20270005,nisqa_val_sim,1750,750,0.9173333333333333,2.76141619682312,3.0992399501800536,0.9146666666666666,2.745311830838521,3.111957287788391,-0.002666666666666706,-0.016104365984598967,0.012717337608337598
dnsmos,mahalanobis,0.7,20270005,nisqa_train_live,1750,1020,0.9901960784313726,2.76141619682312,2.7859005998162663,0.9833333333333333,2.6443576539264004,2.679797189609677,-0.006862745098039302,-0.11705854289671969,-0.1061034102065892
dnsmos,mahalanobis,0.7,20270005,nisqa_val_live,1750,200,1.0,2.76141619682312,2.76141619682312,0.995,2.6600064778327943,2.6636383080482484,-0.0050000000000000044,-0.1014097189903258,-0.0977778887748717
dnsmos,mahalanobis,0.7,20270005,nisqa_test_for,1750,240,0.9,2.76141619682312,3.2149482369422913,0.8833333333333333,2.694473718603452,3.1653795689344406,-0.01666666666666672,-0.06694247821966792,-0.04956866800785065
dnsmos,mahalanobis,0.7,20270005,nisqa_test_livetalk,1750,232,0.9439655172413793,2.76141619682312,3.033576523435527,0.9396551724137931,2.635704389933882,2.979757280185305,-0.004310344827586188,-0.125711806889238,-0.053819243250222026
dnsmos,mahalanobis,0.7,20270005,nisqa_test_p501,1750,240,0.8708333333333333,2.76141619682312,3.243250826994578,0.8666666666666667,2.7368951380252837,3.2563486834367117,-0.004166666666666652,-0.024521058797836393,0.013097856442133793
dnsmos,l2,0.7,20270005,nisqa_val_sim,1750,750,0.9173333333333333,2.76141619682312,3.0992399501800536,0.9173333333333333,2.7711076418558758,3.106168956756592,0.0,0.009691445032755652,0.006929006576538388
dnsmos,l2,0.7,20270005,nisqa_train_live,1750,1020,0.9901960784313726,2.76141619682312,2.7859005998162663,0.9823529411764705,2.6934847322164797,2.731473813337438,-0.007843137254902044,-0.06793146460664046,-0.05442678647882815
dnsmos,l2,0.7,20270005,nisqa_val_live,1750,200,1.0,2.76141619682312,2.76141619682312,0.995,2.7079284095764162,2.7117169165611266,-0.0050000000000000044,-0.05348778724670389,-0.04969928026199355
dnsmos,l2,0.7,20270005,nisqa_test_for,1750,240,0.9,2.76141619682312,3.2149482369422913,0.9208333333333333,2.781069803237915,3.152355122566223,0.02083333333333326,0.019653606414794744,-0.06259311437606829
dnsmos,l2,0.7,20270005,nisqa_test_livetalk,1750,232,0.9439655172413793,2.76141619682312,3.033576523435527,0.9439655172413793,2.7141035137505365,3.0074810796770555,0.0,-0.04731268307258363,-0.026095443758471504
dnsmos,l2,0.7,20270005,nisqa_test_p501,1750,240,0.8708333333333333,2.76141619682312,3.243250826994578,0.875,2.771425239245097,3.1845900336901347,0.004166666666666652,0.010009042421976755,-0.05866079330444318
dnsmos,knn,0.7,20270005,nisqa_val_sim,1750,750,0.9173333333333333,2.76141619682312,3.0992399501800536,0.916,2.7426509656906126,3.097214055697123,-0.0013333333333332975,-0.0187652311325075,-0.002025894482930557
dnsmos,knn,0.7,20270005,nisqa_train_live,1750,1020,0.9901960784313726,2.76141619682312,2.7859005998162663,0.9872549019607844,2.6308086661731496,2.670156740207298,-0.002941176470588225,-0.13060753064997055,-0.11574385960896816
dnsmos,knn,0.7,20270005,nisqa_val_live,1750,200,1.0,2.76141619682312,2.76141619682312,0.995,2.639357750415802,2.640505414009094,-0.0050000000000000044,-0.12205844640731822,-0.1209107828140259
dnsmos,knn,0.7,20270005,nisqa_test_for,1750,240,0.9,2.76141619682312,3.2149482369422913,0.8833333333333333,2.690202198425929,3.188564004500707,-0.01666666666666672,-0.07121399839719134,-0.026384232441584388
dnsmos,knn,0.7,20270005,nisqa_test_livetalk,1750,232,0.9439655172413793,2.76141619682312,3.033576523435527,0.9353448275862069,2.646702283415301,2.983462226801905,-0.008620689655172487,-0.11471391340781922,-0.05011429663362188
dnsmos,knn,0.7,20270005,nisqa_test_p501,1750,240,0.8708333333333333,2.76141619682312,3.243250826994578,0.8708333333333333,2.7402436236540475,3.2433051069577536,0.0,-0.021172573169072617,5.427996317575179e-05
dnsmos,mahalanobis,0.7,20270006,nisqa_val_sim,1750,750,0.9106666666666666,2.756059169769287,3.1391931851704915,0.908,2.7300664196014406,3.1312162965138755,-0.002666666666666595,-0.025992750167846523,-0.007976888656616055
dnsmos,mahalanobis,0.7,20270006,nisqa_train_live,1750,1020,0.9901960784313726,2.756059169769287,2.781068771493201,0.9872549019607844,2.6501772581362255,2.684541888330497,-0.002941176470588225,-0.1058819116330616,-0.09652688316270419
dnsmos,mahalanobis,0.7,20270006,nisqa_val_live,1750,200,1.0,2.756059169769287,2.756059169769287,0.995,2.6571325516700743,2.6582802152633667,-0.0050000000000000044,-0.09892661809921277,-0.09777895450592045
dnsmos,mahalanobis,0.7,20270006,nisqa_test_for,1750,240,0.9,2.756059169769287,3.2149482369422913,0.8833333333333333,2.6881615698337553,3.1718817432721456,-0.01666666666666672,-0.0678975999355318,-0.0430664936701457
dnsmos,mahalanobis,0.7,20270006,nisqa_test_livetalk,1750,232,0.9439655172413793,2.756059169769287,3.0312212787825485,0.9396551724137931,2.6467050026203025,2.9821802398254134,-0.004310344827586188,-0.1093541671489846,-0.049041038957135186
dnsmos,mahalanobis,0.7,20270006,nisqa_test_p501,1750,240,0.8625,2.756059169769287,3.24491223692894,0.8625,2.7271226207415262,3.2597836017608643,0.0,-0.028936549027760883,0.014871364831924527
dnsmos,l2,0.7,20270006,nisqa_val_sim,1750,750,0.9106666666666666,2.756059169769287,3.1391931851704915,0.9053333333333333,2.741797456741333,3.148223441441854,-0.005333333333333301,-0.014261713027954315,0.009030256271362447
dnsmos,l2,0.7,20270006,nisqa_train_live,1750,1020,0.9901960784313726,2.756059169769287,2.781068771493201,0.9862745098039216,2.683249546032326,2.71977810532439,-0.0039215686274509665,-0.0728096237369611,-0.06129066616881129
dnsmos,l2,0.7,20270006,nisqa_val_live,1750,200,1.0,2.756059169769287,2.756059169769287,0.995,2.683144598007202,2.684078996181488,-0.0050000000000000044,-0.07291457176208516,-0.07198017358779918
dnsmos,l2,0.7,20270006,nisqa_test_for,1750,240,0.9,2.756059169769287,3.2149482369422913,0.9166666666666666,2.7472122251987456,3.136351102590561,0.016666666666666607,-0.00884694457054147,-0.07859713435173044
dnsmos,l2,0.7,20270006,nisqa_test_livetalk,1750,232,0.9439655172413793,2.756059169769287,3.0312212787825485,0.9439655172413793,2.6921317741788666,2.9998221829019744,0.0,-0.06392739559042049,-0.0313990958805741
dnsmos,l2,0.7,20270006,nisqa_test_p501,1750,240,0.8625,2.756059169769287,3.24491223692894,0.8625,2.7357055485248565,3.2071324129899343,0.0,-0.02035362124443063,-0.037779823939005475
dnsmos,knn,0.7,20270006,nisqa_val_sim,1750,750,0.9106666666666666,2.756059169769287,3.1391931851704915,0.9106666666666666,2.7388679606119792,3.1305248425801593,0.0,-0.017191209157307874,-0.008668342590332223
dnsmos,knn,0.7,20270006,nisqa_train_live,1750,1020,0.9901960784313726,2.756059169769287,2.781068771493201,0.9872549019607844,2.637586986317354,2.6757945056055106,-0.002941176470588225,-0.11847218345193289,-0.10527426588769062
dnsmos,knn,0.7,20270006,nisqa_val_live,1750,200,1.0,2.756059169769287,2.756059169769287,0.995,2.6448908162117006,2.645318932533264,-0.0050000000000000044,-0.11116835355758647,-0.11074023723602311
dnsmos,knn,0.7,20270006,nisqa_test_for,1750,240,0.9,2.756059169769287,3.2149482369422913,0.8833333333333333,2.6896967232227325,3.190323207775752,-0.01666666666666672,-0.06636244654655465,-0.024625029166539303
dnsmos,knn,0.7,20270006,nisqa_test_livetalk,1750,232,0.9439655172413793,2.756059169769287,3.0312212787825485,0.9353448275862069,2.650974353839611,2.9846448754442148,-0.008620689655172487,-0.105084815929676,-0.046576403338333794
dnsmos,knn,0.7,20270006,nisqa_test_p501,1750,240,0.8625,2.756059169769287,3.24491223692894,0.8666666666666667,2.7347417970498404,3.2489398419857025,0.004166666666666652,-0.02131737271944667,0.004027605056762695
dnsmos,mahalanobis,0.7,20270007,nisqa_val_sim,1750,750,0.8733333333333333,2.7100768089294434,3.1663014920552572,0.8693333333333333,2.6893566331863403,3.158400959332784,-0.0040000000000000036,-0.02072017574310303,-0.007900532722473042
dnsmos,mahalanobis,0.7,20270007,nisqa_train_live,1750,1020,0.9901960784313726,2.7100768089294434,2.7395944852454988,0.9833333333333333,2.607116216537999,2.6480952162368623,-0.006862745098039302,-0.10296059239144428,-0.09149926900863647
dnsmos,mahalanobis,0.7,20270007,nisqa_val_live,1750,200,1.0,2.7100768089294434,2.7100768089294434,0.995,2.6126135194301607,2.615585049390793,-0.0050000000000000044,-0.09746328949928262,-0.0944917595386503
dnsmos,mahalanobis,0.7,20270007,nisqa_test_for,1750,240,0.9,2.7100768089294434,3.2149482369422913,0.8833333333333333,2.6451573501030605,3.178703489899635,-0.01666666666666672,-0.06491945882638284,-0.03624474704265612
dnsmos,mahalanobis,0.7,20270007,nisqa_test_livetalk,1750,232,0.9439655172413793,2.7100768089294434,3.011004895999514,0.9353448275862069,2.605105996131897,2.967028225290364,-0.008620689655172487,-0.10497081279754639,-0.04397667070914979
dnsmos,mahalanobis,0.7,20270007,nisqa_test_p501,1750,240,0.8541666666666666,2.7100768089294434,3.2642541925112405,0.8541666666666666,2.686404910683632,3.279224651058515,0.0,-0.023671898245811285,0.014970458547274301
dnsmos,l2,0.7,20270007,nisqa_val_sim,1750,750,0.8733333333333333,2.7100768089294434,3.1663014920552572,0.876,2.7058999961217243,3.154897875150045,0.002666666666666706,-0.004176812807719088,-0.0114036169052123
dnsmos,l2,0.7,20270007,nisqa_train_live,1750,1020,0.9901960784313726,2.7100768089294434,2.7395944852454988,0.9862745098039216,2.6601162695417218,2.6979272683461506,-0.0039215686274509665,-0.0499605393877216,-0.04166721689934816
dnsmos,l2,0.7,20270007,nisqa_val_live,1750,200,1.0,2.7100768089294434,2.7100768089294434,0.995,2.6594225931167603,2.6603569912910463,-0.0050000000000000044,-0.050654215812683034,-0.04971981763839706
dnsmos,l2,0.7,20270007,nisqa_test_for,1750,240,0.9,2.7100768089294434,3.2149482369422913,0.9041666666666667,2.7085705786943435,3.147789278626442,0.004166666666666652,-0.0015062302350998813,-0.06715895831584939
dnsmos,l2,0.7,20270007,nisqa_test_livetalk,1750,232,0.9439655172413793,2.7100768089294434,3.011004895999514,0.9439655172413793,2.6664643010188795,2.991307158922327,0.0,-0.043612507910563814,-0.01969773707718714
dnsmos,l2,0.7,20270007,nisqa_test_p501,1750,240,0.8541666666666666,2.7100768089294434,3.2642541925112405,0.8583333333333333,2.699837691585223,3.237135476867358,0.004166666666666652,-0.01023911734422045,-0.027118715643882574
dnsmos,knn,0.7,20270007,nisqa_val_sim,1750,750,0.8733333333333333,2.7100768089294434,3.1663014920552572,0.876,2.6733825384775796,3.1737564137776695,0.002666666666666706,-0.0366942704518638,0.007454921722412244
dnsmos,knn,0.7,20270007,nisqa_train_live,1750,1020,0.9901960784313726,2.7100768089294434,2.7395944852454988,0.9852941176470589,2.5953588083678603,2.6406887811772966,-0.004901960784313708,-0.1147180005615831,-0.0989057040682022
dnsmos,knn,0.7,20270007,nisqa_val_live,1750,200,1.0,2.7100768089294434,2.7100768089294434,0.995,2.5964178824424744,2.596562089920044,-0.0050000000000000044,-0.11365892648696896,-0.11351471900939947
dnsmos,knn,0.7,20270007,nisqa_test_for,1750,240,0.9,2.7100768089294434,3.2149482369422913,0.8708333333333333,2.6246509651343026,3.223118305206299,-0.029166666666666674,-0.08542584379514073,0.008170068264007568
dnsmos,knn,0.7,20270007,nisqa_test_livetalk,1750,232,0.9439655172413793,2.7100768089294434,3.011004895999514,0.9353448275862069,2.608215064838015,2.968554081587956,-0.008620689655172487,-0.10186174409142845,-0.04245081441155785
dnsmos,knn,0.7,20270007,nisqa_test_p501,1750,240,0.8541666666666666,2.7100768089294434,3.2642541925112405,0.8541666666666666,2.6830067733923593,3.3006864885489144,0.0,-0.02707003553708409,0.03643229603767395
dnsmos,mahalanobis,0.7,20270008,nisqa_val_sim,1750,750,0.892,2.725325584411621,3.1375870736440024,0.8946666666666667,2.7227843138376873,3.1187891273498534,0.002666666666666706,-0.0025412705739338293,-0.018797946294148993
dnsmos,mahalanobis,0.7,20270008,nisqa_train_live,1750,1020,0.9901960784313726,2.725325584411621,2.753348282739228,0.9872549019607844,2.659012593007555,2.6923046715119305,-0.002941176470588225,-0.06631299140406588,-0.0610436112272974
dnsmos,mahalanobis,0.7,20270008,nisqa_val_live,1750,200,1.0,2.725325584411621,2.725325584411621,1.0,2.6655778765678404,2.6655778765678404,0.0,-0.059747707843780695,-0.059747707843780695
dnsmos,mahalanobis,0.7,20270008,nisqa_test_for,1750,240,0.9,2.725325584411621,3.2149482369422913,0.8875,2.6893663088480633,3.1917578359444936,-0.012500000000000067,-0.035959275563557824,-0.023190400997797678
dnsmos,mahalanobis,0.7,20270008,nisqa_test_livetalk,1750,232,0.9439655172413793,2.725325584411621,3.01770909901323,0.9396551724137931,2.6531379222869873,2.981575998766669,-0.004310344827586188,-0.07218766212463379,-0.036133100246561245
dnsmos,mahalanobis,0.7,20270008,nisqa_test_p501,1750,240,0.8583333333333333,2.725325584411621,3.257611205180486,0.8583333333333333,2.716626783212026,3.257940322160721,0.0,-0.008698801199594985,0.00032911698023463387
dnsmos,l2,0.7,20270008,nisqa_val_sim,1750,750,0.892,2.725325584411621,3.1375870736440024,0.8906666666666667,2.7247037957509357,3.119278228123983,-0.0013333333333332975,-0.0006217886606854073,-0.018308845520019545
dnsmos,l2,0.7,20270008,nisqa_train_live,1750,1020,0.9901960784313726,2.725325584411621,2.753348282739228,0.9862745098039216,2.677883051890953,2.713936728122188,-0.0039215686274509665,-0.04744253252066821,-0.039411554617040157
dnsmos,l2,0.7,20270008,nisqa_val_live,1750,200,1.0,2.725325584411621,2.725325584411621,1.0,2.6799741768836975,2.6799741768836975,0.0,-0.04535140752792355,-0.04535140752792355
dnsmos,l2,0.7,20270008,nisqa_test_for,1750,240,0.9,2.725325584411621,3.2149482369422913,0.9166666666666666,2.72924065887928,3.1422073076168697,0.016666666666666607,0.003915074467658819,-0.07274092932542153
dnsmos,l2,0.7,20270008,nisqa_test_livetalk,1750,232,0.9439655172413793,2.725325584411621,3.01770909901323,0.9482758620689655,2.686037860040007,2.998880144850961,0.004310344827586188,-0.0392877243716141,-0.01882895416226882
dnsmos,l2,0.7,20270008,nisqa_test_p501,1750,240,0.8583333333333333,2.725325584411621,3.257611205180486,0.8583333333333333,2.7192840546369554,3.2268055846293766,0.0,-0.006041529774665655,-0.03080562055110958
dnsmos,knn,0.7,20270008,nisqa_val_sim,1750,750,0.892,2.725325584411621,3.1375870736440024,0.8946666666666667,2.7184035059611005,3.1226464665730793,0.002666666666666706,-0.006922078450520619,-0.01494060707092304
dnsmos,knn,0.7,20270008,nisqa_train_live,1750,1020,0.9901960784313726,2.725325584411621,2.753348282739228,0.9862745098039216,2.6288975940031163,2.66818986640257,-0.0039215686274509665,-0.0964279904085048,-0.08515841633665788
dnsmos,knn,0.7,20270008,nisqa_val_live,1750,200,1.0,2.725325584411621,2.725325584411621,1.0,2.6339476132392883,2.6339476132392883,0.0,-0.09137797117233282,-0.09137797117233282
dnsmos,knn,0.7,20270008,nisqa_test_for,1750,240,0.9,2.725325584411621,3.2149482369422913,0.8791666666666667,2.6705466210842133,3.198715090751648,-0.02083333333333337,-0.05477896332740784,-0.01623314619064331
dnsmos,knn,0.7,20270008,nisqa_test_livetalk,1750,232,0.9439655172413793,2.725325584411621,3.01770909901323,0.9396551724137931,2.6410770128513206,2.9791942259361006,-0.004310344827586188,-0.08424857156030052,-0.03851487307712942
dnsmos,knn,0.7,20270008,nisqa_test_p501,1750,240,0.8583333333333333,2.725325584411621,3.257611205180486,0.8583333333333333,2.7142951746781665,3.257540609439214,0.0,-0.011030409733454594,-7.059574127232793e-05
dnsmos,mahalanobis,0.7,20270009,nisqa_val_sim,1750,750,0.8946666666666667,2.728243827819824,3.1680115254720054,0.8893333333333333,2.7076377429962157,3.1632144934336344,-0.005333333333333412,-0.020606084823608484,-0.0047970320383710074
dnsmos,mahalanobis,0.7,20270009,nisqa_train_live,1750,1020,0.9901960784313726,2.728243827819824,2.755980423852509,0.984313725490196,2.6323536337590685,2.670379975964041,-0.005882352941176561,-0.09589019406075572,-0.08560044788846799
dnsmos,mahalanobis,0.7,20270009,nisqa_val_live,1750,200,1.0,2.728243827819824,2.728243827819824,0.995,2.646351534128189,2.649241656064987,-0.0050000000000000044,-0.08189229369163531,-0.07900217175483704
dnsmos,mahalanobis,0.7,20270009,nisqa_test_for,1750,240,0.9,2.728243827819824,3.2149482369422913,0.8833333333333333,2.674710583686829,3.1728946189085643,-0.01666666666666672,-0.05353324413299543,-0.04205361803372698
dnsmos,mahalanobis,0.7,20270009,nisqa_test_livetalk,1750,232,0.9439655172413793,2.728243827819824,3.0189921198220087,0.9396551724137931,2.624011638863333,2.968352255122415,-0.004310344827586188,-0.104232188956491,-0.050639864699593584
dnsmos,mahalanobis,0.7,20270009,nisqa_test_p501,1750,240,0.8583333333333333,2.728243827819824,3.2563952704270682,0.8583333333333333,2.706755758325259,3.25577266116937,0.0,-0.021488069494565387,-0.0006226092576984144
dnsmos,l2,0.7,20270009,nisqa_val_sim,1750,750,0.8946666666666667,2.728243827819824,3.1680115254720054,0.884,2.7209975996017457,3.162570103645325,-0.010666666666666713,-0.007246228218078521,-0.005441421826680504
dnsmos,l2,0.7,20270009,nisqa_train_live,1750,1020,0.9901960784313726,2.728243827819824,2.755980423852509,0.984313725490196,2.6682067754221896,2.7056836095510746,-0.005882352941176561,-0.06003705239763457,-0.05029681430143462
dnsmos,l2,0.7,20270009,nisqa_val_live,1750,200,1.0,2.728243827819824,2.728243827819824,0.995,2.672363483905792,2.6741566181182863,-0.0050000000000000044,-0.05588034391403207,-0.05408720970153791
dnsmos,l2,0.7,20270009,nisqa_test_for,1750,240,0.9,2.728243827819824,3.2149482369422913,0.9166666666666666,2.7298024704058963,3.1402261863152185,0.016666666666666607,0.0015586425860720787,-0.07472205062707271
dnsmos,l2,0.7,20270009,nisqa_test_livetalk,1750,232,0.9439655172413793,2.728243827819824,3.0189921198220087,0.9439655172413793,2.68067430936057,2.999249594992605,0.0,-0.04756951845925439,-0.019742524829403862
dnsmos,l2,0.7,20270009,nisqa_test_p501,1750,240,0.8583333333333333,2.728243827819824,3.2563952704270682,0.8625,2.7192845632632574,3.220096368590991,0.004166666666666763,-0.008959264556566815,-0.03629890183607731
dnsmos,knn,0.7,20270009,nisqa_val_sim,1750,750,0.8946666666666667,2.728243827819824,3.1680115254720054,0.8933333333333333,2.7095326455434163,3.168775157928467,-0.0013333333333334085,-0.01871118227640789,0.0007636324564614938
dnsmos,knn,0.7,20270009,nisqa_train_live,1750,1020,0.9901960784313726,2.728243827819824,2.755980423852509,0.9813725490196078,2.591806938835219,2.6372392820376978,-0.008823529411764786,-0.13643688898460526,-0.11874114181481144
dnsmos,knn,0.7,20270009,nisqa_val_live,1750,200,1.0,2.728243827819824,2.728243827819824,0.995,2.60040381193161,2.6033753418922423,-0.0050000000000000044,-0.12784001588821425,-0.12486848592758193
dnsmos,knn,0.7,20270009,nisqa_test_for,1750,240,0.9,2.728243827819824,3.2149482369422913,0.875,2.651163732012113,3.1940850764513016,-0.025000000000000022,-0.07708009580771114,-0.020863160490989685
dnsmos,knn,0.7,20270009,nisqa_test_livetalk,1750,232,0.9439655172413793,2.728243827819824,3.0189921198220087,0.9353448275862069,2.6077164822611314,2.9681873999792954,-0.008620689655172487,-0.12052734555869282,-0.050804719842713286
dnsmos,knn,0.7,20270009,nisqa_test_p501,1750,240,0.8583333333333333,2.728243827819824,3.2563952704270682,0.8583333333333333,2.7109683056672416,3.2628682255744934,0.0,-0.017275522152582656,0.006472955147425186
dnsmos,mahalanobis,0.7,20270010,nisqa_val_sim,1750,750,0.8826666666666667,2.7178893089294434,3.2476196575164793,0.8933333333333333,2.713592176437378,3.2419184907277425,0.010666666666666602,-0.004297132492065536,-0.005701166788736778
dnsmos,mahalanobis,0.7,20270010,nisqa_train_live,1750,1020,0.9901960784313726,2.7178893089294434,2.74664105387295,0.984313725490196,2.64027198973824,2.6776695099531436,-0.005882352941176561,-0.0776173191912033,-0.06897154391980642
dnsmos,mahalanobis,0.7,20270010,nisqa_val_live,1750,200,1.0,2.7178893089294434,2.7178893089294434,0.995,2.653488268852234,2.6564597988128664,-0.0050000000000000044,-0.06440104007720926,-0.061429510116576935
dnsmos,mahalanobis,0.7,20270010,nisqa_test_for,1750,240,0.9,2.7178893089294434,3.2149482369422913,0.8833333333333333,2.6813666174809136,3.1833391040563583,-0.01666666666666672,-0.03652269144852971,-0.03160913288593292
dnsmos,mahalanobis,0.7,20270010,nisqa_test_livetalk,1750,232,0.9439655172413793,2.7178893089294434,3.0144397020339966,0.9353448275862069,2.6283963826195946,2.96940072137734,-0.008620689655172487,-0.08949292630984873,-0.04503898065665668
dnsmos,mahalanobis,0.7,20270010,nisqa_test_p501,1750,240,0.8583333333333333,2.7178893089294434,3.26070965329806,0.8583333333333333,2.710697378714879,3.2550770501295725,0.0,-0.007191930214564213,-0.00563260316848746
dnsmos,l2,0.7,20270010,nisqa_val_sim,1750,750,0.8826666666666667,2.7178893089294434,3.2476196575164793,0.8906666666666667,2.7321458005905153,3.2459016021092735,0.008000000000000007,0.014256491661071902,-0.0017180554072058207
dnsmos,l2,0.7,20270010,nisqa_train_live,1750,1020,0.9901960784313726,2.7178893089294434,2.74664105387295,0.9833333333333333,2.6726288888968672,2.709318948727028,-0.006862745098039302,-0.04526042003257613,-0.037322105145921824
dnsmos,l2,0.7,20270010,nisqa_val_live,1750,200,1.0,2.7178893089294434,2.7178893089294434,0.995,2.6780753457546234,2.6810468757152557,-0.0050000000000000044,-0.03981396317482,-0.036842433214187675
dnsmos,l2,0.7,20270010,nisqa_test_for,1750,240,0.9,2.7178893089294434,3.2149482369422913,0.9083333333333333,2.736817094683647,3.1605891118446987,0.008333333333333304,0.01892778575420362,-0.05435912509759255
dnsmos,l2,0.7,20270010,nisqa_test_livetalk,1750,232,0.9439655172413793,2.7178893089294434,3.0144397020339966,0.9439655172413793,2.6888357431724152,3.0034110638602027,0.0,-0.02905356575702811,-0.011028638173793848
dnsmos,l2,0.7,20270010,nisqa_test_p501,1750,240,0.8583333333333333,2.7178893089294434,3.26070965329806,0.8625,2.7330769310394922,3.218560676773389,0.004166666666666763,0.01518762211004887,-0.04214897652467098
dnsmos,knn,0.7,20270010,nisqa_val_sim,1750,750,0.8826666666666667,2.7178893089294434,3.2476196575164793,0.8906666666666667,2.72000705464681,3.248861952463786,0.008000000000000007,0.0021177457173666703,0.0012422949473065437
dnsmos,knn,0.7,20270010,nisqa_train_live,1750,1020,0.9901960784313726,2.7178893089294434,2.74664105387295,0.9852941176470589,2.6149306203804765,2.6558927391089644,-0.004901960784313708,-0.10295868854896684,-0.0907483147639856
dnsmos,knn,0.7,20270010,nisqa_val_live,1750,200,1.0,2.7178893089294434,2.7178893089294434,0.995,2.6222456645965577,2.6241929364204406,-0.0050000000000000044,-0.09564364433288564,-0.09369637250900276
dnsmos,knn,0.7,20270010,nisqa_test_for,1750,240,0.9,2.7178893089294434,3.2149482369422913,0.8833333333333333,2.6701215664545694,3.1918076038360597,-0.01666666666666672,-0.04776774247487392,-0.0231406331062316
dnsmos,knn,0.7,20270010,nisqa_test_livetalk,1750,232,0.9439655172413793,2.7178893089294434,3.0144397020339966,0.9310344827586207,2.628599606711289,2.9750595997119773,-0.012931034482758674,-0.08928970221815424,-0.03938010232201927
dnsmos,knn,0.7,20270010,nisqa_test_p501,1750,240,0.8583333333333333,2.7178893089294434,3.26070965329806,0.8625,2.718264639377594,3.265476167201996,0.004166666666666763,0.00037533044815063477,0.004766513903935898
dnsmos,mahalanobis,0.7,20270011,nisqa_val_sim,1750,750,0.8906666666666667,2.7247915267944336,3.243764731089274,0.8906666666666667,2.7093832766215007,3.2264575532277426,0.0,-0.015408250172932902,-0.017307177861531464
dnsmos,mahalanobis,0.7,20270011,nisqa_train_live,1750,1020,0.9901960784313726,2.7247915267944336,2.7528665837119606,0.9872549019607844,2.6430531843035827,2.678050493259056,-0.002941176470588225,-0.08173834249085088,-0.0748160904529045
dnsmos,mahalanobis,0.7,20270011,nisqa_val_live,1750,200,1.0,2.7247915267944336,2.7247915267944336,0.995,2.6505192160606383,2.651547932624817,-0.0050000000000000044,-0.07427231073379525,-0.07324359416961679
dnsmos,mahalanobis,0.7,20270011,nisqa_test_for,1750,240,0.9,2.7247915267944336,3.2149482369422913,0.8833333333333333,2.6757286389668784,3.1840430001417794,-0.01666666666666672,-0.04906288782755519,-0.030905236800511826
dnsmos,mahalanobis,0.7,20270011,nisqa_test_livetalk,1750,232,0.9439655172413793,2.7247915267944336,3.0174742978194664,0.9353448275862069,2.6376205333347977,2.975855928042839,-0.008620689655172487,-0.08717099345963586,-0.04161836977662725
dnsmos,mahalanobis,0.7,20270011,nisqa_test_p501,1750,240,0.8583333333333333,2.7247915267944336,3.2578337291876474,0.8583333333333333,2.7062758028507234,3.2645982623100283,0.0,-0.01851572394371015,0.0067645331223809
dnsmos,l2,0.7,20270011,nisqa_val_sim,1750,750,0.8906666666666667,2.7247915267944336,3.243764731089274,0.896,2.726770590464274,3.2264465764363606,0.005333333333333301,0.001979063669840464,-0.01731815465291353
dnsmos,l2,0.7,20270011,nisqa_train_live,1750,1020,0.9901960784313726,2.7247915267944336,2.7528665837119606,0.9862745098039216,2.6807353145935955,2.7162195537604537,-0.0039215686274509665,-0.04405621220083811,-0.036647029951506926
dnsmos,l2,0.7,20270011,nisqa_val_live,1750,200,1.0,2.7247915267944336,2.7247915267944336,0.995,2.688912489414215,2.6890566968917846,-0.0050000000000000044,-0.03587903738021847,-0.03573482990264898
dnsmos,l2,0.7,20270011,nisqa_test_for,1750,240,0.9,2.7247915267944336,3.2149482369422913,0.9041666666666667,2.7326796730359395,3.1680742581685384,0.004166666666666652,0.007888146241505911,-0.04687397877375288
dnsmos,l2,0.7,20270011,nisqa_test_livetalk,1750,232,0.9439655172413793,2.7247915267944336,3.0174742978194664,0.9439655172413793,2.6927577709329538,2.9928918008146614,0.0,-0.03203375586147983,-0.02458249700480497
dnsmos,l2,0.7,20270011,nisqa_test_p501,1750,240,0.8583333333333333,2.7247915267944336,3.2578337291876474,0.8583333333333333,2.725662157932917,3.21017703016599,0.0,0.0008706311384836241,-0.04765669902165737
dnsmos,knn,0.7,20270011,nisqa_val_sim,1750,750,0.8906666666666667,2.7247915267944336,3.243764731089274,0.892,2.7205658871332803,3.2315334215164184,0.0013333333333332975,-0.004225639661153302,-0.012231309572855675
dnsmos,knn,0.7,20270011,nisqa_train_live,1750,1020,0.9901960784313726,2.7247915267944336,2.7528665837119606,0.9872549019607844,2.627669798860363,2.6671446367806078,-0.002941176470588225,-0.09712172793407081,-0.08572194693135282
dnsmos,knn,0.7,20270011,nisqa_val_live,1750,200,1.0,2.7247915267944336,2.7247915267944336,0.995,2.633271577358246,2.6342126750946044,-0.0050000000000000044,-0.0915199494361878,-0.09057885169982915
dnsmos,knn,0.7,20270011,nisqa_test_for,1750,240,0.9,2.7247915267944336,3.2149482369422913,0.8833333333333333,2.6757802853981656,3.1952809383471807,-0.01666666666666672,-0.049011241396268,-0.019667298595110516
dnsmos,knn,0.7,20270011,nisqa_test_livetalk,1750,232,0.9439655172413793,2.7247915267944336,3.0174742978194664,0.9353448275862069,2.638711225369881,2.980146793455913,-0.008620689655172487,-0.08608030142455281,-0.037327504363553476
dnsmos,knn,0.7,20270011,nisqa_test_p501,1750,240,0.8583333333333333,2.7247915267944336,3.2578337291876474,0.8625,2.7130070676406226,3.253494992852211,0.004166666666666763,-0.011784459153810989,-0.004338736335436355
dnsmos,mahalanobis,0.7,20270012,nisqa_val_sim,1750,750,0.9133333333333333,2.7570834159851074,3.0894245942433676,0.916,2.73990517171224,3.083432787577311,0.002666666666666706,-0.017178244272867627,-0.005991806666056476
dnsmos,mahalanobis,0.7,20270012,nisqa_train_live,1750,1020,0.9901960784313726,2.7570834159851074,2.7819926014133527,0.9872549019607844,2.671345956185285,2.703999956448873,-0.002941176470588225,-0.08573745979982261,-0.07799264496447966
dnsmos,mahalanobis,0.7,20270012,nisqa_val_live,1750,200,1.0,2.7570834159851074,2.7570834159851074,0.995,2.6824247360229494,2.682568943500519,-0.0050000000000000044,-0.07465867996215803,-0.07451447248458853
dnsmos,mahalanobis,0.7,20270012,nisqa_test_for,1750,240,0.9,2.7570834159851074,3.2149482369422913,0.8833333333333333,2.7087010204792024,3.174800431728363,-0.01666666666666672,-0.04838239550590506,-0.040147805213928134
dnsmos,mahalanobis,0.7,20270012,nisqa_test_livetalk,1750,232,0.9439655172413793,2.7570834159851074,3.0316715939291594,0.9439655172413793,2.6643795741015466,2.9841987470100664,0.0,-0.09270384188356084,-0.04747284691909304
dnsmos,mahalanobis,0.7,20270012,nisqa_test_p501,1750,240,0.8666666666666667,2.7570834159851074,3.244528820117315,0.8625,2.7407656013965607,3.249109834432602,-0.004166666666666652,-0.016317814588546753,0.004581014315287124
dnsmos,l2,0.7,20270012,nisqa_val_sim,1750,750,0.9133333333333333,2.7570834159851074,3.0894245942433676,0.916,2.7707817033131916,3.0891901098887127,0.002666666666666706,0.013698287328084202,-0.0002344843546548958
dnsmos,l2,0.7,20270012,nisqa_train_live,1750,1020,0.9901960784313726,2.7570834159851074,2.7819926014133527,0.9862745098039216,2.709433729975831,2.7417258248609655,-0.0039215686274509665,-0.047649686009276326,-0.040266776552387196
dnsmos,l2,0.7,20270012,nisqa_val_live,1750,200,1.0,2.7570834159851074,2.7570834159851074,0.995,2.712040890455246,2.7130696070194245,-0.0050000000000000044,-0.04504252552986143,-0.044013808965682966
dnsmos,l2,0.7,20270012,nisqa_test_for,1750,240,0.9,2.7570834159851074,3.2149482369422913,0.9166666666666666,2.7808140446742375,3.1462016036113103,0.016666666666666607,0.023730628689130118,-0.06874663333098097
dnsmos,l2,0.7,20270012,nisqa_test_livetalk,1750,232,0.9439655172413793,2.7570834159851074,3.0316715939291594,0.9439655172413793,2.723007420013691,3.0047481656074524,0.0,-0.03407599597141653,-0.02692342832170702
dnsmos,l2,0.7,20270012,nisqa_test_p501,1750,240,0.8666666666666667,2.7570834159851074,3.244528820117315,0.8791666666666667,2.7712980071703592,3.1846472481886545,0.012499999999999956,0.014214591185251813,-0.05988157192866028
dnsmos,knn,0.7,20270012,nisqa_val_sim,1750,750,0.9133333333333333,2.7570834159851074,3.0894245942433676,0.916,2.741457023302714,3.077866000811259,0.002666666666666706,-0.01562639268239341,-0.011558593432108744
dnsmos,knn,0.7,20270012,nisqa_train_live,1750,1020,0.9901960784313726,2.7570834159851074,2.7819926014133527,0.9872549019607844,2.634924491012798,2.6734621101734684,-0.002941176470588225,-0.12215892497230962,-0.10853049123988434
dnsmos,knn,0.7,20270012,nisqa_val_live,1750,200,1.0,2.7570834159851074,2.7570834159851074,0.995,2.642754579782486,2.6436956775188447,-0.0050000000000000044,-0.11432883620262135,-0.11338773846626271
dnsmos,knn,0.7,20270012,nisqa_test_for,1750,240,0.9,2.7570834159851074,3.2149482369422913,0.8833333333333333,2.6914014726877213,3.1858166168133417,-0.01666666666666672,-0.06568194329738608,-0.029131620128949542
dnsmos,knn,0.7,20270012,nisqa_test_livetalk,1750,232,0.9439655172413793,2.7570834159851074,3.0316715939291594,0.9353448275862069,2.6479994294972253,2.983086691848163,-0.008620689655172487,-0.10908398648788209,-0.04858490208099653
dnsmos,knn,0.7,20270012,nisqa_test_p501,1750,240,0.8666666666666667,2.7570834159851074,3.244528820117315,0.8666666666666667,2.740054788192113,3.2500352680683138,0.0,-0.0170286277929943,0.005506447950998972
dnsmos,mahalanobis,0.7,20270013,nisqa_val_sim,1750,750,0.912,2.7562456130981445,3.172768357594808,0.9053333333333333,2.739467929840088,3.1692571105957033,-0.00666666666666671,-0.01677768325805662,-0.003511246999104767
dnsmos,mahalanobis,0.7,20270013,nisqa_train_live,1750,1020,0.9901960784313726,2.7562456130981445,2.7812369360643276,0.984313725490196,2.6535458648906034,2.6875370731540755,-0.005882352941176561,-0.10269974820754113,-0.09369986291025212
dnsmos,mahalanobis,0.7,20270013,nisqa_val_live,1750,200,1.0,2.7562456130981445,2.7562456130981445,0.995,2.665558408498764,2.6685299384593963,-0.0050000000000000044,-0.09068720459938051,-0.08771567463874819
dnsmos,mahalanobis,0.7,20270013,nisqa_test_for,1750,240,0.9,2.7562456130981445,3.2149482369422913,0.8875,2.6961898912986118,3.1853208353122073,-0.012500000000000067,-0.06005572179953278,-0.029627401630083927
dnsmos,mahalanobis,0.7,20270013,nisqa_test_livetalk,1750,232,0.9439655172413793,2.7562456130981445,3.031303249556443,0.9353448275862069,2.6416005800510276,2.9771730653170883,-0.008620689655172487,-0.11464503304711693,-0.05413018423935467
dnsmos,mahalanobis,0.7,20270013,nisqa_test_p501,1750,240,0.8625,2.7562456130981445,3.2448423206806183,0.8625,2.728484093149503,3.252491433421771,0.0,-0.0277615199486414,0.007649112741152653
dnsmos,l2,0.7,20270013,nisqa_val_sim,1750,750,0.912,2.7562456130981445,3.172768357594808,0.9093333333333333,2.765110920270284,3.176528948148092,-0.002666666666666706,0.008865307172139403,0.0037605905532838158
dnsmos,l2,0.7,20270013,nisqa_train_live,1750,1020,0.9901960784313726,2.7562456130981445,2.7812369360643276,0.984313725490196,2.70550373582279,2.736898801840988,-0.005882352941176561,-0.05074187727535451,-0.044338134223339765
dnsmos,l2,0.7,20270013,nisqa_val_live,1750,200,1.0,2.7562456130981445,2.7562456130981445,0.995,2.710125162601471,2.711918296813965,-0.0050000000000000044,-0.04612045049667346,-0.04432731628417974
dnsmos,l2,0.7,20270013,nisqa_test_for,1750,240,0.9,2.7562456130981445,3.2149482369422913,0.9083333333333333,2.7740653842687606,3.1582087566455206,0.008333333333333304,0.01781977117061606,-0.05673948029677067
dnsmos,l2,0.7,20270013,nisqa_test_livetalk,1750,232,0.9439655172413793,2.7562456130981445,3.031303249556443,0.9439655172413793,2.7218819743600386,3.0066838911895095,0.0,-0.034363638738105884,-0.024619358366933408
dnsmos,l2,0.7,20270013,nisqa_test_p501,1750,240,0.8625,2.7562456130981445,3.2448423206806183,0.8791666666666667,2.771595067779223,3.183762706319491,0.016666666666666607,0.015349454681078623,-0.06107961436112719
dnsmos,knn,0.7,20270013,nisqa_val_sim,1750,750,0.912,2.7562456130981445,3.172768357594808,0.9053333333333333,2.730105230331421,3.168971352895101,-0.00666666666666671,-0.02614038276672348,-0.0037970046997068962
dnsmos,knn,0.7,20270013,nisqa_train_live,1750,1020,0.9901960784313726,2.7562456130981445,2.7812369360643276,0.9823529411764705,2.6100034664658938,2.6529232097607034,-0.007843137254902044,-0.14624214663225077,-0.12831372630362425
dnsmos,knn,0.7,20270013,nisqa_val_live,1750,200,1.0,2.7562456130981445,2.7562456130981445,0.995,2.619695210456848,2.6226667404174804,-0.0050000000000000044,-0.13655040264129648,-0.13357887268066415
dnsmos,knn,0.7,20270013,nisqa_test_for,1750,240,0.9,2.7562456130981445,3.2149482369422913,0.8791666666666667,2.674409472942352,3.1842386265595755,-0.02083333333333337,-0.08183614015579233,-0.030709610382715802
dnsmos,knn,0.7,20270013,nisqa_test_livetalk,1750,232,0.9439655172413793,2.7562456130981445,3.031303249556443,0.9353448275862069,2.6230044066905975,2.9730945383680276,-0.008620689655172487,-0.133241206407547,-0.05820871118841531
dnsmos,knn,0.7,20270013,nisqa_test_p501,1750,240,0.8625,2.7562456130981445,3.2448423206806183,0.8708333333333333,2.7218903799851737,3.2433788577715554,0.008333333333333304,-0.03435523311297084,-0.0014634629090628515
dnsmos,mahalanobis,0.7,20270014,nisqa_val_sim,1750,750,0.9013333333333333,2.7394542694091797,3.168727480570475,0.908,2.729364539464315,3.1556336542765298,0.00666666666666671,-0.01008972994486479,-0.013093826293945288
dnsmos,mahalanobis,0.7,20270014,nisqa_train_live,1750,1020,0.9901960784313726,2.7394542694091797,2.7660918025409473,0.9872549019607844,2.6554976664337455,2.688632430749781,-0.002941176470588225,-0.08395660297543417,-0.07745937179116646
dnsmos,mahalanobis,0.7,20270014,nisqa_val_live,1750,200,1.0,2.7394542694091797,2.7394542694091797,0.995,2.6652134108543395,2.666361074447632,-0.0050000000000000044,-0.0742408585548402,-0.07309319496154787
dnsmos,mahalanobis,0.7,20270014,nisqa_test_for,1750,240,0.9,2.7394542694091797,3.2149482369422913,0.8833333333333333,2.6934392472108204,3.1745824734369914,-0.01666666666666672,-0.04601502219835929,-0.040365763505299856
dnsmos,mahalanobis,0.7,20270014,nisqa_test_livetalk,1750,232,0.9439655172413793,2.7394542694091797,3.023920848451812,0.9396551724137931,2.65044726791053,2.9818652580524314,-0.004310344827586188,-0.08900700149864971,-0.04205559039938045
dnsmos,mahalanobis,0.7,20270014,nisqa_test_p501,1750,240,0.8583333333333333,2.7394542694091797,3.25172425309817,0.8625,2.728716280062993,3.2562559306621552,0.004166666666666763,-0.010737989346186527,0.004531677563985426
dnsmos,l2,0.7,20270014,nisqa_val_sim,1750,750,0.9013333333333333,2.7394542694091797,3.168727480570475,0.9053333333333333,2.740459504445394,3.1542305297851563,0.0040000000000000036,0.0010052350362141915,-0.014496950785318763
dnsmos,l2,0.7,20270014,nisqa_train_live,1750,1020,0.9901960784313726,2.7394542694091797,2.7660918025409473,0.9862745098039216,2.6889782103837705,2.723690034127703,-0.0039215686274509665,-0.05047605902540919,-0.0424017684132445
dnsmos,l2,0.7,20270014,nisqa_val_live,1750,200,1.0,2.7394542694091797,2.7394542694091797,0.995,2.692872700691223,2.6932051157951356,-0.0050000000000000044,-0.04658156871795649,-0.046249153614044136
dnsmos,l2,0.7,20270014,nisqa_test_for,1750,240,0.9,2.7394542694091797,3.2149482369422913,0.9166666666666666,2.7454290042320886,3.146085813641548,0.016666666666666607,0.005974734822908889,-0.0688624233007431
dnsmos,l2,0.7,20270014,nisqa_test_livetalk,1750,232,0.9439655172413793,2.7394542694091797,3.023920848451812,0.9482758620689655,2.6995161278494475,2.9992878745342124,0.004310344827586188,-0.03993814155973219,-0.024632973917599443
dnsmos,l2,0.7,20270014,nisqa_test_p501,1750,240,0.8583333333333333,2.7394542694091797,3.25172425309817,0.8666666666666667,2.736721788843473,3.21605292459329,0.008333333333333415,-0.002732480565706741,-0.03567132850487997
dnsmos,knn,0.7,20270014,nisqa_val_sim,1750,750,0.9013333333333333,2.7394542694091797,3.168727480570475,0.904,2.733722096761068,3.1642435022989908,0.002666666666666706,-0.005732172648111877,-0.004483978271484279
dnsmos,knn,0.7,20270014,nisqa_train_live,1750,1020,0.9901960784313726,2.7394542694091797,2.7660918025409473,0.9823529411764705,2.614793287772758,2.6571486942908344,-0.007843137254902044,-0.12466098163642148,-0.10894310825011289
dnsmos,knn,0.7,20270014,nisqa_val_live,1750,200,1.0,2.7394542694091797,2.7394542694091797,0.995,2.622669286727905,2.6256408166885374,-0.0050000000000000044,-0.11678498268127457,-0.11381345272064225
dnsmos,knn,0.7,20270014,nisqa_test_for,1750,240,0.9,2.7394542694091797,3.2149482369422913,0.875,2.6798278470834096,3.1835219144821165,-0.025000000000000022,-0.05962642232577009,-0.03142632246017474
dnsmos,knn,0.7,20270014,nisqa_test_livetalk,1750,232,0.9439655172413793,2.7394542694091797,3.023920848451812,0.9353448275862069,2.625673503711306,2.975983432654677,-0.008620689655172487,-0.11378076569787376,-0.04793741579713506
dnsmos,knn,0.7,20270014,nisqa_test_p501,1750,240,0.8583333333333333,2.7394542694091797,3.25172425309817,0.8666666666666667,2.730451146761576,3.259720375140508,0.008333333333333415,-0.009003122647603501,0.00799612204233835
dnsmos,mahalanobis,0.7,20270015,nisqa_val_sim,1750,750,0.9186666666666666,2.7642812728881836,3.1464132912953695,0.908,2.7295086294809976,3.14979088528951,-0.010666666666666602,-0.034772643407186,0.003377593994140504
dnsmos,mahalanobis,0.7,20270015,nisqa_train_live,1750,1020,0.9901960784313726,2.7642812728881836,2.7884847860710296,0.9823529411764705,2.630773849113315,2.6691052151661294,-0.007843137254902044,-0.1335074237748688,-0.11937957090490015
dnsmos,mahalanobis,0.7,20270015,nisqa_val_live,1750,200,1.0,2.7642812728881836,2.7642812728881836,0.995,2.6448054027557375,2.649853904247284,-0.0050000000000000044,-0.1194758701324461,-0.11442736864089964
dnsmos,mahalanobis,0.7,20270015,nisqa_test_for,1750,240,0.9,2.7642812728881836,3.2149482369422913,0.8875,2.6828856547673543,3.1606243034203847,-0.012500000000000067,-0.0813956181208293,-0.054323933521906564
dnsmos,mahalanobis,0.7,20270015,nisqa_test_livetalk,1750,232,0.9439655172413793,2.7642812728881836,3.034836168946891,0.9396551724137931,2.617182209573943,2.9701318638078096,-0.004310344827586188,-0.14709906331424039,-0.06470430513908143
dnsmos,mahalanobis,0.7,20270015,nisqa_test_p501,1750,240,0.8708333333333333,2.7642812728881836,3.2424151798089347,0.8625,2.7246210157871245,3.2540650248527525,-0.008333333333333304,-0.03966025710105914,0.01164984504381783
dnsmos,l2,0.7,20270015,nisqa_val_sim,1750,750,0.9186666666666666,2.7642812728881836,3.1464132912953695,0.912,2.7482081966400145,3.130770687739054,-0.006666666666666599,-0.016073076248169116,-0.015642603556315304
dnsmos,l2,0.7,20270015,nisqa_train_live,1750,1020,0.9901960784313726,2.7642812728881836,2.7884847860710296,0.9862745098039216,2.692794855903177,2.727603342018875,-0.0039215686274509665,-0.07148641698500668,-0.06088144405215434
dnsmos,l2,0.7,20270015,nisqa_val_live,1750,200,1.0,2.7642812728881836,2.7642812728881836,0.995,2.6995826983451843,2.6998748683929445,-0.0050000000000000044,-0.06469857454299932,-0.06440640449523904
dnsmos,l2,0.7,20270015,nisqa_test_for,1750,240,0.9,2.7642812728881836,3.2149482369422913,0.9166666666666666,2.7543914318084717,3.1483107606569924,0.016666666666666607,-0.009889841079711914,-0.06663747628529881
dnsmos,l2,0.7,20270015,nisqa_test_livetalk,1750,232,0.9439655172413793,2.7642812728881836,3.034836168946891,0.9482758620689655,2.705679646853743,3.007977541150718,0.004310344827586188,-0.058601626034440635,-0.026858627796173096
dnsmos,l2,0.7,20270015,nisqa_test_p501,1750,240,0.8708333333333333,2.7642812728881836,3.2424151798089347,0.8666666666666667,2.744260251522064,3.212060739596685,-0.004166666666666652,-0.020021021366119385,-0.030354440212249756
dnsmos,knn,0.7,20270015,nisqa_val_sim,1750,750,0.9186666666666666,2.7642812728881836,3.1464132912953695,0.912,2.7366446475982666,3.138562693277995,-0.006666666666666599,-0.02763662528991695,-0.007850598017374644
dnsmos,knn,0.7,20270015,nisqa_train_live,1750,1020,0.9901960784313726,2.7642812728881836,2.7884847860710296,0.9872549019607844,2.631552649946774,2.6703433504291607,-0.002941176470588225,-0.13272862294140975,-0.11814143564186885
dnsmos,knn,0.7,20270015,nisqa_val_live,1750,200,1.0,2.7642812728881836,2.7642812728881836,0.995,2.638479607105255,2.6395083236694337,-0.0050000000000000044,-0.1258016657829284,-0.12477294921874993
dnsmos,knn,0.7,20270015,nisqa_test_for,1750,240,0.9,2.7642812728881836,3.2149482369422913,0.8791666666666667,2.6867360413074493,3.1854008376598357,-0.02083333333333337,-0.07754523158073434,-0.029547399282455533
dnsmos,knn,0.7,20270015,nisqa_test_livetalk,1750,232,0.9439655172413793,2.7642812728881836,3.034836168946891,0.9396551724137931,2.644346868169719,2.9822376349876665,-0.004310344827586188,-0.11993440471846473,-0.052598533959224536
dnsmos,knn,0.7,20270015,nisqa_test_p501,1750,240,0.8708333333333333,2.7642812728881836,3.2424151798089347,0.8666666666666667,2.7389398396015165,3.260681567589442,-0.004166666666666652,-0.025341433286667048,0.018266387780507376
dnsmos,mahalanobis,0.7,20270016,nisqa_val_sim,1750,750,0.8933333333333333,2.7273998260498047,3.244005486170451,0.8973333333333333,2.717552033742269,3.2329134095509846,0.0040000000000000036,-0.009847792307535741,-0.011092076619466429
dnsmos,mahalanobis,0.7,20270016,nisqa_train_live,1750,1020,0.9901960784313726,2.7273998260498047,2.7552191673540603,0.9852941176470589,2.630726168202419,2.667861245660221,-0.004901960784313708,-0.09667365784738591,-0.08735792169383938
dnsmos,mahalanobis,0.7,20270016,nisqa_val_live,1750,200,1.0,2.7273998260498047,2.7273998260498047,0.995,2.642172944545746,2.645063066482544,-0.0050000000000000044,-0.08522688150405866,-0.08233675956726083
dnsmos,mahalanobis,0.7,20270016,nisqa_test_for,1750,240,0.9,2.7273998260498047,3.2149482369422913,0.8833333333333333,2.6721045235792795,3.1798562169075013,-0.01666666666666672,-0.055295302470525165,-0.03509202003478995
dnsmos,mahalanobis,0.7,20270016,nisqa_test_livetalk,1750,232,0.9439655172413793,2.7273998260498047,3.0186210500782935,0.9396551724137931,2.6244353549233796,2.9728570703802437,-0.004310344827586188,-0.10296447112642504,-0.045763979698049795
dnsmos,mahalanobis,0.7,20270016,nisqa_test_p501,1750,240,0.8583333333333333,2.7273998260498047,3.256746937831243,0.8583333333333333,2.7082597613334656,3.263731767733892,0.0,-0.01914006471633911,0.006984829902648926
dnsmos,l2,0.7,20270016,nisqa_val_sim,1750,750,0.8933333333333333,2.7273998260498047,3.244005486170451,0.9026666666666666,2.7419833024342855,3.237841574350993,0.009333333333333305,0.014583476384480765,-0.006163911819458079
dnsmos,l2,0.7,20270016,nisqa_train_live,1750,1020,0.9901960784313726,2.7273998260498047,2.7552191673540603,0.9862745098039216,2.683149842421214,2.720037927580815,-0.0039215686274509665,-0.04424998362859078,-0.03518123977324539
dnsmos,l2,0.7,20270016,nisqa_val_live,1750,200,1.0,2.7273998260498047,2.7273998260498047,0.995,2.6885375559329985,2.689531809091568,-0.0050000000000000044,-0.03886227011680621,-0.037868016958236606
dnsmos,l2,0.7,20270016,nisqa_test_for,1750,240,0.9,2.7273998260498047,3.2149482369422913,0.9166666666666666,2.7453756064176558,3.1449490716060002,0.016666666666666607,0.01797578036785108,-0.06999916533629102
dnsmos,l2,0.7,20270016,nisqa_test_livetalk,1750,232,0.9439655172413793,2.7273998260498047,3.0186210500782935,0.9439655172413793,2.695897667572416,3.0007933480986235,0.0,-0.031502158477388686,-0.017827701979669985
dnsmos,l2,0.7,20270016,nisqa_test_p501,1750,240,0.8583333333333333,2.7273998260498047,3.256746937831243,0.8625,2.7313652376333875,3.2247200846672057,0.004166666666666763,0.0039654115835827675,-0.032026853164037306
dnsmos,knn,0.7,20270016,nisqa_val_sim,1750,750,0.8933333333333333,2.7273998260498047,3.244005486170451,0.9026666666666666,2.7260040537516277,3.2552688471476237,0.009333333333333305,-0.0013957722981770004,0.01126336097717262
dnsmos,knn,0.7,20270016,nisqa_train_live,1750,1020,0.9901960784313726,2.7273998260498047,2.7552191673540603,0.9794117647058823,2.584077083596996,2.633746136637295,-0.010784313725490269,-0.14332274245280852,-0.12147303071676507
dnsmos,knn,0.7,20270016,nisqa_val_live,1750,200,1.0,2.7273998260498047,2.7273998260498047,0.995,2.5958728086948395,2.6010324966907503,-0.0050000000000000044,-0.1315270173549652,-0.12636732935905437
dnsmos,knn,0.7,20270016,nisqa_test_for,1750,240,0.9,2.7273998260498047,3.2149482369422913,0.8791666666666667,2.6604307631651563,3.189181133111318,-0.02083333333333337,-0.06696906288464843,-0.025767103830973248
dnsmos,knn,0.7,20270016,nisqa_test_livetalk,1750,232,0.9439655172413793,2.7273998260498047,3.0186210500782935,0.9353448275862069,2.6019544323970534,2.9711112575284364,-0.008620689655172487,-0.1254453936527513,-0.0475097925498571
dnsmos,knn,0.7,20270016,nisqa_test_p501,1750,240,0.8583333333333333,2.7273998260498047,3.256746937831243,0.8625,2.710996772845586,3.249511903524399,0.004166666666666763,-0.016403053204218754,-0.007235034306844135
dnsmos,mahalanobis,0.7,20270017,nisqa_val_sim,1750,750,0.8893333333333333,2.724292755126953,3.2452789306640626,0.904,2.731091101964315,3.2441122055053713,0.014666666666666717,0.006798346837361802,-0.0011667251586913174
dnsmos,mahalanobis,0.7,20270017,nisqa_train_live,1750,1020,0.9901960784313726,2.724292755126953,2.7524167112275664,0.9872549019607844,2.652113691731995,2.687198439532635,-0.002941176470588225,-0.07217906339495794,-0.06521827169493122
dnsmos,mahalanobis,0.7,20270017,nisqa_val_live,1750,200,1.0,2.724292755126953,2.724292755126953,0.995,2.6645200634002686,2.665667726993561,-0.0050000000000000044,-0.059772691726684535,-0.05862502813339221
dnsmos,mahalanobis,0.7,20270017,nisqa_test_for,1750,240,0.9,2.724292755126953,3.2149482369422913,0.8833333333333333,2.6950896153847377,3.168397751450539,-0.01666666666666672,-0.029203139742215445,-0.04655048549175245
dnsmos,mahalanobis,0.7,20270017,nisqa_test_livetalk,1750,232,0.9439655172413793,2.724292755126953,3.0172550102760054,0.9396551724137931,2.6487342746093354,2.9801470853131393,-0.004310344827586188,-0.07555848051761771,-0.03710792496286608
dnsmos,mahalanobis,0.7,20270017,nisqa_test_p501,1750,240,0.8583333333333333,2.724292755126953,3.2580415507157645,0.8625,2.7332050909598666,3.2564451207717258,0.004166666666666763,0.00891233583291351,-0.0015964299440387464
dnsmos,l2,0.7,20270017,nisqa_val_sim,1750,750,0.8893333333333333,2.724292755126953,3.2452789306640626,0.892,2.7224154523213704,3.2379176127115885,0.002666666666666706,-0.0018773028055827368,-0.007361317952474078
dnsmos,l2,0.7,20270017,nisqa_train_live,1750,1020,0.9901960784313726,2.724292755126953,2.7524167112275664,0.9862745098039216,2.674382542628868,2.7106242235969096,-0.0039215686274509665,-0.04991021249808503,-0.041792487630656794
dnsmos,l2,0.7,20270017,nisqa_val_live,1750,200,1.0,2.724292755126953,2.724292755126953,0.995,2.6770145964622496,2.6779489946365356,-0.0050000000000000044,-0.04727815866470353,-0.04634376049041755
dnsmos,l2,0.7,20270017,nisqa_test_for,1750,240,0.9,2.724292755126953,3.2149482369422913,0.9166666666666666,2.730908614397049,3.1414836664994557,0.016666666666666607,0.006615859270096003,-0.07346457044283561
dnsmos,l2,0.7,20270017,nisqa_test_livetalk,1750,232,0.9439655172413793,2.724292755126953,3.0172550102760054,0.9439655172413793,2.685594390178549,3.002323041702139,0.0,-0.03869836494840406,-0.01493196857386625
dnsmos,l2,0.7,20270017,nisqa_test_p501,1750,240,0.8583333333333333,2.724292755126953,3.2580415507157645,0.8625,2.7209339718023937,3.2246485630671184,0.004166666666666763,-0.003358783324559411,-0.033392987648646066
dnsmos,knn,0.7,20270017,nisqa_val_sim,1750,750,0.8893333333333333,2.724292755126953,3.2452789306640626,0.9026666666666666,2.728774160385132,3.2465379753112793,0.013333333333333308,0.00448140525817875,0.0012590446472167116
dnsmos,knn,0.7,20270017,nisqa_train_live,1750,1020,0.9901960784313726,2.724292755126953,2.7524167112275664,0.9862745098039216,2.617462836527357,2.6585408009734808,-0.0039215686274509665,-0.10682991859959623,-0.09387591025408559
dnsmos,knn,0.7,20270017,nisqa_val_live,1750,200,1.0,2.724292755126953,2.724292755126953,0.995,2.623201673030853,2.624142770767212,-0.0050000000000000044,-0.10109108209609996,-0.10014998435974132
dnsmos,knn,0.7,20270017,nisqa_test_for,1750,240,0.9,2.724292755126953,3.2149482369422913,0.8791666666666667,2.6700967530409496,3.193951157728831,-0.02083333333333337,-0.0541960020860035,-0.020997079213460168
dnsmos,knn,0.7,20270017,nisqa_test_livetalk,1750,232,0.9439655172413793,2.724292755126953,3.0172550102760054,0.9396551724137931,2.633345179516694,2.97866444238301,-0.004310344827586188,-0.09094757561025935,-0.03859056789299542
dnsmos,knn,0.7,20270017,nisqa_test_p501,1750,240,0.8583333333333333,2.724292755126953,3.2580415507157645,0.8625,2.7370920131603875,3.274368390440941,0.004166666666666763,0.012799258033434402,0.016326839725176345
dnsmos,mahalanobis,0.7,20270018,nisqa_val_sim,1750,750,0.9253333333333333,2.7762632369995117,3.0840357303619386,0.916,2.7489706395467124,3.0777265173594155,-0.009333333333333305,-0.027292597452799328,-0.006309213002523073
dnsmos,mahalanobis,0.7,20270018,nisqa_train_live,1750,1020,0.9901960784313726,2.7762632369995117,2.799292047818502,0.984313725490196,2.6629282399719836,2.69514492446301,-0.005882352941176561,-0.11333499702752814,-0.10414712335549181
dnsmos,mahalanobis,0.7,20270018,nisqa_val_live,1750,200,1.0,2.7762632369995117,2.7762632369995117,0.995,2.6812886142730714,2.6841787362098692,-0.0050000000000000044,-0.0949746227264403,-0.09208450078964248
dnsmos,mahalanobis,0.7,20270018,nisqa_test_for,1750,240,0.9,2.7762632369995117,3.2149482369422913,0.8875,2.7102695306142173,3.1778166194756827,-0.012500000000000067,-0.06599370638529445,-0.037131617466608535
dnsmos,mahalanobis,0.7,20270018,nisqa_test_livetalk,1750,232,0.9439655172413793,2.7762632369995117,3.040104101444113,0.9396551724137931,2.6493426941592118,2.9718287535782517,-0.004310344827586188,-0.12692054284029997,-0.06827534786586131
dnsmos,mahalanobis,0.7,20270018,nisqa_test_p501,1750,240,0.8708333333333333,2.7762632369995117,3.238920440276464,0.875,2.7448293209075927,3.24417125582695,0.004166666666666652,-0.031433916091919034,0.00525081555048601
dnsmos,l2,0.7,20270018,nisqa_val_sim,1750,750,0.9253333333333333,2.7762632369995117,3.0840357303619386,0.928,2.776014212290446,3.075141384124756,0.002666666666666706,-0.0002490247090656261,-0.00889434623718266
dnsmos,l2,0.7,20270018,nisqa_train_live,1750,1020,0.9901960784313726,2.7762632369995117,2.799292047818502,0.9882352941176471,2.722293295579798,2.753077696818931,-0.0019607843137254832,-0.053969941419713674,-0.04621435099957072
dnsmos,l2,0.7,20270018,nisqa_val_live,1750,200,1.0,2.7762632369995117,2.7762632369995117,1.0,2.7240619444847107,2.7240619444847107,0.0,-0.05220129251480099,-0.05220129251480099
dnsmos,l2,0.7,20270018,nisqa_test_for,1750,240,0.9,2.7762632369995117,3.2149482369422913,0.9166666666666666,2.7861091434955596,3.141829127073288,0.016666666666666607,0.009845906496047885,-0.07311910986900338
dnsmos,l2,0.7,20270018,nisqa_test_livetalk,1750,232,0.9439655172413793,2.7762632369995117,3.040104101444113,0.9482758620689655,2.7310660173153054,3.0087546747306297,0.004310344827586188,-0.04519721968420631,-0.031349426713483286
dnsmos,l2,0.7,20270018,nisqa_test_p501,1750,240,0.8708333333333333,2.7762632369995117,3.238920440276464,0.8791666666666667,2.7737051963806154,3.1870496292908985,0.008333333333333304,-0.0025580406188963067,-0.05187081098556545
dnsmos,knn,0.7,20270018,nisqa_val_sim,1750,750,0.9253333333333333,2.7762632369995117,3.0840357303619386,0.9186666666666666,2.7433015298843384,3.069151275952657,-0.00666666666666671,-0.03296170711517332,-0.014884454409281656
dnsmos,knn,0.7,20270018,nisqa_train_live,1750,1020,0.9901960784313726,2.7762632369995117,2.799292047818502,0.9872549019607844,2.6335283344867184,2.67224288594489,-0.002941176470588225,-0.1427349025127933,-0.12704916187361182
dnsmos,knn,0.7,20270018,nisqa_val_live,1750,200,1.0,2.7762632369995117,2.7762632369995117,0.995,2.6418444609642027,2.6427855587005613,-0.0050000000000000044,-0.13441877603530905,-0.1334776782989504
dnsmos,knn,0.7,20270018,nisqa_test_for,1750,240,0.9,2.7762632369995117,3.2149482369422913,0.8833333333333333,2.691915068030357,3.18243135313193,-0.01666666666666672,-0.08434816896915454,-0.03251688381036111
dnsmos,knn,0.7,20270018,nisqa_test_livetalk,1750,232,0.9439655172413793,2.7762632369995117,3.040104101444113,0.9396551724137931,2.647328364438024,2.9827651772005805,-0.004310344827586188,-0.1289348725614876,-0.057338924243532485
dnsmos,knn,0.7,20270018,nisqa_test_p501,1750,240,0.8708333333333333,2.7762632369995117,3.238920440276464,0.8708333333333333,2.749119500319163,3.2505737443765006,0.0,-0.027143736680348862,0.011653304100036621
dnsmos,mahalanobis,0.7,20270019,nisqa_val_sim,1750,750,0.8986666666666666,2.735581874847412,3.175759792327881,0.8893333333333333,2.705057907740275,3.177961362838745,-0.009333333333333305,-0.030523967107137118,0.002201570510864226
dnsmos,mahalanobis,0.7,20270019,nisqa_train_live,1750,1020,0.9901960784313726,2.735581874847412,2.762599054504843,0.9823529411764705,2.620612995297301,2.662407120068868,-0.007843137254902044,-0.11496887955011115,-0.10019193443597496
dnsmos,mahalanobis,0.7,20270019,nisqa_val_live,1750,200,1.0,2.735581874847412,2.735581874847412,0.995,2.6383210730552675,2.643236298561096,-0.0050000000000000044,-0.09726080179214458,-0.0923455762863159
dnsmos,mahalanobis,0.7,20270019,nisqa_test_for,1750,240,0.9,2.735581874847412,3.2149482369422913,0.8833333333333333,2.6713887552420297,3.174241046110789,-0.01666666666666672,-0.06419311960538243,-0.04070719083150243
dnsmos,mahalanobis,0.7,20270019,nisqa_test_livetalk,1750,232,0.9439655172413793,2.735581874847412,3.0222183301531036,0.9396551724137931,2.6072092631767534,2.962439534993007,-0.004310344827586188,-0.12837261167065872,-0.05977879516009654
dnsmos,mahalanobis,0.7,20270019,nisqa_test_p501,1750,240,0.8583333333333333,2.735581874847412,3.2533377508322396,0.8541666666666666,2.7033468186855316,3.257127861181895,-0.004166666666666652,-0.03223505616188049,0.0037901103496551514
dnsmos,l2,0.7,20270019,nisqa_val_sim,1750,750,0.8986666666666666,2.735581874847412,3.175759792327881,0.9013333333333333,2.7323093808492023,3.1903160362243654,0.002666666666666706,-0.0032724939982098356,0.014556243896484578
dnsmos,l2,0.7,20270019,nisqa_train_live,1750,1020,0.9901960784313726,2.735581874847412,2.762599054504843,0.9833333333333333,2.668775259513481,2.7082041013474556,-0.006862745098039302,-0.06680661533393106,-0.054394953157387516
dnsmos,l2,0.7,20270019,nisqa_val_live,1750,200,1.0,2.735581874847412,2.735581874847412,0.995,2.6710574877262117,2.6739476096630095,-0.0050000000000000044,-0.06452438712120045,-0.061634265184402626
dnsmos,l2,0.7,20270019,nisqa_test_for,1750,240,0.9,2.735581874847412,3.2149482369422913,0.9208333333333333,2.741484140356382,3.1262390464544296,0.02083333333333326,0.005902265508969773,-0.08870919048786163
dnsmos,l2,0.7,20270019,nisqa_test_livetalk,1750,232,0.9439655172413793,2.735581874847412,3.0222183301531036,0.9439655172413793,2.682210134021167,3.0031320031346946,0.0,-0.05337174082624507,-0.019086327018408955
dnsmos,l2,0.7,20270019,nisqa_test_p501,1750,240,0.8583333333333333,2.735581874847412,3.2533377508322396,0.8666666666666667,2.728305943806966,3.2127057095368703,0.008333333333333415,-0.007275931040445993,-0.04063204129536935
dnsmos,knn,0.7,20270019,nisqa_val_sim,1750,750,0.8986666666666666,2.735581874847412,3.175759792327881,0.892,2.7066609884897868,3.1688142960866292,-0.006666666666666599,-0.028920886357625353,-0.006945496241251625
dnsmos,knn,0.7,20270019,nisqa_train_live,1750,1020,0.9901960784313726,2.735581874847412,2.762599054504843,0.984313725490196,2.6049026428484447,2.647637618756762,-0.005882352941176561,-0.13067923199896736,-0.11496143574808126
dnsmos,knn,0.7,20270019,nisqa_val_live,1750,200,1.0,2.735581874847412,2.735581874847412,0.995,2.612945010662079,2.6148748779296875,-0.0050000000000000044,-0.12263686418533304,-0.12070699691772457
dnsmos,knn,0.7,20270019,nisqa_test_for,1750,240,0.9,2.735581874847412,3.2149482369422913,0.8791666666666667,2.657713367541631,3.1944024006525678,-0.02083333333333337,-0.07786850730578099,-0.020545836289723507
dnsmos,knn,0.7,20270019,nisqa_test_livetalk,1750,232,0.9439655172413793,2.735581874847412,3.0222183301531036,0.9353448275862069,2.6188651076678573,2.9713258085579706,-0.008620689655172487,-0.11671676717955481,-0.05089252159513302
dnsmos,knn,0.7,20270019,nisqa_test_p501,1750,240,0.8583333333333333,2.735581874847412,3.2533377508322396,0.8541666666666666,2.7126864810784657,3.266520680983861,-0.004166666666666652,-0.022895393768946448,0.01318293015162153
dnsmos,mahalanobis,0.7,20270020,nisqa_val_sim,1750,750,0.9173333333333333,2.76141619682312,3.1228422101338706,0.9253333333333333,2.767291138013204,3.1116880725224814,0.008000000000000007,0.0058749411900840265,-0.011154137611389281
dnsmos,mahalanobis,0.7,20270020,nisqa_train_live,1750,1020,0.9901960784313726,2.76141619682312,2.7859005998162663,0.9872549019607844,2.6755386801326977,2.7075420407687916,-0.002941176470588225,-0.08587751669042243,-0.07835855904747469
dnsmos,mahalanobis,0.7,20270020,nisqa_val_live,1750,200,1.0,2.76141619682312,2.76141619682312,1.0,2.6820181834697725,2.6820181834697725,0.0,-0.07939801335334762,-0.07939801335334762
dnsmos,mahalanobis,0.7,20270020,nisqa_test_for,1750,240,0.9,2.76141619682312,3.2149482369422913,0.8916666666666667,2.7148109316825866,3.168519500891368,-0.008333333333333304,-0.046605265140533536,-0.04642873605092346
dnsmos,mahalanobis,0.7,20270020,nisqa_test_livetalk,1750,232,0.9439655172413793,2.76141619682312,3.033576523435527,0.9439655172413793,2.6710067977165353,2.9904306787869026,0.0,-0.09040939910658485,-0.043145844648624365
dnsmos,mahalanobis,0.7,20270020,nisqa_test_p501,1750,240,0.8708333333333333,2.76141619682312,3.243250826994578,0.875,2.7548590888579687,3.247180073459943,0.004166666666666652,-0.00655710796515141,0.003929246465365299
dnsmos,l2,0.7,20270020,nisqa_val_sim,1750,750,0.9173333333333333,2.76141619682312,3.1228422101338706,0.916,2.760820655186971,3.1280838673909503,-0.0013333333333332975,-0.0005955416361489441,0.0052416572570797015
dnsmos,l2,0.7,20270020,nisqa_train_live,1750,1020,0.9901960784313726,2.76141619682312,2.7859005998162663,0.9862745098039216,2.7018986129293254,2.7355590247640422,-0.0039215686274509665,-0.05951758389379469,-0.05034157505222403
dnsmos,l2,0.7,20270020,nisqa_val_live,1750,200,1.0,2.76141619682312,2.76141619682312,0.995,2.6984885227680206,2.6987806928157805,-0.0050000000000000044,-0.06292767405509947,-0.06263550400733964
dnsmos,l2,0.7,20270020,nisqa_test_for,1750,240,0.9,2.76141619682312,3.2149482369422913,0.9208333333333333,2.7628991842269897,3.1391852140426635,0.02083333333333326,0.00148298740386954,-0.07576302289962777
dnsmos,l2,0.7,20270020,nisqa_test_livetalk,1750,232,0.9439655172413793,2.76141619682312,3.033576523435527,0.9482758620689655,2.709582428480017,3.00930861871818,0.004310344827586188,-0.05183376834310316,-0.024267904717346855
dnsmos,l2,0.7,20270020,nisqa_test_p501,1750,240,0.8708333333333333,2.76141619682312,3.243250826994578,0.8708333333333333,2.7511197865009307,3.2035474022229513,0.0,-0.01029641032218942,-0.03970342477162658
dnsmos,knn,0.7,20270020,nisqa_val_sim,1750,750,0.9173333333333333,2.76141619682312,3.1228422101338706,0.9186666666666666,2.7536053981781006,3.1112615750630694,0.0013333333333332975,-0.0078107986450195455,-0.011580635070801204
dnsmos,knn,0.7,20270020,nisqa_train_live,1750,1020,0.9901960784313726,2.76141619682312,2.7859005998162663,0.9882352941176471,2.6608520662083346,2.696466900320614,-0.0019607843137254832,-0.10056413061478553,-0.08943369949565216
dnsmos,knn,0.7,20270020,nisqa_val_live,1750,200,1.0,2.76141619682312,2.76141619682312,1.0,2.666380639076233,2.666380639076233,0.0,-0.0950355577468871,-0.0950355577468871
dnsmos,knn,0.7,20270020,nisqa_test_for,1750,240,0.9,2.76141619682312,3.2149482369422913,0.8875,2.706859827041626,3.189569075902303,-0.012500000000000067,-0.05455636978149414,-0.025379161039988052
dnsmos,knn,0.7,20270020,nisqa_test_livetalk,1750,232,0.9439655172413793,2.76141619682312,3.033576523435527,0.9396551724137931,2.6703249380506318,2.985424358269264,-0.004310344827586188,-0.09109125877248836,-0.04815216516626286
dnsmos,knn,0.7,20270020,nisqa_test_p501,1750,240,0.8708333333333333,2.76141619682312,3.243250826994578,0.875,2.741818966468175,3.2342837075392405,0.004166666666666652,-0.019597230354944983,-0.008967119455337347
nisqa,mahalanobis,0.3,20270001,nisqa_val_sim,750,1750,0.892,2.8736491203308105,3.4964033344813754,0.8942857142857142,2.8179499611173355,3.4342345236369543,0.0022857142857142243,-0.055699159213475014,-0.06216881084442116
nisqa,mahalanobis,0.3,20270001,nisqa_train_live,750,1020,0.9921568627450981,2.8736491203308105,2.8897120812359978,0.9490196078431372,2.2161688940197815,2.413599111987095,-0.04313725490196085,-0.6574802263110291,-0.47611296924890256
nisqa,mahalanobis,0.3,20270001,nisqa_val_live,750,200,0.995,2.8736491203308105,2.884699833393097,0.98,2.214777147769928,2.325478732585907,-0.015000000000000013,-0.6588719725608825,-0.5592211008071901
nisqa,mahalanobis,0.3,20270001,nisqa_test_for,750,240,0.9166666666666666,2.8736491203308105,3.4370891551176705,0.9125,2.5314535081386564,3.2289127786954244,-0.004166666666666652,-0.3421956121921541,-0.20817637642224618
nisqa,mahalanobis,0.3,20270001,nisqa_test_livetalk,750,232,0.9353448275862069,2.8736491203308105,3.171373252210946,0.8663793103448276,2.2752368994827927,3.062440026423027,-0.06896551724137923,-0.5984122208480178,-0.10893322578791897
nisqa,mahalanobis,0.3,20270001,nisqa_test_p501,750,240,0.9666666666666667,2.8736491203308105,3.0176952481269836,0.9125,2.506083941459656,2.8828306903441745,-0.054166666666666696,-0.3675651788711547,-0.13486455778280915
nisqa,l2,0.3,20270001,nisqa_val_sim,750,1750,0.892,2.8736491203308105,3.4964033344813754,0.8937142857142857,2.80892992741721,3.452737665585109,0.0017142857142856682,-0.0647191929136004,-0.04366566889626622
nisqa,l2,0.3,20270001,nisqa_train_live,750,1020,0.9921568627450981,2.8736491203308105,2.8897120812359978,0.9598039215686275,2.464914935009152,2.6357244984776367,-0.032352941176470584,-0.4087341853216584,-0.2539875827583611
nisqa,l2,0.3,20270001,nisqa_val_live,750,200,0.995,2.8736491203308105,2.884699833393097,0.985,2.49907718539238,2.5106051528453825,-0.010000000000000009,-0.37457193493843066,-0.37409468054771455
nisqa,l2,0.3,20270001,nisqa_test_for,750,240,0.9166666666666666,2.8736491203308105,3.4370891551176705,0.9208333333333333,2.511795676747958,3.2928955127795536,0.004166666666666652,-0.36185344358285265,-0.14419364233811693
nisqa,l2,0.3,20270001,nisqa_test_livetalk,750,232,0.9353448275862069,2.8736491203308105,3.171373252210946,0.853448275862069,2.3622170018738715,3.37818153253917,-0.0818965517241379,-0.511432118456939,0.2068082803282243
nisqa,l2,0.3,20270001,nisqa_test_p501,750,240,0.9666666666666667,2.8736491203308105,3.0176952481269836,0.9291666666666667,2.65495827794075,3.021073197325071,-0.03749999999999998,-0.21869084239006042,0.0033779491980872045
nisqa,knn,0.3,20270001,nisqa_val_sim,750,1750,0.892,2.8736491203308105,3.4964033344813754,0.8931428571428571,2.845971611840384,3.4895512242998397,0.0011428571428571122,-0.027677508490426384,-0.006852110181535753
nisqa,knn,0.3,20270001,nisqa_train_live,750,1020,0.9921568627450981,2.8736491203308105,2.8897120812359978,0.9715686274509804,2.3766865580689673,2.489830733748043,-0.020588235294117685,-0.4969625622618432,-0.39988134748795456
nisqa,knn,0.3,20270001,nisqa_val_live,750,200,0.995,2.8736491203308105,2.884699833393097,0.98,2.3502797377109528,2.4382426273822784,-0.015000000000000013,-0.5233693826198578,-0.44645720601081873
nisqa,knn,0.3,20270001,nisqa_test_for,750,240,0.9166666666666666,2.8736491203308105,3.4370891551176705,0.9208333333333333,2.6522024889787037,3.4209442754586536,0.004166666666666652,-0.22144663135210685,-0.016144879659016897
nisqa,knn,0.3,20270001,nisqa_test_livetalk,750,232,0.9353448275862069,2.8736491203308105,3.171373252210946,0.8922413793103449,2.4129957104551383,3.058680104798284,-0.04310344827586199,-0.46065340987567227,-0.11269314741266179
nisqa,knn,0.3,20270001,nisqa_test_p501,750,240,0.9666666666666667,2.8736491203308105,3.0176952481269836,0.9583333333333334,2.6836580554644267,2.84968241751194,-0.008333333333333304,-0.18999106486638384,-0.16801283061504346
nisqa,mahalanobis,0.3,20270002,nisqa_val_sim,750,1750,0.9057142857142857,2.9332637786865234,3.4923195920671737,0.9028571428571428,2.8557972042901176,3.4601194524765013,-0.0028571428571428914,-0.07746657439640581,-0.03220013959067236
nisqa,mahalanobis,0.3,20270002,nisqa_train_live,750,1020,0.9941176470588236,2.9332637786865234,2.9451515768088545,0.9313725490196079,2.037232495990454,2.375316642078699,-0.06274509803921569,-0.8960312826960695,-0.5698349347301557
nisqa,mahalanobis,0.3,20270002,nisqa_val_live,750,200,0.995,2.9332637786865234,2.941333758831024,0.94,2.0258933806419375,2.196796908378601,-0.05500000000000005,-0.907370398044586,-0.7445368504524228
nisqa,mahalanobis,0.3,20270002,nisqa_test_for,750,240,0.9291666666666667,2.9332637786865234,3.453800847133001,0.9041666666666667,2.4936044762531915,3.289865548412005,-0.025000000000000022,-0.43965930243333196,-0.16393529872099588
nisqa,mahalanobis,0.3,20270002,nisqa_test_livetalk,750,232,0.9353448275862069,2.9332637786865234,3.192443950422879,0.8189655172413793,2.090193553217526,3.212328826559001,-0.11637931034482751,-0.8430702254689972,0.01988487613612211
nisqa,mahalanobis,0.3,20270002,nisqa_test_p501,750,240,0.975,2.9332637786865234,3.058811128139496,0.9041666666666667,2.4579783687988916,2.946455514431,-0.0708333333333333,-0.4752854098876318,-0.112355613708496
nisqa,l2,0.3,20270002,nisqa_val_sim,750,1750,0.9057142857142857,2.9332637786865234,3.4923195920671737,0.9091428571428571,2.9078710253579274,3.4235366709572927,0.0034285714285714475,-0.02539275332859603,-0.06878292110988093
nisqa,l2,0.3,20270002,nisqa_train_live,750,1020,0.9941176470588236,2.9332637786865234,2.9451515768088545,0.9745098039215686,2.6833946672140385,2.771255969066246,-0.019607843137254943,-0.24986911147248492,-0.1738956077426086
nisqa,l2,0.3,20270002,nisqa_val_live,750,200,0.995,2.9332637786865234,2.941333758831024,1.0,2.722246261835098,2.722246261835098,0.0050000000000000044,-0.21101751685142522,-0.21908749699592578
nisqa,l2,0.3,20270002,nisqa_test_for,750,240,0.9291666666666667,2.9332637786865234,3.453800847133001,0.9333333333333333,2.701060766975085,3.3819050242503486,0.004166666666666652,-0.23220301171143864,-0.07189582288265228
nisqa,l2,0.3,20270002,nisqa_test_livetalk,750,232,0.9353448275862069,2.9332637786865234,3.192443950422879,0.896551724137931,2.5953735729743697,3.25805278276575,-0.0387931034482758,-0.3378902057121538,0.06560883234287118
nisqa,l2,0.3,20270002,nisqa_test_p501,750,240,0.975,2.9332637786865234,3.058811128139496,0.9541666666666667,2.8170854578415554,3.029130744934082,-0.02083333333333326,-0.11617832084496804,-0.029680383205413996
nisqa,knn,0.3,20270002,nisqa_val_sim,750,1750,0.9057142857142857,2.9332637786865234,3.4923195920671737,0.9097142857142857,2.9022100353240967,3.4816304915291925,0.0040000000000000036,-0.031053743362426722,-0.010689100537981222
nisqa,knn,0.3,20270002,nisqa_train_live,750,1020,0.9941176470588236,2.9332637786865234,2.9451515768088545,0.9754901960784313,2.4209792520485673,2.5224610543718526,-0.0186274509803922,-0.5122845266379561,-0.4226905224370019
nisqa,knn,0.3,20270002,nisqa_val_live,750,200,0.995,2.9332637786865234,2.941333758831024,0.98,2.3933541774749756,2.472493863105774,-0.015000000000000013,-0.5399096012115479,-0.46883989572525
nisqa,knn,0.3,20270002,nisqa_test_for,750,240,0.9291666666666667,2.9332637786865234,3.453800847133001,0.925,2.720962107181549,3.395672450462977,-0.004166666666666652,-0.21230167150497437,-0.058128396670023896
nisqa,knn,0.3,20270002,nisqa_test_livetalk,750,232,0.9353448275862069,2.9332637786865234,3.192443950422879,0.8922413793103449,2.4631109648737413,3.044836769843924,-0.04310344827586199,-0.4701528138127822,-0.14760718057895517
nisqa,knn,0.3,20270002,nisqa_test_p501,750,240,0.975,2.9332637786865234,3.058811128139496,0.95,2.72704918384552,2.9004697769880297,-0.025000000000000022,-0.20621459484100324,-0.1583413511514662
nisqa,mahalanobis,0.3,20270003,nisqa_val_sim,750,1750,0.8874285714285715,2.848329544067383,3.547260788508824,0.9022857142857142,2.8720022949491226,3.4637404767445155,0.014857142857142791,0.023672750881739812,-0.08352031176430863
nisqa,mahalanobis,0.3,20270003,nisqa_train_live,750,1020,0.9921568627450981,2.848329544067383,2.86637835409127,0.9598039215686275,2.3285288361942067,2.475530343429715,-0.032352941176470584,-0.5198007078731761,-0.3908480106615553
nisqa,mahalanobis,0.3,20270003,nisqa_val_live,750,200,0.995,2.848329544067383,2.8606462359428404,0.99,2.3338765442371368,2.395471030473709,-0.0050000000000000044,-0.5144529998302461,-0.4651752054691314
nisqa,mahalanobis,0.3,20270003,nisqa_test_for,750,240,0.9125,2.848329544067383,3.433857331673304,0.9208333333333333,2.617309558391571,3.274306931098302,0.008333333333333304,-0.23101998567581195,-0.15955040057500192
nisqa,mahalanobis,0.3,20270003,nisqa_test_livetalk,750,232,0.9353448275862069,2.848329544067383,3.162424091635079,0.8879310344827587,2.369309639108592,3.0324947381841727,-0.047413793103448176,-0.47901990495879065,-0.1299293534509065
nisqa,mahalanobis,0.3,20270003,nisqa_test_p501,750,240,0.9666666666666667,2.848329544067383,3.000815530618032,0.925,2.611123995979627,2.898541720708211,-0.04166666666666663,-0.23720554808775596,-0.10227380990982082
nisqa,l2,0.3,20270003,nisqa_val_sim,750,1750,0.8874285714285715,2.848329544067383,3.547260788508824,0.908,2.9506772609438214,3.4959271508625576,0.020571428571428574,0.10234771687643862,-0.05133363764626653
nisqa,l2,0.3,20270003,nisqa_train_live,750,1020,0.9921568627450981,2.848329544067383,2.86637835409127,0.9892156862745098,2.7629092990183364,2.7993373602044347,-0.002941176470588225,-0.08542024504904644,-0.06704099388683549
nisqa,l2,0.3,20270003,nisqa_val_live,750,200,0.995,2.848329544067383,2.8606462359428404,0.995,2.8114154851436615,2.823732177019119,0.0,-0.03691405892372135,-0.03691405892372135
nisqa,l2,0.3,20270003,nisqa_test_for,750,240,0.9125,2.848329544067383,3.433857331673304,0.9291666666666667,2.796391094724337,3.317135140299797,0.01666666666666672,-0.0519384493430457,-0.11672219137350703
nisqa,l2,0.3,20270003,nisqa_test_livetalk,750,232,0.9353448275862069,2.848329544067383,3.162424091635079,0.9137931034482759,2.6889082275587937,3.162976153965654,-0.02155172413793094,-0.15942131650858915,0.0005520623305748096
nisqa,l2,0.3,20270003,nisqa_test_p501,750,240,0.9666666666666667,2.848329544067383,3.000815530618032,0.9583333333333334,2.8769375761349996,3.056565198302269,-0.008333333333333304,0.02860803206761675,0.05574966768423684
nisqa,knn,0.3,20270003,nisqa_val_sim,750,1750,0.8874285714285715,2.848329544067383,3.547260788508824,0.8925714285714286,2.841881626674107,3.5150267832619804,0.005142857142857116,-0.0064479173932756595,-0.03223400524684372
nisqa,knn,0.3,20270003,nisqa_train_live,750,1020,0.9921568627450981,2.848329544067383,2.86637835409127,0.9833333333333333,2.632970412572225,2.6811342029010548,-0.008823529411764786,-0.21535913149515773,-0.18524415119021542
nisqa,knn,0.3,20270003,nisqa_val_live,750,200,0.995,2.848329544067383,2.8606462359428404,0.99,2.6187670290470124,2.655272144079208,-0.0050000000000000044,-0.2295625150203704,-0.2053740918636322
nisqa,knn,0.3,20270003,nisqa_test_for,750,240,0.9125,2.848329544067383,3.433857331673304,0.925,2.762834162513415,3.4005436013142267,0.012500000000000067,-0.08549538155396785,-0.033313730359077365
nisqa,knn,0.3,20270003,nisqa_test_livetalk,750,232,0.9353448275862069,2.848329544067383,3.162424091635079,0.9181034482758621,2.650013467361187,3.0848218182037614,-0.01724137931034475,-0.19831607670619578,-0.07760227343131776
nisqa,knn,0.3,20270003,nisqa_test_p501,750,240,0.9666666666666667,2.848329544067383,3.000815530618032,0.9625,2.764502290884654,2.914878988265991,-0.004166666666666652,-0.08382725318272888,-0.08593654235204085
nisqa,mahalanobis,0.3,20270004,nisqa_val_sim,750,1750,0.9154285714285715,2.992219924926758,3.4486109733581545,0.9194285714285715,2.9161191407612392,3.371582736832755,0.0040000000000000036,-0.07610078416551858,-0.07702823652539958
nisqa,mahalanobis,0.3,20270004,nisqa_train_live,750,1020,0.996078431372549,2.992219924926758,3.0010153639550303,0.9558823529411765,2.285688143617967,2.4460488539116056,-0.04019607843137252,-0.706531781308791,-0.5549665100434247
nisqa,mahalanobis,0.3,20270004,nisqa_val_live,750,200,0.995,2.992219924926758,2.9973420977592466,0.98,2.2823260128498077,2.379083400964737,-0.015000000000000013,-0.7098939120769501,-0.6182586967945096
nisqa,mahalanobis,0.3,20270004,nisqa_test_for,750,240,0.9333333333333333,2.992219924926758,3.472268650929133,0.925,2.612939935922623,3.2888664921124775,-0.008333333333333304,-0.37927998900413495,-0.18340215881665545
nisqa,mahalanobis,0.3,20270004,nisqa_test_livetalk,750,232,0.9396551724137931,2.992219924926758,3.2148489253274324,0.8793103448275862,2.333450984338234,3.0216268927886567,-0.06034482758620696,-0.6587689405885238,-0.19322203253877568
nisqa,mahalanobis,0.3,20270004,nisqa_test_p501,750,240,0.9791666666666666,2.992219924926758,3.1040720343589783,0.9291666666666667,2.597510584195455,2.9189611305793126,-0.04999999999999993,-0.3947093407313029,-0.18511090377966566
nisqa,l2,0.3,20270004,nisqa_val_sim,750,1750,0.9154285714285715,2.992219924926758,3.4486109733581545,0.9308571428571428,3.020852209499904,3.3935201188496182,0.015428571428571347,0.02863228457314637,-0.055090854508536236
nisqa,l2,0.3,20270004,nisqa_train_live,750,1020,0.996078431372549,2.992219924926758,3.0010153639550303,0.9882352941176471,2.838238143453411,2.8790794283735988,-0.007843137254901933,-0.15398178147334685,-0.12193593558143156
nisqa,l2,0.3,20270004,nisqa_val_live,750,200,0.995,2.992219924926758,2.9973420977592466,1.0,2.864326409101486,2.864326409101486,0.0050000000000000044,-0.12789351582527164,-0.13301568865776048
nisqa,l2,0.3,20270004,nisqa_test_for,750,240,0.9333333333333333,2.992219924926758,3.472268650929133,0.9375,2.8521408389012017,3.437287683288256,0.004166666666666652,-0.14007908602555608,-0.03498096764087677
nisqa,l2,0.3,20270004,nisqa_test_livetalk,750,232,0.9396551724137931,2.992219924926758,3.2148489253274324,0.9310344827586207,2.783845383545448,3.1949697774032066,-0.008620689655172487,-0.20837454138130962,-0.019879147924225737
nisqa,l2,0.3,20270004,nisqa_test_p501,750,240,0.9791666666666666,2.992219924926758,3.1040720343589783,0.9625,2.9343201547861097,3.056526842713356,-0.016666666666666607,-0.057899770140648066,-0.04754519164562243
nisqa,knn,0.3,20270004,nisqa_val_sim,750,1750,0.9154285714285715,2.992219924926758,3.4486109733581545,0.9211428571428572,3.005364430836269,3.4272741159711564,0.005714285714285672,0.013144505909511217,-0.021336857386998087
nisqa,knn,0.3,20270004,nisqa_train_live,750,1020,0.996078431372549,2.992219924926758,3.0010153639550303,0.9892156862745098,2.782089884140912,2.811806703081318,-0.006862745098039191,-0.21013004078584574,-0.18920866087371246
nisqa,knn,0.3,20270004,nisqa_val_live,750,200,0.995,2.992219924926758,2.9973420977592466,0.99,2.7635518097877503,2.7863229179382323,-0.0050000000000000044,-0.22866811513900753,-0.21101917982101437
nisqa,knn,0.3,20270004,nisqa_test_for,750,240,0.9333333333333333,2.992219924926758,3.472268650929133,0.9333333333333333,2.9093956212202707,3.4333956599235536,0.0,-0.08282430370648708,-0.038872991005579394
nisqa,knn,0.3,20270004,nisqa_test_livetalk,750,232,0.9396551724137931,2.992219924926758,3.2148489253274324,0.9310344827586207,2.794626577147122,3.128664386683497,-0.008620689655172487,-0.19759334777963566,-0.0861845386439355
nisqa,knn,0.3,20270004,nisqa_test_p501,750,240,0.9791666666666666,2.992219924926758,3.1040720343589783,0.9708333333333333,2.933732720216115,3.036459259192149,-0.008333333333333304,-0.058487204710642615,-0.0676127751668294
nisqa,mahalanobis,0.3,20270005,nisqa_val_sim,750,1750,0.9085714285714286,2.954571008682251,3.5114568560464043,0.904,2.877136486870902,3.443573757171631,-0.00457142857142856,-0.07743452181134902,-0.0678830988747734
nisqa,mahalanobis,0.3,20270005,nisqa_train_live,750,1020,0.9941176470588236,2.954571008682251,2.965205440334245,0.9735294117647059,2.399119556651396,2.511774230938332,-0.020588235294117685,-0.5554514520308551,-0.4534312093959132
nisqa,mahalanobis,0.3,20270005,nisqa_val_live,750,200,0.995,2.954571008682251,2.9615756273269653,0.985,2.396051368713379,2.4716238594055175,-0.010000000000000009,-0.5585196399688721,-0.4899517679214478
nisqa,mahalanobis,0.3,20270005,nisqa_test_for,750,240,0.9291666666666667,2.954571008682251,3.4600154558817544,0.9291666666666667,2.6484958002964656,3.2964565227429072,0.0,-0.3060752083857854,-0.16355893313884717
nisqa,mahalanobis,0.3,20270005,nisqa_test_livetalk,750,232,0.9353448275862069,2.954571008682251,3.1999749541282654,0.9051724137931034,2.4379603770272484,2.9911663254787184,-0.030172413793103425,-0.5166106316550025,-0.20880862864954697
nisqa,mahalanobis,0.3,20270005,nisqa_test_p501,750,240,0.975,2.954571008682251,3.0747915506362915,0.9375,2.6435105284055074,2.8920110990603765,-0.03749999999999998,-0.3110604802767436,-0.18278045157591505
nisqa,l2,0.3,20270005,nisqa_val_sim,750,1750,0.9085714285714286,2.954571008682251,3.5114568560464043,0.912,2.9277000934055875,3.433567353929792,0.0034285714285714475,-0.02687091527666352,-0.07788950211661216
nisqa,l2,0.3,20270005,nisqa_train_live,750,1020,0.9941176470588236,2.954571008682251,2.965205440334245,0.9813725490196078,2.6827722011827957,2.7613700272990207,-0.012745098039215752,-0.2717988074994553,-0.20383541303522446
nisqa,l2,0.3,20270005,nisqa_val_live,750,200,0.995,2.954571008682251,2.9615756273269653,0.995,2.741947548389435,2.7437281656265258,0.0,-0.2126234602928161,-0.21784746170043956
nisqa,l2,0.3,20270005,nisqa_test_for,750,240,0.9291666666666667,2.954571008682251,3.4600154558817544,0.925,2.7013627370198567,3.2883922537167867,-0.004166666666666652,-0.25320827166239424,-0.17162320216496774
nisqa,l2,0.3,20270005,nisqa_test_livetalk,750,232,0.9353448275862069,2.954571008682251,3.1999749541282654,0.896551724137931,2.5493241384111602,3.279668853200715,-0.0387931034482758,-0.40524687027109074,0.07969389907244961
nisqa,l2,0.3,20270005,nisqa_test_p501,750,240,0.975,2.954571008682251,3.0747915506362915,0.9541666666666667,2.795582648118337,3.017689934372902,-0.02083333333333326,-0.1589883605639142,-0.0571016162633895
nisqa,knn,0.3,20270005,nisqa_val_sim,750,1750,0.9085714285714286,2.954571008682251,3.5114568560464043,0.8971428571428571,2.8827347903932843,3.4763222297940937,-0.011428571428571455,-0.07183621828896669,-0.035134626252310674
nisqa,knn,0.3,20270005,nisqa_train_live,750,1020,0.9941176470588236,2.954571008682251,2.965205440334245,0.9852941176470589,2.670658838748932,2.7125693000999154,-0.008823529411764675,-0.2839121699333189,-0.2526361402343298
nisqa,knn,0.3,20270005,nisqa_val_live,750,200,0.995,2.954571008682251,2.9615756273269653,0.99,2.656024421453476,2.688507272005081,-0.0050000000000000044,-0.2985465872287749,-0.2730683553218842
nisqa,knn,0.3,20270005,nisqa_test_for,750,240,0.9291666666666667,2.954571008682251,3.4600154558817544,0.9333333333333333,2.8092266072829566,3.3638265977303186,0.004166666666666652,-0.1453444013992944,-0.09618885815143585
nisqa,knn,0.3,20270005,nisqa_test_livetalk,750,232,0.9353448275862069,2.954571008682251,3.1999749541282654,0.9224137931034483,2.6901391549357054,3.0677501384554238,-0.012931034482758563,-0.26443185374654554,-0.1322248156728416
nisqa,knn,0.3,20270005,nisqa_test_p501,750,240,0.975,2.954571008682251,3.0747915506362915,0.9625,2.807207108537356,2.9486108630895616,-0.012499999999999956,-0.14736390014489498,-0.12618068754672995
nisqa,mahalanobis,0.3,20270006,nisqa_val_sim,750,1750,0.9068571428571428,2.946197032928467,3.4963498619624547,0.9091428571428571,2.881895470755441,3.4219552170889718,0.0022857142857143353,-0.06430156217302585,-0.0743946448734829
nisqa,mahalanobis,0.3,20270006,nisqa_train_live,750,1020,0.9941176470588236,2.946197032928467,2.957324051389507,0.9715686274509804,2.365872226976881,2.4834006445080625,-0.022549019607843168,-0.580324805951586,-0.47392340688144463
nisqa,mahalanobis,0.3,20270006,nisqa_val_live,750,200,0.995,2.946197032928467,2.9536203503608705,0.985,2.3641214036941527,2.442347135543823,-0.010000000000000009,-0.5820756292343141,-0.5112732148170474
nisqa,mahalanobis,0.3,20270006,nisqa_test_for,750,240,0.9291666666666667,2.946197032928467,3.457573046286901,0.925,2.624854560693105,3.30013748606046,-0.004166666666666652,-0.32134247223536194,-0.15743556022644078
nisqa,mahalanobis,0.3,20270006,nisqa_test_livetalk,750,232,0.9353448275862069,2.946197032928467,3.1970151868359795,0.896551724137931,2.4051138409252824,3.0061610053325523,-0.0387931034482758,-0.5410831920031844,-0.19085418150342726
nisqa,mahalanobis,0.3,20270006,nisqa_test_p501,750,240,0.975,2.946197032928467,3.0685110688209534,0.9375,2.600251332918803,2.856528064608574,-0.03749999999999998,-0.34594570000966396,-0.21198300421237937
nisqa,l2,0.3,20270006,nisqa_val_sim,750,1750,0.9068571428571428,2.946197032928467,3.4963498619624547,0.9114285714285715,2.9182974630083356,3.4649590606689453,0.004571428571428671,-0.027899569920131206,-0.03139080129350935
nisqa,l2,0.3,20270006,nisqa_train_live,750,1020,0.9941176470588236,2.946197032928467,2.957324051389507,0.9882352941176471,2.8100322213827393,2.8520088135027417,-0.00588235294117645,-0.13616481154572746,-0.10531523788676544
nisqa,l2,0.3,20270006,nisqa_val_live,750,200,0.995,2.946197032928467,2.9536203503608705,1.0,2.8072531533241274,2.8072531533241274,0.0050000000000000044,-0.1389438796043394,-0.14636719703674306
nisqa,l2,0.3,20270006,nisqa_test_for,750,240,0.9291666666666667,2.946197032928467,3.457573046286901,0.925,2.8055409252643586,3.442854619026184,-0.004166666666666652,-0.1406561076641082,-0.014718427260716815
nisqa,l2,0.3,20270006,nisqa_test_livetalk,750,232,0.9353448275862069,2.946197032928467,3.1970151868359795,0.9267241379310345,2.766547815553073,3.2347720820328285,-0.008620689655172376,-0.17964921737539363,0.037756895196848994
nisqa,l2,0.3,20270006,nisqa_test_p501,750,240,0.975,2.946197032928467,3.0685110688209534,0.9708333333333333,2.863346580664317,2.9776945054531097,-0.004166666666666652,-0.08285045226414978,-0.09081656336784372
nisqa,knn,0.3,20270006,nisqa_val_sim,750,1750,0.9068571428571428,2.946197032928467,3.4963498619624547,0.8994285714285715,2.8680529751096455,3.505833933012826,-0.00742857142857134,-0.07814405781882128,0.009484071050371412
nisqa,knn,0.3,20270006,nisqa_train_live,750,1020,0.9941176470588236,2.946197032928467,2.957324051389507,0.9764705882352941,2.4488981569514556,2.5376912663964664,-0.01764705882352946,-0.49729887597701117,-0.4196327849930408
nisqa,knn,0.3,20270006,nisqa_val_live,750,200,0.995,2.946197032928467,2.9536203503608705,0.98,2.426707646846771,2.495449516773224,-0.015000000000000013,-0.5194893860816956,-0.45817083358764643
nisqa,knn,0.3,20270006,nisqa_test_for,750,240,0.9291666666666667,2.946197032928467,3.457573046286901,0.9291666666666667,2.717380312085152,3.4099624822537105,0.0,-0.22881672084331495,-0.04761056403319053
nisqa,knn,0.3,20270006,nisqa_test_livetalk,750,232,0.9353448275862069,2.946197032928467,3.1970151868359795,0.9051724137931034,2.4853955589491745,3.0330892287451645,-0.030172413793103425,-0.4608014739792923,-0.163925958090815
nisqa,knn,0.3,20270006,nisqa_test_p501,750,240,0.975,2.946197032928467,3.0685110688209534,0.9625,2.7106629381577174,2.852520835399628,-0.012499999999999956,-0.23553409477074938,-0.2159902334213255
nisqa,mahalanobis,0.3,20270007,nisqa_val_sim,750,1750,0.8788571428571429,2.8033852577209473,3.55886476789202,0.8868571428571429,2.7778634621756417,3.487974495751517,0.008000000000000007,-0.025521795545305537,-0.07089027214050292
nisqa,mahalanobis,0.3,20270007,nisqa_train_live,750,1020,0.9901960784313726,2.8033852577209473,2.825332664975933,0.9490196078431372,2.146052367546979,2.3737954462275788,-0.04117647058823537,-0.6573328901739681,-0.4515372187483542
nisqa,mahalanobis,0.3,20270007,nisqa_val_live,750,200,0.99,2.8033852577209473,2.8188641905784606,0.985,2.1421542263031004,2.259264907836914,-0.0050000000000000044,-0.6612310314178469,-0.5595992827415466
nisqa,mahalanobis,0.3,20270007,nisqa_test_for,750,240,0.9125,2.8033852577209473,3.4282392958799996,0.9125,2.475975286960602,3.2763755639394123,0.0,-0.3274099707603453,-0.15186373194058733
nisqa,mahalanobis,0.3,20270007,nisqa_test_livetalk,750,232,0.9310344827586207,2.8033852577209473,3.1483915139888894,0.8405172413793104,2.187185891743364,3.058871460372004,-0.09051724137931028,-0.6161993659775833,-0.08952005361688542
nisqa,mahalanobis,0.3,20270007,nisqa_test_p501,750,240,0.9666666666666667,2.8033852577209473,2.9708526730537415,0.9125,2.45235688885053,2.8694292098283767,-0.054166666666666696,-0.3510283688704172,-0.10142346322536477
nisqa,l2,0.3,20270007,nisqa_val_sim,750,1750,0.8788571428571429,2.8033852577209473,3.55886476789202,0.8834285714285715,2.7465976211002894,3.505338885443551,0.00457142857142856,-0.05678763662065789,-0.05352588244846901
nisqa,l2,0.3,20270007,nisqa_train_live,750,1020,0.9901960784313726,2.8033852577209473,2.825332664975933,0.9676470588235294,2.4717454985076306,2.6109484228433346,-0.022549019607843168,-0.3316397592133167,-0.21438424213259832
nisqa,l2,0.3,20270007,nisqa_val_live,750,200,0.99,2.8033852577209473,2.8188641905784606,0.99,2.508265243768692,2.5307648408412935,0.0,-0.2951200139522552,-0.2880993497371671
nisqa,l2,0.3,20270007,nisqa_test_for,750,240,0.9125,2.8033852577209473,3.4282392958799996,0.9208333333333333,2.4999773065249125,3.3485894163449603,0.008333333333333304,-0.3034079511960348,-0.07964987953503933
nisqa,l2,0.3,20270007,nisqa_test_livetalk,750,232,0.9310344827586207,2.8033852577209473,3.1483915139888894,0.8706896551724138,2.3882128133856018,3.2254941699833704,-0.06034482758620685,-0.4151724443353455,0.07710265599448096
nisqa,l2,0.3,20270007,nisqa_test_p501,750,240,0.9666666666666667,2.8033852577209473,2.9708526730537415,0.9333333333333333,2.6158519089221954,2.946405733625094,-0.033333333333333326,-0.18753334879875183,-0.024446939428647507
nisqa,knn,0.3,20270007,nisqa_val_sim,750,1750,0.8788571428571429,2.8033852577209473,3.55886476789202,0.8725714285714286,2.7360281314849852,3.5413262432643347,-0.006285714285714339,-0.06735712623596202,-0.017538524627685348
nisqa,knn,0.3,20270007,nisqa_train_live,750,1020,0.9901960784313726,2.8033852577209473,2.825332664975933,0.9686274509803922,2.334349345927145,2.4562299870977213,-0.021568627450980427,-0.4690359117938021,-0.3691026778782116
nisqa,knn,0.3,20270007,nisqa_val_live,750,200,0.99,2.8033852577209473,2.8188641905784606,0.98,2.307523467540741,2.4013165497779845,-0.010000000000000009,-0.49586179018020626,-0.4175476408004761
nisqa,knn,0.3,20270007,nisqa_test_for,750,240,0.9125,2.8033852577209473,3.4282392958799996,0.9166666666666666,2.587674861152967,3.347306653857231,0.004166666666666652,-0.2157103965679803,-0.08093264202276851
nisqa,knn,0.3,20270007,nisqa_test_livetalk,750,232,0.9310344827586207,2.8033852577209473,3.1483915139888894,0.8879310344827587,2.3668784982171553,3.0393961842717796,-0.04310344827586199,-0.4365067595037919,-0.10899532971710979
nisqa,knn,0.3,20270007,nisqa_test_p501,750,240,0.9666666666666667,2.8033852577209473,2.9708526730537415,0.9416666666666667,2.5876910895109178,2.8119311491648356,-0.025000000000000022,-0.2156941682100295,-0.1589215238889059
nisqa,mahalanobis,0.3,20270008,nisqa_val_sim,750,1750,0.9011428571428571,2.9138851165771484,3.511487925393241,0.8925714285714286,2.811025309426444,3.4793114449637277,-0.008571428571428563,-0.10285980715070453,-0.032176480429513266
nisqa,mahalanobis,0.3,20270008,nisqa_train_live,750,1020,0.9931372549019608,2.9138851165771484,2.9269818184422514,0.9313725490196079,2.042081526447745,2.38016567253599,-0.061764705882352944,-0.8718035901294034,-0.5468161459062615
nisqa,mahalanobis,0.3,20270008,nisqa_val_live,750,200,0.995,2.9138851165771484,2.9229240298271177,0.94,2.030608193874359,2.201511721611023,-0.05500000000000005,-0.8832769227027892,-0.7214123082160948
nisqa,mahalanobis,0.3,20270008,nisqa_test_for,750,240,0.9291666666666667,2.9138851165771484,3.4481487373510995,0.9,2.4783919314543406,3.267675316333771,-0.029166666666666674,-0.4354931851228079,-0.18047342101732866
nisqa,mahalanobis,0.3,20270008,nisqa_test_livetalk,750,232,0.9353448275862069,2.9138851165771484,3.1855945957118066,0.8146551724137931,2.093866715143467,3.2248319747119116,-0.1206896551724137,-0.8200184014336815,0.039237379000105044
nisqa,mahalanobis,0.3,20270008,nisqa_test_p501,750,240,0.9708333333333333,2.9138851165771484,3.04464324315389,0.9,2.4401157329479854,2.9387838025887807,-0.0708333333333333,-0.473769383629163,-0.10585944056510943
nisqa,l2,0.3,20270008,nisqa_val_sim,750,1750,0.9011428571428571,2.9138851165771484,3.511487925393241,0.904,2.887469857760838,3.4387829542160033,0.0028571428571428914,-0.02641525881631024,-0.07270497117723762
nisqa,l2,0.3,20270008,nisqa_train_live,750,1020,0.9931372549019608,2.9138851165771484,2.9269818184422514,0.9715686274509804,2.618370028103099,2.7436861197153726,-0.021568627450980427,-0.2955150884740494,-0.1832956987268788
nisqa,l2,0.3,20270008,nisqa_val_live,750,200,0.995,2.9138851165771484,2.9229240298271177,0.995,2.68067982673645,2.6847082781791687,0.0,-0.23320528984069844,-0.23821575164794906
nisqa,l2,0.3,20270008,nisqa_test_for,750,240,0.9291666666666667,2.9138851165771484,3.4481487373510995,0.9291666666666667,2.6465205401182175,3.34001333018144,0.0,-0.26736457645893097,-0.10813540716965964
nisqa,l2,0.3,20270008,nisqa_test_livetalk,750,232,0.9353448275862069,2.9138851165771484,3.1855945957118066,0.8836206896551724,2.5066840556161156,3.3133691148511293,-0.051724137931034475,-0.4072010609610328,0.1277745191393227
nisqa,l2,0.3,20270008,nisqa_test_p501,750,240,0.9708333333333333,2.9138851165771484,3.04464324315389,0.95,2.791148140033086,3.03691546022892,-0.02083333333333337,-0.12273697654406224,-0.007727782924970228
nisqa,knn,0.3,20270008,nisqa_val_sim,750,1750,0.9011428571428571,2.9138851165771484,3.511487925393241,0.9,2.877589972768511,3.485455852644784,-0.0011428571428571122,-0.03629514380863741,-0.02603207274845687
nisqa,knn,0.3,20270008,nisqa_train_live,750,1020,0.9931372549019608,2.9138851165771484,2.9269818184422514,0.9774509803921568,2.5298064276283863,2.6067253171228897,-0.015686274509803977,-0.3840786889487622,-0.3202565013193617
nisqa,knn,0.3,20270008,nisqa_val_live,750,200,0.995,2.9138851165771484,2.9229240298271177,0.98,2.4982638931274415,2.55675657749176,-0.015000000000000013,-0.415621223449707,-0.3661674523353575
nisqa,knn,0.3,20270008,nisqa_test_for,750,240,0.9291666666666667,2.9138851165771484,3.4481487373510995,0.9291666666666667,2.7484928399324415,3.3706893652677534,0.0,-0.1653922766447069,-0.07745937208334608
nisqa,knn,0.3,20270008,nisqa_test_livetalk,750,232,0.9353448275862069,2.9138851165771484,3.1855945957118066,0.9094827586206896,2.5659127790352394,3.0419347717844207,-0.025862068965517238,-0.34797233754190904,-0.14365982392738585
nisqa,knn,0.3,20270008,nisqa_test_p501,750,240,0.9708333333333333,2.9138851165771484,3.04464324315389,0.95,2.7583088248968126,2.9388587693373363,-0.02083333333333337,-0.15557629168033582,-0.10578447381655387
nisqa,mahalanobis,0.3,20270009,nisqa_val_sim,750,1750,0.8965714285714286,2.8952202796936035,3.5048241342817033,0.9011428571428571,2.8204470594951085,3.4253188393456595,0.00457142857142856,-0.07477322019849497,-0.07950529493604375
nisqa,mahalanobis,0.3,20270009,nisqa_train_live,750,1020,0.9931372549019608,2.8952202796936035,2.909597901736989,0.9568627450980393,2.2805497646331787,2.4373455257976757,-0.03627450980392155,-0.6146705150604248,-0.47225237593931313
nisqa,mahalanobis,0.3,20270009,nisqa_val_live,750,200,0.995,2.8952202796936035,2.9051924347877502,0.985,2.278024924993515,2.37172843337059,-0.010000000000000009,-0.6171953547000886,-0.5334640014171601
nisqa,mahalanobis,0.3,20270009,nisqa_test_for,750,240,0.9291666666666667,2.8952202796936035,3.442704826593399,0.9125,2.559384897351265,3.289447252949079,-0.01666666666666672,-0.33583538234233856,-0.15325757364432002
nisqa,mahalanobis,0.3,20270009,nisqa_test_livetalk,750,232,0.9353448275862069,2.8952202796936035,3.178997541296071,0.875,2.331682154844547,3.030500924792783,-0.06034482758620685,-0.5635381248490563,-0.14849661650328772
nisqa,mahalanobis,0.3,20270009,nisqa_test_p501,750,240,0.9666666666666667,2.8952202796936035,3.0320760210355124,0.925,2.53422249853611,2.865438143412272,-0.04166666666666663,-0.3609977811574936,-0.16663787762324045
nisqa,l2,0.3,20270009,nisqa_val_sim,750,1750,0.8965714285714286,2.8952202796936035,3.5048241342817033,0.904,2.8688324451446534,3.441968905585153,0.007428571428571451,-0.026387834548950106,-0.06285522869655047
nisqa,l2,0.3,20270009,nisqa_train_live,750,1020,0.9931372549019608,2.8952202796936035,2.909597901736989,0.9715686274509804,2.6010544253330603,2.7079659256280637,-0.021568627450980427,-0.2941658543605432,-0.20163197610892514
nisqa,l2,0.3,20270009,nisqa_val_live,750,200,0.995,2.8952202796936035,2.9051924347877502,1.0,2.637764935493469,2.637764935493469,0.0050000000000000044,-0.2574553442001344,-0.2674274992942811
nisqa,l2,0.3,20270009,nisqa_test_for,750,240,0.9291666666666667,2.8952202796936035,3.442704826593399,0.9291666666666667,2.6325094322363536,3.3230855385462443,0.0,-0.26271084745724993,-0.11961928804715471
nisqa,l2,0.3,20270009,nisqa_test_livetalk,750,232,0.9353448275862069,2.8952202796936035,3.178997541296071,0.8879310344827587,2.49325974850819,3.243001561740349,-0.047413793103448176,-0.4019605311854133,0.064004020444278
nisqa,l2,0.3,20270009,nisqa_test_p501,750,240,0.9666666666666667,2.8952202796936035,3.0320760210355124,0.9458333333333333,2.7606935362021128,2.9984141498804093,-0.02083333333333337,-0.13452674349149074,-0.03366187115510311
nisqa,knn,0.3,20270009,nisqa_val_sim,750,1750,0.8965714285714286,2.8952202796936035,3.5048241342817033,0.8868571428571429,2.8174779442378455,3.5044644355773924,-0.009714285714285675,-0.07774233545575804,-0.00035969870431085127
nisqa,knn,0.3,20270009,nisqa_train_live,750,1020,0.9931372549019608,2.8952202796936035,2.909597901736989,0.9823529411764705,2.6003969346775726,2.6530027810265038,-0.010784313725490269,-0.2948233450160309,-0.25659512071048507
nisqa,knn,0.3,20270009,nisqa_val_live,750,200,0.995,2.8952202796936035,2.9051924347877502,0.99,2.58926784992218,2.6283663868904115,-0.0050000000000000044,-0.30595242977142334,-0.2768260478973388
nisqa,knn,0.3,20270009,nisqa_test_for,750,240,0.9291666666666667,2.8952202796936035,3.442704826593399,0.9208333333333333,2.720881513754527,3.397259356578191,-0.008333333333333415,-0.1743387659390767,-0.045445470015208045
nisqa,knn,0.3,20270009,nisqa_test_livetalk,750,232,0.9353448275862069,2.8952202796936035,3.178997541296071,0.9181034482758621,2.614038689383145,3.0814043612315736,-0.01724137931034475,-0.2811815903104584,-0.09759318006449735
nisqa,knn,0.3,20270009,nisqa_test_p501,750,240,0.9666666666666667,2.8952202796936035,3.0320760210355124,0.9666666666666667,2.7441565334796905,2.904973312218984,0.0,-0.15106374621391305,-0.1271027088165284
nisqa,mahalanobis,0.3,20270010,nisqa_val_sim,750,1750,0.8868571428571429,2.846787452697754,3.51184691292899,0.8805714285714286,2.7413218999590194,3.4619245730808803,-0.006285714285714339,-0.10546555273873448,-0.049922339848109676
nisqa,mahalanobis,0.3,20270010,nisqa_train_live,750,1020,0.9921568627450981,2.846787452697754,2.8649572110643575,0.9480392156862745,2.138247327711068,2.3691278476341098,-0.044117647058823595,-0.7085401249866861,-0.49582936343024775
nisqa,mahalanobis,0.3,20270010,nisqa_val_live,750,200,0.995,2.846787452697754,2.859181249141693,0.98,2.130049715042114,2.2546523427963256,-0.015000000000000013,-0.7167377376556399,-0.6045289063453674
nisqa,mahalanobis,0.3,20270010,nisqa_test_for,750,240,0.9125,2.846787452697754,3.4336645702521005,0.9125,2.463278450568517,3.221897162993749,0.0,-0.3835090021292369,-0.21176740725835153
nisqa,mahalanobis,0.3,20270010,nisqa_test_livetalk,750,232,0.9353448275862069,2.846787452697754,3.161879042099262,0.8405172413793104,2.193876467902085,3.0984259001139938,-0.09482758620689646,-0.6529109847956689,-0.06345314198526841
nisqa,mahalanobis,0.3,20270010,nisqa_test_p501,750,240,0.9666666666666667,2.846787452697754,2.999787469704946,0.9166666666666666,2.439743192990621,2.8462302257617313,-0.050000000000000044,-0.4070442597071331,-0.15355724394321468
nisqa,l2,0.3,20270010,nisqa_val_sim,750,1750,0.8868571428571429,2.846787452697754,3.51184691292899,0.8937142857142857,2.8054826867239817,3.458349052974156,0.006857142857142784,-0.041304765973772195,-0.05349785995483414
nisqa,l2,0.3,20270010,nisqa_train_live,750,1020,0.9921568627450981,2.846787452697754,2.8649572110643575,0.9666666666666667,2.5177335140751858,2.6542348590551637,-0.025490196078431393,-0.32905393862256815,-0.21072235200919387
nisqa,l2,0.3,20270010,nisqa_val_live,750,200,0.995,2.846787452697754,2.859181249141693,0.995,2.553299641609192,2.5539219617843627,0.0,-0.2934878110885619,-0.3052592873573303
nisqa,l2,0.3,20270010,nisqa_test_for,750,240,0.9125,2.846787452697754,3.4336645702521005,0.9125,2.5498273690541584,3.3261242230733234,0.0,-0.2969600836435955,-0.10754034717877703
nisqa,l2,0.3,20270010,nisqa_test_livetalk,750,232,0.9353448275862069,2.846787452697754,3.161879042099262,0.8706896551724138,2.405160455868162,3.266744619813459,-0.06465517241379304,-0.44162699682959206,0.10486557771419669
nisqa,l2,0.3,20270010,nisqa_test_p501,750,240,0.9666666666666667,2.846787452697754,2.999787469704946,0.9416666666666667,2.6841113885243733,2.976742056012154,-0.025000000000000022,-0.16267606417338065,-0.023045413692792227
nisqa,knn,0.3,20270010,nisqa_val_sim,750,1750,0.8868571428571429,2.846787452697754,3.51184691292899,0.9034285714285715,2.892571427209037,3.492183878489903,0.01657142857142857,0.04578397451128291,-0.019663034439087124
nisqa,knn,0.3,20270010,nisqa_train_live,750,1020,0.9921568627450981,2.846787452697754,2.8649572110643575,0.9852941176470589,2.6672355932347913,2.7103605167538514,-0.006862745098039191,-0.1795518594629626,-0.15459669431050616
nisqa,knn,0.3,20270010,nisqa_val_live,750,200,0.995,2.846787452697754,2.859181249141693,0.99,2.6505156636238096,2.683824348449707,-0.0050000000000000044,-0.19627178907394427,-0.17535690069198617
nisqa,knn,0.3,20270010,nisqa_test_for,750,240,0.9125,2.846787452697754,3.4336645702521005,0.925,2.79976593653361,3.3983248293399813,0.012500000000000067,-0.04702151616414385,-0.03533974091211922
nisqa,knn,0.3,20270010,nisqa_test_livetalk,750,232,0.9353448275862069,2.846787452697754,3.161879042099262,0.9224137931034483,2.6805075468688178,3.0813953568195473,-0.012931034482758563,-0.16627990582893615,-0.08048368527971483
nisqa,knn,0.3,20270010,nisqa_test_p501,750,240,0.9666666666666667,2.846787452697754,2.999787469704946,0.9625,2.8165420333544415,2.982628200451533,-0.004166666666666652,-0.030245419343312374,-0.017159269253412823
nisqa,mahalanobis,0.3,20270011,nisqa_val_sim,750,1750,0.9,2.9107706546783447,3.469171212060111,0.9028571428571428,2.871789850779942,3.431879817690168,0.0028571428571427804,-0.03898080389840253,-0.03729139436994311
nisqa,mahalanobis,0.3,20270011,nisqa_train_live,750,1020,0.9931372549019608,2.9107706546783447,2.924081094124738,0.9509803921568627,2.259597666123334,2.4416329393199847,-0.04215686274509811,-0.6511729885550106,-0.4824481548047532
nisqa,mahalanobis,0.3,20270011,nisqa_val_live,750,200,0.995,2.9107706546783447,2.9199652910232543,0.98,2.2554495525360108,2.3617290449142456,-0.015000000000000013,-0.655321102142334,-0.5582362461090087
nisqa,mahalanobis,0.3,20270011,nisqa_test_for,750,240,0.9291666666666667,2.9107706546783447,3.4472403526306152,0.9208333333333333,2.599106336633364,3.230924978852272,-0.008333333333333415,-0.3116643180449805,-0.2163153737783432
nisqa,mahalanobis,0.3,20270011,nisqa_test_livetalk,750,232,0.9353448275862069,2.9107706546783447,3.1844937945234366,0.875,2.3214887699176527,3.0531681251936944,-0.06034482758620685,-0.589281884760692,-0.1313256693297422
nisqa,mahalanobis,0.3,20270011,nisqa_test_p501,750,240,0.9666666666666667,2.9107706546783447,3.0424429376920066,0.9166666666666666,2.596763894955317,2.9180097788572312,-0.050000000000000044,-0.3140067597230276,-0.12443315883477535
nisqa,l2,0.3,20270011,nisqa_val_sim,750,1750,0.9,2.9107706546783447,3.469171212060111,0.9,2.8734546698161534,3.504541349002293,0.0,-0.03731598486219134,0.03537013694218194
nisqa,l2,0.3,20270011,nisqa_train_live,750,1020,0.9931372549019608,2.9107706546783447,2.924081094124738,0.9862745098039216,2.782057840683881,2.840868266423543,-0.006862745098039191,-0.12871281399446355,-0.08321282770119476
nisqa,l2,0.3,20270011,nisqa_val_live,750,200,0.995,2.9107706546783447,2.9199652910232543,0.99,2.7912277793884277,2.802555320262909,-0.0050000000000000044,-0.11954287528991703,-0.11740997076034532
nisqa,l2,0.3,20270011,nisqa_test_for,750,240,0.9291666666666667,2.9107706546783447,3.4472403526306152,0.9208333333333333,2.755446254213651,3.5427417049805325,-0.008333333333333415,-0.15532440046469365,0.0955013523499173
nisqa,l2,0.3,20270011,nisqa_test_livetalk,750,232,0.9353448275862069,2.9107706546783447,3.1844937945234366,0.9181034482758621,2.701928752249685,3.300513946804507,-0.01724137931034475,-0.20884190242865985,0.11602015228107021
nisqa,l2,0.3,20270011,nisqa_test_p501,750,240,0.9666666666666667,2.9107706546783447,3.0424429376920066,0.9666666666666667,2.8217763741811117,2.950533895691236,0.0,-0.08899428049723301,-0.09190904200077066
nisqa,knn,0.3,20270011,nisqa_val_sim,750,1750,0.9,2.9107706546783447,3.469171212060111,0.8971428571428571,2.9264491850989205,3.5389283759253365,-0.0028571428571428914,0.015678530420575765,0.06975716386522546
nisqa,knn,0.3,20270011,nisqa_train_live,750,1020,0.9931372549019608,2.9107706546783447,2.924081094124738,0.9833333333333333,2.6624449180621728,2.711897281338187,-0.009803921568627527,-0.24832573661617197,-0.21218381278655096
nisqa,knn,0.3,20270011,nisqa_val_live,750,200,0.995,2.9107706546783447,2.9199652910232543,0.99,2.628319993019104,2.6655982518196106,-0.0050000000000000044,-0.2824506616592406,-0.2543670392036437
nisqa,knn,0.3,20270011,nisqa_test_for,750,240,0.9291666666666667,2.9107706546783447,3.4472403526306152,0.9333333333333333,2.815310014287631,3.413747333486875,0.004166666666666652,-0.09546064039071389,-0.033493019143740366
nisqa,knn,0.3,20270011,nisqa_test_livetalk,750,232,0.9353448275862069,2.9107706546783447,3.1844937945234366,0.9267241379310345,2.673397588318792,3.0790292086272406,-0.008620689655172376,-0.2373730663595528,-0.105464585896196
nisqa,knn,0.3,20270011,nisqa_test_p501,750,240,0.9666666666666667,2.9107706546783447,3.0424429376920066,0.9666666666666667,2.846053292353948,3.041164537270864,0.0,-0.06471736232439662,-0.0012784004211425781
nisqa,mahalanobis,0.3,20270012,nisqa_val_sim,750,1750,0.9034285714285715,2.9220969676971436,3.520021870476859,0.8994285714285715,2.848255987439837,3.4462190903254917,-0.0040000000000000036,-0.07384098025730657,-0.07380278015136721
nisqa,mahalanobis,0.3,20270012,nisqa_train_live,750,1020,0.9941176470588236,2.9220969676971436,2.934641637054144,0.9509803921568627,2.249167821454067,2.4312030946507175,-0.04313725490196085,-0.6729291462430766,-0.5034385424034267
nisqa,mahalanobis,0.3,20270012,nisqa_val_live,750,200,0.995,2.9220969676971436,2.9307252883911135,0.98,2.2437385439872743,2.350018036365509,-0.015000000000000013,-0.6783584237098692,-0.5807072520256042
nisqa,mahalanobis,0.3,20270012,nisqa_test_for,750,240,0.9291666666666667,2.9220969676971436,3.4505438605944314,0.9166666666666666,2.5761411150296527,3.2701776683330537,-0.012500000000000067,-0.34595585266749085,-0.18036619226137773
nisqa,mahalanobis,0.3,20270012,nisqa_test_livetalk,750,232,0.9353448275862069,2.9220969676971436,3.188497060331805,0.875,2.299043030574404,3.038146771233657,-0.06034482758620685,-0.6230539371227395,-0.15035028909814763
nisqa,mahalanobis,0.3,20270012,nisqa_test_p501,750,240,0.9708333333333333,2.9220969676971436,3.0504599710305533,0.9125,2.5592179278532665,2.917471769452095,-0.05833333333333335,-0.36287903984387704,-0.13298820157845848
nisqa,l2,0.3,20270012,nisqa_val_sim,750,1750,0.9034285714285715,2.9220969676971436,3.520021870476859,0.8891428571428571,2.7921355182102747,3.493810628073556,-0.014285714285714346,-0.12996144948686883,-0.026211242403302748
nisqa,l2,0.3,20270012,nisqa_train_live,750,1020,0.9941176470588236,2.9220969676971436,2.934641637054144,0.9735294117647059,2.612788102206062,2.7066334532756433,-0.020588235294117685,-0.3093088654910816,-0.22800818377850085
nisqa,l2,0.3,20270012,nisqa_val_live,750,200,0.995,2.9220969676971436,2.9307252883911135,0.99,2.63757905960083,2.64331339597702,-0.0050000000000000044,-0.2845179080963134,-0.2874118924140934
nisqa,l2,0.3,20270012,nisqa_test_for,750,240,0.9291666666666667,2.9220969676971436,3.4505438605944314,0.9291666666666667,2.6217630525430042,3.337845734755198,0.0,-0.3003339151541393,-0.11269812583923322
nisqa,l2,0.3,20270012,nisqa_test_livetalk,750,232,0.9353448275862069,2.9220969676971436,3.188497060331805,0.8879310344827587,2.537815872965188,3.322453328247728,-0.047413793103448176,-0.3842810947319557,0.1339562679159232
nisqa,l2,0.3,20270012,nisqa_test_p501,750,240,0.9708333333333333,2.9220969676971436,3.0504599710305533,0.9458333333333333,2.7244994779427847,2.9581446637709936,-0.025000000000000022,-0.19759748975435887,-0.09231530725955972
nisqa,knn,0.3,20270012,nisqa_val_sim,750,1750,0.9034285714285715,2.9220969676971436,3.520021870476859,0.9011428571428571,2.915200625692095,3.5220404119491575,-0.0022857142857143353,-0.006896342005048517,0.0020185414722986295
nisqa,knn,0.3,20270012,nisqa_train_live,750,1020,0.9941176470588236,2.9220969676971436,2.934641637054144,0.9941176470588236,2.915678732769162,2.927569966923957,0.0,-0.006418234927981548,-0.007071670130187169
nisqa,knn,0.3,20270012,nisqa_val_live,750,200,0.995,2.9220969676971436,2.9307252883911135,0.995,2.9232573986053465,2.9313302993774415,0.0,0.0011604309082029474,0.0006050109863280362
nisqa,knn,0.3,20270012,nisqa_test_for,750,240,0.9291666666666667,2.9220969676971436,3.4505438605944314,0.9208333333333333,2.893552327156067,3.4545583069324493,-0.008333333333333415,-0.02854464054107675,0.004014446338017841
nisqa,knn,0.3,20270012,nisqa_test_livetalk,750,232,0.9353448275862069,2.9220969676971436,3.188497060331805,0.9353448275862069,2.9133525213290907,3.1971509323037903,0.0,-0.008744446368052827,0.008653871971985527
nisqa,knn,0.3,20270012,nisqa_test_p501,750,240,0.9708333333333333,2.9220969676971436,3.0504599710305533,0.975,2.9154968788226445,3.053413662314415,0.004166666666666652,-0.006600088874499033,0.0029536912838614704
nisqa,mahalanobis,0.3,20270013,nisqa_val_sim,750,1750,0.8971428571428571,2.895599126815796,3.5100317287445066,0.8805714285714286,2.7458883049828664,3.456280886377607,-0.01657142857142857,-0.1497108218329295,-0.053750842366899754
nisqa,mahalanobis,0.3,20270013,nisqa_train_live,750,1020,0.9931372549019608,2.895599126815796,2.9099507495468737,0.9441176470588235,2.117245290793625,2.3593235506730923,-0.0490196078431373,-0.7783538360221711,-0.5506271988737814
nisqa,mahalanobis,0.3,20270013,nisqa_val_live,750,200,0.995,2.895599126815796,2.905552339553833,0.98,2.1146573650836946,2.24338706612587,-0.015000000000000013,-0.7809417617321013,-0.6621652734279633
nisqa,mahalanobis,0.3,20270013,nisqa_test_for,750,240,0.9291666666666667,2.895599126815796,3.4428153236707053,0.9083333333333333,2.4362669865290325,3.235257613658905,-0.02083333333333337,-0.4593321402867634,-0.20755771001180046
nisqa,mahalanobis,0.3,20270013,nisqa_test_livetalk,750,232,0.9353448275862069,2.895599126815796,3.1791314441582252,0.8405172413793104,2.1714628071620545,3.0793973310240386,-0.09482758620689646,-0.7241363196537414,-0.09973411313418667
nisqa,mahalanobis,0.3,20270013,nisqa_test_p501,750,240,0.9666666666666667,2.895599126815796,3.0323285857836404,0.9083333333333333,2.4265104323625564,2.8770166675249738,-0.05833333333333335,-0.46908869445323953,-0.15531191825866664
nisqa,l2,0.3,20270013,nisqa_val_sim,750,1750,0.8971428571428571,2.895599126815796,3.5100317287445066,0.9045714285714286,2.896887171064104,3.4247572144099645,0.007428571428571451,0.0012880442483083065,-0.08527451433454214
nisqa,l2,0.3,20270013,nisqa_train_live,750,1020,0.9931372549019608,2.895599126815796,2.9099507495468737,0.9813725490196078,2.669598242815803,2.7381339704289154,-0.01176470588235301,-0.22600088399999274,-0.17181677911795834
nisqa,l2,0.3,20270013,nisqa_val_live,750,200,0.995,2.895599126815796,2.905552339553833,0.995,2.700968041419983,2.7049964928627013,0.0,-0.19463108539581286,-0.2005558466911319
nisqa,l2,0.3,20270013,nisqa_test_for,750,240,0.9291666666666667,2.895599126815796,3.4428153236707053,0.9333333333333333,2.6911724766095477,3.34861016869545,0.004166666666666652,-0.20442665020624817,-0.09420515497525539
nisqa,l2,0.3,20270013,nisqa_test_livetalk,750,232,0.9353448275862069,2.895599126815796,3.1791314441582252,0.8922413793103449,2.599091112613678,3.2020233561252724,-0.04310344827586199,-0.2965080142021179,0.022891911967047207
nisqa,l2,0.3,20270013,nisqa_test_p501,750,240,0.9666666666666667,2.895599126815796,3.0323285857836404,0.9458333333333333,2.800067057212194,3.0163091172774634,-0.02083333333333337,-0.09553206960360194,-0.01601946850617697
nisqa,knn,0.3,20270013,nisqa_val_sim,750,1750,0.8971428571428571,2.895599126815796,3.5100317287445066,0.9,2.8707609759739467,3.486091381890433,0.0028571428571428914,-0.02483815084184915,-0.023940346854073535
nisqa,knn,0.3,20270013,nisqa_train_live,750,1020,0.9931372549019608,2.895599126815796,2.9099507495468737,0.9735294117647059,2.4092754321939807,2.514905399902194,-0.019607843137254943,-0.48632369462181524,-0.3950453496446795
nisqa,knn,0.3,20270013,nisqa_val_live,750,200,0.995,2.895599126815796,2.905552339553833,0.98,2.379567792415619,2.4619523549079894,-0.015000000000000013,-0.5160313344001768,-0.4435999846458438
nisqa,knn,0.3,20270013,nisqa_test_for,750,240,0.9291666666666667,2.895599126815796,3.4428153236707053,0.9333333333333333,2.7017906149228414,3.376065864165624,0.004166666666666652,-0.19380851189295445,-0.06674945950508127
nisqa,knn,0.3,20270013,nisqa_test_livetalk,750,232,0.9353448275862069,2.895599126815796,3.1791314441582252,0.8922413793103449,2.4366659008223435,3.022963484813427,-0.04310344827586199,-0.45893322599345243,-0.1561679593447982
nisqa,knn,0.3,20270013,nisqa_test_p501,750,240,0.9666666666666667,2.895599126815796,3.0323285857836404,0.9458333333333333,2.715058300892512,2.8753844290971755,-0.02083333333333337,-0.1805408259232837,-0.1569441566864649
nisqa,mahalanobis,0.3,20270014,nisqa_val_sim,750,1750,0.9085714285714286,2.954571008682251,3.5096891621180943,0.9068571428571428,2.859656922476632,3.4493396391187394,-0.0017142857142857792,-0.09491408620561881,-0.06034952299935492
nisqa,mahalanobis,0.3,20270014,nisqa_train_live,750,1020,0.9941176470588236,2.954571008682251,2.965205440334245,0.9676470588235294,2.368285342992521,2.4939160302573558,-0.026470588235294135,-0.5862856656897302,-0.4712894100768894
nisqa,mahalanobis,0.3,20270014,nisqa_val_live,750,200,0.995,2.954571008682251,2.9615756273269653,0.985,2.3636186897754667,2.445878893136978,-0.010000000000000009,-0.5909523189067842,-0.5156967341899872
nisqa,mahalanobis,0.3,20270014,nisqa_test_for,750,240,0.9291666666666667,2.954571008682251,3.4600154558817544,0.9291666666666667,2.6302265693744022,3.311390267809232,0.0,-0.32434443930784873,-0.14862518807252245
nisqa,mahalanobis,0.3,20270014,nisqa_test_livetalk,750,232,0.9353448275862069,2.954571008682251,3.1999749541282654,0.8922413793103449,2.4047203649734628,2.998091345203334,-0.04310344827586199,-0.5498506437087882,-0.2018836089249314
nisqa,mahalanobis,0.3,20270014,nisqa_test_p501,750,240,0.975,2.954571008682251,3.0747915506362915,0.925,2.6158933331569036,2.9028249522050222,-0.04999999999999993,-0.33867767552534733,-0.17196659843126927
nisqa,l2,0.3,20270014,nisqa_val_sim,750,1750,0.9085714285714286,2.954571008682251,3.5096891621180943,0.9017142857142857,2.8906731899806433,3.4228011466435024,-0.006857142857142895,-0.06389781870160771,-0.0868880154745919
nisqa,l2,0.3,20270014,nisqa_train_live,750,1020,0.9941176470588236,2.954571008682251,2.965205440334245,0.9862745098039216,2.690004914414649,2.7487507146947525,-0.007843137254901933,-0.264566094267602,-0.21645472563949264
nisqa,l2,0.3,20270014,nisqa_val_live,750,200,0.995,2.954571008682251,2.9615756273269653,0.995,2.713822832107544,2.7181102061271667,0.0,-0.24074817657470682,-0.24346542119979864
nisqa,l2,0.3,20270014,nisqa_test_for,750,240,0.9291666666666667,2.954571008682251,3.4600154558817544,0.9291666666666667,2.7117804914712904,3.3779423465331395,0.0,-0.24279051721096057,-0.08207310934861489
nisqa,l2,0.3,20270014,nisqa_test_livetalk,750,232,0.9353448275862069,2.954571008682251,3.1999749541282654,0.9094827586206896,2.6338830425821502,3.151913207152794,-0.025862068965517238,-0.32068796610010075,-0.04806174697547139
nisqa,l2,0.3,20270014,nisqa_test_p501,750,240,0.975,2.954571008682251,3.0747915506362915,0.9458333333333333,2.7996564328670503,2.995706624786059,-0.029166666666666674,-0.15491457581520063,-0.07908492585023241
nisqa,knn,0.3,20270014,nisqa_val_sim,750,1750,0.9085714285714286,2.954571008682251,3.5096891621180943,0.9045714285714286,2.9072093870980398,3.4754448620932443,-0.0040000000000000036,-0.0473616215842112,-0.034244300024850016
nisqa,knn,0.3,20270014,nisqa_train_live,750,1020,0.9941176470588236,2.954571008682251,2.965205440334245,0.9911764705882353,2.8268943838044707,2.8483060224383485,-0.002941176470588225,-0.1276766248777803,-0.11689941789589664
nisqa,knn,0.3,20270014,nisqa_val_live,750,200,0.995,2.954571008682251,2.9615756273269653,0.99,2.8180469775199892,2.8329404973983765,-0.0050000000000000044,-0.13652403116226175,-0.12863512992858883
nisqa,knn,0.3,20270014,nisqa_test_for,750,240,0.9291666666666667,2.954571008682251,3.4600154558817544,0.9291666666666667,2.8806675473848977,3.3907110393047333,0.0,-0.07390346129735326,-0.06930441657702113
nisqa,knn,0.3,20270014,nisqa_test_livetalk,750,232,0.9353448275862069,2.954571008682251,3.1999749541282654,0.9310344827586207,2.831221009122914,3.1289236011176276,-0.004310344827586188,-0.12334999955933679,-0.07105135301063781
nisqa,knn,0.3,20270014,nisqa_test_p501,750,240,0.975,2.954571008682251,3.0747915506362915,0.9625,2.8801552573839824,3.020948123931885,-0.012499999999999956,-0.0744157512982686,-0.05384342670440656
nisqa,mahalanobis,0.3,20270015,nisqa_val_sim,750,1750,0.904,2.924663543701172,3.512436156954084,0.9114285714285715,2.9226369113922117,3.4517365174974715,0.007428571428571451,-0.0020266323089601634,-0.06069963945661261
nisqa,mahalanobis,0.3,20270015,nisqa_train_live,750,1020,0.9941176470588236,2.924663543701172,2.937057237999112,0.953921568627451,2.312073629743913,2.4856593414848924,-0.04019607843137252,-0.612589913957259,-0.45139789651421935
nisqa,mahalanobis,0.3,20270015,nisqa_val_live,750,200,0.995,2.924663543701172,2.9331635355949404,0.985,2.303971519470215,2.404662539958954,-0.010000000000000009,-0.6206920242309568,-0.5285009956359863
nisqa,mahalanobis,0.3,20270015,nisqa_test_for,750,240,0.9291666666666667,2.924663543701172,3.4512924452622733,0.925,2.6579108287890754,3.291747366388639,-0.004166666666666652,-0.2667527149120965,-0.15954507887363434
nisqa,mahalanobis,0.3,20270015,nisqa_test_livetalk,750,232,0.9353448275862069,2.924663543701172,3.189404212195298,0.8836206896551724,2.35250140675183,3.059486989317269,-0.051724137931034475,-0.5721621369493417,-0.12991722287802876
nisqa,mahalanobis,0.3,20270015,nisqa_test_p501,750,240,0.975,2.924663543701172,3.052360951900482,0.9125,2.6327723215023675,2.926172206799189,-0.0625,-0.29189122219880437,-0.12618874510129308
nisqa,l2,0.3,20270015,nisqa_val_sim,750,1750,0.904,2.924663543701172,3.512436156954084,0.8954285714285715,2.8195289365223477,3.4612504698889595,-0.008571428571428563,-0.10513460717882417,-0.05118568706512461
nisqa,l2,0.3,20270015,nisqa_train_live,750,1020,0.9941176470588236,2.924663543701172,2.937057237999112,0.9735294117647059,2.6109030980689854,2.7033644713607488,-0.020588235294117685,-0.3137604456321865,-0.23369276663836303
nisqa,l2,0.3,20270015,nisqa_val_live,750,200,0.995,2.924663543701172,2.9331635355949404,1.0,2.629673012495041,2.629673012495041,0.0050000000000000044,-0.29499053120613095,-0.30349052309989943
nisqa,l2,0.3,20270015,nisqa_test_for,750,240,0.9291666666666667,2.924663543701172,3.4512924452622733,0.925,2.6275697986284894,3.358830992380778,-0.004166666666666652,-0.2970937450726825,-0.0924614528814951
nisqa,l2,0.3,20270015,nisqa_test_livetalk,750,232,0.9353448275862069,2.924663543701172,3.189404212195298,0.896551724137931,2.5510343683177026,3.3007966834923317,-0.0387931034482758,-0.3736291753834693,0.11139247129703378
nisqa,l2,0.3,20270015,nisqa_test_p501,750,240,0.975,2.924663543701172,3.052360951900482,0.9458333333333333,2.733355610569318,2.965166821082433,-0.029166666666666674,-0.19130793313185368,-0.08719413081804905
nisqa,knn,0.3,20270015,nisqa_val_sim,750,1750,0.904,2.924663543701172,3.512436156954084,0.9114285714285715,2.975181479045323,3.536235026223319,0.007428571428571451,0.050517935344151166,0.023798869269235023
nisqa,knn,0.3,20270015,nisqa_train_live,750,1020,0.9941176470588236,2.924663543701172,2.937057237999112,0.9892156862745098,2.812002228755577,2.8392198600021064,-0.004901960784313708,-0.11266131494559506,-0.09783737799700543
nisqa,knn,0.3,20270015,nisqa_val_live,750,200,0.995,2.924663543701172,2.9331635355949404,0.99,2.7858429312705995,2.8062966108322143,-0.0050000000000000044,-0.13882061243057242,-0.1268669247627261
nisqa,knn,0.3,20270015,nisqa_test_for,750,240,0.9291666666666667,2.924663543701172,3.4512924452622733,0.9458333333333333,2.9488132099310556,3.4220748245716095,0.016666666666666607,0.02414966622988368,-0.029217620690663804
nisqa,knn,0.3,20270015,nisqa_test_livetalk,750,232,0.9353448275862069,2.924663543701172,3.189404212195298,0.9396551724137931,2.820882641035935,3.10602972014197,0.004310344827586299,-0.10378090266523676,-0.08337449205332792
nisqa,knn,0.3,20270015,nisqa_test_p501,750,240,0.975,2.924663543701172,3.052360951900482,0.9625,2.92876584927241,3.074099775155385,-0.012499999999999956,0.004102305571238141,0.02173882325490295
nisqa,mahalanobis,0.3,20270016,nisqa_val_sim,750,1750,0.9022857142857142,2.91591215133667,3.52560638155256,0.9068571428571428,2.877176891871861,3.485967230933053,0.00457142857142856,-0.03873525946480871,-0.03963915061950685
nisqa,mahalanobis,0.3,20270016,nisqa_train_live,750,1020,0.9931372549019608,2.91591215133667,2.9288697429731783,0.9401960784313725,2.1205731401256487,2.3864076329212565,-0.05294117647058827,-0.7953390112110212,-0.5424621100519218
nisqa,mahalanobis,0.3,20270016,nisqa_val_live,750,200,0.995,2.91591215133667,2.9248497128486632,0.975,2.1187790203094483,2.251842885017395,-0.020000000000000018,-0.7971331310272216,-0.6730068278312684
nisqa,mahalanobis,0.3,20270016,nisqa_test_for,750,240,0.9291666666666667,2.91591215133667,3.4487399558226266,0.9125,2.5218805332978564,3.25900785724322,-0.01666666666666672,-0.3940316180388135,-0.18973209857940665
nisqa,mahalanobis,0.3,20270016,nisqa_test_livetalk,750,232,0.9353448275862069,2.91591215133667,3.186311047652672,0.8491379310344828,2.177241033521192,3.1322690433469313,-0.08620689655172409,-0.7386711178154779,-0.054042004305740576
nisqa,mahalanobis,0.3,20270016,nisqa_test_p501,750,240,0.9708333333333333,2.91591215133667,3.0460790594418845,0.9041666666666667,2.504311333100001,2.9215097973744073,-0.06666666666666665,-0.41160081823666905,-0.1245692620674772
nisqa,l2,0.3,20270016,nisqa_val_sim,750,1750,0.9022857142857142,2.91591215133667,3.52560638155256,0.9091428571428571,2.9071639375686646,3.4606696034840176,0.006857142857142895,-0.008748213768005275,-0.06493677806854237
nisqa,l2,0.3,20270016,nisqa_train_live,750,1020,0.9931372549019608,2.91591215133667,2.9288697429731783,0.9794117647058823,2.683392441740223,2.7786964236521254,-0.013725490196078494,-0.23251970959644686,-0.15017331932105282
nisqa,l2,0.3,20270016,nisqa_val_live,750,200,0.995,2.91591215133667,2.9248497128486632,1.0,2.732373676300049,2.732373676300049,0.0050000000000000044,-0.18353847503662113,-0.19247603654861445
nisqa,l2,0.3,20270016,nisqa_test_for,750,240,0.9291666666666667,2.91591215133667,3.4487399558226266,0.925,2.6993403802315394,3.335845179359118,-0.004166666666666652,-0.21657177110513048,-0.11289477646350843
nisqa,l2,0.3,20270016,nisqa_test_livetalk,750,232,0.9353448275862069,2.91591215133667,3.186311047652672,0.8922413793103449,2.5552847292916527,3.2815358381846855,-0.04310344827586199,-0.3606274220450172,0.0952247905320136
nisqa,l2,0.3,20270016,nisqa_test_p501,750,240,0.9708333333333333,2.91591215133667,3.0460790594418845,0.9541666666666667,2.797826791803042,3.0056773324807486,-0.016666666666666607,-0.11808535953362798,-0.040401726961135864
nisqa,knn,0.3,20270016,nisqa_val_sim,750,1750,0.9022857142857142,2.91591215133667,3.52560638155256,0.9131428571428571,2.9404926023483275,3.521815905843462,0.010857142857142899,0.024580451011657622,-0.0037904757090978514
nisqa,knn,0.3,20270016,nisqa_train_live,750,1020,0.9931372549019608,2.91591215133667,2.9288697429731783,0.9754901960784313,2.431816836431915,2.531063698319828,-0.01764705882352946,-0.4840953149047551,-0.39780604465335045
nisqa,knn,0.3,20270016,nisqa_val_live,750,200,0.995,2.91591215133667,2.9248497128486632,0.98,2.403753151893616,2.4810691261291504,-0.015000000000000013,-0.512158999443054,-0.4437805867195128
nisqa,knn,0.3,20270016,nisqa_test_for,750,240,0.9291666666666667,2.91591215133667,3.4487399558226266,0.9416666666666667,2.7579325169324873,3.4061339130004247,0.012499999999999956,-0.1579796344041826,-0.04260604282220193
nisqa,knn,0.3,20270016,nisqa_test_livetalk,750,232,0.9353448275862069,2.91591215133667,3.186311047652672,0.896551724137931,2.4766070750252953,3.0376077284073006,-0.0387931034482758,-0.4393050763113746,-0.14870331924537128
nisqa,knn,0.3,20270016,nisqa_test_p501,750,240,0.9708333333333333,2.91591215133667,3.0460790594418845,0.9583333333333334,2.7520335684219996,2.8939511199792225,-0.012499999999999956,-0.16387858291467028,-0.152127939462662
nisqa,mahalanobis,0.3,20270017,nisqa_val_sim,750,1750,0.8988571428571429,2.904362201690674,3.518709750856672,0.9005714285714286,2.867020980017526,3.438770097732544,0.0017142857142856682,-0.037341221673147906,-0.07993965312412765
nisqa,mahalanobis,0.3,20270017,nisqa_train_live,750,1020,0.9931372549019608,2.904362201690674,2.9181124369303384,0.9686274509803922,2.3807935480977975,2.5034780338698743,-0.02450980392156865,-0.5235686535928763,-0.41463440306046406
nisqa,mahalanobis,0.3,20270017,nisqa_val_live,750,200,0.995,2.904362201690674,2.913877260684967,0.985,2.3731820368766785,2.4536958003044127,-0.010000000000000009,-0.5311801648139953,-0.4601814603805545
nisqa,mahalanobis,0.3,20270017,nisqa_test_for,750,240,0.9291666666666667,2.904362201690674,3.445371220509211,0.9208333333333333,2.6392575800418854,3.264954169591268,-0.008333333333333415,-0.26510462164878845,-0.18041705091794302
nisqa,mahalanobis,0.3,20270017,nisqa_test_livetalk,750,232,0.9353448275862069,2.904362201690674,3.182228737864001,0.896551724137931,2.430502385928713,3.0287658489983658,-0.0387931034482758,-0.4738598157619607,-0.15346288886563508
nisqa,mahalanobis,0.3,20270017,nisqa_test_p501,750,240,0.9666666666666667,2.904362201690674,3.038170635700226,0.9291666666666667,2.6287113626797995,2.9037853529055915,-0.03749999999999998,-0.2756508390108743,-0.13438528279463435
nisqa,l2,0.3,20270017,nisqa_val_sim,750,1750,0.8988571428571429,2.904362201690674,3.518709750856672,0.892,2.8274620146070206,3.4543630076817102,-0.006857142857142895,-0.0769001870836532,-0.06434674317496158
nisqa,l2,0.3,20270017,nisqa_train_live,750,1020,0.9931372549019608,2.904362201690674,2.9181124369303384,0.9666666666666667,2.580530934707791,2.7176048816419116,-0.026470588235294135,-0.32383126698288267,-0.2005075552884268
nisqa,l2,0.3,20270017,nisqa_val_live,750,200,0.995,2.904362201690674,2.913877260684967,1.0,2.621345226764679,2.621345226764679,0.0050000000000000044,-0.283016974925995,-0.29253203392028837
nisqa,l2,0.3,20270017,nisqa_test_for,750,240,0.9291666666666667,2.904362201690674,3.445371220509211,0.925,2.5912990172704062,3.339409907658895,-0.004166666666666652,-0.3130631844202676,-0.10596131285031607
nisqa,l2,0.3,20270017,nisqa_test_livetalk,750,232,0.9353448275862069,2.904362201690674,3.182228737864001,0.8663793103448276,2.479250036436936,3.3825273616560576,-0.06896551724137923,-0.42511216525373774,0.20029862379205676
nisqa,l2,0.3,20270017,nisqa_test_p501,750,240,0.9666666666666667,2.904362201690674,3.038170635700226,0.9416666666666667,2.73511182864507,3.0157693634430567,-0.025000000000000022,-0.16925037304560364,-0.022401272257169147
nisqa,knn,0.3,20270017,nisqa_val_sim,750,1750,0.8988571428571429,2.904362201690674,3.518709750856672,0.9097142857142857,2.936432962553842,3.486924329621451,0.010857142857142787,0.03207076086316807,-0.03178542123522066
nisqa,knn,0.3,20270017,nisqa_train_live,750,1020,0.9931372549019608,2.904362201690674,2.9181124369303384,0.9882352941176471,2.719480241279976,2.753918276347366,-0.004901960784313708,-0.18488196041069793,-0.16419416058297243
nisqa,knn,0.3,20270017,nisqa_val_live,750,200,0.995,2.904362201690674,2.913877260684967,0.99,2.707344601154327,2.7342679595947263,-0.0050000000000000044,-0.19701760053634665,-0.17960930109024087
nisqa,knn,0.3,20270017,nisqa_test_for,750,240,0.9291666666666667,2.904362201690674,3.445371220509211,0.9291666666666667,2.8568159182866415,3.4334299703439077,0.0,-0.04754628340403233,-0.011941250165303341
nisqa,knn,0.3,20270017,nisqa_test_livetalk,750,232,0.9353448275862069,2.904362201690674,3.182228737864001,0.9267241379310345,2.7384137644849975,3.099129472313256,-0.008620689655172376,-0.1659484372056763,-0.08309926555074476
nisqa,knn,0.3,20270017,nisqa_test_p501,750,240,0.9666666666666667,2.904362201690674,3.038170635700226,0.9666666666666667,2.856030546625455,2.971409433086713,0.0,-0.04833165506521864,-0.0667612026135127
nisqa,mahalanobis,0.3,20270018,nisqa_val_sim,750,1750,0.924,3.049666404724121,3.498267194202968,0.9102857142857143,2.9211930743626184,3.4516243476867676,-0.01371428571428579,-0.12847333036150266,-0.04664284651620054
nisqa,mahalanobis,0.3,20270018,nisqa_train_live,750,1020,0.9980392156862745,3.049666404724121,3.0563125844095267,0.9509803921568627,2.2625198298809575,2.455393564934824,-0.04705882352941182,-0.7871465748431636,-0.6009190194747025
nisqa,mahalanobis,0.3,20270018,nisqa_val_live,750,200,0.995,3.049666404724121,3.051916253566742,0.98,2.255975320339203,2.366676905155182,-0.015000000000000013,-0.7936910843849181,-0.6852393484115602
nisqa,mahalanobis,0.3,20270018,nisqa_test_for,750,240,0.9375,3.049666404724121,3.49373667438825,0.9208333333333333,2.6372252066930133,3.274313316742579,-0.01666666666666672,-0.4124411980311078,-0.21942335764567078
nisqa,mahalanobis,0.3,20270018,nisqa_test_livetalk,750,232,0.9482758620689655,3.049666404724121,3.2389473873993446,0.8836206896551724,2.3247220022925017,3.065817853500103,-0.06465517241379315,-0.7249444024316194,-0.17312953389924157
nisqa,mahalanobis,0.3,20270018,nisqa_test_p501,750,240,0.9791666666666666,3.049666404724121,3.149550497531891,0.9166666666666666,2.617163836956024,2.9828324367602668,-0.0625,-0.4325025677680969,-0.1667180607716241
nisqa,l2,0.3,20270018,nisqa_val_sim,750,1750,0.924,3.049666404724121,3.498267194202968,0.9234285714285714,3.00996327318464,3.458354909624372,-0.0005714285714286671,-0.03970313153948091,-0.03991228457859597
nisqa,l2,0.3,20270018,nisqa_train_live,750,1020,0.9980392156862745,3.049666404724121,3.0563125844095267,0.9745098039215686,2.711181305436527,2.8207743041655595,-0.02352941176470591,-0.33848509928759407,-0.23553828024396717
nisqa,l2,0.3,20270018,nisqa_val_live,750,200,0.995,3.049666404724121,3.051916253566742,0.995,2.7755369973182678,2.776361258029938,0.0,-0.27412940740585334,-0.2755549955368042
nisqa,l2,0.3,20270018,nisqa_test_for,750,240,0.9375,3.049666404724121,3.49373667438825,0.9333333333333333,2.746698961655299,3.284085547924042,-0.004166666666666652,-0.3029674430688223,-0.20965112646420803
nisqa,l2,0.3,20270018,nisqa_test_livetalk,750,232,0.9482758620689655,3.049666404724121,3.2389473873993446,0.8879310344827587,2.547675180024114,3.353948350610404,-0.06034482758620685,-0.5019912247000069,0.11500096321105957
nisqa,l2,0.3,20270018,nisqa_test_p501,750,240,0.9791666666666666,3.049666404724121,3.149550497531891,0.95,2.864993002017339,3.0928290794293085,-0.029166666666666674,-0.18467340270678223,-0.056721418102582355
nisqa,knn,0.3,20270018,nisqa_val_sim,750,1750,0.924,3.049666404724121,3.498267194202968,0.9205714285714286,3.00597378213065,3.4893165427616664,-0.0034285714285714475,-0.043692622593471064,-0.008950651441301805
nisqa,knn,0.3,20270018,nisqa_train_live,750,1020,0.9980392156862745,3.049666404724121,3.0563125844095267,0.9892156862745098,2.8033699778949512,2.8305876091414808,-0.008823529411764675,-0.24629642682916986,-0.2257249752680459
nisqa,knn,0.3,20270018,nisqa_val_live,750,200,0.995,3.049666404724121,3.051916253566742,0.99,2.783547430038452,2.804001109600067,-0.0050000000000000044,-0.26611897468566914,-0.2479151439666749
nisqa,knn,0.3,20270018,nisqa_test_for,750,240,0.9375,3.049666404724121,3.49373667438825,0.9333333333333333,2.9143252710501355,3.424739464124044,-0.004166666666666652,-0.1353411336739856,-0.06899721026420602
nisqa,knn,0.3,20270018,nisqa_test_livetalk,750,232,0.9482758620689655,3.049666404724121,3.2389473873993446,0.9353448275862069,2.8087790567299415,3.1345509557888427,-0.012931034482758674,-0.24088734799417955,-0.10439643161050194
nisqa,knn,0.3,20270018,nisqa_test_p501,750,240,0.9791666666666666,3.049666404724121,3.149550497531891,0.9708333333333333,2.9430515746275585,3.0678785423437755,-0.008333333333333304,-0.10661483009656259,-0.08167195518811532
nisqa,mahalanobis,0.3,20270019,nisqa_val_sim,750,1750,0.9194285714285715,3.027462959289551,3.5015967886788504,0.9205714285714286,2.952727719443185,3.4362153309413364,0.0011428571428571122,-0.07473523984636588,-0.06538145773751403
nisqa,mahalanobis,0.3,20270019,nisqa_train_live,750,1020,0.996078431372549,3.027462959289551,3.03487631853889,0.9490196078431372,2.2200095050475177,2.4391760036057115,-0.04705882352941182,-0.8074534542420331,-0.5957003149331785
nisqa,mahalanobis,0.3,20270019,nisqa_val_live,750,200,0.995,3.027462959289551,3.0308229804039,0.98,2.2096982741355897,2.3309362435340883,-0.015000000000000013,-0.8177646851539611,-0.6998867368698116
nisqa,mahalanobis,0.3,20270019,nisqa_test_for,750,240,0.9375,3.027462959289551,3.485410382350286,0.9208333333333333,2.6368833780288696,3.26896799604098,-0.01666666666666672,-0.39057958126068115,-0.21644238630930612
nisqa,mahalanobis,0.3,20270019,nisqa_test_livetalk,750,232,0.9396551724137931,3.027462959289551,3.2288246113678505,0.8577586206896551,2.2866317403727563,3.1049639993700486,-0.08189655172413801,-0.7408312189167945,-0.12386061199780185
nisqa,mahalanobis,0.3,20270019,nisqa_test_p501,750,240,0.9791666666666666,3.027462959289551,3.1319727698961892,0.9166666666666666,2.6000649273395537,2.977448184291522,-0.0625,-0.42739803194999704,-0.1545245856046673
nisqa,l2,0.3,20270019,nisqa_val_sim,750,1750,0.9194285714285715,3.027462959289551,3.5015967886788504,0.9062857142857143,2.885435422352382,3.5332531389508928,-0.013142857142857234,-0.14202753693716863,0.03165635027204239
nisqa,l2,0.3,20270019,nisqa_train_live,750,1020,0.996078431372549,3.027462959289551,3.03487631853889,0.9549019607843138,2.5495214333721234,2.746600654779696,-0.04117647058823526,-0.47794152591742733,-0.2882756637591939
nisqa,l2,0.3,20270019,nisqa_val_live,750,200,0.995,3.027462959289551,3.0308229804039,0.98,2.584041042327881,2.6016153645515443,-0.015000000000000013,-0.44342191696167,-0.4292076158523557
nisqa,l2,0.3,20270019,nisqa_test_for,750,240,0.9375,3.027462959289551,3.485410382350286,0.9166666666666666,2.574422061443329,3.4058582286039987,-0.02083333333333337,-0.4530408978462219,-0.07955215374628732
nisqa,l2,0.3,20270019,nisqa_test_livetalk,750,232,0.9396551724137931,3.027462959289551,3.2288246113678505,0.8577586206896551,2.4357892059046646,3.458096832036972,-0.08189655172413801,-0.5916737533848861,0.22927222066912156
nisqa,l2,0.3,20270019,nisqa_test_p501,750,240,0.9791666666666666,3.027462959289551,3.1319727698961892,0.9375,2.730431600411733,3.0826753467321395,-0.04166666666666663,-0.29703135887781773,-0.049297423164049725
nisqa,knn,0.3,20270019,nisqa_val_sim,750,1750,0.9194285714285715,3.027462959289551,3.5015967886788504,0.9228571428571428,2.995328512464251,3.4736179490770613,0.0034285714285713365,-0.03213444682529998,-0.02797883960178904
nisqa,knn,0.3,20270019,nisqa_train_live,750,1020,0.996078431372549,3.027462959289551,3.03487631853889,0.9872549019607844,2.7163765411750944,2.7530714067758297,-0.008823529411764675,-0.31108641811445636,-0.28180491176306033
nisqa,knn,0.3,20270019,nisqa_val_live,750,200,0.995,3.027462959289551,3.0308229804039,0.99,2.699761712551117,2.728466296195984,-0.0050000000000000044,-0.3277012467384339,-0.30235668420791617
nisqa,knn,0.3,20270019,nisqa_test_for,750,240,0.9375,3.027462959289551,3.485410382350286,0.9416666666666667,2.8872726023197175,3.4221765359242755,0.004166666666666652,-0.14019035696983329,-0.06323384642601049
nisqa,knn,0.3,20270019,nisqa_test_livetalk,750,232,0.9396551724137931,3.027462959289551,3.2288246113678505,0.9310344827586207,2.7379732748557783,3.0864054622321295,-0.008620689655172487,-0.28948968443377243,-0.14241914913572096
nisqa,knn,0.3,20270019,nisqa_test_p501,750,240,0.9791666666666666,3.027462959289551,3.1319727698961892,0.9708333333333333,2.8894222915172576,3.001943890253703,-0.008333333333333304,-0.13804066777229318,-0.13002887964248622
nisqa,mahalanobis,0.3,20270020,nisqa_val_sim,750,1750,0.8994285714285715,2.9082207679748535,3.495035922186715,0.9051428571428571,2.864162638255528,3.4282454051971434,0.005714285714285672,-0.044058129719325656,-0.06679051698957172
nisqa,mahalanobis,0.3,20270020,nisqa_train_live,750,1020,0.9931372549019608,2.9082207679748535,2.921706199645996,0.9509803921568627,2.2434322815315397,2.432170622956519,-0.04215686274509811,-0.6647884864433138,-0.4895355766894771
nisqa,mahalanobis,0.3,20270020,nisqa_val_live,750,200,0.995,2.9082207679748535,2.9175428986549377,0.985,2.2377960324287414,2.3432155013084413,-0.010000000000000009,-0.6704247355461121,-0.5743273973464964
nisqa,mahalanobis,0.3,20270020,nisqa_test_for,750,240,0.9291666666666667,2.9082207679748535,3.4464966356754303,0.9208333333333333,2.595981150865555,3.2753020326296487,-0.008333333333333415,-0.3122396171092987,-0.1711946030457816
nisqa,mahalanobis,0.3,20270020,nisqa_test_livetalk,750,232,0.9353448275862069,2.9082207679748535,3.183592541464444,0.875,2.291930509024653,3.046743464880976,-0.06034482758620685,-0.6162902589502006,-0.1368490765834678
nisqa,mahalanobis,0.3,20270020,nisqa_test_p501,750,240,0.9666666666666667,2.9082207679748535,3.0407430132230124,0.9166666666666666,2.5713967541853586,2.881187251210213,-0.050000000000000044,-0.3368240137894949,-0.15955576201279964
nisqa,l2,0.3,20270020,nisqa_val_sim,750,1750,0.8994285714285715,2.9082207679748535,3.495035922186715,0.9097142857142857,2.899724957874843,3.4247350354875836,0.010285714285714231,-0.008495810100010548,-0.07030088669913148
nisqa,l2,0.3,20270020,nisqa_train_live,750,1020,0.9931372549019608,2.9082207679748535,2.921706199645996,0.9774509803921568,2.7092554999332803,2.7984116414014033,-0.015686274509803977,-0.19896526804157322,-0.12329455824459279
nisqa,l2,0.3,20270020,nisqa_val_live,750,200,0.995,2.9082207679748535,2.9175428986549377,1.0,2.7546710562705994,2.7546710562705994,0.0050000000000000044,-0.15354971170425413,-0.16287184238433827
nisqa,l2,0.3,20270020,nisqa_test_for,750,240,0.9291666666666667,2.9082207679748535,3.4464966356754303,0.9291666666666667,2.7145152588685355,3.3297767539819083,0.0,-0.193705509106318,-0.11671988169352199
nisqa,l2,0.3,20270020,nisqa_test_livetalk,750,232,0.9353448275862069,2.9082207679748535,3.183592541464444,0.9051724137931034,2.6035337890016623,3.3007483718724084,-0.030172413793103425,-0.3046869789731912,0.11715583040796451
nisqa,l2,0.3,20270020,nisqa_test_p501,750,240,0.9666666666666667,2.9082207679748535,3.0407430132230124,0.9583333333333334,2.8188397218783696,3.0032452921072643,-0.008333333333333304,-0.0893810460964839,-0.03749772111574812
nisqa,knn,0.3,20270020,nisqa_val_sim,750,1750,0.8994285714285715,2.9082207679748535,3.495035922186715,0.8971428571428571,2.848758571216038,3.460925346510751,-0.0022857142857143353,-0.05946219675881537,-0.034110575675964316
nisqa,knn,0.3,20270020,nisqa_train_live,750,1020,0.9931372549019608,2.9082207679748535,2.921706199645996,0.9774509803921568,2.5055147933024986,2.5832753120684155,-0.015686274509803977,-0.4027059746723549,-0.33843088757758055
nisqa,knn,0.3,20270020,nisqa_val_live,750,200,0.995,2.9082207679748535,2.9175428986549377,0.98,2.4800333178043363,2.5392724907398225,-0.015000000000000013,-0.4281874501705172,-0.3782704079151151
nisqa,knn,0.3,20270020,nisqa_test_for,750,240,0.9291666666666667,2.9082207679748535,3.4464966356754303,0.925,2.7198127418756486,3.3886990656455356,-0.004166666666666652,-0.18840802609920493,-0.05779757002989472
nisqa,knn,0.3,20270020,nisqa_test_livetalk,750,232,0.9353448275862069,2.9082207679748535,3.183592541464444,0.9051724137931034,2.530604031579248,3.0532320162345625,-0.030172413793103425,-0.37761673639560556,-0.1303605252298814
nisqa,knn,0.3,20270020,nisqa_test_p501,750,240,0.9666666666666667,2.9082207679748535,3.0407430132230124,0.9541666666666667,2.727158373594284,2.879270554582278,-0.012499999999999956,-0.18106239438056937,-0.16147245864073456
nisqa,mahalanobis,0.5,20270001,nisqa_val_sim,1250,1250,0.884,2.858084201812744,3.562696907043457,0.8928,2.805598488616943,3.468644039916992,0.00880000000000003,-0.052485713195800976,-0.09405286712646488
nisqa,mahalanobis,0.5,20270001,nisqa_train_live,1250,1020,0.9921568627450981,2.858084201812744,2.875367940640917,0.953921568627451,2.2457467453152526,2.4193324570562327,-0.038235294117647034,-0.6123374564974915,-0.45603548358468426
nisqa,mahalanobis,0.5,20270001,nisqa_val_live,1250,200,0.995,2.858084201812744,2.869913160800934,0.98,2.2422171521186827,2.3449268984794616,-0.015000000000000013,-0.6158670496940615,-0.5249862623214723
nisqa,mahalanobis,0.5,20270001,nisqa_test_for,1250,240,0.9125,2.858084201812744,3.4350766638914743,0.9166666666666666,2.5422932068506876,3.28030113975207,0.004166666666666652,-0.31579099496205654,-0.1547755241394042
nisqa,mahalanobis,0.5,20270001,nisqa_test_livetalk,1250,232,0.9353448275862069,2.858084201812744,3.1658718585968018,0.8706896551724138,2.289266145434873,3.0296138042006,-0.06465517241379304,-0.5688180563778711,-0.13625805439620198
nisqa,mahalanobis,0.5,20270001,nisqa_test_p501,1250,240,0.9666666666666667,2.858084201812744,3.007318635781606,0.9125,2.5195913672447205,2.8769212971131006,-0.054166666666666696,-0.3384928345680236,-0.13039733866850556
nisqa,l2,0.5,20270001,nisqa_val_sim,1250,1250,0.884,2.858084201812744,3.562696907043457,0.888,2.826219644165039,3.498476926422119,0.0040000000000000036,-0.031864557647705016,-0.06421998062133794
nisqa,l2,0.5,20270001,nisqa_train_live,1250,1020,0.9921568627450981,2.858084201812744,2.875367940640917,0.9686274509803922,2.52919150614271,2.6605272812001846,-0.02352941176470591,-0.3288926956700342,-0.21484065944073238
nisqa,l2,0.5,20270001,nisqa_val_live,1250,200,0.995,2.858084201812744,2.869913160800934,0.995,2.571158685684204,2.5807591223716737,0.0,-0.28692551612854,-0.28915403842926013
nisqa,l2,0.5,20270001,nisqa_test_for,1250,240,0.9125,2.858084201812744,3.4350766638914743,0.925,2.5613447070121764,3.299395565191905,0.012500000000000067,-0.2967394948005677,-0.13568109869956935
nisqa,l2,0.5,20270001,nisqa_test_livetalk,1250,232,0.9353448275862069,2.858084201812744,3.1658718585968018,0.8663793103448276,2.43429329888574,3.3138671928438646,-0.06896551724137923,-0.42379090292700416,0.1479953342470628
nisqa,l2,0.5,20270001,nisqa_test_p501,1250,240,0.9666666666666667,2.858084201812744,3.007318635781606,0.9333333333333333,2.6987305243810016,3.0240924268960954,-0.033333333333333326,-0.15935367743174256,0.016773791114489178
nisqa,knn,0.5,20270001,nisqa_val_sim,1250,1250,0.884,2.858084201812744,3.562696907043457,0.896,2.885419386291504,3.5060183242797853,0.01200000000000001,0.02733518447875971,-0.05667858276367177
nisqa,knn,0.5,20270001,nisqa_train_live,1250,1020,0.9921568627450981,2.858084201812744,2.875367940640917,0.9852941176470589,2.6626023465511848,2.705682251032661,-0.006862745098039191,-0.19548185526155937,-0.16968568960825614
nisqa,knn,0.5,20270001,nisqa_val_live,1250,200,0.995,2.858084201812744,2.869913160800934,0.99,2.6466363000869753,2.6799143719673157,-0.0050000000000000044,-0.21144790172576888,-0.1899987888336181
nisqa,knn,0.5,20270001,nisqa_test_for,1250,240,0.9125,2.858084201812744,3.4350766638914743,0.9333333333333333,2.8051645418008166,3.385693387190501,0.02083333333333337,-0.052919660011927494,-0.04938327670097342
nisqa,knn,0.5,20270001,nisqa_test_livetalk,1250,232,0.9353448275862069,2.858084201812744,3.1658718585968018,0.9224137931034483,2.678273277036075,3.0751897939320267,-0.012931034482758563,-0.17981092477666927,-0.09068206466477502
nisqa,knn,0.5,20270001,nisqa_test_p501,1250,240,0.9666666666666667,2.858084201812744,3.007318635781606,0.9625,2.805026958386103,2.9410110314687095,-0.004166666666666652,-0.053057243426640976,-0.06630760431289673
nisqa,mahalanobis,0.5,20270002,nisqa_val_sim,1250,1250,0.88,2.8335418701171875,3.582067588806152,0.8768,2.7596484519958495,3.5316512996673586,-0.0031999999999999806,-0.07389341812133798,-0.05041628913879359
nisqa,mahalanobis,0.5,20270002,nisqa_train_live,1250,1020,0.9911764705882353,2.8335418701171875,2.8528091720506255,0.9490196078431372,2.1725939292533725,2.3952269404542212,-0.04215686274509811,-0.660947940863815,-0.4575822315964042
nisqa,mahalanobis,0.5,20270002,nisqa_val_live,1250,200,0.995,2.8335418701171875,2.846597945690155,0.98,2.166099336147308,2.288697245121002,-0.015000000000000013,-0.6674425339698793,-0.557900700569153
nisqa,mahalanobis,0.5,20270002,nisqa_test_for,1250,240,0.9125,2.8335418701171875,3.4320088724295297,0.9083333333333333,2.5060803135236105,3.251686050494512,-0.004166666666666652,-0.327461556593577,-0.1803228219350177
nisqa,mahalanobis,0.5,20270002,nisqa_test_livetalk,1250,232,0.9310344827586207,2.8335418701171875,3.157750462663585,0.8491379310344828,2.225935695500209,3.0802873085285056,-0.0818965517241379,-0.6076061746169783,-0.0774631541350792
nisqa,mahalanobis,0.5,20270002,nisqa_test_p501,1250,240,0.9666666666666667,2.8335418701171875,2.9909570813179016,0.9166666666666666,2.4961827298005423,2.8939779152472815,-0.050000000000000044,-0.33735914031664516,-0.09697916607062007
nisqa,l2,0.5,20270002,nisqa_val_sim,1250,1250,0.88,2.8335418701171875,3.582067588806152,0.88,2.772325225639343,3.5147320993423463,0.0,-0.06121664447784436,-0.06733548946380585
nisqa,l2,0.5,20270002,nisqa_train_live,1250,1020,0.9911764705882353,2.8335418701171875,2.8528091720506255,0.9735294117647059,2.592676948098575,2.688933947507073,-0.01764705882352946,-0.24086492201861232,-0.16387522454355263
nisqa,l2,0.5,20270002,nisqa_val_live,1250,200,0.995,2.8335418701171875,2.846597945690155,0.995,2.6282591652870178,2.631685883998871,0.0,-0.20528270483016975,-0.21491206169128407
nisqa,l2,0.5,20270002,nisqa_test_for,1250,240,0.9125,2.8335418701171875,3.4320088724295297,0.9208333333333333,2.6062771042188007,3.351456280549367,0.008333333333333304,-0.22726476589838684,-0.08055259188016262
nisqa,l2,0.5,20270002,nisqa_test_livetalk,1250,232,0.9310344827586207,2.8335418701171875,3.157750462663585,0.8879310344827587,2.518919129823816,3.231744405524484,-0.04310344827586199,-0.31462274029337145,0.07399394286089933
nisqa,l2,0.5,20270002,nisqa_test_p501,1250,240,0.9666666666666667,2.8335418701171875,2.9909570813179016,0.9458333333333333,2.712711516022682,2.957438337802887,-0.02083333333333337,-0.12083035409450549,-0.033518743515014826
nisqa,knn,0.5,20270002,nisqa_val_sim,1250,1250,0.88,2.8335418701171875,3.582067588806152,0.8824,2.7868999435424806,3.5956110450744627,0.0023999999999999577,-0.04664192657470689,0.01354345626831055
nisqa,knn,0.5,20270002,nisqa_train_live,1250,1020,0.9911764705882353,2.8335418701171875,2.8528091720506255,0.9588235294117647,2.30245284800436,2.4449547772314033,-0.032352941176470584,-0.5310890221128277,-0.40785439481922214
nisqa,knn,0.5,20270002,nisqa_val_live,1250,200,0.995,2.8335418701171875,2.846597945690155,0.98,2.266972064971924,2.3721252202987673,-0.015000000000000013,-0.5665698051452637,-0.47447272539138785
nisqa,knn,0.5,20270002,nisqa_test_for,1250,240,0.9125,2.8335418701171875,3.4320088724295297,0.925,2.6116882065931954,3.3753384550412497,0.012500000000000067,-0.22185366352399205,-0.05667041738827994
nisqa,knn,0.5,20270002,nisqa_test_livetalk,1250,232,0.9310344827586207,2.8335418701171875,3.157750462663585,0.8706896551724138,2.3417304548723945,3.0570297241210938,-0.06034482758620685,-0.491811415244793,-0.10072073854249108
nisqa,knn,0.5,20270002,nisqa_test_p501,1250,240,0.9666666666666667,2.8335418701171875,2.9909570813179016,0.9375,2.6243702630201975,2.8404067267974216,-0.029166666666666674,-0.20917160709699,-0.15055035452048005
nisqa,mahalanobis,0.5,20270003,nisqa_val_sim,1250,1250,0.9024,2.914344310760498,3.5496471729278563,0.9048,2.888327261352539,3.4527696823120118,0.0024000000000000687,-0.026017049407959014,-0.0968774906158445
nisqa,mahalanobis,0.5,20270003,nisqa_train_live,1250,1020,0.9931372549019608,2.914344310760498,2.9274094992992925,0.9598039215686275,2.3210980894518833,2.4680685555233675,-0.033333333333333326,-0.5932462213086147,-0.45934094377592505
nisqa,mahalanobis,0.5,20270003,nisqa_val_live,1250,200,0.995,2.914344310760498,2.9233602643013,0.985,2.31640235543251,2.4101058638095854,-0.010000000000000009,-0.5979419553279879,-0.5132544004917148
nisqa,mahalanobis,0.5,20270003,nisqa_test_for,1250,240,0.9291666666666667,2.914344310760498,3.44828266898791,0.9208333333333333,2.620259527365367,3.2954811990261077,-0.008333333333333415,-0.2940847833951312,-0.1528014699618021
nisqa,mahalanobis,0.5,20270003,nisqa_test_livetalk,1250,232,0.9353448275862069,2.914344310760498,3.1857568971041976,0.8836206896551724,2.348744174529766,3.0305344112988175,-0.051724137931034475,-0.5656001362307319,-0.15522248580538012
nisqa,mahalanobis,0.5,20270003,nisqa_test_p501,1250,240,0.9708333333333333,2.914344310760498,3.0449685057004294,0.9291666666666667,2.601963727672895,2.8861379464467367,-0.04166666666666663,-0.3123805830876032,-0.15883055925369272
nisqa,l2,0.5,20270003,nisqa_val_sim,1250,1250,0.9024,2.914344310760498,3.5496471729278563,0.9056,2.910552059173584,3.469334400177002,0.0031999999999999806,-0.003792251586914208,-0.08031277275085413
nisqa,l2,0.5,20270003,nisqa_train_live,1250,1020,0.9931372549019608,2.914344310760498,2.9274094992992925,0.9803921568627451,2.665155358174268,2.7422729718918895,-0.012745098039215752,-0.24918895258623008,-0.18513652740740305
nisqa,l2,0.5,20270003,nisqa_val_live,1250,200,0.995,2.914344310760498,2.9233602643013,0.995,2.713560981750488,2.7186831545829775,0.0,-0.20078332901000984,-0.20467710971832265
nisqa,l2,0.5,20270003,nisqa_test_for,1250,240,0.9291666666666667,2.914344310760498,3.44828266898791,0.9291666666666667,2.6839929540952046,3.3038308044274647,0.0,-0.2303513566652935,-0.14445186456044512
nisqa,l2,0.5,20270003,nisqa_test_livetalk,1250,232,0.9353448275862069,2.914344310760498,3.1857568971041976,0.9051724137931034,2.562881490279888,3.2043487429618835,-0.030172413793103425,-0.35146282048060984,0.018591845857685918
nisqa,l2,0.5,20270003,nisqa_test_p501,1250,240,0.9708333333333333,2.914344310760498,3.0449685057004294,0.9541666666666667,2.789491629600525,3.018029303352038,-0.016666666666666607,-0.12485268115997306,-0.026939202348391422
nisqa,knn,0.5,20270003,nisqa_val_sim,1250,1250,0.9024,2.914344310760498,3.5496471729278563,0.9088,2.9366050119400025,3.5219794187545777,0.006400000000000072,0.022260701179504405,-0.027667754173278603
nisqa,knn,0.5,20270003,nisqa_train_live,1250,1020,0.9931372549019608,2.914344310760498,2.9274094992992925,0.9852941176470589,2.684718689731523,2.7266291510825065,-0.007843137254901933,-0.22962562102897488,-0.20078034821678603
nisqa,knn,0.5,20270003,nisqa_val_live,1250,200,0.995,2.914344310760498,2.9233602643013,0.99,2.6622558569908144,2.6947387075424194,-0.0050000000000000044,-0.2520884537696837,-0.22862155675888074
nisqa,knn,0.5,20270003,nisqa_test_for,1250,240,0.9291666666666667,2.914344310760498,3.44828266898791,0.9333333333333333,2.842026036977768,3.404518030087153,0.004166666666666652,-0.07231827378272992,-0.04376463890075666
nisqa,knn,0.5,20270003,nisqa_test_livetalk,1250,232,0.9353448275862069,2.914344310760498,3.1857568971041976,0.9224137931034483,2.699982832218039,3.080958898725181,-0.012931034482758563,-0.21436147854245924,-0.10479799837901682
nisqa,knn,0.5,20270003,nisqa_test_p501,1250,240,0.9708333333333333,2.914344310760498,3.0449685057004294,0.9625,2.8459947804609933,2.975437273581823,-0.008333333333333304,-0.06834953029950475,-0.06953123211860657
nisqa,mahalanobis,0.5,20270004,nisqa_val_sim,1250,1250,0.9104,2.948169708251953,3.4749398231506348,0.9088,2.8561346458435057,3.3924679988861084,-0.0015999999999999348,-0.09203506240844739,-0.08247182426452637
nisqa,mahalanobis,0.5,20270004,nisqa_train_live,1250,1020,0.9941176470588236,2.948169708251953,2.959180686988083,0.9598039215686275,2.2861267823798985,2.439465443760741,-0.03431372549019607,-0.6620429258720546,-0.519715243227342
nisqa,mahalanobis,0.5,20270004,nisqa_val_live,1250,200,0.995,2.948169708251953,2.955494391918182,0.985,2.285592169761658,2.379295678138733,-0.010000000000000009,-0.6625775384902952,-0.5761987137794491
nisqa,mahalanobis,0.5,20270004,nisqa_test_for,1250,240,0.9291666666666667,2.948169708251953,3.458148409922918,0.9208333333333333,2.5806699991226196,3.2930440406004586,-0.008333333333333415,-0.3674997091293335,-0.1651043693224592
nisqa,mahalanobis,0.5,20270004,nisqa_test_livetalk,1250,232,0.9353448275862069,2.948169708251953,3.1977124255279015,0.8836206896551724,2.32500893083112,3.0017727284595885,-0.051724137931034475,-0.623160777420833,-0.19593969706831293
nisqa,mahalanobis,0.5,20270004,nisqa_test_p501,1250,240,0.975,2.948169708251953,3.069990575313568,0.925,2.566197454929352,2.8864656736453376,-0.04999999999999993,-0.3819722533226013,-0.18352490166823054
nisqa,l2,0.5,20270004,nisqa_val_sim,1250,1250,0.9104,2.948169708251953,3.4749398231506348,0.9088,2.891355432510376,3.391399633407593,-0.0015999999999999348,-0.05681427574157727,-0.08354018974304189
nisqa,l2,0.5,20270004,nisqa_train_live,1250,1020,0.9941176470588236,2.948169708251953,2.959180686988083,0.9735294117647059,2.614333771724327,2.7108472510880115,-0.020588235294117685,-0.3338359365276262,-0.2483334359000713
nisqa,l2,0.5,20270004,nisqa_val_live,1250,200,0.995,2.948169708251953,2.955494391918182,0.995,2.65565404176712,2.659941415786743,0.0,-0.29251566648483296,-0.29555297613143905
nisqa,l2,0.5,20270004,nisqa_test_for,1250,240,0.9291666666666667,2.948169708251953,3.458148409922918,0.9291666666666667,2.642142188549042,3.3495904823144276,0.0,-0.3060275197029112,-0.10855792760849026
nisqa,l2,0.5,20270004,nisqa_test_livetalk,1250,232,0.9353448275862069,2.948169708251953,3.1977124255279015,0.896551724137931,2.5374239642044594,3.236268168893354,-0.0387931034482758,-0.41074574404749375,0.03855574336545242
nisqa,l2,0.5,20270004,nisqa_test_p501,1250,240,0.975,2.948169708251953,3.069990575313568,0.95,2.7661306222279864,3.0154621809720994,-0.025000000000000022,-0.18203908602396668,-0.05452839434146872
nisqa,knn,0.5,20270004,nisqa_val_sim,1250,1250,0.9104,2.948169708251953,3.4749398231506348,0.912,2.945047049331665,3.440568184661865,0.0016000000000000458,-0.0031226589202879573,-0.03437163848876956
nisqa,knn,0.5,20270004,nisqa_train_live,1250,1020,0.9941176470588236,2.948169708251953,2.959180686988083,0.9892156862745098,2.76629395905663,2.796964788904377,-0.004901960784313708,-0.18187574919532334,-0.16221589808370585
nisqa,knn,0.5,20270004,nisqa_val_live,1250,200,0.995,2.948169708251953,2.955494391918182,0.99,2.7488802742958067,2.7725360107421877,-0.0050000000000000044,-0.1992894339561464,-0.1829583811759945
nisqa,knn,0.5,20270004,nisqa_test_for,1250,240,0.9291666666666667,2.948169708251953,3.458148409922918,0.9291666666666667,2.87656455039978,3.42841859459877,0.0,-0.07160515785217303,-0.029729815324147868
nisqa,knn,0.5,20270004,nisqa_test_livetalk,1250,232,0.9353448275862069,2.948169708251953,3.1977124255279015,0.9310344827586207,2.7763570629317185,3.123667388126768,-0.004310344827586188,-0.17181264532023466,-0.07404503740113366
nisqa,knn,0.5,20270004,nisqa_test_p501,1250,240,0.975,2.948169708251953,3.069990575313568,0.9625,2.8867340624332427,3.004375978310903,-0.012499999999999956,-0.061435645818710416,-0.06561459700266514
nisqa,mahalanobis,0.5,20270005,nisqa_val_sim,1250,1250,0.9144,2.965757369995117,3.5016966552734377,0.916,2.9231254810333254,3.416844149017334,0.0016000000000000458,-0.04263188896179182,-0.08485250625610385
nisqa,mahalanobis,0.5,20270005,nisqa_train_live,1250,1020,0.9941176470588236,2.965757369995117,2.9757337803934134,0.9754901960784313,2.4473791842367136,2.5466260461246266,-0.0186274509803922,-0.5183781857584036,-0.4291077342687868
nisqa,mahalanobis,0.5,20270005,nisqa_val_live,1250,200,0.995,2.965757369995117,2.9722026705741884,0.985,2.4462968611717226,2.513884165287018,-0.010000000000000009,-0.5194605088233946,-0.45831850528717055
nisqa,mahalanobis,0.5,20270005,nisqa_test_for,1250,240,0.9333333333333333,2.965757369995117,3.463447799285253,0.9291666666666667,2.688403457403183,3.3168158531188965,-0.004166666666666652,-0.2773539125919342,-0.14663194616635655
nisqa,mahalanobis,0.5,20270005,nisqa_test_livetalk,1250,232,0.9396551724137931,2.965757369995117,3.2043551535441956,0.9008620689655172,2.4765671738262833,3.0037165818543268,-0.03879310344827591,-0.48919019616883386,-0.20063857168986887
nisqa,mahalanobis,0.5,20270005,nisqa_test_p501,1250,240,0.975,2.965757369995117,3.083181321620941,0.9416666666666667,2.669635005791982,2.878979675968488,-0.033333333333333326,-0.2961223642031352,-0.20420164565245313
nisqa,l2,0.5,20270005,nisqa_val_sim,1250,1250,0.9144,2.965757369995117,3.5016966552734377,0.9104,2.9146097539901734,3.416318356895447,-0.0040000000000000036,-0.051147616004943774,-0.08537829837799071
nisqa,l2,0.5,20270005,nisqa_train_live,1250,1020,0.9941176470588236,2.965757369995117,2.9757337803934134,0.9813725490196078,2.655682321389516,2.7424166934162963,-0.012745098039215752,-0.3100750486056012,-0.23331708697711706
nisqa,l2,0.5,20270005,nisqa_val_live,1250,200,0.995,2.965757369995117,2.9722026705741884,0.995,2.7136698865890505,2.7176983380317687,0.0,-0.2520874834060667,-0.25450433254241966
nisqa,l2,0.5,20270005,nisqa_test_for,1250,240,0.9333333333333333,2.965757369995117,3.463447799285253,0.9333333333333333,2.680538383126259,3.300874478618304,0.0,-0.28521898686885816,-0.16257332066694907
nisqa,l2,0.5,20270005,nisqa_test_livetalk,1250,232,0.9396551724137931,2.965757369995117,3.2043551535441956,0.8879310344827587,2.5492913589395325,3.2501683903151544,-0.051724137931034475,-0.4164660110555847,0.04581323677095872
nisqa,l2,0.5,20270005,nisqa_test_p501,1250,240,0.975,2.965757369995117,3.083181321620941,0.9541666666666667,2.793584673603376,3.029245529572169,-0.02083333333333326,-0.17217269639174138,-0.05393579204877197
nisqa,knn,0.5,20270005,nisqa_val_sim,1250,1250,0.9144,2.965757369995117,3.5016966552734377,0.9072,2.9351642822265624,3.4665117706298827,-0.007199999999999984,-0.03059308776855474,-0.03518488464355496
nisqa,knn,0.5,20270005,nisqa_train_live,1250,1020,0.9941176470588236,2.965757369995117,2.9757337803934134,0.9852941176470589,2.6889257337532793,2.7308361951042626,-0.008823529411764675,-0.27683163624183793,-0.24489758528915084
nisqa,knn,0.5,20270005,nisqa_val_live,1250,200,0.995,2.965757369995117,2.9722026705741884,0.99,2.6676679348945616,2.700150785446167,-0.0050000000000000044,-0.29808943510055563,-0.27205188512802136
nisqa,knn,0.5,20270005,nisqa_test_for,1250,240,0.9333333333333333,2.965757369995117,3.463447799285253,0.925,2.834274603923162,3.3963594873746237,-0.008333333333333304,-0.1314827660719553,-0.06708831191062936
nisqa,knn,0.5,20270005,nisqa_test_livetalk,1250,232,0.9396551724137931,2.965757369995117,3.2043551535441956,0.9224137931034483,2.712349057197571,3.0822829008102417,-0.017241379310344862,-0.2534083127975464,-0.12207225273395395
nisqa,knn,0.5,20270005,nisqa_test_p501,1250,240,0.975,2.965757369995117,3.083181321620941,0.9583333333333334,2.8453060487906137,2.9895038406054177,-0.016666666666666607,-0.12045132120450353,-0.09367748101552342
nisqa,mahalanobis,0.5,20270006,nisqa_val_sim,1250,1250,0.9112,2.952186107635498,3.459513763427734,0.9064,2.8594605964660644,3.3805736240386963,-0.0048000000000000265,-0.09272551116943362,-0.07894013938903788
nisqa,mahalanobis,0.5,20270006,nisqa_train_live,1250,1020,0.9941176470588236,2.952186107635498,2.96296082758436,0.9598039215686275,2.2807497945486332,2.4340884559294755,-0.03431372549019607,-0.6714363130868648,-0.5288723716548844
nisqa,mahalanobis,0.5,20270006,nisqa_val_live,1250,200,0.995,2.952186107635498,2.95930997133255,0.985,2.27747056722641,2.371174075603485,-0.010000000000000009,-0.6747155404090881,-0.588135895729065
nisqa,mahalanobis,0.5,20270006,nisqa_test_for,1250,240,0.9291666666666667,2.952186107635498,3.4593198597431183,0.9208333333333333,2.582671747605006,3.2836151281992594,-0.008333333333333415,-0.3695143600304922,-0.1757047315438589
nisqa,mahalanobis,0.5,20270006,nisqa_test_livetalk,1250,232,0.9353448275862069,2.952186107635498,3.1991320149651887,0.8793103448275862,2.3252714317420433,3.0191441671601655,-0.05603448275862066,-0.6269146758934547,-0.1799878478050232
nisqa,mahalanobis,0.5,20270006,nisqa_test_p501,1250,240,0.975,2.952186107635498,3.073002874851227,0.9291666666666667,2.5576008717219034,2.8667562613884607,-0.04583333333333328,-0.3945852359135946,-0.20624661346276607
nisqa,l2,0.5,20270006,nisqa_val_sim,1250,1250,0.9112,2.952186107635498,3.459513763427734,0.9168,2.920615323638916,3.3756929584503172,0.005599999999999938,-0.0315707839965822,-0.08382080497741695
nisqa,l2,0.5,20270006,nisqa_train_live,1250,1020,0.9941176470588236,2.952186107635498,2.96296082758436,0.9872549019607844,2.7317149269814585,2.78584120834575,-0.006862745098039191,-0.2204711806540396,-0.17711961923860997
nisqa,l2,0.5,20270006,nisqa_val_live,1250,200,0.995,2.952186107635498,2.95930997133255,0.995,2.759421751499176,2.761464819908142,0.0,-0.19276435613632215,-0.19784515142440817
nisqa,l2,0.5,20270006,nisqa_test_for,1250,240,0.9291666666666667,2.952186107635498,3.4593198597431183,0.9375,2.7484358747800193,3.379091610511144,0.008333333333333304,-0.20375023285547877,-0.08022824923197414
nisqa,l2,0.5,20270006,nisqa_test_livetalk,1250,232,0.9353448275862069,2.952186107635498,3.1991320149651887,0.9137931034482759,2.6668453648172576,3.196448511090772,-0.02155172413793094,-0.2853407428182404,-0.002683503874416626
nisqa,l2,0.5,20270006,nisqa_test_p501,1250,240,0.975,2.952186107635498,3.073002874851227,0.95,2.837658993403117,3.012895024816195,-0.025000000000000022,-0.11452711423238116,-0.06010785003503161
nisqa,knn,0.5,20270006,nisqa_val_sim,1250,1250,0.9112,2.952186107635498,3.459513763427734,0.9024,2.863261295127869,3.454885326194763,-0.00880000000000003,-0.08892481250762918,-0.004628437232971017
nisqa,knn,0.5,20270006,nisqa_train_live,1250,1020,0.9941176470588236,2.952186107635498,2.96296082758436,0.9764705882352941,2.4814979885138717,2.565238643627541,-0.01764705882352946,-0.47068811912162634,-0.397722183956819
nisqa,knn,0.5,20270006,nisqa_val_live,1250,200,0.995,2.952186107635498,2.95930997133255,0.98,2.4535317385196684,2.5179790222644804,-0.015000000000000013,-0.4986543691158296,-0.4413309490680697
nisqa,knn,0.5,20270006,nisqa_test_for,1250,240,0.9291666666666667,2.952186107635498,3.4593198597431183,0.9333333333333333,2.7304986079533893,3.3866573830445605,0.004166666666666652,-0.22168749968210877,-0.07266247669855774
nisqa,knn,0.5,20270006,nisqa_test_livetalk,1250,232,0.9353448275862069,2.952186107635498,3.1991320149651887,0.9094827586206896,2.510267372789054,3.0327231925109337,-0.025862068965517238,-0.44191873484644395,-0.16640882245425503
nisqa,knn,0.5,20270006,nisqa_test_p501,1250,240,0.975,2.952186107635498,3.073002874851227,0.9541666666666667,2.7292819142341616,2.877618051568667,-0.02083333333333326,-0.2229041934013365,-0.19538482328255968
nisqa,mahalanobis,0.5,20270007,nisqa_val_sim,1250,1250,0.8896,2.876232862472534,3.525658601760864,0.8928,2.8317580726623537,3.4686144760131836,0.0032000000000000917,-0.04447478981018049,-0.057044125747680585
nisqa,mahalanobis,0.5,20270007,nisqa_train_live,1250,1020,0.9921568627450981,2.876232862472534,2.892093176935233,0.9509803921568627,2.1791169652751847,2.3970396621554504,-0.04117647058823537,-0.6971158971973495,-0.49505351477978277
nisqa,mahalanobis,0.5,20270007,nisqa_val_live,1250,200,0.995,2.876232862472534,2.887154388427734,0.985,2.1755348825454712,2.2901220703125,-0.010000000000000009,-0.700697979927063,-0.5970323181152342
nisqa,mahalanobis,0.5,20270007,nisqa_test_for,1250,240,0.9208333333333333,2.876232862472534,3.4375335375467935,0.9208333333333333,2.5199131608009337,3.2767804006735486,0.0,-0.35631970167160043,-0.16075313687324488
nisqa,mahalanobis,0.5,20270007,nisqa_test_livetalk,1250,232,0.9353448275862069,2.876232862472534,3.1722864714162102,0.8491379310344828,2.2189361761356223,3.069319414681402,-0.08620689655172409,-0.6572966863369119,-0.10296705673480844
nisqa,mahalanobis,0.5,20270007,nisqa_test_p501,1250,240,0.9666666666666667,2.876232862472534,3.0194177428881326,0.9125,2.486566205819448,2.8761881639560065,-0.054166666666666696,-0.3896666566530862,-0.14322957893212607
nisqa,l2,0.5,20270007,nisqa_val_sim,1250,1250,0.8896,2.876232862472534,3.525658601760864,0.8888,2.8076137042999267,3.471865510559082,-0.0007999999999999119,-0.06861915817260744,-0.05379309120178233
nisqa,l2,0.5,20270007,nisqa_train_live,1250,1020,0.9921568627450981,2.876232862472534,2.892093176935233,0.9666666666666667,2.52002081637289,2.659952373598136,-0.025490196078431393,-0.3562120460996443,-0.23214080333709708
nisqa,l2,0.5,20270007,nisqa_val_live,1250,200,0.995,2.876232862472534,2.887154388427734,0.995,2.563973215818405,2.5680016672611234,0.0,-0.312259646654129,-0.31915272116661075
nisqa,l2,0.5,20270007,nisqa_test_for,1250,240,0.9208333333333333,2.876232862472534,3.4375335375467935,0.925,2.547280172506968,3.328496436278025,0.004166666666666763,-0.32895268996556615,-0.10903710126876831
nisqa,l2,0.5,20270007,nisqa_test_livetalk,1250,232,0.9353448275862069,2.876232862472534,3.1722864714162102,0.8663793103448276,2.423406055261349,3.3105316624559205,-0.06896551724137923,-0.4528268072111854,0.13824519103971022
nisqa,l2,0.5,20270007,nisqa_test_p501,1250,240,0.9666666666666667,2.876232862472534,3.0194177428881326,0.9416666666666667,2.6834292948246,2.9853590617577237,-0.025000000000000022,-0.19280356764793405,-0.034058681130408885
nisqa,knn,0.5,20270007,nisqa_val_sim,1250,1250,0.8896,2.876232862472534,3.525658601760864,0.8768,2.784581795501709,3.5148243511199952,-0.012799999999999923,-0.09165106697082503,-0.010834250640868959
nisqa,knn,0.5,20270007,nisqa_train_live,1250,1020,0.9921568627450981,2.876232862472534,2.892093176935233,0.9735294117647059,2.393348541914248,2.4989785096224617,-0.0186274509803922,-0.482884320558286,-0.39311466731277145
nisqa,knn,0.5,20270007,nisqa_val_live,1250,200,0.995,2.876232862472534,2.887154388427734,0.98,2.3678332448005674,2.450217807292938,-0.015000000000000013,-0.5083996176719667,-0.43693658113479605
nisqa,knn,0.5,20270007,nisqa_test_for,1250,240,0.9208333333333333,2.876232862472534,3.4375335375467935,0.925,2.6398415128389994,3.367432202895482,0.004166666666666763,-0.2363913496335348,-0.0701013346513113
nisqa,knn,0.5,20270007,nisqa_test_livetalk,1250,232,0.9353448275862069,2.876232862472534,3.1722864714162102,0.8922413793103449,2.4264228693370162,3.0437918202630403,-0.04310344827586199,-0.44980999313551795,-0.12849465115316994
nisqa,knn,0.5,20270007,nisqa_test_p501,1250,240,0.9666666666666667,2.876232862472534,3.0194177428881326,0.9416666666666667,2.6407097498575847,2.8413315186897914,-0.025000000000000022,-0.23552311261494951,-0.1780862241983412
nisqa,mahalanobis,0.5,20270008,nisqa_val_sim,1250,1250,0.8888,2.8736491203308105,3.5451140956878664,0.8848,2.7702118001937865,3.532922937965393,-0.0040000000000000036,-0.103437320137024,-0.012191157722473367
nisqa,mahalanobis,0.5,20270008,nisqa_train_live,1250,1020,0.9921568627450981,2.8736491203308105,2.8897120812359978,0.9294117647058824,2.01112675409691,2.3627959347238727,-0.06274509803921569,-0.8625223662339003,-0.526916146512125
nisqa,mahalanobis,0.5,20270008,nisqa_val_live,1250,200,0.995,2.8736491203308105,2.884699833393097,0.94,2.0037977206707,2.1818241941928864,-0.05500000000000005,-0.8698513996601105,-0.7028756392002107
nisqa,mahalanobis,0.5,20270008,nisqa_test_for,1250,240,0.9166666666666666,2.8736491203308105,3.4370891551176705,0.8958333333333334,2.4408580938975017,3.2704486032327016,-0.02083333333333326,-0.4327910264333088,-0.16664055188496896
nisqa,mahalanobis,0.5,20270008,nisqa_test_livetalk,1250,232,0.9353448275862069,2.8736491203308105,3.171373252210946,0.8189655172413793,2.072560350442755,3.214126275531177,-0.11637931034482751,-0.8010887698880556,0.0427530233202309
nisqa,mahalanobis,0.5,20270008,nisqa_test_p501,1250,240,0.9666666666666667,2.8736491203308105,3.0176952481269836,0.8916666666666667,2.4121244927247365,2.9356864521900814,-0.07499999999999996,-0.46152462760607404,-0.08200879593690225
nisqa,l2,0.5,20270008,nisqa_val_sim,1250,1250,0.8888,2.8736491203308105,3.5451140956878664,0.8936,2.849048441886902,3.4777235708236693,0.0047999999999999154,-0.024600678443908564,-0.06739052486419705
nisqa,l2,0.5,20270008,nisqa_train_live,1250,1020,0.9921568627450981,2.8736491203308105,2.8897120812359978,0.9725490196078431,2.5883303338406134,2.6828723650352626,-0.019607843137254943,-0.28531878649019715,-0.20683971620073516
nisqa,l2,0.5,20270008,nisqa_val_live,1250,200,0.995,2.8736491203308105,2.884699833393097,0.995,2.6277426934242247,2.6395716524124144,0.0,-0.24590642690658582,-0.24512818098068268
nisqa,l2,0.5,20270008,nisqa_test_for,1250,240,0.9166666666666666,2.8736491203308105,3.4370891551176705,0.925,2.618478487928708,3.3257269372542697,0.008333333333333415,-0.25517063240210236,-0.11136221786340084
nisqa,l2,0.5,20270008,nisqa_test_livetalk,1250,232,0.9353448275862069,2.8736491203308105,3.171373252210946,0.896551724137931,2.506834087700679,3.1955726742744446,-0.0387931034482758,-0.3668150326301314,0.024199422063498677
nisqa,l2,0.5,20270008,nisqa_test_p501,1250,240,0.9666666666666667,2.8736491203308105,3.0176952481269836,0.9458333333333333,2.7380848785241443,2.990026325980822,-0.02083333333333337,-0.13556424180666626,-0.027668922146161457
nisqa,knn,0.5,20270008,nisqa_val_sim,1250,1250,0.8888,2.8736491203308105,3.5451140956878664,0.892,2.835944536972046,3.5145411079406736,0.0031999999999999806,-0.03770458335876459,-0.030572987747192748
nisqa,knn,0.5,20270008,nisqa_train_live,1250,1020,0.9921568627450981,2.8736491203308105,2.8897120812359978,0.9764705882352941,2.4812968438746883,2.565037498988357,-0.015686274509803977,-0.39235227645612225,-0.3246745822476407
nisqa,knn,0.5,20270008,nisqa_val_live,1250,200,0.995,2.8736491203308105,2.884699833393097,0.98,2.458024604320526,2.522471888065338,-0.015000000000000013,-0.4156245160102845,-0.36222794532775904
nisqa,knn,0.5,20270008,nisqa_test_for,1250,240,0.9166666666666666,2.8736491203308105,3.4370891551176705,0.9208333333333333,2.7021958182255426,3.3922323435544968,0.004166666666666652,-0.171453302105268,-0.04485681156317378
nisqa,knn,0.5,20270008,nisqa_test_livetalk,1250,232,0.9353448275862069,2.8736491203308105,3.171373252210946,0.9051724137931034,2.5136408661973886,3.0559364310626327,-0.030172413793103425,-0.36000825413342197,-0.11543682114831322
nisqa,knn,0.5,20270008,nisqa_test_p501,1250,240,0.9666666666666667,2.8736491203308105,3.0176952481269836,0.9583333333333334,2.7047659873962404,2.8687061935663225,-0.008333333333333304,-0.16888313293457013,-0.14898905456066114
nisqa,mahalanobis,0.5,20270009,nisqa_val_sim,1250,1250,0.8896,2.876232862472534,3.5353551082611085,0.888,2.7894490646362304,3.4465256351470948,-0.0015999999999999348,-0.08678379783630374,-0.08882947311401379
nisqa,mahalanobis,0.5,20270009,nisqa_train_live,1250,1020,0.9921568627450981,2.876232862472534,2.892093176935233,0.9666666666666667,2.3231527234993727,2.4535518361072914,-0.025490196078431393,-0.5530801389731614,-0.4385413408279417
nisqa,mahalanobis,0.5,20270009,nisqa_val_live,1250,200,0.995,2.876232862472534,2.887154388427734,0.985,2.3214813232421876,2.4055004835128786,-0.010000000000000009,-0.5547515392303466,-0.4816539049148556
nisqa,mahalanobis,0.5,20270009,nisqa_test_for,1250,240,0.9208333333333333,2.876232862472534,3.4375335375467935,0.9208333333333333,2.5586928725242615,3.2816117902596793,0.0,-0.3175399899482727,-0.15592174728711417
nisqa,mahalanobis,0.5,20270009,nisqa_test_livetalk,1250,232,0.9353448275862069,2.876232862472534,3.1722864714162102,0.8836206896551724,2.359360598284623,3.00795132538368,-0.051724137931034475,-0.5168722641879113,-0.1643351460325304
nisqa,mahalanobis,0.5,20270009,nisqa_test_p501,1250,240,0.9666666666666667,2.876232862472534,3.0194177428881326,0.9291666666666667,2.5381890992323557,2.8426711271206537,-0.03749999999999998,-0.3380437632401785,-0.17674661576747885
nisqa,l2,0.5,20270009,nisqa_val_sim,1250,1250,0.8896,2.876232862472534,3.5353551082611085,0.8928,2.8146970293045044,3.4604557039260864,0.0032000000000000917,-0.061535833168029797,-0.07489940433502218
nisqa,l2,0.5,20270009,nisqa_train_live,1250,1020,0.9921568627450981,2.876232862472534,2.892093176935233,0.9745098039215686,2.5858979024139104,2.6726258511636773,-0.01764705882352946,-0.2903349600586238,-0.2194673257715558
nisqa,l2,0.5,20270009,nisqa_val_live,1250,200,0.995,2.876232862472534,2.887154388427734,0.995,2.6114155006408692,2.617978401184082,0.0,-0.26481736183166493,-0.2691759872436523
nisqa,l2,0.5,20270009,nisqa_test_for,1250,240,0.9208333333333333,2.876232862472534,3.4375335375467935,0.925,2.6126654515663783,3.3177343875169756,0.004166666666666763,-0.2635674109061559,-0.11979915002981789
nisqa,l2,0.5,20270009,nisqa_test_livetalk,1250,232,0.9353448275862069,2.876232862472534,3.1722864714162102,0.8922413793103449,2.509111349952632,3.2100396927060753,-0.04310344827586199,-0.3671215125199021,0.037753221289865024
nisqa,l2,0.5,20270009,nisqa_test_p501,1250,240,0.9666666666666667,2.876232862472534,3.0194177428881326,0.9416666666666667,2.7210223217805227,2.972637324531873,-0.025000000000000022,-0.15521054069201146,-0.04678041835625946
nisqa,knn,0.5,20270009,nisqa_val_sim,1250,1250,0.8896,2.876232862472534,3.5353551082611085,0.8888,2.852938395690918,3.4945516349792483,-0.0007999999999999119,-0.023294466781616396,-0.04080347328186029
nisqa,knn,0.5,20270009,nisqa_train_live,1250,1020,0.9921568627450981,2.876232862472534,2.892093176935233,0.9872549019607844,2.697003597605462,2.733698463206198,-0.004901960784313708,-0.17922926486707214,-0.15839471372903535
nisqa,knn,0.5,20270009,nisqa_val_live,1250,200,0.995,2.876232862472534,2.887154388427734,0.99,2.6872464656829833,2.7159510493278503,-0.0050000000000000044,-0.18898639678955087,-0.17120333909988394
nisqa,knn,0.5,20270009,nisqa_test_for,1250,240,0.9208333333333333,2.876232862472534,3.4375335375467935,0.9208333333333333,2.7875676413377124,3.414793179432551,0.0,-0.08866522113482178,-0.022740358114242465
nisqa,knn,0.5,20270009,nisqa_test_livetalk,1250,232,0.9353448275862069,2.876232862472534,3.1722864714162102,0.9267241379310345,2.707362459651355,3.1067810459383605,-0.008620689655172376,-0.16887040282117916,-0.06550542547784977
nisqa,knn,0.5,20270009,nisqa_test_p501,1250,240,0.9666666666666667,2.876232862472534,3.0194177428881326,0.9625,2.8013174066940945,2.939495953917503,-0.004166666666666652,-0.07491545577843972,-0.0799217889706294
nisqa,mahalanobis,0.5,20270010,nisqa_val_sim,1250,1250,0.8784,2.829061269760132,3.5623631286621094,0.8584,2.6746200517654417,3.524344903373718,-0.019999999999999907,-0.15444121799469013,-0.03801822528839116
nisqa,mahalanobis,0.5,20270010,nisqa_train_live,1250,1020,0.9911764705882353,2.829061269760132,2.8487239187838984,0.9274509803921569,1.9793792963027954,2.3259103321561625,-0.06372549019607843,-0.8496819734573364,-0.5228135866277359
nisqa,mahalanobis,0.5,20270010,nisqa_val_live,1250,200,0.995,2.829061269760132,2.8423413753509523,0.935,1.9705049812793731,2.1581605970859528,-0.05999999999999994,-0.8585562884807587,-0.6841807782649996
nisqa,mahalanobis,0.5,20270010,nisqa_test_for,1250,240,0.9125,2.829061269760132,3.4314487973848977,0.8875,2.353962935010592,3.2378035455942156,-0.025000000000000022,-0.47509833474953966,-0.19364525179068215
nisqa,mahalanobis,0.5,20270010,nisqa_test_livetalk,1250,232,0.9310344827586207,2.829061269760132,3.1563599315182915,0.8103448275862069,2.0452555798251053,3.2051375806331635,-0.12068965517241381,-0.7838056899350265,0.048777649114871924
nisqa,mahalanobis,0.5,20270010,nisqa_test_p501,1250,240,0.9666666666666667,2.829061269760132,2.987970014413198,0.8958333333333334,2.3337671607732773,2.9017449021339417,-0.0708333333333333,-0.49529410898685455,-0.08622511227925633
nisqa,l2,0.5,20270010,nisqa_val_sim,1250,1250,0.8784,2.829061269760132,3.5623631286621094,0.8752,2.751178890991211,3.5039149597167967,-0.0031999999999999806,-0.0778823787689209,-0.058448168945312684
nisqa,l2,0.5,20270010,nisqa_train_live,1250,1020,0.9911764705882353,2.829061269760132,2.8487239187838984,0.9696078431372549,2.5246327622264038,2.6296506556810115,-0.021568627450980427,-0.3044285075337281,-0.21907326310288688
nisqa,l2,0.5,20270010,nisqa_val_live,1250,200,0.995,2.829061269760132,2.8423413753509523,0.99,2.5505162036418914,2.5640508806705475,-0.0050000000000000044,-0.2785450661182405,-0.2782904946804048
nisqa,l2,0.5,20270010,nisqa_test_for,1250,240,0.9125,2.829061269760132,3.4314487973848977,0.9208333333333333,2.555327433347702,3.3373050173123677,0.008333333333333304,-0.27373383641243,-0.09414378007252999
nisqa,l2,0.5,20270010,nisqa_test_livetalk,1250,232,0.9310344827586207,2.829061269760132,3.1563599315182915,0.8879310344827587,2.450023019108279,3.174942714386973,-0.04310344827586199,-0.37903825065185304,0.018582782868681313
nisqa,l2,0.5,20270010,nisqa_test_p501,1250,240,0.9666666666666667,2.829061269760132,2.987970014413198,0.9416666666666667,2.660468037923177,2.9405297448237735,-0.025000000000000022,-0.16859323183695496,-0.04744026958942449
nisqa,knn,0.5,20270010,nisqa_val_sim,1250,1250,0.8784,2.829061269760132,3.5623631286621094,0.8744,2.777986717605591,3.5468961986541747,-0.0040000000000000036,-0.05107455215454104,-0.015466930007934643
nisqa,knn,0.5,20270010,nisqa_train_live,1250,1020,0.9911764705882353,2.829061269760132,2.8487239187838984,0.9735294117647059,2.397035948201722,2.5026659159099354,-0.01764705882352946,-0.43202532155841,-0.34605800287396304
nisqa,knn,0.5,20270010,nisqa_val_live,1250,200,0.995,2.829061269760132,2.8423413753509523,0.98,2.3700177216529847,2.4524022841453554,-0.015000000000000013,-0.4590435481071471,-0.3899390912055969
nisqa,knn,0.5,20270010,nisqa_test_for,1250,240,0.9125,2.829061269760132,3.4314487973848977,0.9208333333333333,2.649901086091995,3.3477416475613913,0.008333333333333304,-0.17916018366813669,-0.08370714982350647
nisqa,knn,0.5,20270010,nisqa_test_livetalk,1250,232,0.9310344827586207,2.829061269760132,3.1563599315182915,0.8922413793103449,2.4292932430218004,3.029301632067253,-0.0387931034482758,-0.39976802673833145,-0.12705829945103853
nisqa,knn,0.5,20270010,nisqa_test_p501,1250,240,0.9666666666666667,2.829061269760132,2.987970014413198,0.9416666666666667,2.6437898377577462,2.8479043394327164,-0.025000000000000022,-0.1852714320023856,-0.1400656749804816
nisqa,mahalanobis,0.5,20270011,nisqa_val_sim,1250,1250,0.912,2.954571008682251,3.440710807800293,0.9152,2.8856913455963134,3.3772536815643313,0.0031999999999999806,-0.06887966308593763,-0.06345712623596178
nisqa,mahalanobis,0.5,20270011,nisqa_train_live,1250,1020,0.9941176470588236,2.954571008682251,2.965205440334245,0.9490196078431372,2.180117945577584,2.4027509567784326,-0.045098039215686336,-0.7744530631046671,-0.5624544835558125
nisqa,mahalanobis,0.5,20270011,nisqa_val_live,1250,200,0.995,2.954571008682251,2.9615756273269653,0.98,2.1747658920288084,2.2973638010025024,-0.015000000000000013,-0.7798051166534425,-0.664211826324463
nisqa,mahalanobis,0.5,20270011,nisqa_test_for,1250,240,0.9291666666666667,2.954571008682251,3.4600154558817544,0.9208333333333333,2.560129378239314,3.2650787274042767,-0.008333333333333415,-0.394441630442937,-0.19493672847747767
nisqa,mahalanobis,0.5,20270011,nisqa_test_livetalk,1250,232,0.9353448275862069,2.954571008682251,3.1999749541282654,0.853448275862069,2.2378087002655556,3.0738901537040184,-0.0818965517241379,-0.7167623084166954,-0.12608480042424697
nisqa,mahalanobis,0.5,20270011,nisqa_test_p501,1250,240,0.975,2.954571008682251,3.0747915506362915,0.9166666666666666,2.538845004638036,2.926517950495084,-0.05833333333333335,-0.415726004044215,-0.1482736001412075
nisqa,l2,0.5,20270011,nisqa_val_sim,1250,1250,0.912,2.954571008682251,3.440710807800293,0.9216,2.923074682426453,3.394915132713318,0.009599999999999942,-0.031496326255798124,-0.04579567508697524
nisqa,l2,0.5,20270011,nisqa_train_live,1250,1020,0.9941176470588236,2.954571008682251,2.965205440334245,0.9745098039215686,2.6864324127926547,2.7721539967200335,-0.019607843137254943,-0.2681385958895963,-0.19305144361421167
nisqa,l2,0.5,20270011,nisqa_val_live,1250,200,0.995,2.954571008682251,2.9615756273269653,1.0,2.722961983680725,2.722961983680725,0.0050000000000000044,-0.23160902500152591,-0.23861364364624027
nisqa,l2,0.5,20270011,nisqa_test_for,1250,240,0.9291666666666667,2.954571008682251,3.4600154558817544,0.9291666666666667,2.693329625328382,3.3781542013088863,0.0,-0.26124138335386915,-0.08186125457286808
nisqa,l2,0.5,20270011,nisqa_test_livetalk,1250,232,0.9353448275862069,2.954571008682251,3.1999749541282654,0.9008620689655172,2.599287839799092,3.2745054004521204,-0.03448275862068961,-0.35528316888315903,0.07453044632385497
nisqa,l2,0.5,20270011,nisqa_test_p501,1250,240,0.975,2.954571008682251,3.0747915506362915,0.9541666666666667,2.8164567430814107,2.9959421585003536,-0.02083333333333326,-0.13811426560084028,-0.07884939213593789
nisqa,knn,0.5,20270011,nisqa_val_sim,1250,1250,0.912,2.954571008682251,3.440710807800293,0.9144,2.9438715602874757,3.4490999118804933,0.0023999999999999577,-0.010699448394775324,0.008389104080200216
nisqa,knn,0.5,20270011,nisqa_train_live,1250,1020,0.9941176470588236,2.954571008682251,2.965205440334245,0.9862745098039216,2.7099212758681355,2.7483206426396087,-0.007843137254901933,-0.2446497328141155,-0.21688479769463642
nisqa,knn,0.5,20270011,nisqa_val_live,1250,200,0.995,2.954571008682251,2.9615756273269653,0.99,2.687961618900299,2.717927484512329,-0.0050000000000000044,-0.2666093897819519,-0.24364814281463643
nisqa,knn,0.5,20270011,nisqa_test_for,1250,240,0.9291666666666667,2.954571008682251,3.4600154558817544,0.9375,2.8528020044167834,3.3961892783641816,0.008333333333333304,-0.10176900426546753,-0.0638261775175728
nisqa,knn,0.5,20270011,nisqa_test_livetalk,1250,232,0.9353448275862069,2.954571008682251,3.1999749541282654,0.9310344827586207,2.7221767861267616,3.0886964448567094,-0.004310344827586188,-0.23239422255548936,-0.11127850927155603
nisqa,knn,0.5,20270011,nisqa_test_p501,1250,240,0.975,2.954571008682251,3.0747915506362915,0.9708333333333333,2.8662157813707987,3.0021120866139728,-0.004166666666666652,-0.08835522731145229,-0.07267946402231873
nisqa,mahalanobis,0.5,20270012,nisqa_val_sim,1250,1250,0.9064,2.9251761436462402,3.530735622406006,0.9064,2.8628787105560303,3.4296617782592773,0.0,-0.062297433090209964,-0.10107384414672849
nisqa,mahalanobis,0.5,20270012,nisqa_train_live,1250,1020,0.9941176470588236,2.9251761436462402,2.937539685006235,0.9676470588235294,2.3550743895418504,2.4807050768066854,-0.026470588235294135,-0.5701017541043898,-0.4568346081995496
nisqa,mahalanobis,0.5,20270012,nisqa_val_live,1250,200,0.995,2.9251761436462402,2.9336505055427553,0.985,2.354035816192627,2.4362960195541383,-0.010000000000000009,-0.5711403274536133,-0.497354485988617
nisqa,mahalanobis,0.5,20270012,nisqa_test_for,1250,240,0.9291666666666667,2.9251761436462402,3.4514419535795846,0.9291666666666667,2.6238328675429026,3.2905460158983866,0.0,-0.30134327610333767,-0.16089593768119803
nisqa,mahalanobis,0.5,20270012,nisqa_test_livetalk,1250,232,0.9353448275862069,2.9251761436462402,3.1895853897620894,0.8879310344827587,2.395522723937857,3.001653989841198,-0.047413793103448176,-0.5296534197083833,-0.18793139992089136
nisqa,mahalanobis,0.5,20270012,nisqa_test_p501,1250,240,0.975,2.9251761436462402,3.0527454018592834,0.9291666666666667,2.610857315858205,2.884834133585294,-0.04583333333333328,-0.3143188277880351,-0.1679112682739894
nisqa,l2,0.5,20270012,nisqa_val_sim,1250,1250,0.9064,2.9251761436462402,3.530735622406006,0.9072,2.89292958984375,3.4595948196411133,0.0008000000000000229,-0.03224655380249031,-0.07114080276489254
nisqa,l2,0.5,20270012,nisqa_train_live,1250,1020,0.9941176470588236,2.9251761436462402,2.937539685006235,0.9872549019607844,2.709027011721742,2.766155492558199,-0.006862745098039191,-0.21614913192449814,-0.17138419244803593
nisqa,l2,0.5,20270012,nisqa_val_live,1250,200,0.995,2.9251761436462402,2.9336505055427553,0.995,2.7293912410736083,2.7311718583106996,0.0,-0.19578490257263192,-0.20247864723205566
nisqa,l2,0.5,20270012,nisqa_test_for,1250,240,0.9291666666666667,2.9251761436462402,3.4514419535795846,0.9333333333333333,2.720057012637456,3.3734820604324343,0.004166666666666652,-0.2051191310087841,-0.07795989314715035
nisqa,l2,0.5,20270012,nisqa_test_livetalk,1250,232,0.9353448275862069,2.9251761436462402,3.1895853897620894,0.9137931034482759,2.647922313418882,3.214648969214538,-0.02155172413793094,-0.2772538302273584,0.025063579452448526
nisqa,l2,0.5,20270012,nisqa_test_p501,1250,240,0.975,2.9251761436462402,3.0527454018592834,0.95,2.815144009391467,2.99642453789711,-0.025000000000000022,-0.11003213425477343,-0.056320863962173284
nisqa,knn,0.5,20270012,nisqa_val_sim,1250,1250,0.9064,2.9251761436462402,3.530735622406006,0.9048,2.8974037616729738,3.494137253570557,-0.0015999999999999348,-0.02777238197326648,-0.03659836883544898
nisqa,knn,0.5,20270012,nisqa_train_live,1250,1020,0.9941176470588236,2.9251761436462402,2.937539685006235,0.9892156862745098,2.7988413023013696,2.822384022030176,-0.004901960784313708,-0.1263348413448706,-0.11515566297605906
nisqa,knn,0.5,20270012,nisqa_val_live,1250,200,0.995,2.9251761436462402,2.9336505055427553,0.99,2.7941472935676575,2.8111933279037475,-0.0050000000000000044,-0.13102885007858278,-0.12245717763900776
nisqa,knn,0.5,20270012,nisqa_test_for,1250,240,0.9291666666666667,2.9251761436462402,3.4514419535795846,0.9208333333333333,2.855067734917005,3.4186465392510095,-0.008333333333333415,-0.07010840872923518,-0.032795414328575134
nisqa,knn,0.5,20270012,nisqa_test_livetalk,1250,232,0.9353448275862069,2.9251761436462402,3.1895853897620894,0.9310344827586207,2.8065327303162935,3.1355593615564805,-0.004310344827586188,-0.11864341332994677,-0.05402602820560887
nisqa,knn,0.5,20270012,nisqa_test_p501,1250,240,0.975,2.9251761436462402,3.0527454018592834,0.9666666666666667,2.8627124538024264,2.988623262445132,-0.008333333333333304,-0.062463689843813786,-0.06412213941415157
nisqa,mahalanobis,0.5,20270013,nisqa_val_sim,1250,1250,0.8976,2.9026546478271484,3.549481700897217,0.8952,2.84314787940979,3.4931581275939942,-0.0023999999999999577,-0.05950676841735847,-0.056323573303222574
nisqa,mahalanobis,0.5,20270013,nisqa_train_live,1250,1020,0.9931372549019608,2.9026546478271484,2.9165220681358788,0.9509803921568627,2.24543610273623,2.434174444161209,-0.04215686274509811,-0.6572185450909185,-0.48234762397466957
nisqa,mahalanobis,0.5,20270013,nisqa_val_live,1250,200,0.995,2.9026546478271484,2.912255084514618,0.985,2.240684201717377,2.3461036705970764,-0.010000000000000009,-0.6619704461097715,-0.5661514139175416
nisqa,mahalanobis,0.5,20270013,nisqa_test_for,1250,240,0.9291666666666667,2.9026546478271484,3.444873183965683,0.9166666666666666,2.580224512020747,3.2767070810000103,-0.012500000000000067,-0.32243013580640145,-0.1681661029656727
nisqa,mahalanobis,0.5,20270013,nisqa_test_livetalk,1250,232,0.9353448275862069,2.9026546478271484,3.1816252058949965,0.875,2.290412119750319,3.0492786641778618,-0.06034482758620685,-0.6122425280768296,-0.13234654171713478
nisqa,mahalanobis,0.5,20270013,nisqa_test_p501,1250,240,0.9666666666666667,2.9026546478271484,3.0370322664578757,0.9125,2.5461300631364185,2.888251549998919,-0.054166666666666696,-0.3565245846907299,-0.14878071645895652
nisqa,l2,0.5,20270013,nisqa_val_sim,1250,1250,0.8976,2.9026546478271484,3.549481700897217,0.9016,2.882656999206543,3.467759355163574,0.0040000000000000036,-0.01999764862060527,-0.08172234573364268
nisqa,l2,0.5,20270013,nisqa_train_live,1250,1020,0.9931372549019608,2.9026546478271484,2.9165220681358788,0.9745098039215686,2.6346969957445183,2.7250315561014062,-0.0186274509803922,-0.2679576520826301,-0.19149051203447254
nisqa,l2,0.5,20270013,nisqa_val_live,1250,200,0.995,2.9026546478271484,2.912255084514618,0.995,2.67749969124794,2.6815281426906585,0.0,-0.2251549565792086,-0.23072694182395947
nisqa,l2,0.5,20270013,nisqa_test_for,1250,240,0.9291666666666667,2.9026546478271484,3.444873183965683,0.9333333333333333,2.6550851205984753,3.33541219830513,0.004166666666666652,-0.2475695272286731,-0.10946098566055307
nisqa,l2,0.5,20270013,nisqa_test_livetalk,1250,232,0.9353448275862069,2.9026546478271484,3.1816252058949965,0.8922413793103449,2.5514424412414947,3.235918946307281,-0.04310344827586199,-0.3512122065856538,0.0542937404122843
nisqa,l2,0.5,20270013,nisqa_test_p501,1250,240,0.9666666666666667,2.9026546478271484,3.0370322664578757,0.9541666666666667,2.7814688593149186,2.9936860958735148,-0.012499999999999956,-0.12118578851222983,-0.043346170584360966
nisqa,knn,0.5,20270013,nisqa_val_sim,1250,1250,0.8976,2.9026546478271484,3.549481700897217,0.8992,2.8773977153778074,3.5537101333618164,0.0016000000000000458,-0.02525693244934102,0.004228432464599585
nisqa,knn,0.5,20270013,nisqa_train_live,1250,1020,0.9931372549019608,2.9026546478271484,2.9165220681358788,0.9764705882352941,2.471285378231722,2.5600784876767326,-0.01666666666666672,-0.43136926959542654,-0.35644358045914615
nisqa,knn,0.5,20270013,nisqa_val_live,1250,200,0.995,2.9026546478271484,2.912255084514618,0.98,2.442075788974762,2.5108176589012148,-0.015000000000000013,-0.4605788588523865,-0.40143742561340323
nisqa,knn,0.5,20270013,nisqa_test_for,1250,240,0.9291666666666667,2.9026546478271484,3.444873183965683,0.9208333333333333,2.7185655355453493,3.417663178841273,-0.008333333333333415,-0.18408911228179914,-0.027210005124409964
nisqa,knn,0.5,20270013,nisqa_test_livetalk,1250,232,0.9353448275862069,2.9026546478271484,3.1816252058949965,0.9094827586206896,2.5012717555309165,3.058992170054337,-0.025862068965517238,-0.4013828922962319,-0.12263303584065932
nisqa,knn,0.5,20270013,nisqa_test_p501,1250,240,0.9666666666666667,2.9026546478271484,3.0370322664578757,0.9541666666666667,2.7400967915852865,2.8880543996890387,-0.012499999999999956,-0.16255785624186192,-0.14897786676883706
nisqa,mahalanobis,0.5,20270014,nisqa_val_sim,1250,1250,0.9064,2.9251761436462402,3.5117974967956544,0.8984,2.834066094207764,3.454799063491821,-0.008000000000000007,-0.09111004943847645,-0.05699843330383336
nisqa,mahalanobis,0.5,20270014,nisqa_train_live,1250,1020,0.9941176470588236,2.9251761436462402,2.937539685006235,0.9509803921568627,2.229460480633904,2.4223342156877705,-0.04313725490196085,-0.6957156630123364,-0.5152054693184644
nisqa,mahalanobis,0.5,20270014,nisqa_val_live,1250,200,0.995,2.9251761436462402,2.9336505055427553,0.985,2.2268106055259707,2.3334955048561095,-0.010000000000000009,-0.6983655381202696,-0.6001550006866458
nisqa,mahalanobis,0.5,20270014,nisqa_test_for,1250,240,0.9291666666666667,2.9251761436462402,3.4514419535795846,0.9166666666666666,2.5571458558241527,3.290863883495331,-0.012500000000000067,-0.3680302878220876,-0.16057807008425362
nisqa,mahalanobis,0.5,20270014,nisqa_test_livetalk,1250,232,0.9353448275862069,2.9251761436462402,3.1895853897620894,0.875,2.2725412270118452,3.0364218374778487,-0.06034482758620685,-0.652634916634395,-0.15316355228424072
nisqa,mahalanobis,0.5,20270014,nisqa_test_p501,1250,240,0.975,2.9251761436462402,3.0527454018592834,0.9125,2.532939155896505,2.8846499969561896,-0.0625,-0.39223698774973537,-0.16809540490309383
nisqa,l2,0.5,20270014,nisqa_val_sim,1250,1250,0.9064,2.9251761436462402,3.5117974967956544,0.8952,2.8420683837890626,3.4147467781066894,-0.011199999999999988,-0.08310775985717767,-0.09705071868896509
nisqa,l2,0.5,20270014,nisqa_train_live,1250,1020,0.9941176470588236,2.9251761436462402,2.937539685006235,0.9725490196078431,2.58580557271546,2.6861736540700876,-0.021568627450980427,-0.33937057093078016,-0.2513660309361474
nisqa,l2,0.5,20270014,nisqa_val_live,1250,200,0.995,2.9251761436462402,2.9336505055427553,0.995,2.6126346349716187,2.6169220089912413,0.0,-0.3125415086746215,-0.316728496551514
nisqa,l2,0.5,20270014,nisqa_test_for,1250,240,0.9291666666666667,2.9251761436462402,3.4514419535795846,0.9291666666666667,2.6176121652126314,3.324567190806071,0.0,-0.30756397843360883,-0.12687476277351362
nisqa,l2,0.5,20270014,nisqa_test_livetalk,1250,232,0.9353448275862069,2.9251761436462402,3.1895853897620894,0.8879310344827587,2.5076390504837036,3.2244420627067827,-0.047413793103448176,-0.4175370931625366,0.0348566729446933
nisqa,l2,0.5,20270014,nisqa_test_p501,1250,240,0.975,2.9251761436462402,3.0527454018592834,0.9458333333333333,2.7363589624563853,3.00263910194238,-0.029166666666666674,-0.1888171811898549,-0.050106299916903296
nisqa,knn,0.5,20270014,nisqa_val_sim,1250,1250,0.9064,2.9251761436462402,3.5117974967956544,0.8984,2.8916374481201172,3.472229859161377,-0.008000000000000007,-0.033538695526122986,-0.039567637634277286
nisqa,knn,0.5,20270014,nisqa_train_live,1250,1020,0.9941176470588236,2.9251761436462402,2.937539685006235,0.9852941176470589,2.67345940692752,2.7165393114089964,-0.008823529411764675,-0.2517167367187203,-0.22100037359723856
nisqa,knn,0.5,20270014,nisqa_val_live,1250,200,0.995,2.9251761436462402,2.9336505055427553,0.99,2.6520668268203735,2.685344898700714,-0.0050000000000000044,-0.2731093168258667,-0.24830560684204128
nisqa,knn,0.5,20270014,nisqa_test_for,1250,240,0.9291666666666667,2.9251761436462402,3.4514419535795846,0.9291666666666667,2.8089174886544543,3.394323643048604,0.0,-0.11625865499178589,-0.05711831053098049
nisqa,knn,0.5,20270014,nisqa_test_livetalk,1250,232,0.9353448275862069,2.9251761436462402,3.1895853897620894,0.9224137931034483,2.687965892512223,3.0804899787080697,-0.012931034482758563,-0.23721025113401728,-0.10909541105401965
nisqa,knn,0.5,20270014,nisqa_test_p501,1250,240,0.975,2.9251761436462402,3.0527454018592834,0.9583333333333334,2.818629382054011,2.966160702705383,-0.016666666666666607,-0.10654676159222909,-0.08658469915390032
nisqa,mahalanobis,0.5,20270015,nisqa_val_sim,1250,1250,0.908,2.9332637786865234,3.44523095703125,0.9152,2.8779381368637087,3.362680837440491,0.007199999999999984,-0.05532564182281474,-0.08255011959075897
nisqa,mahalanobis,0.5,20270015,nisqa_train_live,1250,1020,0.9941176470588236,2.9332637786865234,2.9451515768088545,0.9558823529411765,2.2732407041624483,2.4413961242226994,-0.038235294117647034,-0.6600230745240752,-0.5037554525861552
nisqa,mahalanobis,0.5,20270015,nisqa_val_live,1250,200,0.995,2.9332637786865234,2.941333758831024,0.98,2.2683717119693756,2.368662701845169,-0.015000000000000013,-0.6648920667171478,-0.5726710569858549
nisqa,mahalanobis,0.5,20270015,nisqa_test_for,1250,240,0.9291666666666667,2.9332637786865234,3.453800847133001,0.9208333333333333,2.6008119801680247,3.281521064043045,-0.008333333333333415,-0.3324517985184987,-0.17227978308995562
nisqa,mahalanobis,0.5,20270015,nisqa_test_livetalk,1250,232,0.9353448275862069,2.9332637786865234,3.192443950422879,0.8793103448275862,2.3225868200433664,3.0364009059708694,-0.05603448275862066,-0.6106769586431571,-0.15604304445200956
nisqa,mahalanobis,0.5,20270015,nisqa_test_p501,1250,240,0.975,2.9332637786865234,3.058811128139496,0.9208333333333333,2.5758919854958853,2.903587419788043,-0.054166666666666696,-0.35737179319063817,-0.15522370835145294
nisqa,l2,0.5,20270015,nisqa_val_sim,1250,1250,0.908,2.9332637786865234,3.44523095703125,0.916,2.9144553144454957,3.3886974580764773,0.008000000000000007,-0.018808464241027778,-0.056533498954772554
nisqa,l2,0.5,20270015,nisqa_train_live,1250,1020,0.9941176470588236,2.9332637786865234,2.9451515768088545,0.9745098039215686,2.6553842972306643,2.744901208082835,-0.019607843137254943,-0.27787948145585917,-0.20025036872601953
nisqa,l2,0.5,20270015,nisqa_val_live,1250,200,0.995,2.9332637786865234,2.941333758831024,1.0,2.6754201996326445,2.6754201996326445,0.0050000000000000044,-0.2578435790538789,-0.26591355919837945
nisqa,l2,0.5,20270015,nisqa_test_for,1250,240,0.9291666666666667,2.9332637786865234,3.453800847133001,0.9291666666666667,2.6764745553334555,3.351509286959966,0.0,-0.256789223353068,-0.10229156017303476
nisqa,l2,0.5,20270015,nisqa_test_livetalk,1250,232,0.9353448275862069,2.9332637786865234,3.192443950422879,0.896551724137931,2.5785403385244567,3.286483623858156,-0.0387931034482758,-0.3547234401620667,0.09403967343527686
nisqa,l2,0.5,20270015,nisqa_test_p501,1250,240,0.975,2.9332637786865234,3.058811128139496,0.9458333333333333,2.8068542500336964,3.0358146101236345,-0.029166666666666674,-0.12640952865282706,-0.022996518015861334
nisqa,knn,0.5,20270015,nisqa_val_sim,1250,1250,0.908,2.9332637786865234,3.44523095703125,0.9112,2.9073190017700195,3.4113117366790773,0.0031999999999999806,-0.025944776916503987,-0.03391922035217254
nisqa,knn,0.5,20270015,nisqa_train_live,1250,1020,0.9941176470588236,2.9332637786865234,2.9451515768088545,0.9872549019607844,2.714372309983945,2.750459077311497,-0.006862745098039191,-0.21889146870257825,-0.19469249949735756
nisqa,knn,0.5,20270015,nisqa_val_live,1250,200,0.995,2.9332637786865234,2.941333758831024,0.99,2.6988865733146667,2.727114033699036,-0.0050000000000000044,-0.2343772053718567,-0.21421972513198817
nisqa,knn,0.5,20270015,nisqa_test_for,1250,240,0.9291666666666667,2.9332637786865234,3.453800847133001,0.9333333333333333,2.843476845820745,3.3898067514101666,0.004166666666666652,-0.08978693286577855,-0.06399409572283421
nisqa,knn,0.5,20270015,nisqa_test_livetalk,1250,232,0.9353448275862069,2.9332637786865234,3.192443950422879,0.9310344827586207,2.7277097023766617,3.0826993050246405,-0.004310344827586188,-0.20555407630986178,-0.10974464539823847
nisqa,knn,0.5,20270015,nisqa_test_p501,1250,240,0.975,2.9332637786865234,3.058811128139496,0.9583333333333334,2.8377907236417133,2.976479119062424,-0.016666666666666607,-0.09547305504481018,-0.08233200907707205
nisqa,mahalanobis,0.5,20270016,nisqa_val_sim,1250,1250,0.892,2.884316921234131,3.5466667079925536,0.9032,2.8823903095245362,3.483493165206909,0.011199999999999988,-0.0019266117095946278,-0.06317354278564435
nisqa,mahalanobis,0.5,20270016,nisqa_train_live,1250,1020,0.9921568627450981,2.884316921234131,2.899543191872391,0.9558823529411765,2.2793395093843047,2.441880424349916,-0.03627450980392155,-0.6049774118498261,-0.4576627675224749
nisqa,mahalanobis,0.5,20270016,nisqa_val_live,1250,200,0.995,2.884316921234131,2.894834244251251,0.985,2.275710780620575,2.374587733745575,-0.010000000000000009,-0.6086061406135559,-0.5202465105056762
nisqa,mahalanobis,0.5,20270016,nisqa_test_for,1250,240,0.925,2.884316921234131,3.4395319124062858,0.9208333333333333,2.582963957389196,3.288369898001353,-0.004166666666666763,-0.30135296384493504,-0.1511620144049326
nisqa,mahalanobis,0.5,20270016,nisqa_test_livetalk,1250,232,0.9353448275862069,2.884316921234131,3.175143768047464,0.8793103448275862,2.322202141942649,3.040480615763829,-0.05603448275862066,-0.5621147792914818,-0.13466315228363523
nisqa,mahalanobis,0.5,20270016,nisqa_test_p501,1250,240,0.9666666666666667,2.884316921234131,3.024807115395864,0.9208333333333333,2.571988852818807,2.8836755722761156,-0.04583333333333339,-0.312328068415324,-0.1411315431197484
nisqa,l2,0.5,20270016,nisqa_val_sim,1250,1250,0.892,2.884316921234131,3.5466667079925536,0.896,2.8343620470046997,3.4745750616073607,0.0040000000000000036,-0.04995487422943112,-0.07209164638519283
nisqa,l2,0.5,20270016,nisqa_train_live,1250,1020,0.9921568627450981,2.884316921234131,2.899543191872391,0.9715686274509804,2.5729085880167344,2.6965211578443937,-0.020588235294117685,-0.31140833321739647,-0.20302203402799712
nisqa,l2,0.5,20270016,nisqa_val_live,1250,200,0.995,2.884316921234131,2.894834244251251,0.995,2.6190060448646544,2.6251333069801333,0.0,-0.2653108763694765,-0.2697009372711179
nisqa,l2,0.5,20270016,nisqa_test_for,1250,240,0.925,2.884316921234131,3.4395319124062858,0.925,2.6001225968201953,3.277667627731959,0.0,-0.28419432441393555,-0.16186428467432679
nisqa,l2,0.5,20270016,nisqa_test_livetalk,1250,232,0.9353448275862069,2.884316921234131,3.175143768047464,0.8836206896551724,2.4682438024159135,3.2890758802150857,-0.051724137931034475,-0.4160731188182174,0.11393211216762156
nisqa,l2,0.5,20270016,nisqa_test_p501,1250,240,0.9666666666666667,2.884316921234131,3.024807115395864,0.95,2.716086212793986,2.9784834971030554,-0.01666666666666672,-0.16823070844014465,-0.04632361829280862
nisqa,knn,0.5,20270016,nisqa_val_sim,1250,1250,0.892,2.884316921234131,3.5466667079925536,0.9072,2.8941726514816284,3.5491861364364623,0.015199999999999991,0.00985573024749753,0.0025194284439087333
nisqa,knn,0.5,20270016,nisqa_train_live,1250,1020,0.9921568627450981,2.884316921234131,2.899543191872391,0.9774509803921568,2.494402782823525,2.5733851827827157,-0.014705882352941235,-0.38991413841060574,-0.3261580090896752
nisqa,knn,0.5,20270016,nisqa_val_live,1250,200,0.995,2.884316921234131,2.894834244251251,0.98,2.473594528436661,2.5339174568653107,-0.015000000000000013,-0.4107223927974699,-0.36091678738594046
nisqa,knn,0.5,20270016,nisqa_test_for,1250,240,0.925,2.884316921234131,3.4395319124062858,0.9291666666666667,2.748469023903211,3.378346293171247,0.004166666666666652,-0.13584789733091984,-0.061185619235038846
nisqa,knn,0.5,20270016,nisqa_test_livetalk,1250,232,0.9353448275862069,2.884316921234131,3.175143768047464,0.9051724137931034,2.528374578418403,3.040572346284472,-0.030172413793103425,-0.355942342815728,-0.1345714217629923
nisqa,knn,0.5,20270016,nisqa_test_p501,1250,240,0.9666666666666667,2.884316921234131,3.024807115395864,0.9625,2.734511906901995,2.8741240203380585,-0.004166666666666652,-0.14980501433213567,-0.15068309505780553
nisqa,mahalanobis,0.5,20270017,nisqa_val_sim,1250,1250,0.8912,2.8836922645568848,3.546381031036377,0.892,2.8400888191223146,3.4763490310668947,0.0008000000000000229,-0.043603445434570176,-0.07003199996948206
nisqa,mahalanobis,0.5,20270017,nisqa_train_live,1250,1020,0.9921568627450981,2.8836922645568848,2.898967527875713,0.9607843137254902,2.335906040434744,2.4817970079534195,-0.03137254901960784,-0.5477862241221407,-0.4171705199222937
nisqa,mahalanobis,0.5,20270017,nisqa_val_live,1250,200,0.995,2.8836922645568848,2.8942408204078673,0.985,2.3254627847671507,2.4157896423339844,-0.010000000000000009,-0.558229479789734,-0.47845117807388293
nisqa,mahalanobis,0.5,20270017,nisqa_test_for,1250,240,0.925,2.8836922645568848,3.4393757482369742,0.9166666666666666,2.622033840417862,3.237338161468506,-0.008333333333333415,-0.26165842413902274,-0.20203758676846828
nisqa,mahalanobis,0.5,20270017,nisqa_test_livetalk,1250,232,0.9353448275862069,2.8836922645568848,3.174922984221886,0.8879310344827587,2.3972189200335534,3.058537283848072,-0.047413793103448176,-0.48647334452333135,-0.1163857003738138
nisqa,mahalanobis,0.5,20270017,nisqa_test_p501,1250,240,0.9666666666666667,2.8836922645568848,3.024390677611033,0.925,2.61195281346639,2.914618886510531,-0.04166666666666663,-0.2717394510904949,-0.10977179110050184
nisqa,l2,0.5,20270017,nisqa_val_sim,1250,1250,0.8912,2.8836922645568848,3.546381031036377,0.888,2.7804087882995607,3.497335803604126,-0.0031999999999999806,-0.10328347625732404,-0.049045227432250815
nisqa,l2,0.5,20270017,nisqa_train_live,1250,1020,0.9921568627450981,2.8836922645568848,2.898967527875713,0.9686274509803922,2.554738504746381,2.6820946997287227,-0.02352941176470591,-0.3289537598105037,-0.2168728281469905
nisqa,l2,0.5,20270017,nisqa_val_live,1250,200,0.995,2.8836922645568848,2.8942408204078673,1.0,2.588088719844818,2.588088719844818,0.0050000000000000044,-0.29560354471206685,-0.3061521005630494
nisqa,l2,0.5,20270017,nisqa_test_for,1250,240,0.925,2.8836922645568848,3.4393757482369742,0.925,2.5674275040626524,3.309158670902252,0.0,-0.31626476049423236,-0.1302170773347222
nisqa,l2,0.5,20270017,nisqa_test_livetalk,1250,232,0.9353448275862069,2.8836922645568848,3.174922984221886,0.8663793103448276,2.452540062624833,3.336634866122542,-0.06896551724137923,-0.43115220193205195,0.161711881900656
nisqa,l2,0.5,20270017,nisqa_test_p501,1250,240,0.9666666666666667,2.8836922645568848,3.024390677611033,0.9416666666666667,2.7068783124287923,2.9842307994763058,-0.025000000000000022,-0.17681395212809248,-0.04015987813472721
nisqa,knn,0.5,20270017,nisqa_val_sim,1250,1250,0.8912,2.8836922645568848,3.546381031036377,0.8968,2.8675868688583375,3.503863691902161,0.005600000000000049,-0.016105395698547298,-0.04251733913421596
nisqa,knn,0.5,20270017,nisqa_train_live,1250,1020,0.9921568627450981,2.8836922645568848,2.898967527875713,0.9794117647058823,2.5673172303274567,2.6307918667793273,-0.012745098039215752,-0.31637503422942803,-0.2681756610963859
nisqa,knn,0.5,20270017,nisqa_val_live,1250,200,0.995,2.8836922645568848,2.8942408204078673,0.985,2.5459779369831086,2.5926778781414033,-0.010000000000000009,-0.3377143275737762,-0.3015629422664641
nisqa,knn,0.5,20270017,nisqa_test_for,1250,240,0.925,2.8836922645568848,3.4393757482369742,0.925,2.7538542995850244,3.4015186578035355,0.0,-0.1298379649718604,-0.03785709043343877
nisqa,knn,0.5,20270017,nisqa_test_livetalk,1250,232,0.9353448275862069,2.8836922645568848,3.174922984221886,0.9094827586206896,2.5910227514546493,3.0605890165115226,-0.025862068965517238,-0.29266951310223543,-0.1143339677103632
nisqa,knn,0.5,20270017,nisqa_test_p501,1250,240,0.9666666666666667,2.8836922645568848,3.024390677611033,0.9583333333333334,2.767671291033427,2.9135523478190106,-0.008333333333333304,-0.11602097352345764,-0.11083832979202235
nisqa,mahalanobis,0.5,20270018,nisqa_val_sim,1250,1250,0.8992,2.9082207679748535,3.5559611072540283,0.8944,2.795666289138794,3.498951710510254,-0.0048000000000000265,-0.11255447883605951,-0.05700939674377414
nisqa,mahalanobis,0.5,20270018,nisqa_train_live,1250,1020,0.9931372549019608,2.9082207679748535,2.921706199645996,0.9490196078431372,2.1696851900979586,2.3974282687785577,-0.044117647058823595,-0.7385355778768949,-0.5242779308674383
nisqa,mahalanobis,0.5,20270018,nisqa_val_live,1250,200,0.995,2.9082207679748535,2.9175428986549377,0.98,2.1656108009815216,2.290213428735733,-0.015000000000000013,-0.7426099669933319,-0.6273294699192045
nisqa,mahalanobis,0.5,20270018,nisqa_test_for,1250,240,0.9291666666666667,2.9082207679748535,3.4464966356754303,0.9166666666666666,2.5165655970573426,3.2522249579429627,-0.012500000000000067,-0.3916551709175109,-0.19427167773246756
nisqa,mahalanobis,0.5,20270018,nisqa_test_livetalk,1250,232,0.9353448275862069,2.9082207679748535,3.183592541464444,0.8491379310344828,2.224611414917584,3.0729374197022667,-0.08620689655172409,-0.6836093530572693,-0.11065512176217718
nisqa,mahalanobis,0.5,20270018,nisqa_test_p501,1250,240,0.9666666666666667,2.9082207679748535,3.0407430132230124,0.9125,2.5054569602012635,2.9246498455603915,-0.054166666666666696,-0.40276380777359,-0.1160931676626209
nisqa,l2,0.5,20270018,nisqa_val_sim,1250,1250,0.8992,2.9082207679748535,3.5559611072540283,0.9024,2.889507611846924,3.4964877964019774,0.0031999999999999806,-0.018713156127929675,-0.059473310852050876
nisqa,l2,0.5,20270018,nisqa_train_live,1250,1020,0.9931372549019608,2.9082207679748535,2.921706199645996,0.9735294117647059,2.6478966180016013,2.748348225331774,-0.019607843137254943,-0.26032414997325226,-0.17335797431422195
nisqa,l2,0.5,20270018,nisqa_val_live,1250,200,0.995,2.9082207679748535,2.9175428986549377,1.0,2.696224808692932,2.696224808692932,0.0050000000000000044,-0.2119959592819214,-0.22131808996200553
nisqa,l2,0.5,20270018,nisqa_test_for,1250,240,0.9291666666666667,2.9082207679748535,3.4464966356754303,0.9291666666666667,2.661504159371058,3.359684149424235,0.0,-0.24671660860379552,-0.08681248625119542
nisqa,l2,0.5,20270018,nisqa_test_livetalk,1250,232,0.9353448275862069,2.9082207679748535,3.183592541464444,0.9008620689655172,2.546342816846124,3.2474469419183403,-0.03448275862068961,-0.36187795112872934,0.06385440045389634
nisqa,l2,0.5,20270018,nisqa_test_p501,1250,240,0.9666666666666667,2.9082207679748535,3.0407430132230124,0.9541666666666667,2.7911921719710033,3.001075588663419,-0.012499999999999956,-0.11702859600385018,-0.03966742455959338
nisqa,knn,0.5,20270018,nisqa_val_sim,1250,1250,0.8992,2.9082207679748535,3.5559611072540283,0.8952,2.863624454498291,3.5253934020996094,-0.0040000000000000036,-0.044596313476562344,-0.030567705154418867
nisqa,knn,0.5,20270018,nisqa_train_live,1250,1020,0.9931372549019608,2.9082207679748535,2.921706199645996,0.9872549019607844,2.7038025468003517,2.740497412401087,-0.00588235294117645,-0.2044182211745018,-0.18120878724490908
nisqa,knn,0.5,20270018,nisqa_val_live,1250,200,0.995,2.9082207679748535,2.9175428986549377,0.99,2.690484380722046,2.719188964366913,-0.0050000000000000044,-0.21773638725280753,-0.19835393428802472
nisqa,knn,0.5,20270018,nisqa_test_for,1250,240,0.9291666666666667,2.9082207679748535,3.4464966356754303,0.9291666666666667,2.7975737333297728,3.3770184497038525,0.0,-0.11064703464508074,-0.06947818597157784
nisqa,knn,0.5,20270018,nisqa_test_livetalk,1250,232,0.9353448275862069,2.9082207679748535,3.183592541464444,0.9267241379310345,2.709923150210545,3.097793429062284,-0.008620689655172376,-0.19829761776430832,-0.08579911240215976
nisqa,knn,0.5,20270018,nisqa_test_p501,1250,240,0.9666666666666667,2.9082207679748535,3.0407430132230124,0.9625,2.8068889399369557,2.961126895745595,-0.004166666666666652,-0.10133182803789786,-0.07961611747741726
nisqa,mahalanobis,0.5,20270019,nisqa_val_sim,1250,1250,0.9168,2.9753646850585938,3.4774644279479983,0.9088,2.861025691604614,3.4029832359313965,-0.007999999999999896,-0.11433899345397958,-0.07448119201660175
nisqa,mahalanobis,0.5,20270019,nisqa_train_live,1250,1020,0.9950980392156863,2.9753646850585938,2.984864688387104,0.9558823529411765,2.253958246754665,2.422113666814916,-0.039215686274509776,-0.7214064383039287,-0.562751021572188
nisqa,mahalanobis,0.5,20270019,nisqa_val_live,1250,200,0.995,2.9753646850585938,2.981329619884491,0.98,2.252365779876709,2.3526567697525023,-0.015000000000000013,-0.7229989051818846,-0.6286728501319887
nisqa,mahalanobis,0.5,20270019,nisqa_test_for,1250,240,0.9333333333333333,2.9753646850585938,3.4666502376397452,0.9208333333333333,2.5636265019575757,3.272777024904887,-0.012500000000000067,-0.41173818310101806,-0.19387321273485814
nisqa,mahalanobis,0.5,20270019,nisqa_test_livetalk,1250,232,0.9396551724137931,2.9753646850585938,3.2081649508969536,0.8793103448275862,2.301983586673079,3.0196511539919624,-0.06034482758620696,-0.6733810983855149,-0.18851379690499126
nisqa,mahalanobis,0.5,20270019,nisqa_test_p501,1250,240,0.9791666666666666,2.9753646850585938,3.090728302796682,0.9208333333333333,2.5458284238974254,2.873795814315478,-0.05833333333333335,-0.4295362611611684,-0.21693248848120383
nisqa,l2,0.5,20270019,nisqa_val_sim,1250,1250,0.9168,2.9753646850585938,3.4774644279479983,0.9112,2.8547786199569702,3.436196214866638,-0.005599999999999938,-0.12058606510162351,-0.041268213081360194
nisqa,l2,0.5,20270019,nisqa_train_live,1250,1020,0.9950980392156863,2.9753646850585938,2.984864688387104,0.9656862745098039,2.5751854377634387,2.708850681548025,-0.02941176470588236,-0.4001792472951551,-0.27601400683907906
nisqa,l2,0.5,20270019,nisqa_val_live,1250,200,0.995,2.9753646850585938,2.981329619884491,1.0,2.6064449274539947,2.6064449274539947,0.0050000000000000044,-0.36891975760459905,-0.37488469243049627
nisqa,l2,0.5,20270019,nisqa_test_for,1250,240,0.9333333333333333,2.9753646850585938,3.4666502376397452,0.9291666666666667,2.6055148263772328,3.329180957873662,-0.004166666666666652,-0.369849858681361,-0.13746927976608303
nisqa,l2,0.5,20270019,nisqa_test_livetalk,1250,232,0.9396551724137931,2.9753646850585938,3.2081649508969536,0.8793103448275862,2.47117699425796,3.309236931389776,-0.06034482758620696,-0.504187690800634,0.10107198049282218
nisqa,l2,0.5,20270019,nisqa_test_p501,1250,240,0.9791666666666666,2.9753646850585938,3.090728302796682,0.9416666666666667,2.7472460865974426,3.0276431987682977,-0.03749999999999998,-0.22811859846115112,-0.06308510402838419
nisqa,knn,0.5,20270019,nisqa_val_sim,1250,1250,0.9168,2.9753646850585938,3.4774644279479983,0.9176,2.9281055114746093,3.43794919090271,0.0008000000000000229,-0.04725917358398446,-0.039515237045288476
nisqa,knn,0.5,20270019,nisqa_train_live,1250,1020,0.9950980392156863,2.9753646850585938,2.984864688387104,0.9833333333333333,2.6386539449878765,2.6868177353167066,-0.01176470588235301,-0.3367107400707172,-0.2980469530703975
nisqa,knn,0.5,20270019,nisqa_val_live,1250,200,0.995,2.9753646850585938,2.981329619884491,0.99,2.620232026576996,2.656737141609192,-0.0050000000000000044,-0.3551326584815979,-0.3245924782752989
nisqa,knn,0.5,20270019,nisqa_test_for,1250,240,0.9333333333333333,2.9753646850585938,3.4666502376397452,0.9416666666666667,2.8294040083885195,3.397682370742162,0.008333333333333304,-0.14596067667007429,-0.06896786689758327
nisqa,knn,0.5,20270019,nisqa_test_livetalk,1250,232,0.9396551724137931,2.9753646850585938,3.2081649508969536,0.9224137931034483,2.6612634186086983,3.0589738488197327,-0.017241379310344862,-0.31410126644989544,-0.14919110207722097
nisqa,knn,0.5,20270019,nisqa_test_p501,1250,240,0.9791666666666666,2.9753646850585938,3.090728302796682,0.9666666666666667,2.824039532740911,2.942136649290721,-0.012499999999999956,-0.15132515231768284,-0.14859165350596104
nisqa,mahalanobis,0.5,20270020,nisqa_val_sim,1250,1250,0.884,2.858084201812744,3.5342848987579347,0.904,2.854968785095215,3.443231634902954,0.020000000000000018,-0.003115416717529129,-0.09105326385498058
nisqa,mahalanobis,0.5,20270020,nisqa_train_live,1250,1020,0.9921568627450981,2.858084201812744,2.875367940640917,0.9676470588235294,2.3659619338372173,2.4922589940183304,-0.02450980392156865,-0.49212226797552683,-0.38310894662258654
nisqa,mahalanobis,0.5,20270020,nisqa_val_live,1250,200,0.995,2.858084201812744,2.869913160800934,0.985,2.3620079159736633,2.4445770740509034,-0.010000000000000009,-0.4960762858390808,-0.42533608675003043
nisqa,mahalanobis,0.5,20270020,nisqa_test_for,1250,240,0.9125,2.858084201812744,3.4350766638914743,0.9291666666666667,2.6221799184878667,3.2835950682560604,0.01666666666666672,-0.23590428332487745,-0.15148159563541386
nisqa,mahalanobis,0.5,20270020,nisqa_test_livetalk,1250,232,0.9353448275862069,2.858084201812744,3.1658718585968018,0.8879310344827587,2.3995145888164124,3.00294704889429,-0.047413793103448176,-0.4585696129963317,-0.16292480970251155
nisqa,mahalanobis,0.5,20270020,nisqa_test_p501,1250,240,0.9666666666666667,2.858084201812744,3.007318635781606,0.9291666666666667,2.6157161335150403,2.874463368455569,-0.03749999999999998,-0.24236806829770385,-0.13285526732603703
nisqa,l2,0.5,20270020,nisqa_val_sim,1250,1250,0.884,2.858084201812744,3.5342848987579347,0.8944,2.845537863922119,3.485833865356445,0.010399999999999965,-0.012546337890625203,-0.048451033401489596
nisqa,l2,0.5,20270020,nisqa_train_live,1250,1020,0.9921568627450981,2.858084201812744,2.875367940640917,0.9735294117647059,2.652032728756175,2.75558844313902,-0.0186274509803922,-0.206051473056569,-0.11977949750189687
nisqa,l2,0.5,20270020,nisqa_val_live,1250,200,0.995,2.858084201812744,2.869913160800934,0.995,2.6903260850906374,2.692662658691406,0.0,-0.16775811672210672,-0.17725050210952764
nisqa,l2,0.5,20270020,nisqa_test_for,1250,240,0.9125,2.858084201812744,3.4350766638914743,0.9208333333333333,2.6532023827234905,3.416571952899297,0.008333333333333304,-0.20488181908925363,-0.01850471099217721
nisqa,l2,0.5,20270020,nisqa_test_livetalk,1250,232,0.9353448275862069,2.858084201812744,3.1658718585968018,0.9008620689655172,2.5503475213872977,3.2736033427304236,-0.03448275862068961,-0.30773668042544644,0.10773148413362188
nisqa,l2,0.5,20270020,nisqa_test_p501,1250,240,0.9666666666666667,2.858084201812744,3.007318635781606,0.9541666666666667,2.7582763016223906,2.9631891677776974,-0.012499999999999956,-0.09980790019035357,-0.04412946800390882
nisqa,knn,0.5,20270020,nisqa_val_sim,1250,1250,0.884,2.858084201812744,3.5342848987579347,0.8976,2.9026499435424804,3.4970529777526855,0.013599999999999945,0.04456574172973626,-0.03723192100524919
nisqa,knn,0.5,20270020,nisqa_train_live,1250,1020,0.9921568627450981,2.858084201812744,2.875367940640917,0.9862745098039216,2.708020213538525,2.7464195803099987,-0.00588235294117645,-0.15006398827421918,-0.12894836033091828
nisqa,knn,0.5,20270020,nisqa_val_live,1250,200,0.995,2.858084201812744,2.869913160800934,0.99,2.6882844042778014,2.7182502698898316,-0.0050000000000000044,-0.1697997975349428,-0.1516628909111022
nisqa,knn,0.5,20270020,nisqa_test_for,1250,240,0.9125,2.858084201812744,3.4350766638914743,0.925,2.8330566465854643,3.402199713389079,0.012500000000000067,-0.02502755522727984,-0.03287695050239536
nisqa,knn,0.5,20270020,nisqa_test_livetalk,1250,232,0.9353448275862069,2.858084201812744,3.1658718585968018,0.9267241379310345,2.720404668100949,3.0934179548559517,-0.008620689655172376,-0.1376795337117951,-0.07245390374085003
nisqa,knn,0.5,20270020,nisqa_test_p501,1250,240,0.9666666666666667,2.858084201812744,3.007318635781606,0.9625,2.837753343582153,2.975752907991409,-0.004166666666666652,-0.020330858230590998,-0.03156572779019706
nisqa,mahalanobis,0.7,20270001,nisqa_val_sim,1750,750,0.896,2.9026546478271484,3.591918986638387,0.9,2.834683657964071,3.470419033050537,0.0040000000000000036,-0.06797098986307759,-0.12149995358785004
nisqa,mahalanobis,0.7,20270001,nisqa_train_live,1750,1020,0.9931372549019608,2.9026546478271484,2.9165220681358788,0.953921568627451,2.251395368342306,2.424981080083286,-0.039215686274509776,-0.6512592794848424,-0.4915409880525927
nisqa,mahalanobis,0.7,20270001,nisqa_val_live,1750,200,0.995,2.9026546478271484,2.912255084514618,0.98,2.247635440826416,2.350345187187195,-0.015000000000000013,-0.6550192070007324,-0.561909897327423
nisqa,mahalanobis,0.7,20270001,nisqa_test_for,1750,240,0.9291666666666667,2.9026546478271484,3.444873183965683,0.9208333333333333,2.5620256115992865,3.2738580654064813,-0.008333333333333415,-0.3406290362278619,-0.1710151185592017
nisqa,mahalanobis,0.7,20270001,nisqa_test_livetalk,1750,232,0.9353448275862069,2.9026546478271484,3.1816252058949965,0.875,2.297091125414289,3.0232017831555726,-0.06034482758620685,-0.6055635224128593,-0.1584234227394239
nisqa,mahalanobis,0.7,20270001,nisqa_test_p501,1750,240,0.9666666666666667,2.9026546478271484,3.0370322664578757,0.9125,2.5439033110936484,2.890553757548332,-0.054166666666666696,-0.3587513367335,-0.1464785089095435
nisqa,l2,0.7,20270001,nisqa_val_sim,1750,750,0.896,2.9026546478271484,3.591918986638387,0.8973333333333333,2.8743747981389363,3.488512266476949,0.0013333333333332975,-0.028279849688212177,-0.10340672016143815
nisqa,l2,0.7,20270001,nisqa_train_live,1750,1020,0.9931372549019608,2.9026546478271484,2.9165220681358788,0.9745098039215686,2.6195505209997587,2.709589390894946,-0.0186274509803922,-0.2831041268273897,-0.20693267724093278
nisqa,l2,0.7,20270001,nisqa_val_live,1750,200,0.995,2.9026546478271484,2.912255084514618,0.995,2.660791401863098,2.6681160855293276,0.0,-0.2418632459640504,-0.24413899898529046
nisqa,l2,0.7,20270001,nisqa_test_for,1750,240,0.9291666666666667,2.9026546478271484,3.444873183965683,0.9333333333333333,2.637850511074066,3.3274353623390196,0.004166666666666652,-0.26480413675308245,-0.11743782162666339
nisqa,l2,0.7,20270001,nisqa_test_livetalk,1750,232,0.9353448275862069,2.9026546478271484,3.1816252058949965,0.8922413793103449,2.5376490858094445,3.2329003019579527,-0.04310344827586199,-0.36500556201770396,0.051275096062956216
nisqa,l2,0.7,20270001,nisqa_test_p501,1750,240,0.9666666666666667,2.9026546478271484,3.0370322664578757,0.95,2.7609520981709164,2.983691720167796,-0.01666666666666672,-0.14170254965623208,-0.05334054629007978
nisqa,knn,0.7,20270001,nisqa_val_sim,1750,750,0.896,2.9026546478271484,3.591918986638387,0.888,2.8645994237264,3.560268677393595,-0.008000000000000007,-0.038055224100748575,-0.03165030924479195
nisqa,knn,0.7,20270001,nisqa_train_live,1750,1020,0.9931372549019608,2.9026546478271484,2.9165220681358788,0.9872549019607844,2.7018911623487285,2.7385860279494643,-0.00588235294117645,-0.20076348547841993,-0.1779360401864145
nisqa,knn,0.7,20270001,nisqa_val_live,1750,200,0.995,2.9026546478271484,2.912255084514618,0.99,2.6898495149612427,2.7185540986061096,-0.0050000000000000044,-0.21280513286590574,-0.19370098590850837
nisqa,knn,0.7,20270001,nisqa_test_for,1750,240,0.9291666666666667,2.9026546478271484,3.444873183965683,0.9208333333333333,2.79322992960612,3.3930258373419444,-0.008333333333333415,-0.10942471822102862,-0.05184734662373858
nisqa,knn,0.7,20270001,nisqa_test_livetalk,1750,232,0.9353448275862069,2.9026546478271484,3.1816252058949965,0.9267241379310345,2.7116831417741447,3.0976319518582573,-0.008620689655172376,-0.19097150605300373,-0.08399325403673918
nisqa,knn,0.7,20270001,nisqa_test_p501,1750,240,0.9666666666666667,2.9026546478271484,3.0370322664578757,0.9583333333333334,2.808520750204722,2.9668700555960337,-0.008333333333333304,-0.09413389762242641,-0.07016221086184204
nisqa,mahalanobis,0.7,20270002,nisqa_val_sim,1750,750,0.8973333333333333,2.904362201690674,3.48157080968221,0.904,2.849529604276021,3.3922806336085003,0.00666666666666671,-0.05483259741465263,-0.08929017607370993
nisqa,mahalanobis,0.7,20270002,nisqa_train_live,1750,1020,0.9931372549019608,2.904362201690674,2.9181124369303384,0.9529411764705882,2.2540694393363654,2.431675358145845,-0.04019607843137263,-0.6502927623543084,-0.4864370787844936
nisqa,mahalanobis,0.7,20270002,nisqa_val_live,1750,200,0.995,2.904362201690674,2.913877260684967,0.98,2.249105257987976,2.3535255146026612,-0.015000000000000013,-0.6552569437026978,-0.560351746082306
nisqa,mahalanobis,0.7,20270002,nisqa_test_for,1750,240,0.9291666666666667,2.904362201690674,3.445371220509211,0.9208333333333333,2.5808338006337483,3.266601053873698,-0.008333333333333415,-0.3235284010569255,-0.17877016663551304
nisqa,mahalanobis,0.7,20270002,nisqa_test_livetalk,1750,232,0.9353448275862069,2.904362201690674,3.182228737864001,0.875,2.303917659767743,3.0392042778689285,-0.06034482758620685,-0.600444541922931,-0.1430244599950723
nisqa,mahalanobis,0.7,20270002,nisqa_test_p501,1750,240,0.9666666666666667,2.904362201690674,3.038170635700226,0.9166666666666666,2.5610726535320283,2.902646999557813,-0.050000000000000044,-0.34328954815864554,-0.13552363614241303
nisqa,l2,0.7,20270002,nisqa_val_sim,1750,750,0.8973333333333333,2.904362201690674,3.48157080968221,0.8986666666666666,2.8696531960169476,3.3989554878870645,0.0013333333333332975,-0.034709005673726256,-0.08261532179514575
nisqa,l2,0.7,20270002,nisqa_train_live,1750,1020,0.9931372549019608,2.904362201690674,2.9181124369303384,0.9735294117647059,2.6209994645679697,2.7237899301098842,-0.019607843137254943,-0.2833627371227041,-0.19432250682045416
nisqa,l2,0.7,20270002,nisqa_val_live,1750,200,0.995,2.904362201690674,2.913877260684967,1.0,2.647874678373337,2.647874678373337,0.0050000000000000044,-0.25648752331733693,-0.2660025823116303
nisqa,l2,0.7,20270002,nisqa_test_for,1750,240,0.9291666666666667,2.904362201690674,3.445371220509211,0.9333333333333333,2.6428277124961217,3.332392794887225,0.004166666666666652,-0.26153448919455213,-0.11297842562198612
nisqa,l2,0.7,20270002,nisqa_test_livetalk,1750,232,0.9353448275862069,2.904362201690674,3.182228737864001,0.8879310344827587,2.5399604665821998,3.288305003067543,-0.047413793103448176,-0.36440173510847407,0.10607626520354207
nisqa,l2,0.7,20270002,nisqa_test_p501,1750,240,0.9666666666666667,2.904362201690674,3.038170635700226,0.9458333333333333,2.7781647284825643,3.0262003233035406,-0.02083333333333337,-0.12619747320810948,-0.011970312396685223
nisqa,knn,0.7,20270002,nisqa_val_sim,1750,750,0.8973333333333333,2.904362201690674,3.48157080968221,0.9066666666666666,2.866994863510132,3.4712441215515137,0.009333333333333305,-0.03736733818054194,-0.010326688130696482
nisqa,knn,0.7,20270002,nisqa_train_live,1750,1020,0.9931372549019608,2.904362201690674,2.9181124369303384,0.9774509803921568,2.508953012672125,2.586713531438042,-0.015686274509803977,-0.3954091890185487,-0.33139890549229634
nisqa,knn,0.7,20270002,nisqa_val_live,1750,200,0.995,2.904362201690674,2.913877260684967,0.98,2.481479423046112,2.540718595981598,-0.015000000000000013,-0.4228827786445617,-0.37315866470336934
nisqa,knn,0.7,20270002,nisqa_test_for,1750,240,0.9291666666666667,2.904362201690674,3.445371220509211,0.925,2.739466377099355,3.3883130729198454,-0.004166666666666652,-0.1648958245913188,-0.05705814758936567
nisqa,knn,0.7,20270002,nisqa_test_livetalk,1750,232,0.9353448275862069,2.904362201690674,3.182228737864001,0.9051724137931034,2.537455172374331,3.0446584512447488,-0.030172413793103425,-0.366907029316343,-0.13757028661925208
nisqa,knn,0.7,20270002,nisqa_test_p501,1750,240,0.9666666666666667,2.904362201690674,3.038170635700226,0.95,2.7415698766708374,2.8968772341807685,-0.01666666666666672,-0.16279232501983643,-0.14129340151945735
nisqa,mahalanobis,0.7,20270003,nisqa_val_sim,1750,750,0.8933333333333333,2.895599126815796,3.536446851094564,0.9066666666666666,2.878831341425578,3.473119935353597,0.013333333333333308,-0.01676778539021795,-0.06332691574096705
nisqa,mahalanobis,0.7,20270003,nisqa_train_live,1750,1020,0.9931372549019608,2.895599126815796,2.9099507495468737,0.953921568627451,2.2633311650332284,2.4367829579933016,-0.039215686274509776,-0.6322679617825675,-0.47316779155357214
nisqa,mahalanobis,0.7,20270003,nisqa_val_live,1750,200,0.995,2.895599126815796,2.905552339553833,0.985,2.2565431809425354,2.3571906065940857,-0.010000000000000009,-0.6390559458732605,-0.5483617329597474
nisqa,mahalanobis,0.7,20270003,nisqa_test_for,1750,240,0.9291666666666667,2.895599126815796,3.4428153236707053,0.9208333333333333,2.5733330726623533,3.2997628231843312,-0.008333333333333415,-0.32226605415344256,-0.14305250048637408
nisqa,mahalanobis,0.7,20270003,nisqa_test_livetalk,1750,232,0.9353448275862069,2.895599126815796,3.1791314441582252,0.8706896551724138,2.295962822848353,3.0372291844466637,-0.06465517241379304,-0.599636303967443,-0.14190225971156156
nisqa,mahalanobis,0.7,20270003,nisqa_test_p501,1750,240,0.9666666666666667,2.895599126815796,3.0323285857836404,0.9125,2.546150090297063,2.8662041892608006,-0.054166666666666696,-0.3494490365187328,-0.16612439652283983
nisqa,l2,0.7,20270003,nisqa_val_sim,1750,750,0.8933333333333333,2.895599126815796,3.536446851094564,0.8986666666666666,2.8899407552083334,3.477393529256185,0.005333333333333301,-0.00565837160746252,-0.05905332183837908
nisqa,l2,0.7,20270003,nisqa_train_live,1750,1020,0.9931372549019608,2.895599126815796,2.9099507495468737,0.9735294117647059,2.5867331932572757,2.7044739342203328,-0.019607843137254943,-0.3088659335585202,-0.20547681532654094
nisqa,l2,0.7,20270003,nisqa_val_live,1750,200,0.995,2.895599126815796,2.905552339553833,0.995,2.6353866446018217,2.6419495451450348,0.0,-0.2602124822139742,-0.2636027944087984
nisqa,l2,0.7,20270003,nisqa_test_for,1750,240,0.9291666666666667,2.895599126815796,3.4428153236707053,0.925,2.61287314693133,3.278964857260386,-0.004166666666666652,-0.2827259798844657,-0.1638504664103193
nisqa,l2,0.7,20270003,nisqa_test_livetalk,1750,232,0.9353448275862069,2.895599126815796,3.1791314441582252,0.8879310344827587,2.478123192129464,3.285415067754943,-0.047413793103448176,-0.41747593468633193,0.10628362359671772
nisqa,l2,0.7,20270003,nisqa_test_p501,1750,240,0.9666666666666667,2.895599126815796,3.0323285857836404,0.9458333333333333,2.737546960512797,3.001553182800611,-0.02083333333333337,-0.158052166302999,-0.030775402983029387
nisqa,knn,0.7,20270003,nisqa_val_sim,1750,750,0.8933333333333333,2.895599126815796,3.536446851094564,0.9066666666666666,2.903918210665385,3.51316659450531,0.013333333333333308,0.008319083849589237,-0.023280256589254034
nisqa,knn,0.7,20270003,nisqa_train_live,1750,1020,0.9931372549019608,2.895599126815796,2.9099507495468737,0.9833333333333333,2.6267716300253774,2.6762239933013916,-0.009803921568627527,-0.2688274967904185,-0.23372675624548211
nisqa,knn,0.7,20270003,nisqa_val_live,1750,200,0.995,2.895599126815796,2.905552339553833,0.99,2.610142892599106,2.6474211513996124,-0.0050000000000000044,-0.28545623421669,-0.25813118815422076
nisqa,knn,0.7,20270003,nisqa_test_for,1750,240,0.9291666666666667,2.895599126815796,3.4428153236707053,0.9333333333333333,2.794062485297521,3.3932028810183206,0.004166666666666652,-0.1015366415182748,-0.049612442652384736
nisqa,knn,0.7,20270003,nisqa_test_livetalk,1750,232,0.9353448275862069,2.895599126815796,3.1791314441582252,0.9181034482758621,2.6476918017042093,3.0695223715798607,-0.01724137931034475,-0.24790732511158664,-0.1096090725783645
nisqa,knn,0.7,20270003,nisqa_test_p501,1750,240,0.9666666666666667,2.895599126815796,3.0323285857836404,0.9625,2.793478085597356,2.9270088811715445,-0.004166666666666652,-0.10212104121843968,-0.10531970461209594
nisqa,mahalanobis,0.7,20270004,nisqa_val_sim,1750,750,0.904,2.914344310760498,3.4390059343973793,0.924,2.866103074391683,3.3364498812357586,0.020000000000000018,-0.048241236368815166,-0.10255605316162075
nisqa,mahalanobis,0.7,20270004,nisqa_train_live,1750,1020,0.9931372549019608,2.914344310760498,2.9274094992992925,0.9754901960784313,2.431368815197664,2.5306156770855774,-0.01764705882352946,-0.48297549556283403,-0.39679382221371506
nisqa,mahalanobis,0.7,20270004,nisqa_val_live,1750,200,0.995,2.914344310760498,2.9233602643013,0.985,2.431568133831024,2.4991554379463197,-0.010000000000000009,-0.48277617692947405,-0.42420482635498047
nisqa,mahalanobis,0.7,20270004,nisqa_test_for,1750,240,0.9291666666666667,2.914344310760498,3.44828266898791,0.9291666666666667,2.661196792125702,3.322677705685298,0.0,-0.25314751863479623,-0.12560496330261195
nisqa,mahalanobis,0.7,20270004,nisqa_test_livetalk,1750,232,0.9353448275862069,2.914344310760498,3.1857568971041976,0.9008620689655172,2.4619327536944686,2.9832247105138054,-0.03448275862068961,-0.4524115570660294,-0.20253218659039218
nisqa,mahalanobis,0.7,20270004,nisqa_test_p501,1750,240,0.9708333333333333,2.914344310760498,3.0449685057004294,0.9416666666666667,2.6508826673030854,2.880133619904518,-0.029166666666666674,-0.26346164345741263,-0.1648348857959112
nisqa,l2,0.7,20270004,nisqa_val_sim,1750,750,0.904,2.914344310760498,3.4390059343973793,0.9026666666666666,2.8197711137135824,3.3270291951497395,-0.0013333333333334085,-0.09457319704691569,-0.11197673924763984
nisqa,l2,0.7,20270004,nisqa_train_live,1750,1020,0.9931372549019608,2.914344310760498,2.9274094992992925,0.9735294117647059,2.5954980083540375,2.6910395416558957,-0.019607843137254943,-0.3188463024064605,-0.23636995764339686
nisqa,l2,0.7,20270004,nisqa_val_live,1750,200,0.995,2.914344310760498,2.9233602643013,0.995,2.6185340440273284,2.6203146612644197,0.0,-0.2958102667331697,-0.30304560303688044
nisqa,l2,0.7,20270004,nisqa_test_for,1750,240,0.9291666666666667,2.914344310760498,3.44828266898791,0.9291666666666667,2.6214145829280215,3.3378752281268436,0.0,-0.2929297278324765,-0.11040744086106624
nisqa,l2,0.7,20270004,nisqa_test_livetalk,1750,232,0.9353448275862069,2.914344310760498,3.1857568971041976,0.896551724137931,2.5146216380185096,3.223932048370098,-0.0387931034482758,-0.39972267274198847,0.03817515126590054
nisqa,l2,0.7,20270004,nisqa_test_p501,1750,240,0.9708333333333333,2.914344310760498,3.0449685057004294,0.9458333333333333,2.7324844638506574,2.98482068280379,-0.025000000000000022,-0.1818598469098407,-0.06014782289663945
nisqa,knn,0.7,20270004,nisqa_val_sim,1750,750,0.904,2.914344310760498,3.4390059343973793,0.904,2.881648638725281,3.39890291817983,0.0,-0.03269567203521717,-0.0401030162175493
nisqa,knn,0.7,20270004,nisqa_train_live,1750,1020,0.9931372549019608,2.914344310760498,2.9274094992992925,0.9862745098039216,2.6912628879734113,2.729662254744885,-0.006862745098039191,-0.22308142278708676,-0.1977472445544075
nisqa,knn,0.7,20270004,nisqa_val_live,1750,200,0.995,2.914344310760498,2.9233602643013,0.99,2.678390636444092,2.7083565020561218,-0.0050000000000000044,-0.23595367431640613,-0.21500376224517836
nisqa,knn,0.7,20270004,nisqa_test_for,1750,240,0.9291666666666667,2.914344310760498,3.44828266898791,0.9291666666666667,2.8124259332815806,3.3974575022856395,0.0,-0.10191837747891741,-0.05082516670227033
nisqa,knn,0.7,20270004,nisqa_test_livetalk,1750,232,0.9353448275862069,2.914344310760498,3.1857568971041976,0.9267241379310345,2.703952755393653,3.091233903991765,-0.008620689655172376,-0.21039155536684495,-0.09452299311243273
nisqa,knn,0.7,20270004,nisqa_test_p501,1750,240,0.9708333333333333,2.914344310760498,3.0449685057004294,0.9625,2.817642738421758,2.9505227506160736,-0.008333333333333304,-0.09670157233873988,-0.09444575508435582
nisqa,mahalanobis,0.7,20270005,nisqa_val_sim,1750,750,0.896,2.9026546478271484,3.545861094792684,0.8973333333333333,2.856486679712931,3.467104237874349,0.0013333333333332975,-0.046167968114217306,-0.07875685691833478
nisqa,mahalanobis,0.7,20270005,nisqa_train_live,1750,1020,0.9931372549019608,2.9026546478271484,2.9165220681358788,0.9558823529411765,2.2683663966608982,2.4365218167211493,-0.03725490196078429,-0.6342882511662502,-0.48000025141472946
nisqa,mahalanobis,0.7,20270005,nisqa_val_live,1750,200,0.995,2.9026546478271484,2.912255084514618,0.985,2.2629681205749512,2.3618450736999512,-0.010000000000000009,-0.6396865272521972,-0.5504100108146668
nisqa,mahalanobis,0.7,20270005,nisqa_test_for,1750,240,0.9291666666666667,2.9026546478271484,3.444873183965683,0.9208333333333333,2.5710257569948833,3.2938130676746367,-0.008333333333333415,-0.3316288908322651,-0.15106011629104632
nisqa,mahalanobis,0.7,20270005,nisqa_test_livetalk,1750,232,0.9353448275862069,2.9026546478271484,3.1816252058949965,0.875,2.301768555723388,3.032093313233606,-0.06034482758620685,-0.6008860921037606,-0.14953189266139066
nisqa,mahalanobis,0.7,20270005,nisqa_test_p501,1750,240,0.9666666666666667,2.9026546478271484,3.0370322664578757,0.9208333333333333,2.5437797248363494,2.854348420103391,-0.04583333333333339,-0.35887492299079904,-0.18268384635448465
nisqa,l2,0.7,20270005,nisqa_val_sim,1750,750,0.896,2.9026546478271484,3.545861094792684,0.9026666666666666,2.8946557757059734,3.463910809834798,0.006666666666666599,-0.007998872121175005,-0.0819502849578857
nisqa,l2,0.7,20270005,nisqa_train_live,1750,1020,0.9931372549019608,2.9026546478271484,2.9165220681358788,0.9735294117647059,2.603726130373338,2.7217083402708466,-0.019607843137254943,-0.29892851745381055,-0.19481372786503215
nisqa,l2,0.7,20270005,nisqa_val_live,1750,200,0.995,2.9026546478271484,2.912255084514618,0.995,2.654299650192261,2.6585870242118834,0.0,-0.24835499763488755,-0.2536680603027346
nisqa,l2,0.7,20270005,nisqa_test_for,1750,240,0.9291666666666667,2.9026546478271484,3.444873183965683,0.9291666666666667,2.6270273198684055,3.3576232860485713,0.0,-0.2756273279587429,-0.08724989791711169
nisqa,l2,0.7,20270005,nisqa_test_livetalk,1750,232,0.9353448275862069,2.9026546478271484,3.1816252058949965,0.8879310344827587,2.5009448785206367,3.2626849114894867,-0.047413793103448176,-0.4017097693065117,0.08105970559449016
nisqa,l2,0.7,20270005,nisqa_test_p501,1750,240,0.9666666666666667,2.9026546478271484,3.0370322664578757,0.9541666666666667,2.7538472572962442,2.9983914703130723,-0.012499999999999956,-0.1488073905309042,-0.038640796144803424
nisqa,knn,0.7,20270005,nisqa_val_sim,1750,750,0.896,2.9026546478271484,3.545861094792684,0.9,2.9065673014322915,3.511510977427165,0.0040000000000000036,0.003912653605143035,-0.03435011736551896
nisqa,knn,0.7,20270005,nisqa_train_live,1750,1020,0.9931372549019608,2.9026546478271484,2.9165220681358788,0.9872549019607844,2.707207341755138,2.7432941090826897,-0.00588235294117645,-0.19544730607201055,-0.1732279590531891
nisqa,knn,0.7,20270005,nisqa_val_live,1750,200,0.995,2.9026546478271484,2.912255084514618,0.99,2.6964651799201964,2.7246926403045655,-0.0050000000000000044,-0.20618946790695203,-0.18756244421005253
nisqa,knn,0.7,20270005,nisqa_test_for,1750,240,0.9291666666666667,2.9026546478271484,3.444873183965683,0.9291666666666667,2.829077305396398,3.386600188414256,0.0,-0.07357734243075065,-0.058272995551427176
nisqa,knn,0.7,20270005,nisqa_test_livetalk,1750,232,0.9353448275862069,2.9026546478271484,3.1816252058949965,0.9267241379310345,2.720827671988257,3.089618216300833,-0.008620689655172376,-0.1818269758388915,-0.09200698959416354
nisqa,knn,0.7,20270005,nisqa_test_p501,1750,240,0.9666666666666667,2.9026546478271484,3.0370322664578757,0.9625,2.8246467034022014,2.9605681121349336,-0.004166666666666652,-0.07800794442494707,-0.07646415432294207
nisqa,mahalanobis,0.7,20270006,nisqa_val_sim,1750,750,0.912,2.9332053661346436,3.3474011198679605,0.912,2.8608081436157224,3.2592298730214435,0.0,-0.07239722251892111,-0.088171246846517
nisqa,mahalanobis,0.7,20270006,nisqa_train_live,1750,1020,0.9941176470588236,2.9332053661346436,2.945096600289438,0.953921568627451,2.2495214214511945,2.422973214411268,-0.04019607843137252,-0.6836839446834491,-0.52212338587817
nisqa,mahalanobis,0.7,20270006,nisqa_val_live,1750,200,0.995,2.9332053661346436,2.941278266906738,0.98,2.243780782222748,2.3464324021339418,-0.015000000000000013,-0.6894245839118955,-0.5948458647727963
nisqa,mahalanobis,0.7,20270006,nisqa_test_for,1750,240,0.9291666666666667,2.9332053661346436,3.4537838101387024,0.9208333333333333,2.579597940047582,3.28023632367452,-0.008333333333333415,-0.3536074260870614,-0.1735474864641824
nisqa,mahalanobis,0.7,20270006,nisqa_test_livetalk,1750,232,0.9353448275862069,2.9332053661346436,3.192423304607128,0.875,2.2962709994151673,3.027352365954169,-0.06034482758620685,-0.6369343667194762,-0.1650709386529594
nisqa,mahalanobis,0.7,20270006,nisqa_test_p501,1750,240,0.975,2.9332053661346436,3.058767318725586,0.9166666666666666,2.5507908602555593,2.880408325791359,-0.05833333333333335,-0.3824145058790842,-0.17835899293422708
nisqa,l2,0.7,20270006,nisqa_val_sim,1750,750,0.912,2.9332053661346436,3.3474011198679605,0.9213333333333333,2.8914401394526164,3.257294145266215,0.009333333333333305,-0.0417652266820272,-0.09010697460174555
nisqa,l2,0.7,20270006,nisqa_train_live,1750,1020,0.9941176470588236,2.9332053661346436,2.945096600289438,0.9735294117647059,2.650453265274272,2.7417588671048483,-0.020588235294117685,-0.2827521008603715,-0.2033377331845898
nisqa,l2,0.7,20270006,nisqa_val_live,1750,200,0.995,2.9332053661346436,2.941278266906738,1.0,2.6861960923671724,2.6861960923671724,0.0050000000000000044,-0.24700927376747117,-0.2550821745395657
nisqa,l2,0.7,20270006,nisqa_test_for,1750,240,0.9291666666666667,2.9332053661346436,3.4537838101387024,0.9291666666666667,2.6700447340806326,3.348291858037313,0.0,-0.26316063205401097,-0.10549195210138951
nisqa,l2,0.7,20270006,nisqa_test_livetalk,1750,232,0.9353448275862069,2.9332053661346436,3.192423304607128,0.896551724137931,2.567603395930652,3.2544854827995957,-0.0387931034482758,-0.36560197020399166,0.06206217819246751
nisqa,l2,0.7,20270006,nisqa_test_p501,1750,240,0.975,2.9332053661346436,3.058767318725586,0.9458333333333333,2.7996227741241455,3.033444657921791,-0.029166666666666674,-0.13358259201049805,-0.02532266080379486
nisqa,knn,0.7,20270006,nisqa_val_sim,1750,750,0.912,2.9332053661346436,3.3474011198679605,0.9173333333333333,2.912835144042969,3.3398285649617514,0.005333333333333301,-0.020370222091674606,-0.007572554906209117
nisqa,knn,0.7,20270006,nisqa_train_live,1750,1020,0.9941176470588236,2.9332053661346436,2.945096600289438,0.9833333333333333,2.633443952074238,2.682896315350252,-0.010784313725490269,-0.2997614140604057,-0.262200284939186
nisqa,knn,0.7,20270006,nisqa_val_live,1750,200,0.995,2.9332053661346436,2.941278266906738,0.99,2.612554750442505,2.6498330092430114,-0.0050000000000000044,-0.3206506156921387,-0.29144525766372675
nisqa,knn,0.7,20270006,nisqa_test_for,1750,240,0.9291666666666667,2.9332053661346436,3.4537838101387024,0.9375,2.811494485537211,3.3887451946735383,0.008333333333333304,-0.12171088059743251,-0.0650386154651641
nisqa,knn,0.7,20270006,nisqa_test_livetalk,1750,232,0.9353448275862069,2.9332053661346436,3.192423304607128,0.9181034482758621,2.653062314822756,3.062726045476979,-0.01724137931034475,-0.28014305131188744,-0.12969725913014907
nisqa,knn,0.7,20270006,nisqa_test_p501,1750,240,0.975,2.9332053661346436,3.058767318725586,0.9625,2.8084805448849997,2.9395932296911877,-0.012499999999999956,-0.1247248212496439,-0.11917408903439819
nisqa,mahalanobis,0.7,20270007,nisqa_val_sim,1750,750,0.908,2.9220969676971436,3.5020772806803384,0.9026666666666666,2.8647374636332192,3.454698833465576,-0.005333333333333412,-0.057359504063924316,-0.047378447214762254
nisqa,mahalanobis,0.7,20270007,nisqa_train_live,1750,1020,0.9941176470588236,2.9220969676971436,2.934641637054144,0.9558823529411765,2.2648028775757436,2.4329582976359947,-0.038235294117647034,-0.6572940901213999,-0.5016833394181495
nisqa,mahalanobis,0.7,20270007,nisqa_val_live,1750,200,0.995,2.9220969676971436,2.9307252883911135,0.985,2.2600342798233033,2.3589112329483033,-0.010000000000000009,-0.6620626878738403,-0.5718140554428102
nisqa,mahalanobis,0.7,20270007,nisqa_test_for,1750,240,0.9291666666666667,2.9220969676971436,3.4505438605944314,0.9208333333333333,2.5658691187699634,3.301442281405131,-0.008333333333333415,-0.3562278489271802,-0.14910157918930045
nisqa,mahalanobis,0.7,20270007,nisqa_test_livetalk,1750,232,0.9353448275862069,2.9220969676971436,3.188497060331805,0.8793103448275862,2.2981007921284644,3.0171901152051728,-0.05603448275862066,-0.6239961755686791,-0.17130694512663203
nisqa,mahalanobis,0.7,20270007,nisqa_test_p501,1750,240,0.9708333333333333,2.9220969676971436,3.0504599710305533,0.9166666666666666,2.54290180404981,2.85926516354084,-0.054166666666666696,-0.37919516364733363,-0.19119480748971318
nisqa,l2,0.7,20270007,nisqa_val_sim,1750,750,0.908,2.9220969676971436,3.5020772806803384,0.9026666666666666,2.8614887161254883,3.46443301709493,-0.005333333333333412,-0.06060825157165528,-0.0376442635854084
nisqa,l2,0.7,20270007,nisqa_train_live,1750,1020,0.9941176470588236,2.9220969676971436,2.934641637054144,0.9735294117647059,2.5898518725937487,2.69591087920993,-0.020588235294117685,-0.33224509510339484,-0.23873075784421438
nisqa,l2,0.7,20270007,nisqa_val_live,1750,200,0.995,2.9220969676971436,2.9307252883911135,0.995,2.6340354609489443,2.6382797527313233,0.0,-0.2880615067481993,-0.29244553565979015
nisqa,l2,0.7,20270007,nisqa_test_for,1750,240,0.9291666666666667,2.9220969676971436,3.4505438605944314,0.9291666666666667,2.6165199398994448,3.340268236398697,0.0,-0.3055770277976988,-0.11027562419573433
nisqa,l2,0.7,20270007,nisqa_test_livetalk,1750,232,0.9353448275862069,2.9220969676971436,3.188497060331805,0.896551724137931,2.5090611453714042,3.2277475307727683,-0.0387931034482758,-0.4130358223257393,0.039250470440963525
nisqa,l2,0.7,20270007,nisqa_test_p501,1750,240,0.9708333333333333,2.9220969676971436,3.0504599710305533,0.95,2.7394810716311135,3.001454477508863,-0.02083333333333337,-0.18261589606603001,-0.04900549352169037
nisqa,knn,0.7,20270007,nisqa_val_sim,1750,750,0.908,2.9220969676971436,3.5020772806803384,0.8893333333333333,2.8511657288869223,3.5064054158528646,-0.01866666666666672,-0.07093123881022123,0.004328135172526171
nisqa,knn,0.7,20270007,nisqa_train_live,1750,1020,0.9941176470588236,2.9220969676971436,2.934641637054144,0.9794117647058823,2.526284963009404,2.5959701790529137,-0.014705882352941235,-0.39581200468773936,-0.33867145800123044
nisqa,knn,0.7,20270007,nisqa_val_live,1750,200,0.995,2.9220969676971436,2.9307252883911135,0.98,2.5103438925743102,2.5623798680305483,-0.015000000000000013,-0.4117530751228333,-0.36834542036056517
nisqa,knn,0.7,20270007,nisqa_test_for,1750,240,0.9291666666666667,2.9220969676971436,3.4505438605944314,0.9291666666666667,2.722929443915685,3.372802690664927,0.0,-0.19916752378145874,-0.0777411699295043
nisqa,knn,0.7,20270007,nisqa_test_livetalk,1750,232,0.9353448275862069,2.9220969676971436,3.188497060331805,0.9094827586206896,2.5535638373473595,3.0472535511543013,-0.025862068965517238,-0.3685331303497841,-0.1412435091775035
nisqa,knn,0.7,20270007,nisqa_test_p501,1750,240,0.9708333333333333,2.9220969676971436,3.0504599710305533,0.9583333333333334,2.7228805164496106,2.883493169148763,-0.012499999999999956,-0.19921645124753296,-0.16696680188179025
nisqa,mahalanobis,0.7,20270008,nisqa_val_sim,1750,750,0.8866666666666667,2.884316921234131,3.550441122055054,0.888,2.8141518739064533,3.534870044708252,0.0013333333333332975,-0.07016504732767759,-0.015571077346801854
nisqa,mahalanobis,0.7,20270008,nisqa_train_live,1750,1020,0.9921568627450981,2.884316921234131,2.899543191872391,0.942156862745098,2.1404446438247082,2.3880905011120963,-0.050000000000000044,-0.7438722774094226,-0.5114526907602945
nisqa,mahalanobis,0.7,20270008,nisqa_val_live,1750,200,0.995,2.884316921234131,2.894834244251251,0.98,2.1364547634124755,2.259490313529968,-0.015000000000000013,-0.7478621578216553,-0.6353439307212829
nisqa,mahalanobis,0.7,20270008,nisqa_test_for,1750,240,0.925,2.884316921234131,3.4395319124062858,0.9083333333333333,2.5137479325135548,3.2641472935676576,-0.01666666666666672,-0.3705689887205761,-0.1753846188386281
nisqa,mahalanobis,0.7,20270008,nisqa_test_livetalk,1750,232,0.9353448275862069,2.884316921234131,3.175143768047464,0.8448275862068966,2.1923509322363754,3.0972038754101456,-0.09051724137931028,-0.6919659889977554,-0.07793989263731849
nisqa,mahalanobis,0.7,20270008,nisqa_test_p501,1750,240,0.9666666666666667,2.884316921234131,3.024807115395864,0.9041666666666667,2.4830118397871654,2.892379872997602,-0.0625,-0.4013050814469654,-0.1324272423982622
nisqa,l2,0.7,20270008,nisqa_val_sim,1750,750,0.8866666666666667,2.884316921234131,3.550441122055054,0.8906666666666667,2.831470959663391,3.477344849586487,0.0040000000000000036,-0.05284596157073995,-0.07309627246856687
nisqa,l2,0.7,20270008,nisqa_train_live,1750,1020,0.9921568627450981,2.884316921234131,2.899543191872391,0.9735294117647059,2.5866791009902954,2.674025432736266,-0.0186274509803922,-0.29763782024383545,-0.22551775913612504
nisqa,l2,0.7,20270008,nisqa_val_live,1750,200,0.995,2.884316921234131,2.894834244251251,0.995,2.6238574719429018,2.634908185005188,0.0,-0.2604594492912291,-0.25992605924606327
nisqa,l2,0.7,20270008,nisqa_test_for,1750,240,0.925,2.884316921234131,3.4395319124062858,0.925,2.6174965540568036,3.328197185198466,0.0,-0.26682036717732727,-0.11133472720781956
nisqa,l2,0.7,20270008,nisqa_test_livetalk,1750,232,0.9353448275862069,2.884316921234131,3.175143768047464,0.896551724137931,2.5199927471835037,3.179920750445333,-0.0387931034482758,-0.3643241740506271,0.004776982397868945
nisqa,l2,0.7,20270008,nisqa_test_p501,1750,240,0.9666666666666667,2.884316921234131,3.024807115395864,0.9416666666666667,2.7296641151110332,2.9966149757305782,-0.025000000000000022,-0.15465280612309762,-0.028192139665285776
nisqa,knn,0.7,20270008,nisqa_val_sim,1750,750,0.8866666666666667,2.884316921234131,3.550441122055054,0.8853333333333333,2.8519002850850423,3.5115277830759686,-0.0013333333333334085,-0.03241663614908852,-0.03891333897908522
nisqa,knn,0.7,20270008,nisqa_train_live,1750,1020,0.9921568627450981,2.884316921234131,2.899543191872391,0.9794117647058823,2.5364926936579684,2.6061779097014783,-0.012745098039215752,-0.3478242275761625,-0.2933652821709125
nisqa,knn,0.7,20270008,nisqa_val_live,1750,200,0.995,2.884316921234131,2.894834244251251,0.98,2.514026801586151,2.5660627770423887,-0.015000000000000013,-0.37029011964797975,-0.3287714672088624
nisqa,knn,0.7,20270008,nisqa_test_for,1750,240,0.925,2.884316921234131,3.4395319124062858,0.925,2.7298004269599914,3.394746913512548,0.0,-0.1545164942741395,-0.04478499889373788
nisqa,knn,0.7,20270008,nisqa_test_livetalk,1750,232,0.9353448275862069,2.884316921234131,3.175143768047464,0.9094827586206896,2.5602219002000215,3.058350413010038,-0.025862068965517238,-0.32409502103410937,-0.11679335503742605
nisqa,knn,0.7,20270008,nisqa_test_p501,1750,240,0.9666666666666667,2.884316921234131,3.024807115395864,0.9625,2.735085348288218,2.885341872771581,-0.004166666666666652,-0.14923157294591283,-0.13946524262428284
nisqa,mahalanobis,0.7,20270009,nisqa_val_sim,1750,750,0.9,2.9107706546783447,3.4050621287027996,0.9,2.8183226216634116,3.365030709584554,0.0,-0.0924480330149331,-0.04003141911824537
nisqa,mahalanobis,0.7,20270009,nisqa_train_live,1750,1020,0.9931372549019608,2.9107706546783447,2.924081094124738,0.9529411764705882,2.2490387477126776,2.426644666522157,-0.04019607843137263,-0.6617319069656671,-0.4974364276025809
nisqa,mahalanobis,0.7,20270009,nisqa_val_live,1750,200,0.995,2.9107706546783447,2.9199652910232543,0.98,2.2446381652355196,2.3490584218502044,-0.015000000000000013,-0.6661324894428251,-0.5709068691730499
nisqa,mahalanobis,0.7,20270009,nisqa_test_for,1750,240,0.9291666666666667,2.9107706546783447,3.4472403526306152,0.9125,2.5603554954131442,3.265948674082756,-0.01666666666666672,-0.3504151592652005,-0.1812916785478591
nisqa,mahalanobis,0.7,20270009,nisqa_test_livetalk,1750,232,0.9353448275862069,2.9107706546783447,3.1844937945234366,0.8706896551724138,2.2999913209471208,3.0472640631527734,-0.06465517241379304,-0.610779333731224,-0.1372297313706632
nisqa,mahalanobis,0.7,20270009,nisqa_test_p501,1750,240,0.9666666666666667,2.9107706546783447,3.0424429376920066,0.9125,2.5369889477888745,2.8956737409035367,-0.054166666666666696,-0.3737817068894702,-0.1467691967884699
nisqa,l2,0.7,20270009,nisqa_val_sim,1750,750,0.9,2.9107706546783447,3.4050621287027996,0.904,2.8395985231399536,3.304529121081034,0.0040000000000000036,-0.07117213153839108,-0.10053300762176542
nisqa,l2,0.7,20270009,nisqa_train_live,1750,1020,0.9931372549019608,2.9107706546783447,2.924081094124738,0.9745098039215686,2.602702411950803,2.695133185854145,-0.0186274509803922,-0.30806824272754163,-0.22894790827059275
nisqa,l2,0.7,20270009,nisqa_val_live,1750,200,0.995,2.9107706546783447,2.9199652910232543,0.995,2.6274697017669677,2.6314981532096864,0.0,-0.283300952911377,-0.2884671378135679
nisqa,l2,0.7,20270009,nisqa_test_for,1750,240,0.9291666666666667,2.9107706546783447,3.4472403526306152,0.9291666666666667,2.629731152455012,3.328728113571803,0.0,-0.2810395022233325,-0.11851223905881225
nisqa,l2,0.7,20270009,nisqa_test_livetalk,1750,232,0.9353448275862069,2.9107706546783447,3.1844937945234366,0.8922413793103449,2.5268903487715226,3.2421520054340363,-0.04310344827586199,-0.3838803059068221,0.05765821091059964
nisqa,l2,0.7,20270009,nisqa_test_p501,1750,240,0.9666666666666667,2.9107706546783447,3.0424429376920066,0.9458333333333333,2.744454049070676,2.997051246960958,-0.02083333333333337,-0.1663166056076686,-0.04539169073104876
nisqa,knn,0.7,20270009,nisqa_val_sim,1750,750,0.9,2.9107706546783447,3.4050621287027996,0.8946666666666667,2.848673152923584,3.3982639026641848,-0.005333333333333301,-0.06209750175476092,-0.006798226038614796
nisqa,knn,0.7,20270009,nisqa_train_live,1750,1020,0.9931372549019608,2.9107706546783447,2.924081094124738,0.9774509803921568,2.50243640647215,2.580196925238067,-0.015686274509803977,-0.4083342482061947,-0.34388416888667095
nisqa,knn,0.7,20270009,nisqa_val_live,1750,200,0.995,2.9107706546783447,2.9199652910232543,0.98,2.4774519646167756,2.5366911375522614,-0.015000000000000013,-0.4333186900615691,-0.3832741534709929
nisqa,knn,0.7,20270009,nisqa_test_for,1750,240,0.9291666666666667,2.9107706546783447,3.4472403526306152,0.925,2.723273366689682,3.3931216398874917,-0.004166666666666652,-0.18749728798866272,-0.05411871274312352
nisqa,knn,0.7,20270009,nisqa_test_livetalk,1750,232,0.9353448275862069,2.9107706546783447,3.1844937945234366,0.9051724137931034,2.5279988975360475,3.0495389638275934,-0.030172413793103425,-0.3827717571422973,-0.13495483069584324
nisqa,knn,0.7,20270009,nisqa_test_p501,1750,240,0.9666666666666667,2.9107706546783447,3.0424429376920066,0.9541666666666667,2.7275246143341065,2.872111102938652,-0.012499999999999956,-0.1832460403442382,-0.17033183475335445
nisqa,mahalanobis,0.7,20270010,nisqa_val_sim,1750,750,0.892,2.8952202796936035,3.4960550530751546,0.8906666666666667,2.810484474817912,3.431389502207438,-0.0013333333333332975,-0.08473580487569166,-0.06466555086771653
nisqa,mahalanobis,0.7,20270010,nisqa_train_live,1750,1020,0.9931372549019608,2.8952202796936035,2.909597901736989,0.9490196078431372,2.174136880799836,2.39330337935803,-0.044117647058823595,-0.7210833988937675,-0.516294522378959
nisqa,mahalanobis,0.7,20270010,nisqa_val_live,1750,200,0.995,2.8952202796936035,2.9051924347877502,0.985,2.1659600567817687,2.2805472445487975,-0.010000000000000009,-0.7292602229118348,-0.6246451902389527
nisqa,mahalanobis,0.7,20270010,nisqa_test_for,1750,240,0.9291666666666667,2.8952202796936035,3.442704826593399,0.9166666666666666,2.5183105091253917,3.277360033988953,-0.012500000000000067,-0.37690977056821184,-0.16534479260444623
nisqa,mahalanobis,0.7,20270010,nisqa_test_livetalk,1750,232,0.9353448275862069,2.8952202796936035,3.178997541296071,0.8491379310344828,2.2212682613011063,3.0746519565582275,-0.08620689655172409,-0.6739520183924972,-0.10434558473784339
nisqa,mahalanobis,0.7,20270010,nisqa_test_p501,1750,240,0.9666666666666667,2.8952202796936035,3.0320760210355124,0.9166666666666666,2.4839847862720488,2.862320465842883,-0.050000000000000044,-0.41123549342155474,-0.16975555519262953
nisqa,l2,0.7,20270010,nisqa_val_sim,1750,750,0.892,2.8952202796936035,3.4960550530751546,0.8973333333333333,2.843420422236125,3.427692609786987,0.005333333333333301,-0.051799857457478726,-0.06836244328816754
nisqa,l2,0.7,20270010,nisqa_train_live,1750,1020,0.9931372549019608,2.8952202796936035,2.909597901736989,0.9725490196078431,2.5896918801700366,2.704094817124161,-0.020588235294117685,-0.3055283995235669,-0.20550308461282762
nisqa,l2,0.7,20270010,nisqa_val_live,1750,200,0.995,2.8952202796936035,2.9051924347877502,1.0,2.6204890501499176,2.6204890501499176,0.0050000000000000044,-0.2747312295436859,-0.2847033846378326
nisqa,l2,0.7,20270010,nisqa_test_for,1750,240,0.9291666666666667,2.8952202796936035,3.442704826593399,0.925,2.6141275564829507,3.3359739780426025,-0.004166666666666652,-0.2810927232106528,-0.10673084855079651
nisqa,l2,0.7,20270010,nisqa_test_livetalk,1750,232,0.9353448275862069,2.8952202796936035,3.178997541296071,0.8836206896551724,2.508600989292408,3.2706138471077226,-0.051724137931034475,-0.3866192904011956,0.0916163058116517
nisqa,l2,0.7,20270010,nisqa_test_p501,1750,240,0.9666666666666667,2.8952202796936035,3.0320760210355124,0.9458333333333333,2.7490563064813616,3.015983404715856,-0.02083333333333337,-0.14616397321224195,-0.01609261631965664
nisqa,knn,0.7,20270010,nisqa_val_sim,1750,750,0.892,2.8952202796936035,3.4960550530751546,0.9,2.8811635284423827,3.468790433883667,0.008000000000000007,-0.014056751251220856,-0.027264619191487593
nisqa,knn,0.7,20270010,nisqa_train_live,1750,1020,0.9931372549019608,2.8952202796936035,2.909597901736989,0.9833333333333333,2.6348421788683125,2.683005969197142,-0.009803921568627527,-0.260378100825291,-0.22659193253984666
nisqa,knn,0.7,20270010,nisqa_val_live,1750,200,0.995,2.8952202796936035,2.9051924347877502,0.99,2.618168432712555,2.654673547744751,-0.0050000000000000044,-0.27705184698104857,-0.25051888704299907
nisqa,knn,0.7,20270010,nisqa_test_for,1750,240,0.9291666666666667,2.8952202796936035,3.442704826593399,0.9291666666666667,2.794878250360489,3.388479725519816,0.0,-0.10034202933311454,-0.054225101073583026
nisqa,knn,0.7,20270010,nisqa_test_livetalk,1750,232,0.9353448275862069,2.8952202796936035,3.178997541296071,0.9181034482758621,2.652750019369454,3.064539518849603,-0.01724137931034475,-0.2424702603241493,-0.11445802244646774
nisqa,knn,0.7,20270010,nisqa_test_p501,1750,240,0.9666666666666667,2.8952202796936035,3.0320760210355124,0.9583333333333334,2.7887724975744885,2.9384401480356854,-0.008333333333333304,-0.10644778211911499,-0.09363587299982701
nisqa,mahalanobis,0.7,20270011,nisqa_val_sim,1750,750,0.9093333333333333,2.924663543701172,3.429568878809611,0.9146666666666666,2.860937163352966,3.3207774674097696,0.005333333333333301,-0.06372638034820577,-0.10879141139984139
nisqa,mahalanobis,0.7,20270011,nisqa_train_live,1750,1020,0.9941176470588236,2.924663543701172,2.937057237999112,0.9529411764705882,2.2463991866392248,2.424005105448704,-0.04117647058823537,-0.6782643570619471,-0.5130521325504076
nisqa,mahalanobis,0.7,20270011,nisqa_val_live,1750,200,0.995,2.924663543701172,2.9331635355949404,0.98,2.243771862983704,2.3481921195983886,-0.015000000000000013,-0.6808916807174681,-0.5849714159965518
nisqa,mahalanobis,0.7,20270011,nisqa_test_for,1750,240,0.9291666666666667,2.924663543701172,3.4512924452622733,0.9208333333333333,2.5690614104270937,3.2803539256254832,-0.008333333333333415,-0.3556021332740782,-0.17093851963679008
nisqa,mahalanobis,0.7,20270011,nisqa_test_livetalk,1750,232,0.9353448275862069,2.924663543701172,3.189404212195298,0.875,2.2939873368575654,3.0274918069099557,-0.06034482758620685,-0.6306762068436065,-0.16191240528534223
nisqa,mahalanobis,0.7,20270011,nisqa_test_p501,1750,240,0.975,2.924663543701172,3.052360951900482,0.9166666666666666,2.5541858772436776,2.895599658290545,-0.05833333333333335,-0.37047766645749425,-0.15676129360993718
nisqa,l2,0.7,20270011,nisqa_val_sim,1750,750,0.9093333333333333,2.924663543701172,3.429568878809611,0.9093333333333333,2.89104748916626,3.371055960973104,0.0,-0.03361605453491201,-0.05851291783650714
nisqa,l2,0.7,20270011,nisqa_train_live,1750,1020,0.9941176470588236,2.924663543701172,2.937057237999112,0.9745098039215686,2.64239145377103,2.734276735315136,-0.019607843137254943,-0.28227208993014186,-0.20278050268397596
nisqa,l2,0.7,20270011,nisqa_val_live,1750,200,0.995,2.924663543701172,2.9331635355949404,0.995,2.687747094631195,2.691446373462677,0.0,-0.23691644906997666,-0.24171716213226357
nisqa,l2,0.7,20270011,nisqa_test_for,1750,240,0.9291666666666667,2.924663543701172,3.4512924452622733,0.925,2.657757369677226,3.3488745669523876,-0.004166666666666652,-0.266906174023946,-0.10241787830988569
nisqa,l2,0.7,20270011,nisqa_test_livetalk,1750,232,0.9353448275862069,2.924663543701172,3.189404212195298,0.896551724137931,2.5502892979260148,3.260055262466957,-0.0387931034482758,-0.3743742457751571,0.07065105027165908
nisqa,l2,0.7,20270011,nisqa_test_p501,1750,240,0.975,2.924663543701172,3.052360951900482,0.9541666666666667,2.7841905266046525,2.9951303164164225,-0.02083333333333326,-0.14047301709651938,-0.05723063548405971
nisqa,knn,0.7,20270011,nisqa_val_sim,1750,750,0.9093333333333333,2.924663543701172,3.429568878809611,0.9173333333333333,2.9089764989217124,3.412165875116984,0.008000000000000007,-0.01568704477945948,-0.017403003692626928
nisqa,knn,0.7,20270011,nisqa_train_live,1750,1020,0.9941176470588236,2.924663543701172,2.937057237999112,0.9882352941176471,2.7232710903766106,2.7577091254440007,-0.00588235294117645,-0.20139245332456124,-0.17934811255511107
nisqa,knn,0.7,20270011,nisqa_val_live,1750,200,0.995,2.924663543701172,2.9331635355949404,0.99,2.7097272205352785,2.7366505789756777,-0.0050000000000000044,-0.2149363231658934,-0.1965129566192627
nisqa,knn,0.7,20270011,nisqa_test_for,1750,240,0.9291666666666667,2.924663543701172,3.4512924452622733,0.9291666666666667,2.8408873716990155,3.392994954188665,0.0,-0.08377617200215637,-0.05829749107360849
nisqa,knn,0.7,20270011,nisqa_test_livetalk,1750,232,0.9353448275862069,2.924663543701172,3.189404212195298,0.9310344827586207,2.734168994015661,3.0893099513547173,-0.004310344827586188,-0.19049454968551105,-0.1000942608405806
nisqa,knn,0.7,20270011,nisqa_test_p501,1750,240,0.975,2.924663543701172,3.052360951900482,0.9583333333333334,2.842958386739095,2.9905989428361255,-0.016666666666666607,-0.08170515696207703,-0.06176200906435669
nisqa,mahalanobis,0.7,20270012,nisqa_val_sim,1750,750,0.9066666666666666,2.9209742546081543,3.48567964553833,0.9026666666666666,2.8578848063151043,3.4053399359385175,-0.0040000000000000036,-0.06308944829304997,-0.08033970959981263
nisqa,mahalanobis,0.7,20270012,nisqa_train_live,1750,1020,0.9941176470588236,2.9209742546081543,2.933584965911566,0.9558823529411765,2.270739730199178,2.4388951502594294,-0.038235294117647034,-0.6502345244089764,-0.49468981565213666
nisqa,mahalanobis,0.7,20270012,nisqa_val_live,1750,200,0.995,2.9209742546081543,2.9296587109565735,0.985,2.2679768061637877,2.3668537592887877,-0.010000000000000009,-0.6529974484443666,-0.5628049516677858
nisqa,mahalanobis,0.7,20270012,nisqa_test_for,1750,240,0.9291666666666667,2.9209742546081543,3.450216402610143,0.9208333333333333,2.5793725192546844,3.2966227968533834,-0.008333333333333415,-0.34160173535346994,-0.15359360575675973
nisqa,mahalanobis,0.7,20270012,nisqa_test_livetalk,1750,232,0.9353448275862069,2.9209742546081543,3.188100239326214,0.8793103448275862,2.3063931136295714,3.025833960237174,-0.05603448275862066,-0.6145811409785829,-0.16226627908903968
nisqa,mahalanobis,0.7,20270012,nisqa_test_p501,1750,240,0.9708333333333333,2.9209742546081543,3.0496647159258523,0.9166666666666666,2.55436216990153,2.864820616443952,-0.054166666666666696,-0.3666120847066243,-0.1848440994819005
nisqa,l2,0.7,20270012,nisqa_val_sim,1750,750,0.9066666666666666,2.9209742546081543,3.48567964553833,0.8986666666666666,2.8677553113301597,3.418633737564087,-0.008000000000000007,-0.05321894327799459,-0.06704590797424315
nisqa,l2,0.7,20270012,nisqa_train_live,1750,1020,0.9941176470588236,2.9209742546081543,2.933584965911566,0.9735294117647059,2.5918988092272888,2.7035813901938646,-0.020588235294117685,-0.32907544538086553,-0.23000357571770147
nisqa,l2,0.7,20270012,nisqa_val_live,1750,200,0.995,2.9209742546081543,2.9296587109565735,0.995,2.63778041601181,2.6420247077941896,0.0,-0.28319383859634417,-0.28763400316238386
nisqa,l2,0.7,20270012,nisqa_test_for,1750,240,0.9291666666666667,2.9209742546081543,3.450216402610143,0.9291666666666667,2.6111298779646557,3.330674358208974,0.0,-0.3098443766434986,-0.119542044401169
nisqa,l2,0.7,20270012,nisqa_test_livetalk,1750,232,0.9353448275862069,2.9209742546081543,3.188100239326214,0.8836206896551724,2.499815040621264,3.249327273204409,-0.051724137931034475,-0.42115921398689027,0.06122703387819506
nisqa,l2,0.7,20270012,nisqa_test_p501,1750,240,0.9708333333333333,2.9209742546081543,3.0496647159258523,0.9541666666666667,2.7445773700873057,2.9818483263254167,-0.016666666666666607,-0.17639688452084856,-0.06781638960043557
nisqa,knn,0.7,20270012,nisqa_val_sim,1750,750,0.9066666666666666,2.9209742546081543,3.48567964553833,0.9026666666666666,2.8852724850972495,3.451489758173625,-0.0040000000000000036,-0.03570176951090476,-0.034189887364705296
nisqa,knn,0.7,20270012,nisqa_train_live,1750,1020,0.9941176470588236,2.9209742546081543,2.933584965911566,0.9892156862745098,2.7661543303844978,2.793371961631027,-0.004901960784313708,-0.15481992422365654,-0.14021300428053918
nisqa,knn,0.7,20270012,nisqa_val_live,1750,200,0.995,2.9209742546081543,2.9296587109565735,0.99,2.7614341878890993,2.781887867450714,-0.0050000000000000044,-0.15954006671905496,-0.14777084350585934
nisqa,knn,0.7,20270012,nisqa_test_for,1750,240,0.9291666666666667,2.9209742546081543,3.450216402610143,0.9291666666666667,2.83795215288798,3.39947230219841,0.0,-0.08302210172017421,-0.05074410041173305
nisqa,knn,0.7,20270012,nisqa_test_livetalk,1750,232,0.9353448275862069,2.9209742546081543,3.188100239326214,0.9310344827586207,2.775070367188289,3.1172554328523834,-0.004310344827586188,-0.14590388741986526,-0.07084480647383051
nisqa,knn,0.7,20270012,nisqa_test_p501,1750,240,0.9708333333333333,2.9209742546081543,3.0496647159258523,0.9625,2.839365760485331,2.979113777478536,-0.008333333333333304,-0.08160849412282323,-0.07055093844731619
nisqa,mahalanobis,0.7,20270013,nisqa_val_sim,1750,750,0.8906666666666667,2.8889565467834473,3.5916485436757406,0.88,2.8032316347757975,3.5775225270589193,-0.010666666666666713,-0.08572491200764976,-0.014126016616821335
nisqa,mahalanobis,0.7,20270013,nisqa_train_live,1750,1020,0.9921568627450981,2.8889565467834473,2.903818925221761,0.9490196078431372,2.173976247450885,2.3931427460090786,-0.04313725490196085,-0.7149802993325625,-0.5106761792126826
nisqa,mahalanobis,0.7,20270013,nisqa_val_live,1750,200,0.995,2.8889565467834473,2.8992418885231017,0.985,2.1711246299743654,2.285711817741394,-0.010000000000000009,-0.7178319168090819,-0.6135300707817075
nisqa,mahalanobis,0.7,20270013,nisqa_test_for,1750,240,0.9291666666666667,2.8889565467834473,3.4408779044946036,0.9166666666666666,2.5138776183128355,3.2732321401437123,-0.012500000000000067,-0.37507892847061175,-0.1676457643508913
nisqa,mahalanobis,0.7,20270013,nisqa_test_livetalk,1750,232,0.9353448275862069,2.8889565467834473,3.176783635698516,0.853448275862069,2.218675903205214,3.058492841391728,-0.0818965517241379,-0.6702806435782334,-0.1182907943067879
nisqa,mahalanobis,0.7,20270013,nisqa_test_p501,1750,240,0.9666666666666667,2.8889565467834473,3.027900199095408,0.9125,2.4841545025507608,2.877990946173668,-0.054166666666666696,-0.4048020442326865,-0.14990925292174007
nisqa,l2,0.7,20270013,nisqa_val_sim,1750,750,0.8906666666666667,2.8889565467834473,3.5916485436757406,0.8893333333333333,2.8426865021387737,3.556808387438456,-0.0013333333333334085,-0.04627004464467355,-0.034840156237284425
nisqa,l2,0.7,20270013,nisqa_train_live,1750,1020,0.9921568627450981,2.8889565467834473,2.903818925221761,0.9735294117647059,2.589527468354094,2.693227856065713,-0.0186274509803922,-0.2994290784293532,-0.21059106915604842
nisqa,l2,0.7,20270013,nisqa_val_live,1750,200,0.995,2.8889565467834473,2.8992418885231017,0.995,2.6345898056030275,2.6386182570457457,0.0,-0.2543667411804198,-0.260623631477356
nisqa,l2,0.7,20270013,nisqa_test_for,1750,240,0.9291666666666667,2.8889565467834473,3.4408779044946036,0.9208333333333333,2.6070420930782956,3.339146672685941,-0.008333333333333415,-0.28191445370515167,-0.1017312318086625
nisqa,l2,0.7,20270013,nisqa_test_livetalk,1750,232,0.9353448275862069,2.8889565467834473,3.176783635698516,0.8922413793103449,2.508183998280558,3.255729925015877,-0.04310344827586199,-0.3807725485028892,0.07894628931736092
nisqa,l2,0.7,20270013,nisqa_test_p501,1750,240,0.9666666666666667,2.8889565467834473,3.027900199095408,0.9541666666666667,2.7316638618707656,2.9592086811860403,-0.012499999999999956,-0.15729268491268167,-0.06869151790936767
nisqa,knn,0.7,20270013,nisqa_val_sim,1750,750,0.8906666666666667,2.8889565467834473,3.5916485436757406,0.8853333333333333,2.837720432917277,3.5669507223765056,-0.005333333333333412,-0.05123611386617011,-0.024697821299235034
nisqa,knn,0.7,20270013,nisqa_train_live,1750,1020,0.9921568627450981,2.8889565467834473,2.903818925221761,0.9774509803921568,2.50589745722565,2.5828163467201533,-0.014705882352941235,-0.38305908955779744,-0.32100257850160796
nisqa,knn,0.7,20270013,nisqa_val_live,1750,200,0.995,2.8889565467834473,2.8992418885231017,0.98,2.481421947479248,2.539914631843567,-0.015000000000000013,-0.4075345993041992,-0.3593272566795349
nisqa,knn,0.7,20270013,nisqa_test_for,1750,240,0.9291666666666667,2.8889565467834473,3.4408779044946036,0.9333333333333333,2.7170144627491633,3.3811214278141657,0.004166666666666652,-0.17194208403428402,-0.05975647668043793
nisqa,knn,0.7,20270013,nisqa_test_livetalk,1750,232,0.9353448275862069,2.8889565467834473,3.176783635698516,0.9051724137931034,2.5302776992321014,3.048451613763283,-0.030172413793103425,-0.3586788475513458,-0.12833202193523308
nisqa,knn,0.7,20270013,nisqa_test_p501,1750,240,0.9666666666666667,2.8889565467834473,3.027900199095408,0.9541666666666667,2.7202110012372334,2.871686872839928,-0.012499999999999956,-0.1687455455462139,-0.15621332625548012
nisqa,mahalanobis,0.7,20270014,nisqa_val_sim,1750,750,0.9106666666666666,2.9251761436462402,3.4616176827748615,0.9013333333333333,2.8148445523579917,3.429819314956665,-0.009333333333333305,-0.11033159128824854,-0.03179836781819656
nisqa,mahalanobis,0.7,20270014,nisqa_train_live,1750,1020,0.9941176470588236,2.9251761436462402,2.937539685006235,0.9490196078431372,2.1687591520010256,2.3879256505592195,-0.045098039215686336,-0.7564169916452146,-0.5496140344470155
nisqa,mahalanobis,0.7,20270014,nisqa_val_live,1750,200,0.995,2.9251761436462402,2.9336505055427553,0.98,2.16784818649292,2.2890861558914186,-0.015000000000000013,-0.7573279571533202,-0.6445643496513367
nisqa,mahalanobis,0.7,20270014,nisqa_test_for,1750,240,0.9291666666666667,2.9251761436462402,3.4514419535795846,0.9208333333333333,2.513591531912486,3.270803048213323,-0.008333333333333415,-0.41158461173375427,-0.1806389053662616
nisqa,mahalanobis,0.7,20270014,nisqa_test_livetalk,1750,232,0.9353448275862069,2.9251761436462402,3.1895853897620894,0.853448275862069,2.2180492343573737,3.0496893812870156,-0.0818965517241379,-0.7071269092888666,-0.13989600847507377
nisqa,mahalanobis,0.7,20270014,nisqa_test_p501,1750,240,0.975,2.9251761436462402,3.0527454018592834,0.9125,2.489047559102376,2.8974146018425624,-0.0625,-0.43612858454386405,-0.15533080001672106
nisqa,l2,0.7,20270014,nisqa_val_sim,1750,750,0.9106666666666666,2.9251761436462402,3.4616176827748615,0.9053333333333333,2.8611895939509076,3.3753859135309856,-0.005333333333333301,-0.06398654969533268,-0.08623176924387588
nisqa,l2,0.7,20270014,nisqa_train_live,1750,1020,0.9941176470588236,2.9251761436462402,2.937539685006235,0.9735294117647059,2.608019931643617,2.7025879364387664,-0.020588235294117685,-0.31715621200262323,-0.2349517485674686
nisqa,l2,0.7,20270014,nisqa_val_live,1750,200,0.995,2.9251761436462402,2.9336505055427553,0.995,2.6400633597373964,2.644350733757019,0.0,-0.28511278390884387,-0.2892997717857364
nisqa,l2,0.7,20270014,nisqa_test_for,1750,240,0.9291666666666667,2.9251761436462402,3.4514419535795846,0.9291666666666667,2.636261276404063,3.3316847403844196,0.0,-0.2889148672421773,-0.11975721319516497
nisqa,l2,0.7,20270014,nisqa_test_livetalk,1750,232,0.9353448275862069,2.9251761436462402,3.1895853897620894,0.896551724137931,2.5312420366139246,3.223749034363648,-0.0387931034482758,-0.3939341070323157,0.03416364460155874
nisqa,l2,0.7,20270014,nisqa_test_p501,1750,240,0.975,2.9251761436462402,3.0527454018592834,0.9458333333333333,2.7610224535067878,3.019645780324936,-0.029166666666666674,-0.16415369013945247,-0.033099621534347534
nisqa,knn,0.7,20270014,nisqa_val_sim,1750,750,0.9106666666666666,2.9251761436462402,3.4616176827748615,0.912,2.8945960324605307,3.4385861899058026,0.0013333333333334085,-0.03058011118570958,-0.023031492869058923
nisqa,knn,0.7,20270014,nisqa_train_live,1750,1020,0.9941176470588236,2.9251761436462402,2.937539685006235,0.9833333333333333,2.6346072126837337,2.684059575959748,-0.010784313725490269,-0.2905689309625066,-0.2534801090464871
nisqa,knn,0.7,20270014,nisqa_val_live,1750,200,0.995,2.9251761436462402,2.9336505055427553,0.99,2.6132441782951354,2.650522437095642,-0.0050000000000000044,-0.3119319653511048,-0.28312806844711336
nisqa,knn,0.7,20270014,nisqa_test_for,1750,240,0.9291666666666667,2.9251761436462402,3.4514419535795846,0.9291666666666667,2.797005812327067,3.3888124525547028,0.0,-0.12817033131917333,-0.06262950102488185
nisqa,knn,0.7,20270014,nisqa_test_livetalk,1750,232,0.9353448275862069,2.9251761436462402,3.1895853897620894,0.9181034482758621,2.653463271157495,3.06588083916697,-0.01724137931034475,-0.2717128724887452,-0.12370455059511931
nisqa,knn,0.7,20270014,nisqa_test_p501,1750,240,0.975,2.9251761436462402,3.0527454018592834,0.9583333333333334,2.801612490415573,2.9470649003982543,-0.016666666666666607,-0.1235636532306672,-0.10568050146102914
nisqa,mahalanobis,0.7,20270015,nisqa_val_sim,1750,750,0.9186666666666666,2.952186107635498,3.3637762610117594,0.916,2.8765153420766194,3.2792585735321045,-0.002666666666666595,-0.07567076555887864,-0.08451768747965493
nisqa,mahalanobis,0.7,20270015,nisqa_train_live,1750,1020,0.9941176470588236,2.952186107635498,2.96296082758436,0.953921568627451,2.2825425917027045,2.4559943846627776,-0.04019607843137252,-0.6696435159327936,-0.5069664429215823
nisqa,mahalanobis,0.7,20270015,nisqa_val_live,1750,200,0.995,2.952186107635498,2.95930997133255,0.985,2.2739707684516905,2.374618194103241,-0.010000000000000009,-0.6782153391838075,-0.5846917772293092
nisqa,mahalanobis,0.7,20270015,nisqa_test_for,1750,240,0.9291666666666667,2.952186107635498,3.4593198597431183,0.9208333333333333,2.620735892653465,3.2828519334395727,-0.008333333333333415,-0.33145021498203286,-0.17646792630354557
nisqa,mahalanobis,0.7,20270015,nisqa_test_livetalk,1750,232,0.9353448275862069,2.952186107635498,3.1991320149651887,0.875,2.3334759494353987,3.054354059285131,-0.06034482758620685,-0.6187101582000993,-0.1447779556800577
nisqa,mahalanobis,0.7,20270015,nisqa_test_p501,1750,240,0.975,2.952186107635498,3.073002874851227,0.9125,2.5909667372703553,2.8913962850968042,-0.0625,-0.36121937036514273,-0.18160658975442256
nisqa,l2,0.7,20270015,nisqa_val_sim,1750,750,0.9186666666666666,2.952186107635498,3.3637762610117594,0.9106666666666666,2.8784152380625407,3.2835300000508627,-0.008000000000000007,-0.07377086957295731,-0.08024626096089671
nisqa,l2,0.7,20270015,nisqa_train_live,1750,1020,0.9941176470588236,2.952186107635498,2.96296082758436,0.9745098039215686,2.6461365533810035,2.7385673272843456,-0.019607843137254943,-0.30604955425449454,-0.22439350030001437
nisqa,l2,0.7,20270015,nisqa_val_live,1750,200,0.995,2.952186107635498,2.95930997133255,1.0,2.6846228110790253,2.6846228110790253,0.0050000000000000044,-0.2675632965564727,-0.2746871602535248
nisqa,l2,0.7,20270015,nisqa_test_for,1750,240,0.9291666666666667,2.952186107635498,3.4593198597431183,0.9291666666666667,2.664101701974869,3.3514803469181063,0.0,-0.2880844056606291,-0.10783951282501203
nisqa,l2,0.7,20270015,nisqa_test_livetalk,1750,232,0.9353448275862069,2.952186107635498,3.1991320149651887,0.896551724137931,2.557509227045651,3.271200578788231,-0.0387931034482758,-0.39467688058984685,0.07206856382304228
nisqa,l2,0.7,20270015,nisqa_test_p501,1750,240,0.975,2.952186107635498,3.073002874851227,0.9458333333333333,2.7835691064596175,3.0188553273677825,-0.029166666666666674,-0.16861700117588052,-0.0541475474834443
nisqa,knn,0.7,20270015,nisqa_val_sim,1750,750,0.9186666666666666,2.952186107635498,3.3637762610117594,0.924,2.9276929944356285,3.319523826599121,0.005333333333333412,-0.024493113199869576,-0.044252434412638486
nisqa,knn,0.7,20270015,nisqa_train_live,1750,1020,0.9941176470588236,2.952186107635498,2.96296082758436,0.9882352941176471,2.7237978766946234,2.758235911762013,-0.00588235294117645,-0.22838823094087468,-0.20472491582234698
nisqa,knn,0.7,20270015,nisqa_val_live,1750,200,0.995,2.952186107635498,2.95930997133255,0.99,2.710015842914581,2.7369392013549803,-0.0050000000000000044,-0.24217026472091696,-0.22237076997756988
nisqa,knn,0.7,20270015,nisqa_test_for,1750,240,0.9291666666666667,2.952186107635498,3.4593198597431183,0.9333333333333333,2.8517323275407156,3.3990100463231405,0.004166666666666652,-0.10045378009478245,-0.060309813419977765
nisqa,knn,0.7,20270015,nisqa_test_livetalk,1750,232,0.9353448275862069,2.952186107635498,3.1991320149651887,0.9267241379310345,2.7381793301680992,3.0898455422500084,-0.008620689655172376,-0.21400677746739882,-0.10928647271518033
nisqa,knn,0.7,20270015,nisqa_test_p501,1750,240,0.975,2.952186107635498,3.073002874851227,0.9583333333333334,2.8510022540887197,2.980787245432536,-0.016666666666666607,-0.10118385354677839,-0.09221562941869088
nisqa,mahalanobis,0.7,20270016,nisqa_val_sim,1750,750,0.8786666666666667,2.8667588233947754,3.654647083282471,0.888,2.8578381004333497,3.6098587074279784,0.009333333333333305,-0.008920722961425653,-0.04478837585449247
nisqa,mahalanobis,0.7,20270016,nisqa_train_live,1750,1020,0.9921568627450981,2.8667588233947754,2.883362199745926,0.9558823529411765,2.2709488237605377,2.433946272906135,-0.03627450980392155,-0.5958099996342376,-0.4494159268397908
nisqa,mahalanobis,0.7,20270016,nisqa_val_live,1750,200,0.995,2.8667588233947754,2.8781540513038637,0.985,2.2701453018188475,2.3690222549438475,-0.010000000000000009,-0.5966135215759278,-0.5091317963600162
nisqa,mahalanobis,0.7,20270016,nisqa_test_for,1750,240,0.9125,2.8667588233947754,3.436160991589228,0.9208333333333333,2.5619717240333557,3.2916178603967032,0.008333333333333304,-0.3047870993614197,-0.14454313119252493
nisqa,mahalanobis,0.7,20270016,nisqa_test_livetalk,1750,232,0.9353448275862069,2.8667588233947754,3.1689378886387267,0.8793103448275862,2.2989170715726654,3.0180063946493743,-0.05603448275862066,-0.5678417518221099,-0.15093149398935246
nisqa,mahalanobis,0.7,20270016,nisqa_test_p501,1750,240,0.9666666666666667,2.8667588233947754,3.0131017168362937,0.9166666666666666,2.5491755326588947,2.8703534573316576,-0.050000000000000044,-0.31758329073588065,-0.1427482595046361
nisqa,l2,0.7,20270016,nisqa_val_sim,1750,750,0.8786666666666667,2.8667588233947754,3.654647083282471,0.8826666666666667,2.8360234489440916,3.5736803251902263,0.0040000000000000036,-0.03073537445068375,-0.08096675809224463
nisqa,l2,0.7,20270016,nisqa_train_live,1750,1020,0.9921568627450981,2.8667588233947754,2.883362199745926,0.9764705882352941,2.5726341546750535,2.6829407892975152,-0.015686274509803977,-0.29412466871972187,-0.20042141044841078
nisqa,l2,0.7,20270016,nisqa_val_live,1750,200,0.995,2.8667588233947754,2.8781540513038637,0.995,2.6171716403961183,2.625646002292633,0.0,-0.24958718299865712,-0.2525080490112308
nisqa,l2,0.7,20270016,nisqa_test_for,1750,240,0.9125,2.8667588233947754,3.436160991589228,0.9291666666666667,2.59793398976326,3.2799516042073567,0.01666666666666672,-0.2688248336315153,-0.1562093873818715
nisqa,l2,0.7,20270016,nisqa_test_livetalk,1750,232,0.9353448275862069,2.8667588233947754,3.1689378886387267,0.8836206896551724,2.474546338977485,3.255580539333409,-0.051724137931034475,-0.3922124844172905,0.08664265069468247
nisqa,l2,0.7,20270016,nisqa_test_p501,1750,240,0.9666666666666667,2.8667588233947754,3.0131017168362937,0.95,2.7065102169911066,2.9672260344028474,-0.01666666666666672,-0.16024860640366878,-0.04587568243344631
nisqa,knn,0.7,20270016,nisqa_val_sim,1750,750,0.8786666666666667,2.8667588233947754,3.654647083282471,0.8906666666666667,2.858403594970703,3.6673209807078044,0.01200000000000001,-0.008355228424072436,0.012673897425333536
nisqa,knn,0.7,20270016,nisqa_train_live,1750,1020,0.9921568627450981,2.8667588233947754,2.883362199745926,0.9764705882352941,2.477000336553536,2.5607409916672053,-0.015686274509803977,-0.38975848684123937,-0.32262120807872074
nisqa,knn,0.7,20270016,nisqa_val_live,1750,200,0.995,2.8667588233947754,2.8781540513038637,0.98,2.4545953559875486,2.5190426397323606,-0.015000000000000013,-0.41216346740722676,-0.35911141157150306
nisqa,knn,0.7,20270016,nisqa_test_for,1750,240,0.9125,2.8667588233947754,3.436160991589228,0.9291666666666667,2.718356402715047,3.3747640669345857,0.01666666666666672,-0.1484024206797283,-0.061396924654642415
nisqa,knn,0.7,20270016,nisqa_test_livetalk,1750,232,0.9353448275862069,2.8667588233947754,3.1689378886387267,0.9051724137931034,2.506451339557253,3.0380529987400977,-0.030172413793103425,-0.3603074838375222,-0.130884889898629
nisqa,knn,0.7,20270016,nisqa_test_p501,1750,240,0.9666666666666667,2.8667588233947754,3.0131017168362937,0.9541666666666667,2.706788686911265,2.862321687738101,-0.012499999999999956,-0.15997013648351022,-0.15078002909819288
nisqa,mahalanobis,0.7,20270017,nisqa_val_sim,1750,750,0.8973333333333333,2.904362201690674,3.487920068105062,0.8973333333333333,2.8143364944458007,3.3859333426157634,0.0,-0.09002570724487313,-0.10198672548929855
nisqa,mahalanobis,0.7,20270017,nisqa_train_live,1750,1020,0.9931372549019608,2.904362201690674,2.9181124369303384,0.953921568627451,2.2602255648257685,2.433677357785842,-0.039215686274509776,-0.6441366368649053,-0.48443507914449624
nisqa,mahalanobis,0.7,20270017,nisqa_val_live,1750,200,0.995,2.904362201690674,2.913877260684967,0.98,2.254438064098358,2.357089684009552,-0.015000000000000013,-0.6499241375923157,-0.5567875766754153
nisqa,mahalanobis,0.7,20270017,nisqa_test_for,1750,240,0.9291666666666667,2.904362201690674,3.445371220509211,0.9166666666666666,2.574936350186666,3.262889871994654,-0.012500000000000067,-0.3294258515040078,-0.18248134851455688
nisqa,mahalanobis,0.7,20270017,nisqa_test_livetalk,1750,232,0.9353448275862069,2.904362201690674,3.182228737864001,0.8706896551724138,2.309563174329955,3.0480970123718523,-0.06465517241379304,-0.5947990273607187,-0.13413172549214858
nisqa,mahalanobis,0.7,20270017,nisqa_test_p501,1750,240,0.9666666666666667,2.904362201690674,3.038170635700226,0.9166666666666666,2.554672533273697,2.890652178724607,-0.050000000000000044,-0.349689668416977,-0.14751845697561894
nisqa,l2,0.7,20270017,nisqa_val_sim,1750,750,0.8973333333333333,2.904362201690674,3.487920068105062,0.8946666666666667,2.8547293815612793,3.383178497314453,-0.002666666666666595,-0.04963282012939452,-0.10474157079060875
nisqa,l2,0.7,20270017,nisqa_train_live,1750,1020,0.9931372549019608,2.904362201690674,2.9181124369303384,0.9735294117647059,2.6136855532141294,2.7077038606007893,-0.019607843137254943,-0.2906766484765444,-0.21040857632954912
nisqa,l2,0.7,20270017,nisqa_val_live,1750,200,0.995,2.904362201690674,2.913877260684967,0.995,2.6498845863342284,2.6541288781166075,0.0,-0.2544776153564454,-0.25974838256835975
nisqa,l2,0.7,20270017,nisqa_test_for,1750,240,0.9291666666666667,2.904362201690674,3.445371220509211,0.9333333333333333,2.6401470919450123,3.327822478612264,0.004166666666666652,-0.26421510974566154,-0.1175487418969472
nisqa,l2,0.7,20270017,nisqa_test_livetalk,1750,232,0.9353448275862069,2.904362201690674,3.182228737864001,0.8879310344827587,2.535581979258307,3.255556143563369,-0.047413793103448176,-0.36878022243236686,0.07332740569936824
nisqa,l2,0.7,20270017,nisqa_test_p501,1750,240,0.9666666666666667,2.904362201690674,3.038170635700226,0.9458333333333333,2.7664595444997153,3.019785409172376,-0.02083333333333337,-0.1379026571909585,-0.018385226527849685
nisqa,knn,0.7,20270017,nisqa_val_sim,1750,750,0.8973333333333333,2.904362201690674,3.487920068105062,0.896,2.8882243547439574,3.430150382677714,-0.0013333333333332975,-0.016137846946716383,-0.05776968542734773
nisqa,knn,0.7,20270017,nisqa_train_live,1750,1020,0.9931372549019608,2.904362201690674,2.9181124369303384,0.9852941176470589,2.672304668146021,2.7142151294970045,-0.007843137254901933,-0.23205753354465264,-0.2038973074333339
nisqa,knn,0.7,20270017,nisqa_val_live,1750,200,0.995,2.904362201690674,2.913877260684967,0.99,2.657686846256256,2.690169696807861,-0.0050000000000000044,-0.24667535543441765,-0.223707563877106
nisqa,knn,0.7,20270017,nisqa_test_for,1750,240,0.9291666666666667,2.904362201690674,3.445371220509211,0.925,2.80394247174263,3.3928470611572266,-0.004166666666666652,-0.10041972994804382,-0.05252415935198451
nisqa,knn,0.7,20270017,nisqa_test_livetalk,1750,232,0.9353448275862069,2.904362201690674,3.182228737864001,0.9224137931034483,2.6878044543595148,3.0814221213603843,-0.012931034482758563,-0.21655774733115907,-0.10080661650361655
nisqa,knn,0.7,20270017,nisqa_test_p501,1750,240,0.9666666666666667,2.904362201690674,3.038170635700226,0.9583333333333334,2.808192992210388,2.9558523933092755,-0.008333333333333304,-0.09616920948028573,-0.08231824239095031
nisqa,mahalanobis,0.7,20270018,nisqa_val_sim,1750,750,0.8853333333333333,2.8836922645568848,3.561346346537272,0.892,2.814409646987915,3.5107793553670246,0.00666666666666671,-0.06928261756896958,-0.050566991170247544
nisqa,mahalanobis,0.7,20270018,nisqa_train_live,1750,1020,0.9921568627450981,2.8836922645568848,2.898967527875713,0.9509803921568627,2.2376743737389058,2.4197096469355563,-0.04117647058823537,-0.646017890817979,-0.47925788094015687
nisqa,mahalanobis,0.7,20270018,nisqa_val_live,1750,200,0.995,2.8836922645568848,2.8942408204078673,0.98,2.2333430647850037,2.3396225571632385,-0.015000000000000013,-0.6503491997718811,-0.5546182632446288
nisqa,mahalanobis,0.7,20270018,nisqa_test_for,1750,240,0.925,2.8836922645568848,3.4393757482369742,0.9166666666666666,2.552112007141113,3.2746478458245596,-0.008333333333333415,-0.3315802574157716,-0.16472790241241464
nisqa,mahalanobis,0.7,20270018,nisqa_test_livetalk,1750,232,0.9353448275862069,2.8836922645568848,3.174922984221886,0.875,2.2843908749777695,3.0291883801591806,-0.06034482758620685,-0.5993013895791153,-0.14573460406270522
nisqa,mahalanobis,0.7,20270018,nisqa_test_p501,1750,240,0.9666666666666667,2.8836922645568848,3.024390677611033,0.9125,2.5302845100561777,2.893476755420367,-0.054166666666666696,-0.35340775450070705,-0.1309139221906661
nisqa,l2,0.7,20270018,nisqa_val_sim,1750,750,0.8853333333333333,2.8836922645568848,3.561346346537272,0.8946666666666667,2.8284064763387042,3.484289120992025,0.009333333333333416,-0.05528578821818053,-0.0770572255452473
nisqa,l2,0.7,20270018,nisqa_train_live,1750,1020,0.9921568627450981,2.8836922645568848,2.898967527875713,0.9735294117647059,2.5830565522698796,2.694739133236455,-0.0186274509803922,-0.30063571228700514,-0.20422839463925824
nisqa,l2,0.7,20270018,nisqa_val_live,1750,200,0.995,2.8836922645568848,2.8942408204078673,0.995,2.6192010283470153,2.6209816455841066,0.0,-0.2644912362098695,-0.2732591748237607
nisqa,l2,0.7,20270018,nisqa_test_for,1750,240,0.925,2.8836922645568848,3.4393757482369742,0.9291666666666667,2.6074759125709535,3.336858119567235,0.004166666666666652,-0.2762163519859313,-0.10251762866973912
nisqa,l2,0.7,20270018,nisqa_test_livetalk,1750,232,0.9353448275862069,2.8836922645568848,3.174922984221886,0.8793103448275862,2.4948847561046996,3.2717615941475175,-0.05603448275862066,-0.38880750845218515,0.09683860992563176
nisqa,l2,0.7,20270018,nisqa_test_p501,1750,240,0.9666666666666667,2.8836922645568848,3.024390677611033,0.9458333333333333,2.729784158865611,3.0030340482791265,-0.02083333333333337,-0.1539081056912739,-0.021356629331906518
nisqa,knn,0.7,20270018,nisqa_val_sim,1750,750,0.8853333333333333,2.8836922645568848,3.561346346537272,0.8853333333333333,2.847735071818034,3.5555860907236734,0.0,-0.035957192738850896,-0.005760255813598736
nisqa,knn,0.7,20270018,nisqa_train_live,1750,1020,0.9921568627450981,2.8836922645568848,2.898967527875713,0.9833333333333333,2.62718243598938,2.676634799265394,-0.008823529411764786,-0.2565098285675047,-0.22233272861031939
nisqa,knn,0.7,20270018,nisqa_val_live,1750,200,0.995,2.8836922645568848,2.8942408204078673,0.99,2.610640461444855,2.6479187202453613,-0.0050000000000000044,-0.2730518031120299,-0.246322100162506
nisqa,knn,0.7,20270018,nisqa_test_for,1750,240,0.925,2.8836922645568848,3.4393757482369742,0.925,2.753945259253184,3.375959513584773,0.0,-0.12974700530370065,-0.06341623465220136
nisqa,knn,0.7,20270018,nisqa_test_livetalk,1750,232,0.9353448275862069,2.8836922645568848,3.174922984221886,0.9181034482758621,2.6385523039719154,3.073635750803454,-0.01724137931034475,-0.24513996058496934,-0.10128723341843182
nisqa,knn,0.7,20270018,nisqa_test_p501,1750,240,0.9666666666666667,2.8836922645568848,3.024390677611033,0.9625,2.7684020857016245,2.9296125531196595,-0.004166666666666652,-0.11529017885526027,-0.09477812449137346
nisqa,mahalanobis,0.7,20270019,nisqa_val_sim,1750,750,0.9053333333333333,2.91591215133667,3.472569580078125,0.9053333333333333,2.8433980515797934,3.392047067006429,0.0,-0.0725140997568765,-0.080522513071696
nisqa,mahalanobis,0.7,20270019,nisqa_train_live,1750,1020,0.9931372549019608,2.91591215133667,2.9288697429731783,0.9558823529411765,2.2794530527264465,2.4398137630200853,-0.03725490196078429,-0.6364590986102234,-0.4890559799530929
nisqa,mahalanobis,0.7,20270019,nisqa_val_live,1750,200,0.995,2.91591215133667,2.9248497128486632,0.98,2.275065006017685,2.371822394132614,-0.015000000000000013,-0.6408471453189848,-0.5530273187160493
nisqa,mahalanobis,0.7,20270019,nisqa_test_for,1750,240,0.9291666666666667,2.91591215133667,3.4487399558226266,0.9208333333333333,2.584895467758179,3.2863832970460254,-0.008333333333333415,-0.3310166835784911,-0.16235665877660121
nisqa,mahalanobis,0.7,20270019,nisqa_test_livetalk,1750,232,0.9353448275862069,2.91591215133667,3.186311047652672,0.8793103448275862,2.3241231770351014,3.019460614385276,-0.05603448275862066,-0.5917889743015685,-0.1668504332673959
nisqa,mahalanobis,0.7,20270019,nisqa_test_p501,1750,240,0.9708333333333333,2.91591215133667,3.0460790594418845,0.925,2.5602078318595884,2.8923043141762417,-0.04583333333333328,-0.3557043194770815,-0.15377474526564283
nisqa,l2,0.7,20270019,nisqa_val_sim,1750,750,0.9053333333333333,2.91591215133667,3.472569580078125,0.9093333333333333,2.824602863629659,3.4168725385665892,0.0040000000000000036,-0.09130928770701097,-0.05569704151153587
nisqa,l2,0.7,20270019,nisqa_train_live,1750,1020,0.9931372549019608,2.91591215133667,2.9288697429731783,0.9725490196078431,2.598251249743443,2.703947186937519,-0.020588235294117685,-0.3176609015932268,-0.22492255603565914
nisqa,l2,0.7,20270019,nisqa_val_live,1750,200,0.995,2.91591215133667,2.9248497128486632,1.0,2.621360236406326,2.621360236406326,0.0050000000000000044,-0.2945519149303437,-0.30348947644233704
nisqa,l2,0.7,20270019,nisqa_test_for,1750,240,0.9291666666666667,2.91591215133667,3.4487399558226266,0.9291666666666667,2.6241360545158385,3.3396519760290784,0.0,-0.2917760968208314,-0.10908797979354823
nisqa,l2,0.7,20270019,nisqa_test_livetalk,1750,232,0.9353448275862069,2.91591215133667,3.186311047652672,0.8922413793103449,2.5098704613488296,3.2570462124101045,-0.04310344827586199,-0.4060416899878403,0.07073516475743258
nisqa,l2,0.7,20270019,nisqa_test_p501,1750,240,0.9708333333333333,2.91591215133667,3.0460790594418845,0.9458333333333333,2.744004823764165,2.9976980815331142,-0.025000000000000022,-0.1719073275725047,-0.04838097790877027
nisqa,knn,0.7,20270019,nisqa_val_sim,1750,750,0.9053333333333333,2.91591215133667,3.472569580078125,0.908,2.905047572771708,3.4253009099960328,0.002666666666666706,-0.010864578564961924,-0.047268670082092346
nisqa,knn,0.7,20270019,nisqa_train_live,1750,1020,0.9931372549019608,2.91591215133667,2.9288697429731783,0.9872549019607844,2.7072700813704844,2.74396494697122,-0.00588235294117645,-0.2086420699661855,-0.18490479600195808
nisqa,knn,0.7,20270019,nisqa_val_live,1750,200,0.995,2.91591215133667,2.9248497128486632,0.99,2.691771397590637,2.720475981235504,-0.0050000000000000044,-0.22414075374603293,-0.2043737316131593
nisqa,knn,0.7,20270019,nisqa_test_for,1750,240,0.9291666666666667,2.91591215133667,3.4487399558226266,0.9291666666666667,2.8308530151844025,3.402392655611038,0.0,-0.08505913615226746,-0.046347300211588394
nisqa,knn,0.7,20270019,nisqa_test_livetalk,1750,232,0.9353448275862069,2.91591215133667,3.186311047652672,0.9267241379310345,2.7205164370865655,3.0913937502893907,-0.008620689655172376,-0.19539571425010438,-0.09491729736328125
nisqa,knn,0.7,20270019,nisqa_test_p501,1750,240,0.9708333333333333,2.91591215133667,3.0460790594418845,0.9583333333333334,2.833241379261017,2.974244173367818,-0.012499999999999956,-0.08267077207565299,-0.07183488607406652
nisqa,mahalanobis,0.7,20270020,nisqa_val_sim,1750,750,0.8866666666666667,2.884316921234131,3.4809126059214273,0.9066666666666666,2.8521917928059897,3.386362874984741,0.019999999999999907,-0.03212512842814119,-0.09454973093668606
nisqa,mahalanobis,0.7,20270020,nisqa_train_live,1750,1020,0.9921568627450981,2.884316921234131,2.899543191872391,0.9598039215686275,2.304414746808071,2.457753408188913,-0.032352941176470584,-0.57990217442606,-0.44178978368347765
nisqa,mahalanobis,0.7,20270020,nisqa_val_live,1750,200,0.995,2.884316921234131,2.894834244251251,0.985,2.2991105461120607,2.392814054489136,-0.010000000000000009,-0.5852063751220702,-0.5020201897621153
nisqa,mahalanobis,0.7,20270020,nisqa_test_for,1750,240,0.925,2.884316921234131,3.4395319124062858,0.9208333333333333,2.6028204878171284,3.289507093032201,-0.004166666666666763,-0.2814964334170025,-0.15002481937408474
nisqa,mahalanobis,0.7,20270020,nisqa_test_livetalk,1750,232,0.9353448275862069,2.884316921234131,3.175143768047464,0.8836206896551724,2.3431711094132783,3.0191405210001716,-0.051724137931034475,-0.5411458118208525,-0.15600324704729251
nisqa,mahalanobis,0.7,20270020,nisqa_test_p501,1750,240,0.9666666666666667,2.884316921234131,3.024807115395864,0.9291666666666667,2.5870137095451353,2.8724922269582747,-0.03749999999999998,-0.29730321168899554,-0.15231488843758934
nisqa,l2,0.7,20270020,nisqa_val_sim,1750,750,0.8866666666666667,2.884316921234131,3.4809126059214273,0.8986666666666666,2.85896418762207,3.4533130060831705,0.0119999999999999,-0.025352733612060696,-0.027599599838256772
nisqa,l2,0.7,20270020,nisqa_train_live,1750,1020,0.9921568627450981,2.884316921234131,2.899543191872391,0.9735294117647059,2.63970165533178,2.7410920989279655,-0.0186274509803922,-0.24461526590235083,-0.1584510929444254
nisqa,l2,0.7,20270020,nisqa_val_live,1750,200,0.995,2.884316921234131,2.894834244251251,1.0,2.681528778076172,2.681528778076172,0.0050000000000000044,-0.2027881431579588,-0.21330546617507906
nisqa,l2,0.7,20270020,nisqa_test_for,1750,240,0.925,2.884316921234131,3.4395319124062858,0.925,2.6393337547779083,3.376485009988149,0.0,-0.24498316645622253,-0.0630469024181366
nisqa,l2,0.7,20270020,nisqa_test_livetalk,1750,232,0.9353448275862069,2.884316921234131,3.175143768047464,0.9008620689655172,2.5409986787828904,3.2709479578610123,-0.03448275862068961,-0.34331824245124043,0.09580418981354821
nisqa,l2,0.7,20270020,nisqa_test_p501,1750,240,0.9666666666666667,2.884316921234131,3.024807115395864,0.9541666666666667,2.7617101609706878,2.96453179816405,-0.012499999999999956,-0.12260676026344308,-0.06027531723181401
nisqa,knn,0.7,20270020,nisqa_val_sim,1750,750,0.8866666666666667,2.884316921234131,3.4809126059214273,0.9013333333333333,2.88614602915446,3.4515677439371744,0.014666666666666606,0.0018291079203289762,-0.0293448619842529
nisqa,knn,0.7,20270020,nisqa_train_live,1750,1020,0.9921568627450981,2.884316921234131,2.899543191872391,0.9833333333333333,2.6403876991832957,2.688551489512126,-0.008823529411764786,-0.24392922205083511,-0.210991702360265
nisqa,knn,0.7,20270020,nisqa_val_live,1750,200,0.995,2.884316921234131,2.894834244251251,0.99,2.621466121673584,2.65797123670578,-0.0050000000000000044,-0.2628507995605469,-0.23686300754547096
nisqa,knn,0.7,20270020,nisqa_test_for,1750,240,0.925,2.884316921234131,3.4395319124062858,0.9291666666666667,2.7966098884741464,3.3764596581459045,0.004166666666666652,-0.08770703275998448,-0.06307225426038121
nisqa,knn,0.7,20270020,nisqa_test_livetalk,1750,232,0.9353448275862069,2.884316921234131,3.175143768047464,0.9181034482758621,2.6584204887521676,3.0682223788623153,-0.01724137931034475,-0.22589643248196323,-0.10692138918514882
nisqa,knn,0.7,20270020,nisqa_test_p501,1750,240,0.9666666666666667,2.884316921234131,3.024807115395864,0.9583333333333334,2.792941884199778,2.9445254663626352,-0.008333333333333304,-0.09137503703435268,-0.08028164903322876
utmos,mahalanobis,0.3,20270001,nisqa_val_sim,750,1750,0.9017142857142857,2.2307567596435547,2.8275036675589424,0.8954285714285715,2.1992037655966623,2.822668535232544,-0.006285714285714228,-0.03155299404689238,-0.00483513232639865
utmos,mahalanobis,0.3,20270001,nisqa_train_live,750,1020,0.8068627450980392,2.2307567596435547,3.3670635387009265,0.8088235294117647,2.2445255410437492,3.3662099006129247,0.0019607843137254832,0.013768781400194552,-0.0008536380880017624
utmos,mahalanobis,0.3,20270001,nisqa_val_live,750,200,0.78,2.2307567596435547,3.6428704261779785,0.785,2.2501385688781737,3.6167728900909424,0.0050000000000000044,0.019381809234618963,-0.026097536087036133
utmos,mahalanobis,0.3,20270001,nisqa_test_for,750,240,0.9208333333333333,2.2307567596435547,2.632460981607437,0.9125,2.1801741222540536,2.6412732203801474,-0.008333333333333304,-0.050582637389501084,0.008812238772710312
utmos,mahalanobis,0.3,20270001,nisqa_test_livetalk,750,232,0.6551724137931034,2.2307567596435547,4.584299155350389,0.6637931034482759,2.2464959703642746,4.568630592576389,0.008620689655172487,0.01573921072071993,-0.015668562774000527
utmos,mahalanobis,0.3,20270001,nisqa_test_p501,750,240,0.9083333333333333,2.2307567596435547,2.556998590628306,0.9166666666666666,2.235447680950165,2.5650485515594483,0.008333333333333304,0.004690921306610196,0.008049960931142408
utmos,l2,0.3,20270001,nisqa_val_sim,750,1750,0.9017142857142857,2.2307567596435547,2.8275036675589424,0.9097142857142857,2.260168589455741,2.7610763498033797,0.008000000000000007,0.029411829812186152,-0.06642731775556276
utmos,l2,0.3,20270001,nisqa_train_live,750,1020,0.8068627450980392,2.2307567596435547,3.3670635387009265,0.7754901960784314,2.0929753158606736,3.4982457591038125,-0.03137254901960784,-0.13778144378288104,0.13118222040288607
utmos,l2,0.3,20270001,nisqa_val_live,750,200,0.78,2.2307567596435547,3.6428704261779785,0.77,2.0865167069435118,3.635922698974609,-0.010000000000000009,-0.14424005270004292,-0.006947727203369336
utmos,l2,0.3,20270001,nisqa_test_for,750,240,0.9208333333333333,2.2307567596435547,2.632460981607437,0.9333333333333333,2.307844833532969,2.6446909666061402,0.012500000000000067,0.07708807388941441,0.012229984998703092
utmos,l2,0.3,20270001,nisqa_test_livetalk,750,232,0.6551724137931034,2.2307567596435547,4.584299155350389,0.6767241379310345,2.259877963312741,4.305837392807007,0.02155172413793105,0.029121203669186357,-0.2784617625433823
utmos,l2,0.3,20270001,nisqa_test_p501,750,240,0.9083333333333333,2.2307567596435547,2.556998590628306,0.925,2.2408627410729727,2.5039861142635345,0.01666666666666672,0.010105981429417987,-0.053012476364771466
utmos,knn,0.3,20270001,nisqa_val_sim,750,1750,0.9017142857142857,2.2307567596435547,2.8275036675589424,0.9131428571428571,2.2885606723512923,2.834167338643755,0.011428571428571455,0.05780391270773766,0.0066636710848126945
utmos,knn,0.3,20270001,nisqa_train_live,750,1020,0.8068627450980392,2.2307567596435547,3.3670635387009265,0.8333333333333334,2.401683704993304,3.350097633343117,0.026470588235294135,0.17092694534974928,-0.016965905357809508
utmos,knn,0.3,20270001,nisqa_val_live,750,200,0.78,2.2307567596435547,3.6428704261779785,0.82,2.410530650615692,3.506718134880066,0.039999999999999925,0.17977389097213736,-0.1361522912979125
utmos,knn,0.3,20270001,nisqa_test_for,750,240,0.9208333333333333,2.2307567596435547,2.632460981607437,0.9041666666666667,2.2183810234069825,2.607817268371582,-0.016666666666666607,-0.012375736236572177,-0.024643713235855014
utmos,knn,0.3,20270001,nisqa_test_livetalk,750,232,0.6551724137931034,2.2307567596435547,4.584299155350389,0.6724137931034483,2.351933787608969,4.5087793140575805,0.017241379310344862,0.1211770279654143,-0.07551984129280864
utmos,knn,0.3,20270001,nisqa_test_p501,750,240,0.9083333333333333,2.2307567596435547,2.556998590628306,0.9291666666666667,2.292454202969869,2.589361766974131,0.02083333333333337,0.06169744332631444,0.032363176345825195
utmos,mahalanobis,0.3,20270002,nisqa_val_sim,750,1750,0.9028571428571428,2.23289155960083,2.8435477556501114,0.9097142857142857,2.2990644055775236,2.8631568482262746,0.006857142857142895,0.06617284597669348,0.019609092576163167
utmos,mahalanobis,0.3,20270002,nisqa_train_live,750,1020,0.8068627450980392,2.23289155960083,3.365075244623072,0.8294117647058824,2.33618216491213,3.263079996903737,0.022549019607843168,0.10329060531130008,-0.10199524771933488
utmos,mahalanobis,0.3,20270002,nisqa_val_live,750,200,0.78,2.23289155960083,3.640308666229248,0.8,2.333291549682617,3.5969543170928957,0.020000000000000018,0.10039999008178713,-0.043354349136352166
utmos,mahalanobis,0.3,20270002,nisqa_test_for,750,240,0.9208333333333333,2.23289155960083,2.632905731598536,0.9333333333333333,2.3372713327407837,2.699823647737503,0.012500000000000067,0.10437977313995361,0.06691791613896703
utmos,mahalanobis,0.3,20270002,nisqa_test_livetalk,750,232,0.6551724137931034,2.23289155960083,4.579072576144646,0.6896551724137931,2.349302877639902,4.366733664068683,0.034482758620689724,0.11641131803907179,-0.21233891207596312
utmos,mahalanobis,0.3,20270002,nisqa_test_p501,750,240,0.9083333333333333,2.23289155960083,2.557176490624746,0.925,2.3431417514880497,2.6368980675935747,0.01666666666666672,0.11025019188721963,0.07972157696882887
utmos,l2,0.3,20270002,nisqa_val_sim,750,1750,0.9028571428571428,2.23289155960083,2.8435477556501114,0.904,2.2192395046779088,2.784886132649013,0.0011428571428572232,-0.01365205492292132,-0.05866162300109856
utmos,l2,0.3,20270002,nisqa_train_live,750,1020,0.8068627450980392,2.23289155960083,3.365075244623072,0.7666666666666667,2.0330271211324953,3.5726439045924767,-0.04019607843137252,-0.1998644384683348,0.20756865996940466
utmos,l2,0.3,20270002,nisqa_val_live,750,200,0.78,2.23289155960083,3.640308666229248,0.755,2.0159114027023315,3.640822055339813,-0.025000000000000022,-0.2169801568984986,0.0005133891105653099
utmos,l2,0.3,20270002,nisqa_test_for,750,240,0.9208333333333333,2.23289155960083,2.632905731598536,0.9333333333333333,2.312059638897578,2.7053846498330434,0.012500000000000067,0.07916807929674796,0.07247891823450736
utmos,l2,0.3,20270002,nisqa_test_livetalk,750,232,0.6551724137931034,2.23289155960083,4.579072576144646,0.6724137931034483,2.2356546767826737,4.430817316318381,0.017241379310344862,0.002763117181843633,-0.1482552598262652
utmos,l2,0.3,20270002,nisqa_test_p501,750,240,0.9083333333333333,2.23289155960083,2.557176490624746,0.9333333333333333,2.18526651263237,2.4832208931446074,0.025000000000000022,-0.04762504696846026,-0.07395559748013847
utmos,knn,0.3,20270002,nisqa_val_sim,750,1750,0.9028571428571428,2.23289155960083,2.8435477556501114,0.9017142857142857,2.2247197299684798,2.837556210790362,-0.0011428571428571122,-0.008171829632350303,-0.00599154485974962
utmos,knn,0.3,20270002,nisqa_train_live,750,1020,0.8068627450980392,2.23289155960083,3.365075244623072,0.8088235294117647,2.255614844724244,3.339585777123769,0.0019607843137254832,0.022723285123413817,-0.025489467499303142
utmos,knn,0.3,20270002,nisqa_val_live,750,200,0.78,2.23289155960083,3.640308666229248,0.785,2.256857355833054,3.6328286492824553,0.0050000000000000044,0.023965796232223724,-0.007480016946792567
utmos,knn,0.3,20270002,nisqa_test_for,750,240,0.9208333333333333,2.23289155960083,2.632905731598536,0.9125,2.232928055524826,2.634018518527349,-0.008333333333333304,3.6495923995794044e-05,0.0011127869288127812
utmos,knn,0.3,20270002,nisqa_test_livetalk,750,232,0.6551724137931034,2.23289155960083,4.579072576144646,0.6508620689655172,2.2369116945513365,4.583524577576538,-0.004310344827586188,0.00402013495050646,0.004452001431892505
utmos,knn,0.3,20270002,nisqa_test_p501,750,240,0.9083333333333333,2.23289155960083,2.557176490624746,0.8958333333333334,2.258663535118103,2.5739834109942117,-0.012499999999999956,0.02577197551727295,0.01680692036946585
utmos,mahalanobis,0.3,20270003,nisqa_val_sim,750,1750,0.9011428571428571,2.228445529937744,2.8193588393075126,0.9108571428571428,2.28799158178057,2.8452378962380545,0.009714285714285675,0.05954605184282569,0.02587905693054182
utmos,mahalanobis,0.3,20270003,nisqa_train_live,750,1020,0.8068627450980392,2.228445529937744,3.369216154603397,0.8303921568627451,2.325678662692799,3.2755557191138176,0.02352941176470591,0.09723313275505507,-0.09366043548957936
utmos,mahalanobis,0.3,20270003,nisqa_val_live,750,200,0.78,2.228445529937744,3.6456439018249513,0.805,2.341456124782562,3.4984026765823364,0.025000000000000022,0.1130105948448179,-0.14724122524261496
utmos,mahalanobis,0.3,20270003,nisqa_test_for,750,240,0.9208333333333333,2.228445529937744,2.6319794754187265,0.9166666666666666,2.265455844004949,2.6737431009610493,-0.004166666666666652,0.037010314067204675,0.041763625542322824
utmos,mahalanobis,0.3,20270003,nisqa_test_livetalk,750,232,0.6551724137931034,2.228445529937744,4.589957683250822,0.6982758620689655,2.3618772307346605,4.276283156255196,0.0431034482758621,0.13343170079691635,-0.3136745269956265
utmos,mahalanobis,0.3,20270003,nisqa_test_p501,750,240,0.9083333333333333,2.228445529937744,2.556805988152822,0.9375,2.3413121004899344,2.584071785211563,0.029166666666666674,0.11286657055219029,0.027265797058741104
utmos,l2,0.3,20270003,nisqa_val_sim,750,1750,0.9011428571428571,2.228445529937744,2.8193588393075126,0.8982857142857142,2.2016788613455636,2.7690387706756594,-0.0028571428571428914,-0.026766668592180576,-0.05032006863185323
utmos,l2,0.3,20270003,nisqa_train_live,750,1020,0.8068627450980392,2.228445529937744,3.369216154603397,0.7558823529411764,2.043234404863096,3.6105270507288916,-0.050980392156862786,-0.1852111250746482,0.2413108961254946
utmos,l2,0.3,20270003,nisqa_val_live,750,200,0.78,2.228445529937744,3.6456439018249513,0.755,2.0479726827144624,3.7504042661190033,-0.025000000000000022,-0.18047284722328172,0.104760364294052
utmos,l2,0.3,20270003,nisqa_test_for,750,240,0.9208333333333333,2.228445529937744,2.6319794754187265,0.9333333333333333,2.2599192043145497,2.666151253382365,0.012500000000000067,0.031473674376805594,0.03417177796363857
utmos,l2,0.3,20270003,nisqa_test_livetalk,750,232,0.6551724137931034,2.228445529937744,4.589957683250822,0.6551724137931034,2.193479351956269,4.463182008471982,0.0,-0.034966177981475166,-0.12677567477884022
utmos,l2,0.3,20270003,nisqa_test_p501,750,240,0.9083333333333333,2.228445529937744,2.556805988152822,0.925,2.1808242321014406,2.470721197128296,0.01666666666666672,-0.04762129783630353,-0.08608479102452593
utmos,knn,0.3,20270003,nisqa_val_sim,750,1750,0.9011428571428571,2.228445529937744,2.8193588393075126,0.9045714285714286,2.2614921537126813,2.826230630329677,0.0034285714285714475,0.03304662377493717,0.006871791022164508
utmos,knn,0.3,20270003,nisqa_train_live,750,1020,0.8068627450980392,2.228445529937744,3.369216154603397,0.8196078431372549,2.3389586986279953,3.3543603752173627,0.012745098039215641,0.11051316869025118,-0.014855779386034218
utmos,knn,0.3,20270003,nisqa_val_live,750,200,0.78,2.228445529937744,3.6456439018249513,0.805,2.343079106807709,3.553886287212372,0.025000000000000022,0.11463357686996467,-0.09175761461257936
utmos,knn,0.3,20270003,nisqa_test_for,750,240,0.9208333333333333,2.228445529937744,2.6319794754187265,0.9,2.2325385332107546,2.669851762056351,-0.02083333333333326,0.0040930032730104315,0.03787228663762443
utmos,knn,0.3,20270003,nisqa_test_livetalk,750,232,0.6551724137931034,2.228445529937744,4.589957683250822,0.6767241379310345,2.3036766134459397,4.545189910921557,0.02155172413793105,0.07523108350819552,-0.044767772329264766
utmos,knn,0.3,20270003,nisqa_test_p501,750,240,0.9083333333333333,2.228445529937744,2.556805988152822,0.9208333333333333,2.2728761116663616,2.5684956987698873,0.012499999999999956,0.04443058172861747,0.011689710617065252
utmos,mahalanobis,0.3,20270004,nisqa_val_sim,750,1750,0.8931428571428571,2.1970324516296387,2.8589999416896275,0.8874285714285715,2.205856324332101,2.909789266313825,-0.005714285714285672,0.008823872702462321,0.05078932462419772
utmos,mahalanobis,0.3,20270004,nisqa_train_live,750,1020,0.7931372549019607,2.1970324516296387,3.400894132314944,0.7931372549019607,2.185916888480093,3.484411531336167,0.0,-0.01111556314954587,0.08351739902122324
utmos,mahalanobis,0.3,20270004,nisqa_val_live,750,200,0.78,2.1970324516296387,3.6833395957946777,0.75,2.1692043852806093,3.918444640636444,-0.030000000000000027,-0.027828066349029346,0.2351050448417662
utmos,mahalanobis,0.3,20270004,nisqa_test_for,750,240,0.9166666666666666,2.1970324516296387,2.6256298323472342,0.9375,2.3041616161664327,2.7044047395388287,0.02083333333333337,0.107129164536794,0.07877490719159441
utmos,mahalanobis,0.3,20270004,nisqa_test_livetalk,750,232,0.6422413793103449,2.1970324516296387,4.6693661747307615,0.6379310344827587,2.1695843636989594,4.826537955423881,-0.004310344827586188,-0.02744808793067932,0.15717178069311988
utmos,mahalanobis,0.3,20270004,nisqa_test_p501,750,240,0.8958333333333334,2.1970324516296387,2.5555903911590576,0.8916666666666667,2.2312930673360825,2.696976696451505,-0.004166666666666652,0.03426061570644379,0.14138630529244756
utmos,l2,0.3,20270004,nisqa_val_sim,750,1750,0.8931428571428571,2.1970324516296387,2.8589999416896275,0.8954285714285715,2.1518834114074705,2.8340218026297435,0.0022857142857143353,-0.045149040222168146,-0.024978139059883997
utmos,l2,0.3,20270004,nisqa_train_live,750,1020,0.7931372549019607,2.1970324516296387,3.400894132314944,0.75,1.9543858563198764,3.703757679462433,-0.04313725490196074,-0.2426465953097623,0.302863547147489
utmos,l2,0.3,20270004,nisqa_val_live,750,200,0.78,2.1970324516296387,3.6833395957946777,0.755,1.9753529119491577,3.7215838718414305,-0.025000000000000022,-0.22167953968048093,0.038244276046752734
utmos,l2,0.3,20270004,nisqa_test_for,750,240,0.9166666666666666,2.1970324516296387,2.6256298323472342,0.9125,2.2203180392583213,2.646194895108541,-0.004166666666666652,0.023285587628682602,0.020565062761306763
utmos,l2,0.3,20270004,nisqa_test_livetalk,750,232,0.6422413793103449,2.1970324516296387,4.6693661747307615,0.6681034482758621,2.163018255398191,4.65472758843981,0.025862068965517238,-0.034014196231447524,-0.014638586290951494
utmos,l2,0.3,20270004,nisqa_test_p501,750,240,0.8958333333333334,2.1970324516296387,2.5555903911590576,0.9041666666666667,2.1637109220027924,2.539764771858851,0.008333333333333304,-0.033321529626846313,-0.01582561930020665
utmos,knn,0.3,20270004,nisqa_val_sim,750,1750,0.8931428571428571,2.1970324516296387,2.8589999416896275,0.8834285714285715,2.1735741329193115,2.8909587628500804,-0.009714285714285675,-0.02345831871032722,0.0319588211604529
utmos,knn,0.3,20270004,nisqa_train_live,750,1020,0.7931372549019607,2.1970324516296387,3.400894132314944,0.7852941176470588,2.224897981624977,3.4469377092286653,-0.007843137254901933,0.027865529995338534,0.046043576913721296
utmos,knn,0.3,20270004,nisqa_val_live,750,200,0.78,2.1970324516296387,3.6833395957946777,0.785,2.2085705959796904,3.6965390646457674,0.0050000000000000044,0.011538144350051738,0.01319946885108969
utmos,knn,0.3,20270004,nisqa_test_for,750,240,0.9166666666666666,2.1970324516296387,2.6256298323472342,0.9041666666666667,2.160867524147034,2.6126527309417726,-0.012499999999999956,-0.0361649274826048,-0.0129771014054616
utmos,knn,0.3,20270004,nisqa_test_livetalk,750,232,0.6422413793103449,2.1970324516296387,4.6693661747307615,0.6293103448275862,2.157945064635112,4.917974725879472,-0.012931034482758674,-0.03908738699452652,0.2486085511487106
utmos,knn,0.3,20270004,nisqa_test_p501,750,240,0.8958333333333334,2.1970324516296387,2.5555903911590576,0.8916666666666667,2.202799611290296,2.5901797940333684,-0.004166666666666652,0.005767159660657217,0.03458940287431078
utmos,mahalanobis,0.3,20270005,nisqa_val_sim,750,1750,0.908,2.2535901069641113,2.8025741699763707,0.9177142857142857,2.30992921761104,2.8161340488706315,0.009714285714285675,0.05633911064692887,0.013559878894260802
utmos,mahalanobis,0.3,20270005,nisqa_train_live,750,1020,0.8107843137254902,2.2535901069641113,3.3463335668339447,0.8323529411764706,2.3719106812103123,3.305422543778139,0.021568627450980427,0.11832057424620102,-0.04091102305580563
utmos,mahalanobis,0.3,20270005,nisqa_val_live,750,200,0.78,2.2535901069641113,3.6154704093933105,0.81,2.370706788301468,3.492236796617508,0.030000000000000027,0.11711668133735653,-0.12323361277580247
utmos,mahalanobis,0.3,20270005,nisqa_test_for,750,240,0.9208333333333333,2.2535901069641113,2.6372179289658866,0.9208333333333333,2.279482161005338,2.6510644207398095,0.0,0.025892054041226853,0.013846491773922942
utmos,mahalanobis,0.3,20270005,nisqa_test_livetalk,750,232,0.6637931034482759,2.2535901069641113,4.52898030034427,0.6853448275862069,2.353724639991234,4.377783678728958,0.02155172413793094,0.10013453302712261,-0.15119662161531178
utmos,mahalanobis,0.3,20270005,nisqa_test_p501,750,240,0.9166666666666666,2.2535901069641113,2.560278763373693,0.9291666666666667,2.334644244114558,2.599943017959595,0.012500000000000067,0.08105413715044651,0.03966425458590184
utmos,l2,0.3,20270005,nisqa_val_sim,750,1750,0.908,2.2535901069641113,2.8025741699763707,0.9097142857142857,2.2280685660498483,2.7461734026500157,0.0017142857142856682,-0.025521540914263063,-0.056400767326354906
utmos,l2,0.3,20270005,nisqa_train_live,750,1020,0.8107843137254902,2.2535901069641113,3.3463335668339447,0.7578431372549019,2.0008887611183463,3.7130339704307853,-0.05294117647058827,-0.252701345845765,0.36670040359684064
utmos,l2,0.3,20270005,nisqa_val_live,750,200,0.78,2.2535901069641113,3.6154704093933105,0.76,2.0191529154777528,3.7067073702812197,-0.020000000000000018,-0.23443719148635855,0.09123696088790911
utmos,l2,0.3,20270005,nisqa_test_for,750,240,0.9208333333333333,2.2535901069641113,2.6372179289658866,0.9291666666666667,2.3135046641031902,2.7106440444787343,0.008333333333333415,0.059914557139078894,0.07342611551284772
utmos,l2,0.3,20270005,nisqa_test_livetalk,750,232,0.6637931034482759,2.2535901069641113,4.52898030034427,0.6939655172413793,2.223073937769594,4.413557992926959,0.030172413793103425,-0.030516169194517495,-0.11542230741731085
utmos,l2,0.3,20270005,nisqa_test_p501,750,240,0.9166666666666666,2.2535901069641113,2.560278763373693,0.925,2.2184026767810185,2.4869728912909825,0.008333333333333415,-0.03518743018309278,-0.07330587208271044
utmos,knn,0.3,20270005,nisqa_val_sim,750,1750,0.908,2.2535901069641113,2.8025741699763707,0.9137142857142857,2.3009234384809223,2.8168763403211323,0.005714285714285672,0.04733333151681096,0.014302170344761667
utmos,knn,0.3,20270005,nisqa_train_live,750,1020,0.8107843137254902,2.2535901069641113,3.3463335668339447,0.8284313725490197,2.3912730478772932,3.310697630807465,0.01764705882352946,0.1376829409131819,-0.03563593602647952
utmos,knn,0.3,20270005,nisqa_val_live,750,200,0.78,2.2535901069641113,3.6154704093933105,0.82,2.4040441966056822,3.4937401747703554,0.039999999999999925,0.15045408964157092,-0.12173023462295518
utmos,knn,0.3,20270005,nisqa_test_for,750,240,0.9208333333333333,2.2535901069641113,2.6372179289658866,0.9041666666666667,2.271375838915507,2.659383738040924,-0.016666666666666607,0.017785731951395878,0.0221658090750374
utmos,knn,0.3,20270005,nisqa_test_livetalk,750,232,0.6637931034482759,2.2535901069641113,4.52898030034427,0.6810344827586207,2.361498550094407,4.395114895598642,0.01724137931034475,0.10790844313029568,-0.13386540474562825
utmos,knn,0.3,20270005,nisqa_test_p501,750,240,0.9166666666666666,2.2535901069641113,2.560278763373693,0.9291666666666667,2.3269849588473637,2.594793823361397,0.012500000000000067,0.07339485188325234,0.03451505998770399
utmos,mahalanobis,0.3,20270006,nisqa_val_sim,750,1750,0.9245714285714286,2.3174357414245605,2.798203089577811,0.9091428571428571,2.3061126850673133,2.8186407312665667,-0.015428571428571458,-0.011323056357247285,0.020437641688755726
utmos,mahalanobis,0.3,20270006,nisqa_train_live,750,1020,0.8235294117647058,2.3174357414245605,3.293788189981498,0.8284313725490197,2.3761778443467385,3.3049316878412283,0.004901960784313819,0.05874210292217796,0.011143497859730456
utmos,mahalanobis,0.3,20270006,nisqa_val_live,750,200,0.795,2.3174357414245605,3.5444724202156066,0.82,2.3877963519096372,3.4619155383110045,0.02499999999999991,0.07036061048507669,-0.08255688190460209
utmos,mahalanobis,0.3,20270006,nisqa_test_for,750,240,0.9333333333333333,2.3174357414245605,2.6541134317715964,0.9166666666666666,2.28006574511528,2.695594052473704,-0.01666666666666672,-0.037369996309280396,0.04148062070210745
utmos,mahalanobis,0.3,20270006,nisqa_test_livetalk,750,232,0.6637931034482759,2.3174357414245605,4.378172508601485,0.7068965517241379,2.3828092977918427,4.286646055764165,0.04310344827586199,0.06537355636728215,-0.09152645283731964
utmos,mahalanobis,0.3,20270006,nisqa_test_p501,750,240,0.925,2.3174357414245605,2.574836184581121,0.9333333333333333,2.374539162715276,2.611024435361226,0.008333333333333304,0.05710342129071533,0.036188250780105236
utmos,l2,0.3,20270006,nisqa_val_sim,750,1750,0.9245714285714286,2.3174357414245605,2.798203089577811,0.92,2.2848876043047226,2.752234143120902,-0.00457142857142856,-0.03254813711983795,-0.04596894645690908
utmos,l2,0.3,20270006,nisqa_train_live,750,1020,0.8235294117647058,2.3174357414245605,3.293788189981498,0.7715686274509804,2.0477611046211392,3.6318840148402196,-0.05196078431372542,-0.2696746368034213,0.3380958248587218
utmos,l2,0.3,20270006,nisqa_val_live,750,200,0.795,2.3174357414245605,3.5444724202156066,0.77,2.053708634376526,3.685981557369232,-0.025000000000000022,-0.2637271070480347,0.14150913715362545
utmos,l2,0.3,20270006,nisqa_test_for,750,240,0.9333333333333333,2.3174357414245605,2.6541134317715964,0.9333333333333333,2.3605503857135774,2.7381339689095814,0.0,0.0431146442890169,0.08402053713798496
utmos,l2,0.3,20270006,nisqa_test_livetalk,750,232,0.6637931034482759,2.3174357414245605,4.378172508601485,0.7025862068965517,2.281212327809169,4.247980830998256,0.0387931034482758,-0.03622341361539139,-0.13019167760322858
utmos,l2,0.3,20270006,nisqa_test_p501,750,240,0.925,2.3174357414245605,2.574836184581121,0.9458333333333333,2.2657346119483313,2.4999228209257125,0.02083333333333326,-0.05170112947622929,-0.07491336365540846
utmos,knn,0.3,20270006,nisqa_val_sim,750,1750,0.9245714285714286,2.3174357414245605,2.798203089577811,0.9177142857142857,2.3426395154680524,2.8234061143057687,-0.006857142857142895,0.025203774043491833,0.025203024727957768
utmos,knn,0.3,20270006,nisqa_train_live,750,1020,0.8235294117647058,2.3174357414245605,3.293788189981498,0.8450980392156863,2.4133560727624332,3.2522354616838345,0.021568627450980427,0.0959203313378727,-0.04155272829766332
utmos,knn,0.3,20270006,nisqa_val_live,750,200,0.795,2.3174357414245605,3.5444724202156066,0.81,2.4130496907234193,3.4896705555915832,0.015000000000000013,0.0956139492988588,-0.054801864624023366
utmos,knn,0.3,20270006,nisqa_test_for,750,240,0.9333333333333333,2.3174357414245605,2.6541134317715964,0.925,2.341101231177648,2.6903626044591267,-0.008333333333333304,0.023665489753087243,0.03624917268753025
utmos,knn,0.3,20270006,nisqa_test_livetalk,750,232,0.6637931034482759,2.3174357414245605,4.378172508601485,0.6853448275862069,2.361564182001969,4.4057824981623686,0.02155172413793094,0.0441284405774085,0.027609989560883896
utmos,knn,0.3,20270006,nisqa_test_p501,750,240,0.925,2.3174357414245605,2.574836184581121,0.9375,2.390906004110972,2.6206407527128857,0.012499999999999956,0.07347026268641166,0.0458045681317647
utmos,mahalanobis,0.3,20270007,nisqa_val_sim,750,1750,0.8748571428571429,2.1141631603240967,2.889881294795445,0.8822857142857143,2.1472881412506104,2.882159933362688,0.007428571428571451,0.033124980926513725,-0.0077213614327567015
utmos,mahalanobis,0.3,20270007,nisqa_train_live,750,1020,0.7686274509803922,2.1141631603240967,3.5008218779283413,0.7862745098039216,2.181970149863,3.429306476723914,0.01764705882352935,0.0678069895389033,-0.07151540120442723
utmos,mahalanobis,0.3,20270007,nisqa_val_live,750,200,0.76,2.1141631603240967,3.793472683429718,0.77,2.1817481660842897,3.698095633983612,0.010000000000000009,0.067585005760193,-0.09537704944610592
utmos,mahalanobis,0.3,20270007,nisqa_test_for,750,240,0.9041666666666667,2.1141631603240967,2.615807056427002,0.9041666666666667,2.1187755425771075,2.6169377823670703,0.0,0.0046123822530108605,0.0011307259400683556
utmos,mahalanobis,0.3,20270007,nisqa_test_livetalk,750,232,0.6293103448275862,2.1141631603240967,4.887751634778647,0.6508620689655172,2.178197063248733,4.749501668173691,0.02155172413793105,0.06403390292463618,-0.13824996660495614
utmos,mahalanobis,0.3,20270007,nisqa_test_p501,750,240,0.8916666666666667,2.1141631603240967,2.560234010219574,0.8916666666666667,2.157078003883362,2.5587756991386414,0.0,0.042914843559265226,-0.0014583110809325284
utmos,l2,0.3,20270007,nisqa_val_sim,750,1750,0.8748571428571429,2.1141631603240967,2.889881294795445,0.88,2.132538030079433,2.8417815769740513,0.005142857142857116,0.01837486975533631,-0.04809971782139355
utmos,l2,0.3,20270007,nisqa_train_live,750,1020,0.7686274509803922,2.1141631603240967,3.5008218779283413,0.7372549019607844,1.9801080058602725,3.6769802986406814,-0.03137254901960784,-0.1340551544638242,0.1761584207123401
utmos,l2,0.3,20270007,nisqa_val_live,750,200,0.76,2.1141631603240967,3.793472683429718,0.74,1.9818614888191224,3.883012788295746,-0.020000000000000018,-0.1323016715049743,0.08954010486602781
utmos,l2,0.3,20270007,nisqa_test_for,750,240,0.9041666666666667,2.1141631603240967,2.615807056427002,0.9125,2.1476552963256834,2.5859643201033276,0.008333333333333304,0.033492136001586736,-0.0298427363236744
utmos,l2,0.3,20270007,nisqa_test_livetalk,750,232,0.6293103448275862,2.1141631603240967,4.887751634778647,0.6379310344827587,2.1113219261169434,4.680819102402391,0.008620689655172487,-0.0028412342071533203,-0.20693253237625608
utmos,l2,0.3,20270007,nisqa_test_p501,750,240,0.8916666666666667,2.1141631603240967,2.560234010219574,0.9,2.1238679071267446,2.5202043533325194,0.008333333333333304,0.009704746802647879,-0.04002965688705462
utmos,knn,0.3,20270007,nisqa_val_sim,750,1750,0.8748571428571429,2.1141631603240967,2.889881294795445,0.8737142857142857,2.1224599135262627,2.8967643538883756,-0.0011428571428572232,0.008296753202166052,0.006883059092930743
utmos,knn,0.3,20270007,nisqa_train_live,750,1020,0.7686274509803922,2.1141631603240967,3.5008218779283413,0.7852941176470588,2.203178716173359,3.495548453517989,0.016666666666666607,0.08901555584926246,-0.005273424410352501
utmos,knn,0.3,20270007,nisqa_val_live,750,200,0.76,2.1141631603240967,3.793472683429718,0.765,2.21406774520874,3.6514938712120055,0.0050000000000000044,0.09990458488464338,-0.14197881221771258
utmos,knn,0.3,20270007,nisqa_test_for,750,240,0.9041666666666667,2.1141631603240967,2.615807056427002,0.8875,2.0532618403434753,2.6249163190523785,-0.01666666666666672,-0.06090131998062143,0.00910926262537659
utmos,knn,0.3,20270007,nisqa_test_livetalk,750,232,0.6293103448275862,2.1141631603240967,4.887751634778647,0.6551724137931034,2.18983126097712,4.783350856139742,0.025862068965517238,0.07566810065302354,-0.1044007786389054
utmos,knn,0.3,20270007,nisqa_test_p501,750,240,0.8916666666666667,2.1141631603240967,2.560234010219574,0.8791666666666667,2.1072554429372152,2.5440146962801617,-0.012500000000000067,-0.006907717386881451,-0.016219313939412228
utmos,mahalanobis,0.3,20270008,nisqa_val_sim,750,1750,0.9,2.2262659072875977,2.844869655881609,0.9068571428571428,2.2527250101906913,2.8563571578434535,0.006857142857142784,0.026459102903093612,0.011487501961844337
utmos,mahalanobis,0.3,20270008,nisqa_train_live,750,1020,0.8058823529411765,2.2262659072875977,3.3712579011917114,0.8264705882352941,2.3014216558606018,3.280067910867579,0.020588235294117574,0.07515574857300411,-0.09118999032413244
utmos,mahalanobis,0.3,20270008,nisqa_val_live,750,200,0.78,2.2262659072875977,3.6482594490051268,0.805,2.3156957173347474,3.521042742729187,0.025000000000000022,0.08942981004714978,-0.12721670627593973
utmos,mahalanobis,0.3,20270008,nisqa_test_for,750,240,0.9208333333333333,2.2262659072875977,2.631525387366613,0.925,2.2517093757788342,2.653505080938339,0.004166666666666763,0.025443468491236576,0.021979693571726244
utmos,mahalanobis,0.3,20270008,nisqa_test_livetalk,750,232,0.6551724137931034,2.2262659072875977,4.5952940007735945,0.6724137931034483,2.3223985299981873,4.370368516650693,0.017241379310344862,0.09613262271058964,-0.2249254841229016
utmos,mahalanobis,0.3,20270008,nisqa_test_p501,750,240,0.9083333333333333,2.2262659072875977,2.5566243529319763,0.925,2.310189413030942,2.5859238376220066,0.01666666666666672,0.0839235057433445,0.029299484690030297
utmos,l2,0.3,20270008,nisqa_val_sim,750,1750,0.9,2.2262659072875977,2.844869655881609,0.8971428571428571,2.198277741568429,2.8108519687652587,-0.0028571428571428914,-0.027988165719168734,-0.03401768711635045
utmos,l2,0.3,20270008,nisqa_train_live,750,1020,0.8058823529411765,2.2262659072875977,3.3712579011917114,0.753921568627451,2.008259370280247,3.5623685112186507,-0.05196078431372553,-0.2180065370073505,0.1911106100269393
utmos,l2,0.3,20270008,nisqa_val_live,750,200,0.78,2.2262659072875977,3.6482594490051268,0.74,1.9890232372283936,3.601587336063385,-0.040000000000000036,-0.23724267005920407,-0.046672112941741783
utmos,l2,0.3,20270008,nisqa_test_for,750,240,0.9208333333333333,2.2262659072875977,2.631525387366613,0.9291666666666667,2.280052278439204,2.6507543961207074,0.008333333333333415,0.05378637115160645,0.0192290087540945
utmos,l2,0.3,20270008,nisqa_test_livetalk,750,232,0.6551724137931034,2.2262659072875977,4.5952940007735945,0.6853448275862069,2.214975151522406,4.4605256154619415,0.030172413793103425,-0.011290755765191562,-0.13476838531165303
utmos,l2,0.3,20270008,nisqa_test_p501,750,240,0.9083333333333333,2.2262659072875977,2.5566243529319763,0.9041666666666667,2.1689350585142773,2.5106023927529653,-0.004166666666666652,-0.0573308487733204,-0.04602196017901106
utmos,knn,0.3,20270008,nisqa_val_sim,750,1750,0.9,2.2262659072875977,2.844869655881609,0.9017142857142857,2.2517651797703335,2.865508867808751,0.0017142857142856682,0.02549927248273587,0.020639211927141687
utmos,knn,0.3,20270008,nisqa_train_live,750,1020,0.8058823529411765,2.2262659072875977,3.3712579011917114,0.8264705882352941,2.3489683010998896,3.3036564107034723,0.020588235294117574,0.12270239381229198,-0.06760149048823916
utmos,knn,0.3,20270008,nisqa_val_live,750,200,0.78,2.2262659072875977,3.6482594490051268,0.815,2.352330288887024,3.4875870084762575,0.03499999999999992,0.12606438159942623,-0.1606724405288693
utmos,knn,0.3,20270008,nisqa_test_for,750,240,0.9208333333333333,2.2262659072875977,2.631525387366613,0.9083333333333333,2.1922536134719848,2.599503948291143,-0.012499999999999956,-0.03401229381561288,-0.03202143907547006
utmos,knn,0.3,20270008,nisqa_test_livetalk,750,232,0.6551724137931034,2.2262659072875977,4.5952940007735945,0.6853448275862069,2.3087175920091827,4.505701841979191,0.030172413793103425,0.08245168472158504,-0.08959215879440308
utmos,knn,0.3,20270008,nisqa_test_p501,750,240,0.9083333333333333,2.2262659072875977,2.5566243529319763,0.925,2.2865767955780028,2.5704504529635113,0.01666666666666672,0.060310888290405096,0.01382610003153495
utmos,mahalanobis,0.3,20270009,nisqa_val_sim,750,1750,0.904,2.2364578247070312,2.8910864625658306,0.9045714285714286,2.265621016366141,2.9016018404279436,0.0005714285714285561,0.029163191659109966,0.010515377862112985
utmos,mahalanobis,0.3,20270009,nisqa_train_live,750,1020,0.807843137254902,2.2364578247070312,3.361785570780436,0.8274509803921568,2.3013502988160823,3.2877956813456963,0.019607843137254832,0.06489247410905108,-0.07398988943473972
utmos,mahalanobis,0.3,20270009,nisqa_val_live,750,200,0.78,2.2364578247070312,3.6360291481018066,0.805,2.3083507192134856,3.557432128190994,0.025000000000000022,0.07189289450645431,-0.07859701991081236
utmos,mahalanobis,0.3,20270009,nisqa_test_for,750,240,0.9208333333333333,2.2364578247070312,2.6336487034956613,0.9125,2.265978796283404,2.6738695830106733,-0.008333333333333304,0.0295209715763729,0.040220879515012076
utmos,mahalanobis,0.3,20270009,nisqa_test_livetalk,750,232,0.6551724137931034,2.2364578247070312,4.570341375367395,0.6724137931034483,2.3211021711086404,4.361755101845183,0.017241379310344862,0.08464434640160912,-0.20858627352221237
utmos,mahalanobis,0.3,20270009,nisqa_test_p501,750,240,0.9125,2.2364578247070312,2.5576037665208182,0.9291666666666667,2.318267527222633,2.5768884946902593,0.01666666666666672,0.08180970251560193,0.019284728169441046
utmos,l2,0.3,20270009,nisqa_val_sim,750,1750,0.904,2.2364578247070312,2.8910864625658306,0.8891428571428571,2.141437060219901,2.837309666769845,-0.014857142857142902,-0.09502076448713037,-0.0537767957959856
utmos,l2,0.3,20270009,nisqa_train_live,750,1020,0.807843137254902,2.2364578247070312,3.361785570780436,0.7588235294117647,1.9704489226434745,3.673494840135761,-0.0490196078431373,-0.26600890206355676,0.31170926935532517
utmos,l2,0.3,20270009,nisqa_val_live,750,200,0.78,2.2364578247070312,3.6360291481018066,0.745,1.968481740951538,3.7665752029418944,-0.03500000000000003,-0.2679760837554932,0.13054605484008786
utmos,l2,0.3,20270009,nisqa_test_for,750,240,0.9208333333333333,2.2364578247070312,2.6336487034956613,0.9166666666666666,2.2084432899951936,2.6536797245343524,-0.004166666666666652,-0.02801453471183768,0.020031021038691144
utmos,l2,0.3,20270009,nisqa_test_livetalk,750,232,0.6551724137931034,2.2364578247070312,4.570341375367395,0.6594827586206896,2.138951870901831,4.591112700001947,0.004310344827586188,-0.09750595380520011,0.020771324634552002
utmos,l2,0.3,20270009,nisqa_test_p501,750,240,0.9125,2.2364578247070312,2.5576037665208182,0.8958333333333334,2.1118726273377737,2.470444057385127,-0.016666666666666607,-0.12458519736925755,-0.08715970913569127
utmos,knn,0.3,20270009,nisqa_val_sim,750,1750,0.904,2.2364578247070312,2.8910864625658306,0.8982857142857142,2.201181630270822,2.903946804864066,-0.005714285714285783,-0.03527619443620944,0.012860342298235405
utmos,knn,0.3,20270009,nisqa_train_live,750,1020,0.807843137254902,2.2364578247070312,3.361785570780436,0.7990196078431373,2.2281502922375997,3.4276875671218425,-0.008823529411764675,-0.0083075324694315,0.06590199634140648
utmos,knn,0.3,20270009,nisqa_val_live,750,200,0.78,2.2364578247070312,3.6360291481018066,0.77,2.236051446199417,3.6829884469509127,-0.010000000000000009,-0.0004063785076140469,0.0469592988491061
utmos,knn,0.3,20270009,nisqa_test_for,750,240,0.9208333333333333,2.2364578247070312,2.6336487034956613,0.9041666666666667,2.2048295815785726,2.6857446312904356,-0.016666666666666607,-0.03162824312845869,0.052095927794774344
utmos,knn,0.3,20270009,nisqa_test_livetalk,750,232,0.6551724137931034,2.2364578247070312,4.570341375367395,0.6422413793103449,2.2257345945670686,4.640171993395378,-0.012931034482758563,-0.01072323013996268,0.06983061802798307
utmos,knn,0.3,20270009,nisqa_test_p501,750,240,0.9125,2.2364578247070312,2.5576037665208182,0.8916666666666667,2.2073529720306397,2.5848043322563172,-0.02083333333333326,-0.029104852676391513,0.027200565735499005
utmos,mahalanobis,0.3,20270010,nisqa_val_sim,750,1750,0.8737142857142857,2.112213611602783,2.9033512973785403,0.8805714285714286,2.148348878587995,2.8983486047472273,0.006857142857142895,0.03613526698521197,-0.005002692631312922
utmos,mahalanobis,0.3,20270010,nisqa_train_live,750,1020,0.7686274509803922,2.112213611602783,3.5033830497779097,0.7901960784313725,2.147199275446873,3.445373443996205,0.021568627450980316,0.03498566384408974,-0.058009605781704554
utmos,mahalanobis,0.3,20270010,nisqa_val_live,750,200,0.76,2.112213611602783,3.7962020516395567,0.76,2.156774790287018,3.731995208263397,0.0,0.044561178684234815,-0.06420684337615956
utmos,mahalanobis,0.3,20270010,nisqa_test_for,750,240,0.9041666666666667,2.112213611602783,2.6157258252302804,0.9083333333333333,2.1665705859661104,2.650170298417409,0.004166666666666652,0.054356974363327204,0.03444447318712873
utmos,mahalanobis,0.3,20270010,nisqa_test_livetalk,750,232,0.6293103448275862,2.112213611602783,4.893028861489789,0.6508620689655172,2.161499627705278,4.7275668136004745,0.02155172413793105,0.049286016102494834,-0.1654620478893145
utmos,mahalanobis,0.3,20270010,nisqa_test_p501,750,240,0.8875,2.112213611602783,2.560474614302317,0.9083333333333333,2.1798598488171894,2.5394336700439455,0.02083333333333337,0.06764623721440621,-0.021040944258371663
utmos,l2,0.3,20270010,nisqa_val_sim,750,1750,0.8737142857142857,2.112213611602783,2.9033512973785403,0.8862857142857142,2.1552746477127074,2.8328865900039673,0.012571428571428567,0.04306103610992418,-0.070464707374573
utmos,l2,0.3,20270010,nisqa_train_live,750,1020,0.7686274509803922,2.112213611602783,3.5033830497779097,0.7480392156862745,1.9593304150244768,3.7327863410407423,-0.020588235294117685,-0.1528831965783064,0.22940329126283254
utmos,l2,0.3,20270010,nisqa_val_live,750,200,0.76,2.112213611602783,3.7962020516395567,0.75,1.9607238280773163,3.813832746744156,-0.010000000000000009,-0.15148978352546694,0.017630695104599248
utmos,l2,0.3,20270010,nisqa_test_for,750,240,0.9041666666666667,2.112213611602783,2.6157258252302804,0.9208333333333333,2.2254374553759892,2.6681426992019017,0.016666666666666607,0.11322384377320605,0.052416873971621314
utmos,l2,0.3,20270010,nisqa_test_livetalk,750,232,0.6293103448275862,2.112213611602783,4.893028861489789,0.6508620689655172,2.148181030462528,4.528521900546962,0.02155172413793105,0.03596741885974497,-0.3645069609428271
utmos,l2,0.3,20270010,nisqa_test_p501,750,240,0.8875,2.112213611602783,2.560474614302317,0.9208333333333333,2.12807276447614,2.439137464761734,0.033333333333333326,0.01585915287335693,-0.12133714954058306
utmos,knn,0.3,20270010,nisqa_val_sim,750,1750,0.8737142857142857,2.112213611602783,2.9033512973785403,0.8862857142857142,2.15042296395983,2.88260489995139,0.012571428571428567,0.03820935235704681,-0.02074639742715023
utmos,knn,0.3,20270010,nisqa_train_live,750,1020,0.7686274509803922,2.112213611602783,3.5033830497779097,0.7774509803921569,2.169575489502327,3.4604181254611297,0.008823529411764675,0.057361877899543945,-0.04296492431678001
utmos,knn,0.3,20270010,nisqa_val_live,750,200,0.76,2.112213611602783,3.7962020516395567,0.775,2.1730210793018343,3.734168220758438,0.015000000000000013,0.0608074676990511,-0.06203383088111858
utmos,knn,0.3,20270010,nisqa_test_for,750,240,0.9041666666666667,2.112213611602783,2.6157258252302804,0.9,2.159308820962906,2.63700407743454,-0.004166666666666652,0.04709520936012268,0.021278252204259385
utmos,knn,0.3,20270010,nisqa_test_livetalk,750,232,0.6293103448275862,2.112213611602783,4.893028861489789,0.6293103448275862,2.1484404822875716,4.820727687457512,0.0,0.03622687068478836,-0.07230117403227698
utmos,knn,0.3,20270010,nisqa_test_p501,750,240,0.8875,2.112213611602783,2.560474614302317,0.8833333333333333,2.165791403253873,2.5748483151197434,-0.004166666666666652,0.05357779165108978,0.014373700817426283
utmos,mahalanobis,0.3,20270011,nisqa_val_sim,750,1750,0.9074285714285715,2.25276780128479,2.827164671761649,0.912,2.313627507346017,2.8601904201507566,0.00457142857142856,0.06085970606122704,0.033025748389107434
utmos,mahalanobis,0.3,20270011,nisqa_train_live,750,1020,0.8107843137254902,2.25276780128479,3.3470671924890256,0.8323529411764706,2.3789231608895696,3.246520275695651,0.021568627450980427,0.12615535960477953,-0.10054691679337457
utmos,mahalanobis,0.3,20270011,nisqa_val_live,750,200,0.78,2.25276780128479,3.6164571762084963,0.795,2.3731123995780945,3.519705362319946,0.015000000000000013,0.12034459829330446,-0.09675181388855014
utmos,mahalanobis,0.3,20270011,nisqa_test_for,750,240,0.9208333333333333,2.25276780128479,2.6370466152826944,0.9208333333333333,2.279570565621058,2.6554263790448505,0.0,0.026802764336268048,0.01837976376215611
utmos,mahalanobis,0.3,20270011,nisqa_test_livetalk,750,232,0.6637931034482759,2.25276780128479,4.530922643069563,0.7025862068965517,2.3806067232427925,4.35257515619541,0.0387931034482758,0.1278389219580025,-0.17834748687415303
utmos,mahalanobis,0.3,20270011,nisqa_test_p501,750,240,0.9166666666666666,2.25276780128479,2.5601417124271393,0.925,2.3337612092494964,2.6106145322322845,0.008333333333333415,0.08099340796470633,0.050472819805145175
utmos,l2,0.3,20270011,nisqa_val_sim,750,1750,0.9074285714285715,2.25276780128479,2.827164671761649,0.8977142857142857,2.2153645421436856,2.8353194674083166,-0.009714285714285786,-0.03740325914110443,0.008154795646667434
utmos,l2,0.3,20270011,nisqa_train_live,750,1020,0.8107843137254902,2.25276780128479,3.3470671924890256,0.7647058823529411,2.0287728777118756,3.5674975245606664,-0.04607843137254908,-0.2239949235729144,0.22043033207164076
utmos,l2,0.3,20270011,nisqa_val_live,750,200,0.78,2.25276780128479,3.6164571762084963,0.75,2.0082634711265563,3.4924753093719483,-0.030000000000000027,-0.2445043301582337,-0.123981866836548
utmos,l2,0.3,20270011,nisqa_test_for,750,240,0.9208333333333333,2.25276780128479,2.6370466152826944,0.9166666666666666,2.3105515519777935,2.678925661245982,-0.004166666666666652,0.057783750693003455,0.04187904596328762
utmos,l2,0.3,20270011,nisqa_test_livetalk,750,232,0.6637931034482759,2.25276780128479,4.530922643069563,0.6939655172413793,2.248919320517573,4.440660900083081,0.030172413793103425,-0.0038484807672172217,-0.09026174298648204
utmos,l2,0.3,20270011,nisqa_test_p501,750,240,0.9166666666666666,2.25276780128479,2.5601417124271393,0.8958333333333334,2.1633831789096196,2.5450499087572096,-0.02083333333333326,-0.08938462237517042,-0.015091803669929682
utmos,knn,0.3,20270011,nisqa_val_sim,750,1750,0.9074285714285715,2.25276780128479,2.827164671761649,0.8942857142857142,2.2456744839804514,2.8371869801112584,-0.013142857142857234,-0.007093317304338598,0.010022308349609155
utmos,knn,0.3,20270011,nisqa_train_live,750,1020,0.8107843137254902,2.25276780128479,3.3470671924890256,0.8166666666666667,2.354766665720472,3.392226644590789,0.00588235294117645,0.10199886443568218,0.04515945210176353
utmos,knn,0.3,20270011,nisqa_val_live,750,200,0.78,2.25276780128479,3.6164571762084963,0.805,2.3559367847442627,3.599766833782196,0.025000000000000022,0.10316898345947267,-0.016690342426300298
utmos,knn,0.3,20270011,nisqa_test_for,750,240,0.9208333333333333,2.25276780128479,2.6370466152826944,0.9,2.2119409799575807,2.6529936254024507,-0.02083333333333326,-0.040826821327209384,0.0159470101197563
utmos,knn,0.3,20270011,nisqa_test_livetalk,750,232,0.6637931034482759,2.25276780128479,4.530922643069563,0.6681034482758621,2.295056170430677,4.610957359445506,0.004310344827586188,0.04228836914588685,0.08003471637594295
utmos,knn,0.3,20270011,nisqa_test_p501,750,240,0.9166666666666666,2.25276780128479,2.5601417124271393,0.9125,2.278938764333725,2.5873830556869506,-0.004166666666666652,0.026170963048934848,0.027241343259811313
utmos,mahalanobis,0.3,20270012,nisqa_val_sim,750,1750,0.9011428571428571,2.228445529937744,2.834624060222081,0.9011428571428571,2.2319183509009224,2.832929425512041,0.0,0.003472820963178247,-0.0016946347100397219
utmos,mahalanobis,0.3,20270012,nisqa_train_live,750,1020,0.8068627450980392,2.228445529937744,3.369216154603397,0.8107843137254902,2.256938936429865,3.3670731640329548,0.0039215686274509665,0.028493406492120954,-0.0021429905704422048
utmos,mahalanobis,0.3,20270012,nisqa_val_live,750,200,0.78,2.228445529937744,3.6456439018249513,0.78,2.256957607269287,3.6551294493675233,0.0,0.02851207733154304,0.009485547542571915
utmos,mahalanobis,0.3,20270012,nisqa_test_for,750,240,0.9208333333333333,2.228445529937744,2.6319794754187265,0.9291666666666667,2.276884588599205,2.672117911775907,0.008333333333333415,0.0484390586614607,0.040138436357180396
utmos,mahalanobis,0.3,20270012,nisqa_test_livetalk,750,232,0.6551724137931034,2.228445529937744,4.589957683250822,0.6594827586206896,2.2578625565972823,4.519068355190343,0.004310344827586188,0.02941702665953816,-0.07088932806047943
utmos,mahalanobis,0.3,20270012,nisqa_test_p501,750,240,0.9083333333333333,2.228445529937744,2.556805988152822,0.9041666666666667,2.2772226691246034,2.5996094206968943,-0.004166666666666652,0.04877713918685922,0.04280343254407226
utmos,l2,0.3,20270012,nisqa_val_sim,750,1750,0.9011428571428571,2.228445529937744,2.834624060222081,0.9125714285714286,2.252260719026838,2.7715046977996827,0.011428571428571455,0.02381518908909408,-0.06311936242239824
utmos,l2,0.3,20270012,nisqa_train_live,750,1020,0.8068627450980392,2.228445529937744,3.369216154603397,0.7833333333333333,2.0699796795845034,3.501202071648018,-0.02352941176470591,-0.1584658503532408,0.13198591704462093
utmos,l2,0.3,20270012,nisqa_val_live,750,200,0.78,2.228445529937744,3.6456439018249513,0.77,2.054771727323532,3.585882157087326,-0.010000000000000009,-0.17367380261421195,-0.0597617447376253
utmos,l2,0.3,20270012,nisqa_test_for,750,240,0.9208333333333333,2.228445529937744,2.6319794754187265,0.9375,2.3326702346404393,2.6806986262400945,0.01666666666666672,0.10422470470269518,0.04871915082136802
utmos,l2,0.3,20270012,nisqa_test_livetalk,750,232,0.6551724137931034,2.228445529937744,4.589957683250822,0.6982758620689655,2.269270774619333,4.321996009555356,0.0431034482758621,0.04082524468158866,-0.2679616736954662
utmos,l2,0.3,20270012,nisqa_test_p501,750,240,0.9083333333333333,2.228445529937744,2.556805988152822,0.9208333333333333,2.225608535607656,2.498386589686076,0.012499999999999956,-0.002836994330088327,-0.05841939846674604
utmos,knn,0.3,20270012,nisqa_val_sim,750,1750,0.9011428571428571,2.228445529937744,2.834624060222081,0.9028571428571428,2.2269735374450685,2.8238525864737376,0.0017142857142856682,-0.0014719924926756,-0.010771473748343308
utmos,knn,0.3,20270012,nisqa_train_live,750,1020,0.8068627450980392,2.228445529937744,3.369216154603397,0.796078431372549,2.253269523966546,3.376708454945508,-0.010784313725490269,0.024823994028801977,0.0074923003421112355
utmos,knn,0.3,20270012,nisqa_val_live,750,200,0.78,2.228445529937744,3.6456439018249513,0.78,2.256398454904556,3.609286264181137,0.0,0.02795292496681201,-0.03635763764381439
utmos,knn,0.3,20270012,nisqa_test_for,750,240,0.9208333333333333,2.228445529937744,2.6319794754187265,0.9083333333333333,2.214455306529999,2.638938973347346,-0.012499999999999956,-0.013990223407745361,0.006959497928619385
utmos,knn,0.3,20270012,nisqa_test_livetalk,750,232,0.6551724137931034,2.228445529937744,4.589957683250822,0.6594827586206896,2.2333374033714164,4.620411471046251,0.004310344827586188,0.004891873433672256,0.03045378779542851
utmos,knn,0.3,20270012,nisqa_test_p501,750,240,0.9083333333333333,2.228445529937744,2.556805988152822,0.8958333333333334,2.2256306022405625,2.55451841255029,-0.012499999999999956,-0.002814927697181613,-0.0022875756025317884
utmos,mahalanobis,0.3,20270013,nisqa_val_sim,750,1750,0.9182857142857143,2.2922916412353516,2.830601370675223,0.9125714285714286,2.2900612491880143,2.8499353233064926,-0.005714285714285672,-0.002230392047337215,0.01933395263126947
utmos,mahalanobis,0.3,20270013,nisqa_train_live,750,1020,0.8196078431372549,2.2922916412353516,3.3135222874435724,0.8107843137254902,2.3027613055472282,3.4146729156082753,-0.008823529411764675,0.01046966431187668,0.101150628164703
utmos,mahalanobis,0.3,20270013,nisqa_val_live,750,200,0.79,2.2922916412353516,3.5710299253463744,0.785,2.281699559688568,3.6760120844841,-0.0050000000000000044,-0.010592081546783483,0.1049821591377258
utmos,mahalanobis,0.3,20270013,nisqa_test_for,750,240,0.9291666666666667,2.2922916412353516,2.6467131078243256,0.9333333333333333,2.290071863929431,2.64578495323658,0.004166666666666652,-0.0022197773059207115,-0.0009281545877457553
utmos,mahalanobis,0.3,20270013,nisqa_test_livetalk,750,232,0.6637931034482759,2.2922916412353516,4.437564607324271,0.6551724137931034,2.262046403925994,4.6362932437452775,-0.008620689655172487,-0.030245237309357353,0.19872863642100658
utmos,mahalanobis,0.3,20270013,nisqa_test_p501,750,240,0.925,2.2922916412353516,2.5685501595338187,0.9041666666666667,2.273771431048711,2.6324821770191194,-0.02083333333333337,-0.01852021018664063,0.06393201748530064
utmos,l2,0.3,20270013,nisqa_val_sim,750,1750,0.9182857142857143,2.2922916412353516,2.830601370675223,0.9102857142857143,2.2146122023718697,2.7766891074861797,-0.008000000000000007,-0.07767943886348183,-0.05391226318904341
utmos,l2,0.3,20270013,nisqa_train_live,750,1020,0.8196078431372549,2.2922916412353516,3.3135222874435724,0.7617647058823529,2.004356644667831,3.6540766356038112,-0.05784313725490198,-0.2879349965675204,0.3405543481602389
utmos,l2,0.3,20270013,nisqa_val_live,750,200,0.79,2.2922916412353516,3.5710299253463744,0.76,2.005678600072861,3.6665152847766875,-0.030000000000000027,-0.28661304116249076,0.09548535943031311
utmos,l2,0.3,20270013,nisqa_test_for,750,240,0.9291666666666667,2.2922916412353516,2.6467131078243256,0.9333333333333333,2.3069960484902063,2.679042042295138,0.004166666666666652,0.014704407254854779,0.03232893447081242
utmos,l2,0.3,20270013,nisqa_test_livetalk,750,232,0.6637931034482759,2.2922916412353516,4.437564607324271,0.6939655172413793,2.2323374758506644,4.483654606958916,0.030172413793103425,-0.05995416538468712,0.04608999963464466
utmos,l2,0.3,20270013,nisqa_test_p501,750,240,0.925,2.2922916412353516,2.5685501595338187,0.9083333333333333,2.2176794578631718,2.513521201411883,-0.01666666666666672,-0.07461218337217979,-0.055028958121935645
utmos,knn,0.3,20270013,nisqa_val_sim,750,1750,0.9182857142857143,2.2922916412353516,2.830601370675223,0.9211428571428572,2.3497669200897215,2.8417248366219656,0.0028571428571428914,0.05747527885436998,0.011123465946742517
utmos,knn,0.3,20270013,nisqa_train_live,750,1020,0.8196078431372549,2.2922916412353516,3.3135222874435724,0.8470588235294118,2.445164195696513,3.2862139907537724,0.027450980392156876,0.15287255446116133,-0.02730829668979995
utmos,knn,0.3,20270013,nisqa_val_live,750,200,0.79,2.2922916412353516,3.5710299253463744,0.82,2.4383370804786684,3.4783557939529417,0.029999999999999916,0.1460454392433168,-0.09267413139343272
utmos,knn,0.3,20270013,nisqa_test_for,750,240,0.9291666666666667,2.2922916412353516,2.6467131078243256,0.9291666666666667,2.3022499561309813,2.609106041987737,0.0,0.009958314895629705,-0.03760706583658857
utmos,knn,0.3,20270013,nisqa_test_livetalk,750,232,0.6637931034482759,2.2922916412353516,4.437564607324271,0.6896551724137931,2.37741985197725,4.430074558175844,0.025862068965517238,0.08512821074189825,-0.007490049148427325
utmos,knn,0.3,20270013,nisqa_test_p501,750,240,0.925,2.2922916412353516,2.5685501595338187,0.9333333333333333,2.3726443151632943,2.600187063217163,0.008333333333333304,0.08035267392794276,0.031636903683344375
utmos,mahalanobis,0.3,20270014,nisqa_val_sim,750,1750,0.924,2.3154208660125732,2.80569331577846,0.9171428571428571,2.3915875483921596,2.8830673825400215,-0.006857142857142895,0.07616668237958635,0.07737406676156144
utmos,mahalanobis,0.3,20270014,nisqa_train_live,750,1020,0.8235294117647058,2.3154208660125732,3.295328977061253,0.8401960784313726,2.449252380109301,3.3263013376909143,0.01666666666666672,0.13383151409672767,0.030972360629661466
utmos,mahalanobis,0.3,20270014,nisqa_val_live,750,200,0.795,2.3154208660125732,3.5465880393981934,0.84,2.455847909450531,3.4652623438835146,0.04499999999999993,0.14042704343795798,-0.08132569551467883
utmos,mahalanobis,0.3,20270014,nisqa_test_for,750,240,0.9291666666666667,2.3154208660125732,2.653459131717682,0.9166666666666666,2.334969735145569,2.7046612163384753,-0.012500000000000067,0.019548869132995694,0.05120208462079345
utmos,mahalanobis,0.3,20270014,nisqa_test_livetalk,750,232,0.6637931034482759,2.3154208660125732,4.382931783281523,0.7198275862068966,2.423805004563825,4.320455251068904,0.05603448275862066,0.10838413855125184,-0.06247653221261906
utmos,mahalanobis,0.3,20270014,nisqa_test_p501,750,240,0.925,2.3154208660125732,2.574332465728124,0.9458333333333333,2.430062093337377,2.6075457910696667,0.02083333333333326,0.11464122732480364,0.03321332534154253
utmos,l2,0.3,20270014,nisqa_val_sim,750,1750,0.924,2.3154208660125732,2.80569331577846,0.9285714285714286,2.305899661064148,2.7647596578598024,0.00457142857142856,-0.009521204948425233,-0.04093365791865766
utmos,l2,0.3,20270014,nisqa_train_live,750,1020,0.8235294117647058,2.3154208660125732,3.295328977061253,0.7725490196078432,2.0647203008333843,3.598694071816463,-0.050980392156862675,-0.25070056517918893,0.30336509475521023
utmos,l2,0.3,20270014,nisqa_val_live,750,200,0.795,2.3154208660125732,3.5465880393981934,0.78,2.072853510379791,3.567607991695404,-0.015000000000000013,-0.2425673556327821,0.021019952297210764
utmos,l2,0.3,20270014,nisqa_test_for,750,240,0.9291666666666667,2.3154208660125732,2.653459131717682,0.9458333333333333,2.3884349276622134,2.712536961833636,0.016666666666666607,0.0730140616496402,0.05907783011595402
utmos,l2,0.3,20270014,nisqa_test_livetalk,750,232,0.6637931034482759,2.3154208660125732,4.382931783281523,0.7112068965517241,2.3106359346159575,4.179798039896735,0.047413793103448176,-0.0047849313966157325,-0.20313374338478862
utmos,l2,0.3,20270014,nisqa_test_p501,750,240,0.925,2.3154208660125732,2.574332465728124,0.9375,2.279196791847547,2.516696287194888,0.012499999999999956,-0.036224074165026376,-0.057636178533236215
utmos,knn,0.3,20270014,nisqa_val_sim,750,1750,0.924,2.3154208660125732,2.80569331577846,0.9194285714285715,2.320585457120623,2.824094817842756,-0.00457142857142856,0.0051645911080497875,0.018401502064295805
utmos,knn,0.3,20270014,nisqa_train_live,750,1020,0.8235294117647058,2.3154208660125732,3.295328977061253,0.8362745098039216,2.4180998675963457,3.340115405998978,0.012745098039215752,0.10267900158377241,0.04478642893772511
utmos,knn,0.3,20270014,nisqa_val_live,750,200,0.795,2.3154208660125732,3.5465880393981934,0.815,2.3931057333946226,3.6111921310424804,0.019999999999999907,0.07768486738204938,0.06460409164428693
utmos,knn,0.3,20270014,nisqa_test_for,750,240,0.9291666666666667,2.3154208660125732,2.653459131717682,0.9,2.3123376886049907,2.672214609384537,-0.029166666666666674,-0.0030831774075825713,0.018755477666855036
utmos,knn,0.3,20270014,nisqa_test_livetalk,750,232,0.6637931034482759,2.3154208660125732,4.382931783281523,0.6810344827586207,2.365353027294422,4.4046046014489795,0.01724137931034475,0.04993216128184885,0.021672818167456143
utmos,knn,0.3,20270014,nisqa_test_p501,750,240,0.925,2.3154208660125732,2.574332465728124,0.9291666666666667,2.350411436955134,2.611673734585444,0.004166666666666652,0.03499057094256086,0.03734126885732003
utmos,mahalanobis,0.3,20270015,nisqa_val_sim,750,1750,0.8942857142857142,2.1992969512939453,2.8546481963566372,0.8885714285714286,2.177271322250366,2.868358777999878,-0.005714285714285672,-0.022025629043579187,0.013710581643240793
utmos,mahalanobis,0.3,20270015,nisqa_train_live,750,1020,0.7931372549019607,2.1992969512939453,3.3984742258109297,0.8127450980392157,2.248395207816479,3.331177029890173,0.019607843137254943,0.049098256522533745,-0.06729719592075689
utmos,mahalanobis,0.3,20270015,nisqa_val_live,750,200,0.78,2.1992969512939453,3.68062219619751,0.775,2.2547109127044678,3.618185269832611,-0.0050000000000000044,0.05541396141052246,-0.06243692636489895
utmos,mahalanobis,0.3,20270015,nisqa_test_for,750,240,0.9166666666666666,2.1992969512939453,2.626007248957952,0.9083333333333333,2.1616192956765494,2.6430233319600425,-0.008333333333333304,-0.03767765561739589,0.017016083002090454
utmos,mahalanobis,0.3,20270015,nisqa_test_livetalk,750,232,0.6422413793103449,2.1992969512939453,4.663529231630522,0.6594827586206896,2.2606049693863968,4.535184632087576,0.01724137931034475,0.061308018092451455,-0.1283445995429462
utmos,mahalanobis,0.3,20270015,nisqa_test_p501,750,240,0.8958333333333334,2.1992969512939453,2.555496037006378,0.9083333333333333,2.2297392626603445,2.569200470050176,0.012499999999999956,0.03044231136639919,0.01370443304379787
utmos,l2,0.3,20270015,nisqa_val_sim,750,1750,0.8942857142857142,2.1992969512939453,2.8546481963566372,0.8982857142857142,2.220837663922991,2.817116037096296,0.0040000000000000036,0.02154071262904589,-0.037532159260341036
utmos,l2,0.3,20270015,nisqa_train_live,750,1020,0.7931372549019607,2.1992969512939453,3.3984742258109297,0.753921568627451,2.0070836880627803,3.623864050939971,-0.039215686274509776,-0.19221326323116505,0.22538982512904138
utmos,l2,0.3,20270015,nisqa_val_live,750,200,0.78,2.1992969512939453,3.68062219619751,0.735,1.996865689754486,3.6449105620384215,-0.04500000000000004,-0.20243126153945923,-0.0357116341590884
utmos,l2,0.3,20270015,nisqa_test_for,750,240,0.9166666666666666,2.1992969512939453,2.626007248957952,0.9291666666666667,2.3134722967942554,2.718925054868062,0.012500000000000067,0.11417534550031005,0.09291780591011012
utmos,l2,0.3,20270015,nisqa_test_livetalk,750,232,0.6422413793103449,2.1992969512939453,4.663529231630522,0.6896551724137931,2.2324509353473267,4.397716440003494,0.04741379310344829,0.033153984053381436,-0.2658127916270283
utmos,l2,0.3,20270015,nisqa_test_p501,750,240,0.8958333333333334,2.1992969512939453,2.555496037006378,0.9208333333333333,2.1923508246739707,2.4909193019072213,0.02499999999999991,-0.006946126619974624,-0.06457673509915685
utmos,knn,0.3,20270015,nisqa_val_sim,750,1750,0.8942857142857142,2.1992969512939453,2.8546481963566372,0.884,2.179305468423026,2.8706239926474435,-0.010285714285714231,-0.01999148287091934,0.015975796290806255
utmos,knn,0.3,20270015,nisqa_train_live,750,1020,0.7931372549019607,2.1992969512939453,3.3984742258109297,0.8098039215686275,2.2958637099640042,3.361883034659367,0.01666666666666672,0.09656675867005893,-0.03659119115156262
utmos,knn,0.3,20270015,nisqa_val_live,750,200,0.78,2.1992969512939453,3.68062219619751,0.795,2.301685734987259,3.557709714174271,0.015000000000000013,0.10238878369331372,-0.12291248202323901
utmos,knn,0.3,20270015,nisqa_test_for,750,240,0.9166666666666666,2.1992969512939453,2.626007248957952,0.8958333333333334,2.12737774848938,2.6355163554350534,-0.02083333333333326,-0.07191920280456543,0.009509106477101348
utmos,knn,0.3,20270015,nisqa_test_livetalk,750,232,0.6422413793103449,2.1992969512939453,4.663529231630522,0.6637931034482759,2.2809598795298873,4.532658357044746,0.02155172413793105,0.08166292823594201,-0.13087087458577606
utmos,knn,0.3,20270015,nisqa_test_p501,750,240,0.8958333333333334,2.1992969512939453,2.555496037006378,0.9125,2.2118170420328775,2.5918941259384156,0.016666666666666607,0.012520090738932232,0.03639808893203744
utmos,mahalanobis,0.3,20270016,nisqa_val_sim,750,1750,0.8994285714285715,2.2255935668945312,2.7788091850280763,0.8988571428571429,2.2475520308358328,2.8106047409602573,-0.0005714285714285561,0.02195846394130152,0.031795555932180974
utmos,mahalanobis,0.3,20270016,nisqa_train_live,750,1020,0.8058823529411765,2.2255935668945312,3.3718906921498917,0.8264705882352941,2.3397859788408466,3.315626439861223,0.020588235294117574,0.11419241194631535,-0.056264252288668715
utmos,mahalanobis,0.3,20270016,nisqa_val_live,750,200,0.78,2.2255935668945312,3.6490662574768065,0.795,2.334950532913208,3.540030791759491,0.015000000000000013,0.10935696601867662,-0.10903546571731537
utmos,mahalanobis,0.3,20270016,nisqa_test_for,750,240,0.9208333333333333,2.2255935668945312,2.6313853164513907,0.9083333333333333,2.1936967452367147,2.645497379700343,-0.012499999999999956,-0.0318968216578166,0.0141120632489522
utmos,mahalanobis,0.3,20270016,nisqa_test_livetalk,750,232,0.6551724137931034,2.2255935668945312,4.596940075529033,0.6853448275862069,2.3228230476379395,4.467729095754953,0.030172413793103425,0.0972294807434082,-0.12921097977408014
utmos,mahalanobis,0.3,20270016,nisqa_test_p501,750,240,0.9083333333333333,2.2255935668945312,2.5565683245658875,0.9208333333333333,2.2757590691248577,2.6031817773977917,0.012499999999999956,0.05016550223032645,0.04661345283190421
utmos,l2,0.3,20270016,nisqa_val_sim,750,1750,0.8994285714285715,2.2255935668945312,2.7788091850280763,0.8982857142857142,2.2148207032339915,2.724374840055193,-0.0011428571428572232,-0.010772863660539755,-0.05443434497288324
utmos,l2,0.3,20270016,nisqa_train_live,750,1020,0.8058823529411765,2.2255935668945312,3.3718906921498917,0.7607843137254902,2.0074639306348914,3.6092675302542894,-0.045098039215686336,-0.21812963625963988,0.2373768381043977
utmos,l2,0.3,20270016,nisqa_val_live,750,200,0.78,2.2255935668945312,3.6490662574768065,0.755,2.0015501141548158,3.591016376018524,-0.025000000000000022,-0.2240434527397155,-0.05804988145828238
utmos,l2,0.3,20270016,nisqa_test_for,750,240,0.9208333333333333,2.2255935668945312,2.6313853164513907,0.9291666666666667,2.302968873580297,2.6843650380770367,0.008333333333333415,0.07737530668576564,0.052979721625646015
utmos,l2,0.3,20270016,nisqa_test_livetalk,750,232,0.6551724137931034,2.2255935668945312,4.596940075529033,0.6767241379310345,2.235558100815477,4.386543010843211,0.02155172413793105,0.009964533920945762,-0.21039706468582153
utmos,l2,0.3,20270016,nisqa_test_p501,750,240,0.9083333333333333,2.2255935668945312,2.5565683245658875,0.9208333333333333,2.194189367691676,2.5072261969248455,0.012499999999999956,-0.03140419920285531,-0.049342127641041955
utmos,knn,0.3,20270016,nisqa_val_sim,750,1750,0.8994285714285715,2.2255935668945312,2.7788091850280763,0.8965714285714286,2.224535417011806,2.833529390062605,-0.0028571428571428914,-0.0010581498827253455,0.05472020503452857
utmos,knn,0.3,20270016,nisqa_train_live,750,1020,0.8058823529411765,2.2255935668945312,3.3718906921498917,0.8313725490196079,2.3780657829022873,3.3907118409287698,0.025490196078431393,0.15247221600775607,0.018821148778878083
utmos,knn,0.3,20270016,nisqa_val_live,750,200,0.78,2.2255935668945312,3.6490662574768065,0.805,2.382403573989868,3.524949333667755,0.025000000000000022,0.15681000709533688,-0.12411692380905137
utmos,knn,0.3,20270016,nisqa_test_for,750,240,0.9208333333333333,2.2255935668945312,2.6313853164513907,0.9,2.1110464096069337,2.5643899897734324,-0.02083333333333326,-0.11454715728759757,-0.06699532667795838
utmos,knn,0.3,20270016,nisqa_test_livetalk,750,232,0.6551724137931034,2.2255935668945312,4.596940075529033,0.6767241379310345,2.330461635671813,4.566654067614983,0.02155172413793105,0.10486806877728183,-0.030286007914050117
utmos,knn,0.3,20270016,nisqa_test_p501,750,240,0.9083333333333333,2.2255935668945312,2.5565683245658875,0.9208333333333333,2.2308096885681152,2.5958243707815805,0.012499999999999956,0.005216121673583984,0.03925604621569301
utmos,mahalanobis,0.3,20270017,nisqa_val_sim,750,1750,0.9034285714285715,2.2336864471435547,2.8540682656424385,0.9028571428571428,2.239439916883196,2.85258189364842,-0.0005714285714286671,0.005753469739641304,-0.001486371994018576
utmos,mahalanobis,0.3,20270017,nisqa_train_live,750,1020,0.807843137254902,2.2336864471435547,3.3643395853977576,0.807843137254902,2.234568813267876,3.3618552638035193,0.0,0.0008823661243213543,-0.0024843215942382812
utmos,mahalanobis,0.3,20270017,nisqa_val_live,750,200,0.78,2.2336864471435547,3.6393548011779786,0.78,2.236149606704712,3.64268723487854,0.0,0.00246315956115728,0.0033324337005615767
utmos,mahalanobis,0.3,20270017,nisqa_test_for,750,240,0.9208333333333333,2.2336864471435547,2.633071333169937,0.925,2.2646516382694246,2.6487102627754213,0.004166666666666763,0.03096519112586993,0.015638929605484186
utmos,mahalanobis,0.3,20270017,nisqa_test_livetalk,750,232,0.6551724137931034,2.2336864471435547,4.577126472160734,0.6508620689655172,2.2409661473899054,4.54513786167934,-0.004310344827586188,0.007279700246350718,-0.03198861048139445
utmos,mahalanobis,0.3,20270017,nisqa_test_p501,750,240,0.9125,2.2336864471435547,2.5572573443253837,0.9125,2.254709698756536,2.574589588244756,0.0,0.02102325161298113,0.01733224391937238
utmos,l2,0.3,20270017,nisqa_val_sim,750,1750,0.9034285714285715,2.2336864471435547,2.8540682656424385,0.9091428571428571,2.2525082035064696,2.7957334156036375,0.005714285714285672,0.018821756362914943,-0.05833485003880101
utmos,l2,0.3,20270017,nisqa_train_live,750,1020,0.807843137254902,2.2336864471435547,3.3643395853977576,0.7784313725490196,2.1186488530215093,3.4749050902385337,-0.02941176470588236,-0.1150375941220454,0.1105655048407761
utmos,l2,0.3,20270017,nisqa_val_live,750,200,0.78,2.2336864471435547,3.6393548011779786,0.77,2.112334153652191,3.634057161808014,-0.010000000000000009,-0.12135229349136356,-0.005297639369964635
utmos,l2,0.3,20270017,nisqa_test_for,750,240,0.9208333333333333,2.2336864471435547,2.633071333169937,0.9375,2.293076229095459,2.6464881320794422,0.01666666666666672,0.059389781951904475,0.01341679890950509
utmos,l2,0.3,20270017,nisqa_test_livetalk,750,232,0.6551724137931034,2.2336864471435547,4.577126472160734,0.6982758620689655,2.2386274091128646,4.358552564834726,0.0431034482758621,0.004940961969309932,-0.21857390732600823
utmos,l2,0.3,20270017,nisqa_test_p501,750,240,0.9125,2.2336864471435547,2.5572573443253837,0.9333333333333333,2.217933263381322,2.484188234806061,0.02083333333333337,-0.01575318376223267,-0.07306910951932277
utmos,knn,0.3,20270017,nisqa_val_sim,750,1750,0.9034285714285715,2.2336864471435547,2.8540682656424385,0.9045714285714286,2.2457072225298202,2.848873396737235,0.0011428571428571122,0.012020775386265559,-0.005194868905203709
utmos,knn,0.3,20270017,nisqa_train_live,750,1020,0.807843137254902,2.2336864471435547,3.3643395853977576,0.803921568627451,2.2830415884653728,3.3773068156896855,-0.0039215686274509665,0.04935514132181806,0.012967230291927923
utmos,knn,0.3,20270017,nisqa_val_live,750,200,0.78,2.2336864471435547,3.6393548011779786,0.785,2.2924810886383056,3.6009216785430906,0.0050000000000000044,0.05879464149475089,-0.03843312263488796
utmos,knn,0.3,20270017,nisqa_test_for,750,240,0.9208333333333333,2.2336864471435547,2.633071333169937,0.9083333333333333,2.2503992358843488,2.6724753717581433,-0.012499999999999956,0.01671278874079407,0.03940403858820618
utmos,knn,0.3,20270017,nisqa_test_livetalk,750,232,0.6551724137931034,2.2336864471435547,4.577126472160734,0.6551724137931034,2.261578385172219,4.580991089344025,0.0,0.02789193802866441,0.003864617183290342
utmos,knn,0.3,20270017,nisqa_test_p501,750,240,0.9125,2.2336864471435547,2.5572573443253837,0.8958333333333334,2.258883653084437,2.576307354370753,-0.016666666666666607,0.025197205940882483,0.019050010045369437
utmos,mahalanobis,0.3,20270018,nisqa_val_sim,750,1750,0.8902857142857142,2.1886096000671387,2.8787311935424804,0.8925714285714286,2.2185828744343348,2.899785811969212,0.0022857142857143353,0.0299732743671961,0.02105461842673151
utmos,mahalanobis,0.3,20270018,nisqa_train_live,750,1020,0.7901960784313725,2.1886096000671387,3.4100617497575048,0.8049019607843138,2.2738153890067454,3.427483194248349,0.014705882352941235,0.08520578893960673,0.017421444490844262
utmos,mahalanobis,0.3,20270018,nisqa_val_live,750,200,0.775,2.1886096000671387,3.693728542327881,0.785,2.255177766084671,3.6521068632602693,0.010000000000000009,0.06656816601753235,-0.041621679067611606
utmos,mahalanobis,0.3,20270018,nisqa_test_for,750,240,0.9166666666666666,2.1886096000671387,2.6242260237534842,0.9083333333333333,2.1704521695772807,2.6127168953418733,-0.008333333333333304,-0.018157430489857962,-0.011509128411610892
utmos,mahalanobis,0.3,20270018,nisqa_test_livetalk,750,232,0.6422413793103449,2.1886096000671387,4.691076800740999,0.6724137931034483,2.2366443163362044,4.703556431778546,0.030172413793103425,0.04803471626906575,0.012479631037547456
utmos,mahalanobis,0.3,20270018,nisqa_test_p501,750,240,0.8958333333333334,2.1886096000671387,2.555941343307495,0.9,2.2147458841403327,2.5567170828580856,0.004166666666666652,0.026136284073194016,0.0007757395505905151
utmos,l2,0.3,20270018,nisqa_val_sim,750,1750,0.8902857142857142,2.1886096000671387,2.8787311935424804,0.8971428571428571,2.196341756139483,2.8208317910603116,0.006857142857142895,0.007732156072344232,-0.05789940248216885
utmos,l2,0.3,20270018,nisqa_train_live,750,1020,0.7901960784313725,2.1886096000671387,3.4100617497575048,0.7558823529411764,1.992085411268122,3.619568970857882,-0.03431372549019607,-0.19652418879901656,0.20950722110037745
utmos,l2,0.3,20270018,nisqa_val_live,750,200,0.775,2.1886096000671387,3.693728542327881,0.76,1.9969026410579682,3.7173578584194185,-0.015000000000000013,-0.19170695900917045,0.02362931609153751
utmos,l2,0.3,20270018,nisqa_test_for,750,240,0.9166666666666666,2.1886096000671387,2.6242260237534842,0.925,2.253311350941658,2.6523312280575433,0.008333333333333415,0.06470175087451935,0.02810520430405905
utmos,l2,0.3,20270018,nisqa_test_livetalk,750,232,0.6422413793103449,2.1886096000671387,4.691076800740999,0.6551724137931034,2.2071114542155432,4.4756168383976505,0.012931034482758563,0.01850185414840455,-0.2154599623433482
utmos,l2,0.3,20270018,nisqa_test_p501,750,240,0.8958333333333334,2.1886096000671387,2.555941343307495,0.9208333333333333,2.181421915690104,2.4958974719047546,0.02499999999999991,-0.007187684377034653,-0.06004387140274048
utmos,knn,0.3,20270018,nisqa_val_sim,750,1750,0.8902857142857142,2.1886096000671387,2.8787311935424804,0.8982857142857142,2.250211805343628,2.8847102748325892,0.008000000000000007,0.0616022052764893,0.005979081290108823
utmos,knn,0.3,20270018,nisqa_train_live,750,1020,0.7901960784313725,2.1886096000671387,3.4100617497575048,0.8137254901960784,2.3309665310616587,3.3391381174910304,0.02352941176470591,0.14235693099452007,-0.07092363226647436
utmos,knn,0.3,20270018,nisqa_val_live,750,200,0.775,2.1886096000671387,3.693728542327881,0.805,2.328763680458069,3.562246172428131,0.030000000000000027,0.14015408039093025,-0.13148236989975004
utmos,knn,0.3,20270018,nisqa_test_for,750,240,0.9166666666666666,2.1886096000671387,2.6242260237534842,0.9125,2.207279094060262,2.5964943945407866,-0.004166666666666652,0.018669493993123343,-0.027731629212697673
utmos,knn,0.3,20270018,nisqa_test_livetalk,750,232,0.6422413793103449,2.1886096000671387,4.691076800740999,0.6767241379310345,2.284616096266385,4.590668583738393,0.03448275862068961,0.09600649619924617,-0.10040821700260594
utmos,knn,0.3,20270018,nisqa_test_p501,750,240,0.8958333333333334,2.1886096000671387,2.555941343307495,0.9208333333333333,2.280692783991496,2.5610729734102886,0.02499999999999991,0.09208318392435721,0.005131630102793494
utmos,mahalanobis,0.3,20270019,nisqa_val_sim,750,1750,0.8988571428571429,2.2228024005889893,2.82600439616612,0.9022857142857142,2.22940441431318,2.823742005756923,0.0034285714285713365,0.0066020137241906696,-0.002262390409196957
utmos,mahalanobis,0.3,20270019,nisqa_train_live,750,1020,0.803921568627451,2.2228024005889893,3.374553126447341,0.8166666666666667,2.2589580944940155,3.339858408301484,0.012745098039215641,0.036155693905026265,-0.034694718145857006
utmos,mahalanobis,0.3,20270019,nisqa_val_live,750,200,0.78,2.2228024005889893,3.652415657043457,0.775,2.2590991604328154,3.6511783349514007,-0.0050000000000000044,0.03629675984382619,-0.0012373220920562922
utmos,mahalanobis,0.3,20270019,nisqa_test_for,750,240,0.9208333333333333,2.2228024005889893,2.6308038234710693,0.9291666666666667,2.261673645178477,2.6657801429430643,0.008333333333333415,0.03887124458948765,0.03497631947199498
utmos,mahalanobis,0.3,20270019,nisqa_test_livetalk,750,232,0.6508620689655172,2.2228024005889893,4.603818087742247,0.6681034482758621,2.266374614732019,4.504742626486154,0.017241379310344862,0.0435722141430297,-0.0990754612560929
utmos,mahalanobis,0.3,20270019,nisqa_test_p501,750,240,0.9083333333333333,2.2228024005889893,2.556335727373759,0.9166666666666666,2.2754772643248242,2.6046904464562735,0.008333333333333304,0.052674863735834965,0.04835471908251465
utmos,l2,0.3,20270019,nisqa_val_sim,750,1750,0.8988571428571429,2.2228024005889893,2.82600439616612,0.9148571428571428,2.2763875160217286,2.772125749860491,0.015999999999999903,0.05358511543273936,-0.05387864630562911
utmos,l2,0.3,20270019,nisqa_train_live,750,1020,0.803921568627451,2.2228024005889893,3.374553126447341,0.7754901960784314,2.0545531833873074,3.558081364631653,-0.028431372549019618,-0.16824921720168184,0.18352823818431174
utmos,l2,0.3,20270019,nisqa_val_live,750,200,0.78,2.2228024005889893,3.652415657043457,0.77,2.043309464454651,3.6299899125099184,-0.010000000000000009,-0.17949293613433825,-0.022425744533538516
utmos,l2,0.3,20270019,nisqa_test_for,750,240,0.9208333333333333,2.2228024005889893,2.6308038234710693,0.9333333333333333,2.3432092368602753,2.6850032011667886,0.012500000000000067,0.12040683627128601,0.05419937769571925
utmos,l2,0.3,20270019,nisqa_test_livetalk,750,232,0.6508620689655172,2.2228024005889893,4.603818087742247,0.7025862068965517,2.2680915080267807,4.280529634705905,0.051724137931034475,0.045289107437791465,-0.32328845303634157
utmos,l2,0.3,20270019,nisqa_test_p501,750,240,0.9083333333333333,2.2228024005889893,2.556335727373759,0.925,2.25263361732165,2.5080501894156138,0.01666666666666672,0.02983121673266087,-0.04828553795814505
utmos,knn,0.3,20270019,nisqa_val_sim,750,1750,0.8988571428571429,2.2228024005889893,2.82600439616612,0.9074285714285715,2.2503455238342287,2.825221566608974,0.008571428571428563,0.027543123245239443,-0.0007828295571461474
utmos,knn,0.3,20270019,nisqa_train_live,750,1020,0.803921568627451,2.2228024005889893,3.374553126447341,0.8117647058823529,2.3126894298721763,3.3149767592841504,0.007843137254901933,0.08988702928318704,-0.05957636716319081
utmos,knn,0.3,20270019,nisqa_val_live,750,200,0.78,2.2228024005889893,3.652415657043457,0.805,2.3185628283023836,3.512946914434433,0.025000000000000022,0.09576042771339432,-0.13946874260902398
utmos,knn,0.3,20270019,nisqa_test_for,750,240,0.9208333333333333,2.2228024005889893,2.6308038234710693,0.9041666666666667,2.2015730649232865,2.6268447548151017,-0.016666666666666607,-0.02122933566570273,-0.003959068655967624
utmos,knn,0.3,20270019,nisqa_test_livetalk,750,232,0.6508620689655172,2.2228024005889893,4.603818087742247,0.6767241379310345,2.3106094331576905,4.444419275070059,0.025862068965517238,0.08780703256870126,-0.1593988126721877
utmos,knn,0.3,20270019,nisqa_test_p501,750,240,0.9083333333333333,2.2228024005889893,2.556335727373759,0.9208333333333333,2.2560363938411077,2.56261671880881,0.012499999999999956,0.0332339932521184,0.006280991435051231
utmos,mahalanobis,0.3,20270020,nisqa_val_sim,750,1750,0.916,2.2862584590911865,2.8189734636034283,0.9228571428571428,2.3712784039633616,2.8427618348257884,0.006857142857142784,0.08501994487217512,0.023788371222360105
utmos,mahalanobis,0.3,20270020,nisqa_train_live,750,1020,0.8186274509803921,2.2862584590911865,3.3183956216363346,0.8343137254901961,2.4026246491600487,3.3030517264908434,0.015686274509803977,0.11636619006886217,-0.015343895145491171
utmos,mahalanobis,0.3,20270020,nisqa_val_live,750,200,0.79,2.2862584590911865,3.577666425704956,0.815,2.3910839772224426,3.553759059906006,0.02499999999999991,0.10482551813125607,-0.023907365798950142
utmos,mahalanobis,0.3,20270020,nisqa_test_for,750,240,0.9291666666666667,2.2862584590911865,2.644953429698944,0.9333333333333333,2.4111890852451325,2.7303934852282206,0.004166666666666652,0.12493062615394601,0.08544005552927647
utmos,mahalanobis,0.3,20270020,nisqa_test_livetalk,750,232,0.6637931034482759,2.2862584590911865,4.451815399630316,0.7112068965517241,2.382544660362704,4.331980482257646,0.047413793103448176,0.09628620127151732,-0.11983491737267027
utmos,mahalanobis,0.3,20270020,nisqa_test_p501,750,240,0.925,2.2862584590911865,2.5670418639977775,0.9166666666666666,2.409819373488426,2.671411582827568,-0.008333333333333415,0.1235609143972396,0.10436971882979051
utmos,l2,0.3,20270020,nisqa_val_sim,750,1750,0.916,2.2862584590911865,2.8189734636034283,0.9068571428571428,2.247883694648743,2.7779600648880005,-0.00914285714285723,-0.0383747644424437,-0.04101339871542775
utmos,l2,0.3,20270020,nisqa_train_live,750,1020,0.8186274509803921,2.2862584590911865,3.3183956216363346,0.7578431372549019,2.0025841892934313,3.6728643793685762,-0.0607843137254902,-0.28367426979775523,0.3544687577322416
utmos,l2,0.3,20270020,nisqa_val_live,750,200,0.79,2.2862584590911865,3.577666425704956,0.765,2.012199950218201,3.7120162725448607,-0.025000000000000022,-0.27405850887298566,0.1343498468399047
utmos,l2,0.3,20270020,nisqa_test_for,750,240,0.9291666666666667,2.2862584590911865,2.644953429698944,0.9333333333333333,2.312982386350632,2.6946706036726633,0.004166666666666652,0.02672392725944528,0.04971717397371922
utmos,l2,0.3,20270020,nisqa_test_livetalk,750,232,0.6637931034482759,2.2862584590911865,4.451815399630316,0.7068965517241379,2.23697802938264,4.348423746125452,0.04310344827586199,-0.049280429708546514,-0.10339165350486468
utmos,l2,0.3,20270020,nisqa_test_p501,750,240,0.925,2.2862584590911865,2.5670418639977775,0.9125,2.2254176596800486,2.5029561777909595,-0.012500000000000067,-0.06084079941113796,-0.06408568620681798
utmos,knn,0.3,20270020,nisqa_val_sim,750,1750,0.916,2.2862584590911865,2.8189734636034283,0.9165714285714286,2.2995981292724608,2.817795481818063,0.0005714285714285561,0.013339670181274244,-0.001177981785365212
utmos,knn,0.3,20270020,nisqa_train_live,750,1020,0.8186274509803921,2.2862584590911865,3.3183956216363346,0.8254901960784313,2.362350789238425,3.3328393749162264,0.006862745098039191,0.07609233014723848,0.01444375327989178
utmos,knn,0.3,20270020,nisqa_val_live,750,200,0.79,2.2862584590911865,3.577666425704956,0.805,2.3664234614372255,3.5090124106407163,0.015000000000000013,0.08016500234603896,-0.06865401506423963
utmos,knn,0.3,20270020,nisqa_test_for,750,240,0.9291666666666667,2.2862584590911865,2.644953429698944,0.9166666666666666,2.275259381532669,2.658111220598221,-0.012500000000000067,-0.010999077558517367,0.013157790899276822
utmos,knn,0.3,20270020,nisqa_test_livetalk,750,232,0.6637931034482759,2.2862584590911865,4.451815399630316,0.6767241379310345,2.328136888043634,4.47711757133747,0.012931034482758563,0.04187842895244742,0.02530217170715332
utmos,knn,0.3,20270020,nisqa_test_p501,750,240,0.925,2.2862584590911865,2.5670418639977775,0.925,2.29929874142011,2.557326106230418,0.0,0.013040282328923514,-0.009715757767359445
utmos,mahalanobis,0.5,20270001,nisqa_val_sim,1250,1250,0.9088,2.2429256439208984,2.841416669845581,0.904,2.2343335470199586,2.848338992500305,-0.0048000000000000265,-0.008592096900939872,0.0069223226547241445
utmos,mahalanobis,0.5,20270001,nisqa_train_live,1250,1020,0.8098039215686275,2.2429256439208984,3.355872960651622,0.8225490196078431,2.290341850121816,3.308788910332848,0.012745098039215641,0.047416206200917355,-0.04708405031877394
utmos,mahalanobis,0.5,20270001,nisqa_val_live,1250,200,0.78,2.2429256439208984,3.628267765045166,0.79,2.2961100924015043,3.575859593153,0.010000000000000009,0.053184448480605884,-0.05240817189216607
utmos,mahalanobis,0.5,20270001,nisqa_test_for,1250,240,0.9208333333333333,2.2429256439208984,2.634996165831884,0.9208333333333333,2.2247906496127445,2.648663646976153,0.0,-0.018134994308153907,0.013667481144269189
utmos,mahalanobis,0.5,20270001,nisqa_test_livetalk,1250,232,0.6594827586206896,2.2429256439208984,4.554586537953081,0.6681034482758621,2.2985611701833792,4.444052782551996,0.008620689655172487,0.055635526262480806,-0.11053375540108501
utmos,mahalanobis,0.5,20270001,nisqa_test_p501,1250,240,0.9166666666666666,2.2429256439208984,2.558501352866491,0.9208333333333333,2.2833938976128896,2.5848266164461773,0.004166666666666652,0.04046825369199114,0.026325263579686453
utmos,l2,0.5,20270001,nisqa_val_sim,1250,1250,0.9088,2.2429256439208984,2.841416669845581,0.9128,2.2502562770843504,2.783762086868286,0.0039999999999998925,0.0073306331634519495,-0.057654582977294755
utmos,l2,0.5,20270001,nisqa_train_live,1250,1020,0.8098039215686275,2.2429256439208984,3.355872960651622,0.7725490196078432,2.039026901768703,3.602391115356894,-0.03725490196078429,-0.2038987421521954,0.24651815470527216
utmos,l2,0.5,20270001,nisqa_val_live,1250,200,0.78,2.2429256439208984,3.628267765045166,0.77,2.038519308567047,3.6570786333084104,-0.010000000000000009,-0.20440633535385144,0.028810868263244416
utmos,l2,0.5,20270001,nisqa_test_for,1250,240,0.9208333333333333,2.2429256439208984,2.634996165831884,0.9333333333333333,2.3202454427878063,2.6835219542185467,0.012500000000000067,0.07731979886690787,0.04852578838666277
utmos,l2,0.5,20270001,nisqa_test_livetalk,1250,232,0.6594827586206896,2.2429256439208984,4.554586537953081,0.6939655172413793,2.2485326220249306,4.305706562667058,0.034482758620689724,0.005606978104032212,-0.24887997528602313
utmos,l2,0.5,20270001,nisqa_test_p501,1250,240,0.9166666666666666,2.2429256439208984,2.558501352866491,0.9291666666666667,2.2195732931296033,2.474679772059123,0.012500000000000067,-0.023352350791295162,-0.0838215808073679
utmos,knn,0.5,20270001,nisqa_val_sim,1250,1250,0.9088,2.2429256439208984,2.841416669845581,0.9056,2.237237915420532,2.8460632747650148,-0.0032000000000000917,-0.0056877285003662514,0.0046466049194338055
utmos,knn,0.5,20270001,nisqa_train_live,1250,1020,0.8098039215686275,2.2429256439208984,3.355872960651622,0.8176470588235294,2.343128160168143,3.3420275872828915,0.007843137254901933,0.10020251624724441,-0.013845373368730485
utmos,knn,0.5,20270001,nisqa_val_live,1250,200,0.78,2.2429256439208984,3.628267765045166,0.815,2.351546733379364,3.531734006404877,0.03499999999999992,0.10862108945846538,-0.09653375864028924
utmos,knn,0.5,20270001,nisqa_test_for,1250,240,0.9208333333333333,2.2429256439208984,2.634996165831884,0.8958333333333334,2.1901897102594376,2.6156041830778123,-0.02499999999999991,-0.05273593366146079,-0.019391982754071613
utmos,knn,0.5,20270001,nisqa_test_livetalk,1250,232,0.6594827586206896,2.2429256439208984,4.554586537953081,0.6724137931034483,2.3044929165264656,4.549644286262578,0.012931034482758674,0.06156727260556716,-0.004942251690502886
utmos,knn,0.5,20270001,nisqa_test_p501,1250,240,0.9166666666666666,2.2429256439208984,2.558501352866491,0.9208333333333333,2.2601629346609116,2.563867136836052,0.004166666666666652,0.017237290740013123,0.005365783969561111
utmos,mahalanobis,0.5,20270002,nisqa_val_sim,1250,1250,0.8888,2.1906991004943848,2.9162740993499754,0.8928,2.1925220846176146,2.9033697313308715,0.0040000000000000036,0.0018229841232297872,-0.012904368019103885
utmos,mahalanobis,0.5,20270002,nisqa_train_live,1250,1020,0.7901960784313725,2.1906991004943848,3.4077673963471953,0.8029411764705883,2.2157900971524858,3.389305059348836,0.012745098039215752,0.025090996658100995,-0.01846233699835942
utmos,mahalanobis,0.5,20270002,nisqa_val_live,1250,200,0.775,2.1906991004943848,3.6911166667938233,0.78,2.216081978082657,3.6744194161891937,0.0050000000000000044,0.02538287758827229,-0.016697250604629676
utmos,mahalanobis,0.5,20270002,nisqa_test_for,1250,240,0.9166666666666666,2.1906991004943848,2.6245742738246918,0.9125,2.2058863073587416,2.6443799863259,-0.004166666666666652,0.015187206864356817,0.019805712501208106
utmos,mahalanobis,0.5,20270002,nisqa_test_livetalk,1250,232,0.6422413793103449,2.1906991004943848,4.685690933260425,0.6551724137931034,2.2165680322153816,4.627271672775006,0.012931034482758563,0.0258689317209968,-0.05841926048541879
utmos,mahalanobis,0.5,20270002,nisqa_test_p501,1250,240,0.8958333333333334,2.1906991004943848,2.5558542807896933,0.9041666666666667,2.2225591391324997,2.5797249525785446,0.008333333333333304,0.03186003863811493,0.023870671788851272
utmos,l2,0.5,20270002,nisqa_val_sim,1250,1250,0.8888,2.1906991004943848,2.9162740993499754,0.8888,2.139482931518555,2.831356617355347,0.0,-0.05121616897582992,-0.08491748199462856
utmos,l2,0.5,20270002,nisqa_train_live,1250,1020,0.7901960784313725,2.1906991004943848,3.4077673963471953,0.7637254901960784,1.9859964543697881,3.6024021120632397,-0.026470588235294135,-0.20470264612459665,0.1946347157160444
utmos,l2,0.5,20270002,nisqa_val_live,1250,200,0.775,2.1906991004943848,3.6911166667938233,0.765,1.9883631777763366,3.6621393632888792,-0.010000000000000009,-0.20233592271804812,-0.028977303504944096
utmos,l2,0.5,20270002,nisqa_test_for,1250,240,0.9166666666666666,2.1906991004943848,2.6245742738246918,0.9166666666666666,2.209966188669205,2.624520893891652,0.0,0.019267088174820035,-5.337993303955457e-05
utmos,l2,0.5,20270002,nisqa_test_livetalk,1250,232,0.6422413793103449,2.1906991004943848,4.685690933260425,0.6508620689655172,2.1603787746922722,4.557553126894194,0.008620689655172376,-0.030320325802112524,-0.1281378063662304
utmos,l2,0.5,20270002,nisqa_test_p501,1250,240,0.8958333333333334,2.1906991004943848,2.5558542807896933,0.9166666666666666,2.1265068352222443,2.492670307556788,0.02083333333333326,-0.0641922652721405,-0.06318397323290537
utmos,knn,0.5,20270002,nisqa_val_sim,1250,1250,0.8888,2.1906991004943848,2.9162740993499754,0.8904,2.178586958694458,2.9024191310882568,0.0015999999999999348,-0.01211214179992659,-0.013854968261718614
utmos,knn,0.5,20270002,nisqa_train_live,1250,1020,0.7901960784313725,2.1906991004943848,3.4077673963471953,0.7990196078431373,2.2140776994181612,3.374378155259525,0.008823529411764786,0.023378598923776472,-0.033389241087670385
utmos,knn,0.5,20270002,nisqa_val_live,1250,200,0.775,2.1906991004943848,3.6911166667938233,0.78,2.2158161187171936,3.667018678188324,0.0050000000000000044,0.025117018222808873,-0.0240979886054995
utmos,knn,0.5,20270002,nisqa_test_for,1250,240,0.9166666666666666,2.1906991004943848,2.6245742738246918,0.9041666666666667,2.1758333802223206,2.626467631260554,-0.012499999999999956,-0.01486572027206412,0.001893357435862164
utmos,knn,0.5,20270002,nisqa_test_livetalk,1250,232,0.6422413793103449,2.1906991004943848,4.685690933260425,0.646551724137931,2.2037160458235907,4.660254404462617,0.004310344827586188,0.013016945329205942,-0.025436528797807334
utmos,knn,0.5,20270002,nisqa_test_p501,1250,240,0.8958333333333334,2.1906991004943848,2.5558542807896933,0.8916666666666667,2.204448332389196,2.5661843717098236,-0.004166666666666652,0.013749231894811142,0.010330090920130264
utmos,mahalanobis,0.5,20270003,nisqa_val_sim,1250,1250,0.8808,2.169984817504883,2.874639554977417,0.8856,2.1797317394256592,2.875932066345215,0.0048000000000000265,0.009746921920776419,0.001292511367797733
utmos,mahalanobis,0.5,20270003,nisqa_train_live,1250,1020,0.7843137254901961,2.169984817504883,3.431042559006635,0.7950980392156862,2.2010530735932146,3.398593901419172,0.010784313725490158,0.031068256088331747,-0.03244865758746274
utmos,mahalanobis,0.5,20270003,nisqa_val_live,1250,200,0.77,2.169984817504883,3.7179026007652283,0.765,2.1955338072776795,3.713839979171753,-0.0050000000000000044,0.025548989772796737,-0.004062621593475146
utmos,mahalanobis,0.5,20270003,nisqa_test_for,1250,240,0.9166666666666666,2.169984817504883,2.6211218933264413,0.925,2.1952393025159838,2.64073785841465,0.008333333333333415,0.025254485011100947,0.019615965088208842
utmos,mahalanobis,0.5,20270003,nisqa_test_livetalk,1250,232,0.6379310344827587,2.169984817504883,4.739615569854605,0.6336206896551724,2.200058673990184,4.676014571354307,-0.004310344827586299,0.030073856485301143,-0.06360099850029766
utmos,mahalanobis,0.5,20270003,nisqa_test_p501,1250,240,0.8958333333333334,2.169984817504883,2.5567173759142556,0.8958333333333334,2.2030705392360685,2.593622036774953,0.0,0.033085721731185735,0.03690466086069755
utmos,l2,0.5,20270003,nisqa_val_sim,1250,1250,0.8808,2.169984817504883,2.874639554977417,0.8936,2.1874907943725588,2.7956831314086914,0.012799999999999923,0.017505976867675965,-0.07895642356872568
utmos,l2,0.5,20270003,nisqa_train_live,1250,1020,0.7843137254901961,2.169984817504883,3.431042559006635,0.7568627450980392,2.058468896734948,3.526704291268891,-0.027450980392156876,-0.11151592076993477,0.09566173226225594
utmos,l2,0.5,20270003,nisqa_val_live,1250,200,0.77,2.169984817504883,3.7179026007652283,0.765,2.055298206806183,3.6674881911277772,-0.0050000000000000044,-0.1146866106986999,-0.05041440963745103
utmos,l2,0.5,20270003,nisqa_test_for,1250,240,0.9166666666666666,2.169984817504883,2.6211218933264413,0.9166666666666666,2.230683070421219,2.6086085657278697,0.0,0.06069825291633624,-0.0125133275985716
utmos,l2,0.5,20270003,nisqa_test_livetalk,1250,232,0.6379310344827587,2.169984817504883,4.739615569854605,0.6594827586206896,2.1841264284890274,4.474947586141783,0.02155172413793094,0.01414161098414457,-0.26466798371282163
utmos,l2,0.5,20270003,nisqa_test_p501,1250,240,0.8958333333333334,2.169984817504883,2.5567173759142556,0.9166666666666666,2.1624702135721843,2.48230623404185,0.02083333333333326,-0.007514603932698538,-0.07441114187240583
utmos,knn,0.5,20270003,nisqa_val_sim,1250,1250,0.8808,2.169984817504883,2.874639554977417,0.8904,2.1901224128723142,2.8644560596466064,0.009599999999999942,0.020137595367431427,-0.010183495330810644
utmos,knn,0.5,20270003,nisqa_train_live,1250,1020,0.7843137254901961,2.169984817504883,3.431042559006635,0.7941176470588235,2.2622515414275375,3.383334153539994,0.009803921568627416,0.09226672392265467,-0.04770840546664079
utmos,knn,0.5,20270003,nisqa_val_live,1250,200,0.77,2.169984817504883,3.7179026007652283,0.79,2.2657253074645998,3.6099389362335206,0.020000000000000018,0.09574048995971696,-0.10796366453170769
utmos,knn,0.5,20270003,nisqa_test_for,1250,240,0.9166666666666666,2.169984817504883,2.6211218933264413,0.8958333333333334,2.166880617539088,2.635901063680649,-0.02083333333333326,-0.003104199965795029,0.014779170354207505
utmos,knn,0.5,20270003,nisqa_test_livetalk,1250,232,0.6379310344827587,2.169984817504883,4.739615569854605,0.6637931034482759,2.2296114214535416,4.665283612136183,0.025862068965517238,0.05962660394865882,-0.07433195771842183
utmos,knn,0.5,20270003,nisqa_test_p501,1250,240,0.8958333333333334,2.169984817504883,2.5567173759142556,0.8958333333333334,2.21209580997626,2.559296640753746,0.0,0.04211099247137717,0.002579264839490225
utmos,mahalanobis,0.5,20270004,nisqa_val_sim,1250,1250,0.9064,2.236642360687256,2.8320623035430907,0.8984,2.209027416419983,2.851776247215271,-0.008000000000000007,-0.027614944267273067,0.019713943672180267
utmos,mahalanobis,0.5,20270004,nisqa_train_live,1250,1020,0.807843137254902,2.236642360687256,3.3616155082104253,0.803921568627451,2.219580250627854,3.4346172108369717,-0.0039215686274509665,-0.017062110059401725,0.07300170262654637
utmos,mahalanobis,0.5,20270004,nisqa_val_live,1250,200,0.78,2.236642360687256,3.6358077049255373,0.77,2.2089695417881012,3.7272183978557587,-0.010000000000000009,-0.027672818899154628,0.09141069293022142
utmos,mahalanobis,0.5,20270004,nisqa_test_for,1250,240,0.9208333333333333,2.236642360687256,2.6336871484915414,0.9291666666666667,2.255939704179764,2.6672213693459828,0.008333333333333415,0.019297343492508112,0.033534220854441354
utmos,mahalanobis,0.5,20270004,nisqa_test_livetalk,1250,232,0.6551724137931034,2.236642360687256,4.569889580381328,0.646551724137931,2.207322888333222,4.691103169630313,-0.008620689655172376,-0.02931947235403376,0.12121358924898562
utmos,mahalanobis,0.5,20270004,nisqa_test_p501,1250,240,0.9125,2.236642360687256,2.5576268335183463,0.9041666666666667,2.2342141062021255,2.6433313081661862,-0.008333333333333304,-0.002428254485130399,0.08570447464783992
utmos,l2,0.5,20270004,nisqa_val_sim,1250,1250,0.9064,2.236642360687256,2.8320623035430907,0.8944,2.167206802558899,2.820943758201599,-0.01200000000000001,-0.06943555812835678,-0.011118545341491703
utmos,l2,0.5,20270004,nisqa_train_live,1250,1020,0.807843137254902,2.236642360687256,3.3616155082104253,0.7598039215686274,1.9855820805418725,3.6129507177016316,-0.04803921568627456,-0.2510602801453834,0.25133520949120625
utmos,l2,0.5,20270004,nisqa_val_live,1250,200,0.78,2.236642360687256,3.6358077049255373,0.755,1.9906768989562988,3.626061613559723,-0.025000000000000022,-0.245965461730957,-0.00974609136581428
utmos,l2,0.5,20270004,nisqa_test_for,1250,240,0.9208333333333333,2.236642360687256,2.6336871484915414,0.9125,2.2385698586702345,2.6636787484089535,-0.008333333333333304,0.0019274979829786432,0.02999159991741207
utmos,l2,0.5,20270004,nisqa_test_livetalk,1250,232,0.6551724137931034,2.236642360687256,4.569889580381328,0.6681034482758621,2.179659668741555,4.589242413126189,0.012931034482758674,-0.056982691945700825,0.019352832744861104
utmos,l2,0.5,20270004,nisqa_test_p501,1250,240,0.9125,2.236642360687256,2.5576268335183463,0.9,2.154561562339465,2.5413510729869206,-0.012499999999999956,-0.08208079834779092,-0.016275760531425654
utmos,knn,0.5,20270004,nisqa_val_sim,1250,1250,0.9064,2.236642360687256,2.8320623035430907,0.8952,2.2252694564819335,2.830344052886963,-0.011199999999999988,-0.011372904205322332,-0.00171825065612774
utmos,knn,0.5,20270004,nisqa_train_live,1250,1020,0.807843137254902,2.236642360687256,3.3616155082104253,0.8009803921568628,2.2832701841990155,3.3978201389312743,-0.006862745098039191,0.04662782351175965,0.03620463072084901
utmos,knn,0.5,20270004,nisqa_val_live,1250,200,0.78,2.236642360687256,3.6358077049255373,0.785,2.289836344718933,3.579628536701202,0.0050000000000000044,0.0531939840316773,-0.05617916822433511
utmos,knn,0.5,20270004,nisqa_test_for,1250,240,0.9208333333333333,2.236642360687256,2.6336871484915414,0.9041666666666667,2.193930816650391,2.6488700727621715,-0.016666666666666607,-0.04271154403686506,0.01518292427063006
utmos,knn,0.5,20270004,nisqa_test_livetalk,1250,232,0.6551724137931034,2.236642360687256,4.569889580381328,0.6767241379310345,2.250873717768439,4.643572942963962,0.02155172413793105,0.01423135708118295,0.07368336258263408
utmos,knn,0.5,20270004,nisqa_test_p501,1250,240,0.9125,2.236642360687256,2.5576268335183463,0.9041666666666667,2.228140290578206,2.5649312794208527,-0.008333333333333304,-0.008502070109049686,0.007304445902506451
utmos,mahalanobis,0.5,20270005,nisqa_val_sim,1250,1250,0.904,2.23289155960083,2.7664592628479006,0.9096,2.2279289321899416,2.7657522983551024,0.005599999999999938,-0.004962627410888487,-0.0007069644927981678
utmos,mahalanobis,0.5,20270005,nisqa_train_live,1250,1020,0.8068627450980392,2.23289155960083,3.365075244623072,0.8107843137254902,2.259043698684842,3.3502825690250773,0.0039215686274509665,0.026152139084012038,-0.014792675597994798
utmos,mahalanobis,0.5,20270005,nisqa_val_live,1250,200,0.78,2.23289155960083,3.640308666229248,0.785,2.2615343880653382,3.59633798122406,0.0050000000000000044,0.028642828464508163,-0.04397068500518797
utmos,mahalanobis,0.5,20270005,nisqa_test_for,1250,240,0.9208333333333333,2.23289155960083,2.632905731598536,0.9125,2.2321665823459624,2.64904731909434,-0.008333333333333304,-0.0007249772548676425,0.01614158749580419
utmos,mahalanobis,0.5,20270005,nisqa_test_livetalk,1250,232,0.6551724137931034,2.23289155960083,4.579072576144646,0.6637931034482759,2.2645375317540664,4.509679395577003,0.008620689655172487,0.03164597215323628,-0.06939318056764243
utmos,mahalanobis,0.5,20270005,nisqa_test_p501,1250,240,0.9083333333333333,2.23289155960083,2.557176490624746,0.9166666666666666,2.259677056471507,2.5630293130874633,0.008333333333333304,0.026785496870676884,0.005852822462717455
utmos,l2,0.5,20270005,nisqa_val_sim,1250,1250,0.904,2.23289155960083,2.7664592628479006,0.9048,2.2071638610839845,2.699718601989746,0.0008000000000000229,-0.025727698516845532,-0.06674066085815467
utmos,l2,0.5,20270005,nisqa_train_live,1250,1020,0.8068627450980392,2.23289155960083,3.365075244623072,0.7627450980392156,2.0025598820518047,3.654917677711038,-0.044117647058823595,-0.2303316775490254,0.2898424330879661
utmos,l2,0.5,20270005,nisqa_val_live,1250,200,0.78,2.23289155960083,3.640308666229248,0.765,2.0065125107765196,3.709323692321777,-0.015000000000000013,-0.22637904882431048,0.0690150260925293
utmos,l2,0.5,20270005,nisqa_test_for,1250,240,0.9208333333333333,2.23289155960083,2.632905731598536,0.9291666666666667,2.2881308257579804,2.65609130859375,0.008333333333333415,0.05523926615715036,0.023185576995214063
utmos,l2,0.5,20270005,nisqa_test_livetalk,1250,232,0.6551724137931034,2.23289155960083,4.579072576144646,0.6767241379310345,2.219550686663595,4.366438938625928,0.02155172413793105,-0.013340872937235293,-0.2126336375187181
utmos,l2,0.5,20270005,nisqa_test_p501,1250,240,0.9083333333333333,2.23289155960083,2.557176490624746,0.9208333333333333,2.1920511970917382,2.481340909997622,0.012499999999999956,-0.04084036250909184,-0.07583558062712381
utmos,knn,0.5,20270005,nisqa_val_sim,1250,1250,0.904,2.23289155960083,2.7664592628479006,0.9088,2.251724299812317,2.761760411643982,0.0048000000000000265,0.018832740211486954,-0.004698851203918775
utmos,knn,0.5,20270005,nisqa_train_live,1250,1020,0.8068627450980392,2.23289155960083,3.365075244623072,0.8186274509803921,2.334240987955355,3.3242316617685206,0.0117647058823529,0.1013494283545251,-0.040843582854551475
utmos,knn,0.5,20270005,nisqa_val_live,1250,200,0.78,2.23289155960083,3.640308666229248,0.81,2.3416308856010435,3.529671106338501,0.030000000000000027,0.10873932600021341,-0.11063755989074675
utmos,knn,0.5,20270005,nisqa_test_for,1250,240,0.9208333333333333,2.23289155960083,2.632905731598536,0.9,2.220196277896563,2.637722443540891,-0.02083333333333326,-0.012695281704266925,0.004816711942354779
utmos,knn,0.5,20270005,nisqa_test_livetalk,1250,232,0.6551724137931034,2.23289155960083,4.579072576144646,0.6767241379310345,2.3077418680848747,4.504308145621727,0.02155172413793105,0.07485030848404461,-0.0747644305229187
utmos,knn,0.5,20270005,nisqa_test_p501,1250,240,0.9083333333333333,2.23289155960083,2.557176490624746,0.9208333333333333,2.2753690034151077,2.560850645105044,0.012499999999999956,0.04247744381427765,0.003674154480298064
utmos,mahalanobis,0.5,20270006,nisqa_val_sim,1250,1250,0.9192,2.2740395069122314,2.7705699367523193,0.9144,2.244412131309509,2.7594843854904174,-0.0048000000000000265,-0.029627375602722328,-0.011085551261901916
utmos,mahalanobis,0.5,20270006,nisqa_train_live,1250,1020,0.8156862745098039,2.2740395069122314,3.3285877587748507,0.8205882352941176,2.276575306583853,3.330316621415755,0.004901960784313708,0.0025357996716217635,0.0017288626409044383
utmos,mahalanobis,0.5,20270006,nisqa_val_live,1250,200,0.785,2.2740395069122314,3.5913528323173525,0.785,2.281379017829895,3.5850006556510925,0.0,0.007339510917663716,-0.006352176666259979
utmos,mahalanobis,0.5,20270006,nisqa_test_for,1250,240,0.9208333333333333,2.2740395069122314,2.6414782206217446,0.9125,2.251136490702629,2.6612819423278173,-0.008333333333333304,-0.022903016209602445,0.019803721706072697
utmos,mahalanobis,0.5,20270006,nisqa_test_livetalk,1250,232,0.6637931034482759,2.2740395069122314,4.480677407363365,0.6637931034482759,2.2843191705901047,4.460646814313428,0.0,0.010279663677873252,-0.020030593049937373
utmos,mahalanobis,0.5,20270006,nisqa_test_p501,1250,240,0.9208333333333333,2.2740395069122314,2.564436992009481,0.9208333333333333,2.288248626391093,2.582285402218501,0.0,0.01420911947886161,0.01784841020901995
utmos,l2,0.5,20270006,nisqa_val_sim,1250,1250,0.9192,2.2740395069122314,2.7705699367523193,0.9128,2.2214800436019897,2.7094198095321653,-0.006400000000000072,-0.05255946331024175,-0.061150127220154005
utmos,l2,0.5,20270006,nisqa_train_live,1250,1020,0.8156862745098039,2.2740395069122314,3.3285877587748507,0.7647058823529411,2.011422726687263,3.639618622555452,-0.050980392156862786,-0.2626167802249686,0.3110308637806014
utmos,l2,0.5,20270006,nisqa_val_live,1250,200,0.785,2.2740395069122314,3.5913528323173525,0.765,2.019563732147217,3.6518535470962523,-0.020000000000000018,-0.2544757747650146,0.060500714778899845
utmos,l2,0.5,20270006,nisqa_test_for,1250,240,0.9208333333333333,2.2740395069122314,2.6414782206217446,0.9291666666666667,2.30283406774203,2.6621474862098693,0.008333333333333415,0.028794560829798588,0.020669265588124652
utmos,l2,0.5,20270006,nisqa_test_livetalk,1250,232,0.6637931034482759,2.2740395069122314,4.480677407363365,0.6810344827586207,2.230261302199857,4.362370130316965,0.01724137931034475,-0.04377820471237426,-0.11830727704640065
utmos,l2,0.5,20270006,nisqa_test_p501,1250,240,0.9208333333333333,2.2740395069122314,2.564436992009481,0.9166666666666666,2.2066402971744536,2.4915364821751913,-0.004166666666666652,-0.0673992097377778,-0.07290050983428964
utmos,knn,0.5,20270006,nisqa_val_sim,1250,1250,0.9192,2.2740395069122314,2.7705699367523193,0.9144,2.288426986694336,2.789892635345459,-0.0048000000000000265,0.014387479782104418,0.01932269859313962
utmos,knn,0.5,20270006,nisqa_train_live,1250,1020,0.8156862745098039,2.2740395069122314,3.3285877587748507,0.8303921568627451,2.370572801197276,3.2726899880988927,0.014705882352941235,0.09653329428504476,-0.055897770675958025
utmos,knn,0.5,20270006,nisqa_val_live,1250,200,0.785,2.2740395069122314,3.5913528323173525,0.81,2.3731097519397735,3.5008714377880095,0.025000000000000022,0.09907024502754203,-0.090481394529343
utmos,knn,0.5,20270006,nisqa_test_for,1250,240,0.9208333333333333,2.2740395069122314,2.6414782206217446,0.9083333333333333,2.249189787109693,2.6400275359551113,-0.012499999999999956,-0.024849719802538583,-0.0014506846666333395
utmos,knn,0.5,20270006,nisqa_test_livetalk,1250,232,0.6637931034482759,2.2740395069122314,4.480677407363365,0.6896551724137931,2.330528782359485,4.4503587556296385,0.025862068965517238,0.05648927544725346,-0.03031865173372683
utmos,knn,0.5,20270006,nisqa_test_p501,1250,240,0.9208333333333333,2.2740395069122314,2.564436992009481,0.9291666666666667,2.3190508355696995,2.5853619347016017,0.008333333333333415,0.04501132865746804,0.02092494269212075
utmos,mahalanobis,0.5,20270007,nisqa_val_sim,1250,1250,0.9008,2.2276766300201416,2.8083447360992433,0.8984,2.2137162538528443,2.808010855293274,-0.0024000000000000687,-0.013960376167297284,-0.00033388080596941094
utmos,mahalanobis,0.5,20270007,nisqa_train_live,1250,1020,0.8068627450980392,2.2276766300201416,3.3699322868795956,0.8,2.251858837931764,3.3868127762102613,-0.006862745098039191,0.02418220791162229,0.01688048933066577
utmos,mahalanobis,0.5,20270007,nisqa_val_live,1250,200,0.78,2.2276766300201416,3.6465665817260744,0.78,2.251031173467636,3.6186704885959626,0.0,0.023354543447494436,-0.027896093130111765
utmos,mahalanobis,0.5,20270007,nisqa_test_for,1250,240,0.9208333333333333,2.2276766300201416,2.6318192879358926,0.9125,2.190401871999105,2.6298488875230155,-0.008333333333333304,-0.037274758021036636,-0.0019704004128771047
utmos,mahalanobis,0.5,20270007,nisqa_test_livetalk,1250,232,0.6551724137931034,2.2276766300201416,4.591840162359435,0.6681034482758621,2.238190180268781,4.614549213442309,0.012931034482758674,0.010513550248639536,0.022709051082874687
utmos,mahalanobis,0.5,20270007,nisqa_test_p501,1250,240,0.9083333333333333,2.2276766300201416,2.5567419131596885,0.8958333333333334,2.2266389270623526,2.573415044943492,-0.012499999999999956,-0.001037702957789044,0.016673131783803363
utmos,l2,0.5,20270007,nisqa_val_sim,1250,1250,0.9008,2.2276766300201416,2.8083447360992433,0.8968,2.180113237762451,2.7684437984466554,-0.0040000000000000036,-0.04756339225769057,-0.03990093765258784
utmos,l2,0.5,20270007,nisqa_train_live,1250,1020,0.8068627450980392,2.2276766300201416,3.3699322868795956,0.7568627450980392,1.9936207030333726,3.625829873131771,-0.050000000000000044,-0.23405592698676903,0.2558975862521753
utmos,l2,0.5,20270007,nisqa_val_live,1250,200,0.78,2.2276766300201416,3.6465665817260744,0.76,1.9965482103824614,3.650656567811966,-0.020000000000000018,-0.23112841963768016,0.004089986085891617
utmos,l2,0.5,20270007,nisqa_test_for,1250,240,0.9208333333333333,2.2276766300201416,2.6318192879358926,0.925,2.251967841386795,2.6231387694676718,0.004166666666666763,0.024291211366653354,-0.008680518468220821
utmos,l2,0.5,20270007,nisqa_test_livetalk,1250,232,0.6551724137931034,2.2276766300201416,4.591840162359435,0.6724137931034483,2.186993284472104,4.470846823577223,0.017241379310344862,-0.040683345548037764,-0.12099333878221152
utmos,l2,0.5,20270007,nisqa_test_p501,1250,240,0.9083333333333333,2.2276766300201416,2.5567419131596885,0.9083333333333333,2.157378485798836,2.4844318638245264,0.0,-0.07029814422130576,-0.07231004933516205
utmos,knn,0.5,20270007,nisqa_val_sim,1250,1250,0.9008,2.2276766300201416,2.8083447360992433,0.8928,2.1999974323272706,2.8060754333496094,-0.008000000000000007,-0.02767919769287097,-0.0022693027496338836
utmos,knn,0.5,20270007,nisqa_train_live,1250,1020,0.8068627450980392,2.2276766300201416,3.3699322868795956,0.8049019607843138,2.292941448735256,3.3543043720955943,-0.0019607843137254832,0.06526481871511436,-0.015627914784001273
utmos,knn,0.5,20270007,nisqa_val_live,1250,200,0.78,2.2276766300201416,3.6465665817260744,0.81,2.2949205493927,3.54687481880188,0.030000000000000027,0.06724391937255847,-0.09969176292419446
utmos,knn,0.5,20270007,nisqa_test_for,1250,240,0.9208333333333333,2.2276766300201416,2.6318192879358926,0.8958333333333334,2.1447522858778636,2.593137017885844,-0.02499999999999991,-0.082924344142278,-0.03868227005004865
utmos,knn,0.5,20270007,nisqa_test_livetalk,1250,232,0.6551724137931034,2.2276766300201416,4.591840162359435,0.6767241379310345,2.266264792146354,4.585707730260388,0.02155172413793105,0.0385881621262123,-0.006132432099046348
utmos,knn,0.5,20270007,nisqa_test_p501,1250,240,0.9083333333333333,2.2276766300201416,2.5567419131596885,0.9166666666666666,2.212692544857661,2.538649555047353,0.008333333333333304,-0.014984085162480731,-0.01809235811233556
utmos,mahalanobis,0.5,20270008,nisqa_val_sim,1250,1250,0.8888,2.1906991004943848,2.8679912185668943,0.9032,2.2111952953338623,2.865778287887573,0.014399999999999968,0.02049619483947751,-0.0022129306793212677
utmos,mahalanobis,0.5,20270008,nisqa_train_live,1250,1020,0.7901960784313725,2.1906991004943848,3.4077673963471953,0.8117647058823529,2.2542450096092974,3.3474990709155215,0.021568627450980427,0.06354590911491265,-0.06026832543167382
utmos,mahalanobis,0.5,20270008,nisqa_val_live,1250,200,0.775,2.1906991004943848,3.6911166667938233,0.78,2.253259871006012,3.6207215404510498,0.0050000000000000044,0.06256077051162734,-0.07039512634277356
utmos,mahalanobis,0.5,20270008,nisqa_test_for,1250,240,0.9166666666666666,2.1906991004943848,2.6245742738246918,0.9125,2.213709423939387,2.6413867076238,-0.004166666666666652,0.02301032344500209,0.016812433799108017
utmos,mahalanobis,0.5,20270008,nisqa_test_livetalk,1250,232,0.6422413793103449,2.1906991004943848,4.685690933260425,0.6637931034482759,2.2575416421068124,4.535876417982167,0.02155172413793105,0.06684254161242764,-0.1498145152782575
utmos,mahalanobis,0.5,20270008,nisqa_test_p501,1250,240,0.8958333333333334,2.1906991004943848,2.5558542807896933,0.9125,2.2450670371452968,2.5715856522321703,0.016666666666666607,0.054367936650912,0.015731371442476938
utmos,l2,0.5,20270008,nisqa_val_sim,1250,1250,0.8888,2.1906991004943848,2.8679912185668943,0.8912,2.188950775527954,2.8315230392456057,0.0023999999999999577,-0.0017483249664307365,-0.03646817932128865
utmos,l2,0.5,20270008,nisqa_train_live,1250,1020,0.7901960784313725,2.1906991004943848,3.4077673963471953,0.753921568627451,1.9821451327380013,3.6679526483311373,-0.03627450980392155,-0.20855396775638346,0.26018525198394205
utmos,l2,0.5,20270008,nisqa_val_live,1250,200,0.775,2.1906991004943848,3.6911166667938233,0.765,1.9802706003189088,3.7282036185264587,-0.010000000000000009,-0.21042850017547599,0.03708695173263532
utmos,l2,0.5,20270008,nisqa_test_for,1250,240,0.9166666666666666,2.1906991004943848,2.6245742738246918,0.925,2.2498540937900544,2.629713769753774,0.008333333333333415,0.059154993295669644,0.0051394959290820275
utmos,l2,0.5,20270008,nisqa_test_livetalk,1250,232,0.6422413793103449,2.1906991004943848,4.685690933260425,0.6724137931034483,2.1836867836014977,4.437089542890417,0.030172413793103425,-0.0070123168928870605,-0.24860139037000728
utmos,l2,0.5,20270008,nisqa_test_p501,1250,240,0.8958333333333334,2.1906991004943848,2.5558542807896933,0.9041666666666667,2.1602140098810194,2.481914076209068,0.008333333333333304,-0.03048509061336535,-0.07394020458062522
utmos,knn,0.5,20270008,nisqa_val_sim,1250,1250,0.8888,2.1906991004943848,2.8679912185668943,0.8952,2.2375276565551756,2.8888828945159912,0.006399999999999961,0.04682855606079084,0.02089167594909691
utmos,knn,0.5,20270008,nisqa_train_live,1250,1020,0.7901960784313725,2.1906991004943848,3.4077673963471953,0.8137254901960784,2.330360848295922,3.3242901502871045,0.02352941176470591,0.1396617478015374,-0.08347724606009077
utmos,knn,0.5,20270008,nisqa_val_live,1250,200,0.775,2.1906991004943848,3.6911166667938233,0.81,2.3336168920993803,3.5173478043079376,0.03500000000000003,0.14291779160499551,-0.17376886248588574
utmos,knn,0.5,20270008,nisqa_test_for,1250,240,0.9166666666666666,2.1906991004943848,2.6245742738246918,0.9041666666666667,2.185827938715617,2.599324661493301,-0.012499999999999956,-0.004871161778767785,-0.02524961233139056
utmos,knn,0.5,20270008,nisqa_test_livetalk,1250,232,0.6422413793103449,2.1906991004943848,4.685690933260425,0.6853448275862069,2.285603816139287,4.579318286016069,0.04310344827586199,0.0949047156449021,-0.10637264724435536
utmos,knn,0.5,20270008,nisqa_test_p501,1250,240,0.8958333333333334,2.1906991004943848,2.5558542807896933,0.9166666666666666,2.268280799190203,2.5667199939489365,0.02083333333333326,0.07758169869581844,0.010865713159243118
utmos,mahalanobis,0.5,20270009,nisqa_val_sim,1250,1250,0.9088,2.2429256439208984,2.782264102935791,0.9152,2.262340534210205,2.783577127456665,0.006399999999999961,0.01941489028930654,0.0013130245208738955
utmos,mahalanobis,0.5,20270009,nisqa_train_live,1250,1020,0.8098039215686275,2.2429256439208984,3.355872960651622,0.8245098039215686,2.2942974614162073,3.3048258038128124,0.014705882352941124,0.051371817495308836,-0.05104715683880956
utmos,mahalanobis,0.5,20270009,nisqa_val_live,1250,200,0.78,2.2429256439208984,3.628267765045166,0.785,2.3009379291534424,3.549326469898224,0.0050000000000000044,0.05801228523254398,-0.07894129514694193
utmos,mahalanobis,0.5,20270009,nisqa_test_for,1250,240,0.9208333333333333,2.2429256439208984,2.634996165831884,0.9208333333333333,2.265114825963974,2.6630999565124513,0.0,0.02218918204307574,0.028103790680567453
utmos,mahalanobis,0.5,20270009,nisqa_test_livetalk,1250,232,0.6594827586206896,2.2429256439208984,4.554586537953081,0.6681034482758621,2.305469952780625,4.4039999184937315,0.008620689655172487,0.06254430885972662,-0.15058661945934926
utmos,mahalanobis,0.5,20270009,nisqa_test_p501,1250,240,0.9166666666666666,2.2429256439208984,2.558501352866491,0.9208333333333333,2.3052484313646953,2.5885751962661745,0.004166666666666652,0.06232278744379682,0.030073843399683664
utmos,l2,0.5,20270009,nisqa_val_sim,1250,1250,0.9088,2.2429256439208984,2.782264102935791,0.9016,2.1834187866210937,2.72571665725708,-0.007200000000000095,-0.05950685729980476,-0.05654744567871095
utmos,l2,0.5,20270009,nisqa_train_live,1250,1020,0.8098039215686275,2.2429256439208984,3.355872960651622,0.7666666666666667,2.011034718214297,3.5962877792470596,-0.04313725490196074,-0.23189092570660153,0.24041481859543756
utmos,l2,0.5,20270009,nisqa_val_live,1250,200,0.78,2.2429256439208984,3.628267765045166,0.76,2.0122902274131773,3.6043906450271606,-0.020000000000000018,-0.23063541650772112,-0.02387712001800546
utmos,l2,0.5,20270009,nisqa_test_for,1250,240,0.9208333333333333,2.2429256439208984,2.634996165831884,0.9291666666666667,2.2637157142162323,2.63176159063975,0.008333333333333415,0.020790070295333862,-0.0032345751921338817
utmos,l2,0.5,20270009,nisqa_test_livetalk,1250,232,0.6594827586206896,2.2429256439208984,4.554586537953081,0.6767241379310345,2.201952093634112,4.431586329279275,0.017241379310344862,-0.04097355028678651,-0.12300020867380557
utmos,l2,0.5,20270009,nisqa_test_p501,1250,240,0.9166666666666666,2.2429256439208984,2.558501352866491,0.9083333333333333,2.1594078918298085,2.490195769071579,-0.008333333333333304,-0.08351775209108991,-0.06830558379491203
utmos,knn,0.5,20270009,nisqa_val_sim,1250,1250,0.9088,2.2429256439208984,2.782264102935791,0.9136,2.2753969665527345,2.78090313873291,0.0047999999999999154,0.03247132263183605,-0.0013609642028811209
utmos,knn,0.5,20270009,nisqa_train_live,1250,1020,0.8098039215686275,2.2429256439208984,3.355872960651622,0.8186274509803921,2.3334689528334374,3.32168105209575,0.008823529411764675,0.09054330891253892,-0.034191908555872175
utmos,knn,0.5,20270009,nisqa_val_live,1250,200,0.78,2.2429256439208984,3.628267765045166,0.8,2.341258395910263,3.537269080877304,0.020000000000000018,0.09833275198936464,-0.09099868416786183
utmos,knn,0.5,20270009,nisqa_test_for,1250,240,0.9208333333333333,2.2429256439208984,2.634996165831884,0.9041666666666667,2.2542768230040866,2.652709733446439,-0.016666666666666607,0.011351179083188168,0.017713567614555004
utmos,knn,0.5,20270009,nisqa_test_livetalk,1250,232,0.6594827586206896,2.2429256439208984,4.554586537953081,0.6724137931034483,2.3038586480864165,4.4982648841265975,0.012931034482758674,0.06093300416551806,-0.05632165382648324
utmos,knn,0.5,20270009,nisqa_test_p501,1250,240,0.9166666666666666,2.2429256439208984,2.558501352866491,0.9166666666666666,2.29193394780159,2.574597630898158,0.0,0.04900830388069144,0.016096278031667133
utmos,mahalanobis,0.5,20270010,nisqa_val_sim,1250,1250,0.8952,2.2174882888793945,2.9129225158691407,0.888,2.1720418508529664,2.9168606031417847,-0.007199999999999984,-0.045446438026428115,0.0039380872726439975
utmos,mahalanobis,0.5,20270010,nisqa_train_live,1250,1020,0.7990196078431373,2.2174882888793945,3.3797643535277424,0.8029411764705883,2.1873522884705485,3.3840020642561073,0.0039215686274509665,-0.03013600040884601,0.004237710728364874
utmos,mahalanobis,0.5,20270010,nisqa_val_live,1250,200,0.78,2.2174882888793945,3.658792591094971,0.77,2.195601274967194,3.713154664039612,-0.010000000000000009,-0.021887013912200715,0.05436207294464124
utmos,mahalanobis,0.5,20270010,nisqa_test_for,1250,240,0.9208333333333333,2.2174882888793945,2.629696716864904,0.9125,2.200305214524269,2.646357954541842,-0.008333333333333304,-0.01718307435512534,0.016661237676938168
utmos,mahalanobis,0.5,20270010,nisqa_test_livetalk,1250,232,0.6508620689655172,2.2174882888793945,4.617057555708392,0.6508620689655172,2.208227113403123,4.621616015146518,0.0,-0.009261175476271699,0.00455845943812605
utmos,mahalanobis,0.5,20270010,nisqa_test_p501,1250,240,0.9083333333333333,2.2174882888793945,2.5558928847312927,0.9166666666666666,2.2192304849624636,2.5703779180844624,0.008333333333333304,0.0017421960830690253,0.01448503335316964
utmos,l2,0.5,20270010,nisqa_val_sim,1250,1250,0.8952,2.2174882888793945,2.9129225158691407,0.8768,2.144666830444336,2.8803556789398193,-0.018399999999999972,-0.0728214584350586,-0.0325668369293215
utmos,l2,0.5,20270010,nisqa_train_live,1250,1020,0.7990196078431373,2.2174882888793945,3.3797643535277424,0.734313725490196,1.9150261378755757,3.7955302925670846,-0.06470588235294128,-0.3024621510038188,0.4157659390393422
utmos,l2,0.5,20270010,nisqa_val_live,1250,200,0.78,2.2174882888793945,3.658792591094971,0.74,1.920466661453247,3.810935640335083,-0.040000000000000036,-0.29702162742614746,0.15214304924011213
utmos,l2,0.5,20270010,nisqa_test_for,1250,240,0.9208333333333333,2.2174882888793945,2.629696716864904,0.9166666666666666,2.204071428378423,2.6296558141708375,-0.004166666666666652,-0.013416860500971683,-4.090269406642477e-05
utmos,l2,0.5,20270010,nisqa_test_livetalk,1250,232,0.6508620689655172,2.2174882888793945,4.617057555708392,0.6508620689655172,2.137656092643738,4.5598481482472915,0.0,-0.07983219623565674,-0.0572094074611007
utmos,l2,0.5,20270010,nisqa_test_p501,1250,240,0.9083333333333333,2.2174882888793945,2.5558928847312927,0.9083333333333333,2.1175668080647787,2.4821285545825957,0.0,-0.09992148081461583,-0.07376433014869699
utmos,knn,0.5,20270010,nisqa_val_sim,1250,1250,0.8952,2.2174882888793945,2.9129225158691407,0.8896,2.1873182304382324,2.919058460998535,-0.005600000000000049,-0.030170058441162162,0.006135945129394305
utmos,knn,0.5,20270010,nisqa_train_live,1250,1020,0.7990196078431373,2.2174882888793945,3.3797643535277424,0.7931372549019607,2.218437078887341,3.4025999036489747,-0.005882352941176561,0.0009487900079463429,0.022835550121232284
utmos,knn,0.5,20270010,nisqa_val_live,1250,200,0.78,2.2174882888793945,3.658792591094971,0.78,2.21556587934494,3.6816413474082945,0.0,-0.001922409534454328,0.022848756313323726
utmos,knn,0.5,20270010,nisqa_test_for,1250,240,0.9208333333333333,2.2174882888793945,2.629696716864904,0.9041666666666667,2.186748663584391,2.6303146282831826,-0.016666666666666607,-0.030739625295003403,0.000617911418278716
utmos,knn,0.5,20270010,nisqa_test_livetalk,1250,232,0.6508620689655172,2.2174882888793945,4.617057555708392,0.646551724137931,2.1837997929803254,4.733845836129682,-0.004310344827586188,-0.03368849589906908,0.11678828042128941
utmos,knn,0.5,20270010,nisqa_test_p501,1250,240,0.9083333333333333,2.2174882888793945,2.5558928847312927,0.8833333333333333,2.213578618566195,2.584822939833005,-0.025000000000000022,-0.0039096703131993316,0.028930055101712426
utmos,mahalanobis,0.5,20270011,nisqa_val_sim,1250,1250,0.92,2.278898239135742,2.740684810638428,0.9144,2.2930618396759033,2.7699517169952395,-0.005600000000000049,0.014163600540161081,0.029266906356811617
utmos,mahalanobis,0.5,20270011,nisqa_train_live,1250,1020,0.8156862745098039,2.278898239135742,3.3244911806256163,0.8362745098039216,2.3704967321134083,3.274596163805793,0.020588235294117685,0.09159849297766609,-0.04989501681982311
utmos,mahalanobis,0.5,20270011,nisqa_val_live,1250,200,0.785,2.278898239135742,3.5857652902603148,0.795,2.3681295466423036,3.502922887802124,0.010000000000000009,0.08923130750656139,-0.08284240245819063
utmos,mahalanobis,0.5,20270011,nisqa_test_for,1250,240,0.9291666666666667,2.278898239135742,2.6428066988786063,0.9208333333333333,2.239442378282547,2.636780798435211,-0.008333333333333415,-0.03945586085319519,-0.006025900443395127
utmos,mahalanobis,0.5,20270011,nisqa_test_livetalk,1250,232,0.6637931034482759,2.278898239135742,4.469200746766452,0.6896551724137931,2.356644431064869,4.38959900058549,0.025862068965517238,0.07774619192912668,-0.07960174618096172
utmos,mahalanobis,0.5,20270011,nisqa_test_p501,1250,240,0.9208333333333333,2.278898239135742,2.565449227889379,0.925,2.316388418277105,2.5958274006843567,0.004166666666666763,0.037490179141362656,0.030378172794977676
utmos,l2,0.5,20270011,nisqa_val_sim,1250,1250,0.92,2.278898239135742,2.740684810638428,0.912,2.2683810356140137,2.7051098392486574,-0.008000000000000007,-0.010517203521728469,-0.03557497138977039
utmos,l2,0.5,20270011,nisqa_train_live,1250,1020,0.8156862745098039,2.278898239135742,3.3244911806256163,0.7813725490196078,2.071176678059148,3.50912336695428,-0.03431372549019607,-0.20772156107659434,0.18463218632866374
utmos,l2,0.5,20270011,nisqa_val_live,1250,200,0.785,2.278898239135742,3.5857652902603148,0.77,2.0577049350738523,3.5178704237937928,-0.015000000000000013,-0.22119330406188986,-0.06789486646652199
utmos,l2,0.5,20270011,nisqa_test_for,1250,240,0.9291666666666667,2.278898239135742,2.6428066988786063,0.9375,2.3498375991980236,2.697981385389964,0.008333333333333304,0.07093936006228141,0.055174686511357596
utmos,l2,0.5,20270011,nisqa_test_livetalk,1250,232,0.6637931034482759,2.278898239135742,4.469200746766452,0.6939655172413793,2.275926820163069,4.285615662048603,0.030172413793103425,-0.0029714189726730567,-0.1835850847178495
utmos,l2,0.5,20270011,nisqa_test_p501,1250,240,0.9208333333333333,2.278898239135742,2.565449227889379,0.9208333333333333,2.230621365706126,2.4921725074450176,0.0,-0.048276873429616174,-0.0732767204443614
utmos,knn,0.5,20270011,nisqa_val_sim,1250,1250,0.92,2.278898239135742,2.740684810638428,0.9112,2.2922760551452637,2.791743000793457,-0.00880000000000003,0.013377816009521482,0.051058190155029326
utmos,knn,0.5,20270011,nisqa_train_live,1250,1020,0.8156862745098039,2.278898239135742,3.3244911806256163,0.8411764705882353,2.416383313431459,3.3179416051097945,0.025490196078431393,0.137485074295717,-0.006549575515821804
utmos,knn,0.5,20270011,nisqa_val_live,1250,200,0.785,2.278898239135742,3.5857652902603148,0.82,2.4274854016304017,3.508757383823395,0.03499999999999992,0.14858716249465953,-0.07700790643691979
utmos,knn,0.5,20270011,nisqa_test_for,1250,240,0.9291666666666667,2.278898239135742,2.6428066988786063,0.9041666666666667,2.2588870773712793,2.6573544392983117,-0.025000000000000022,-0.020011161764462937,0.014547740419705413
utmos,knn,0.5,20270011,nisqa_test_livetalk,1250,232,0.6637931034482759,2.278898239135742,4.469200746766452,0.6681034482758621,2.3754685233379234,4.419304424318774,0.004310344827586188,0.09657028420218117,-0.04989632244767783
utmos,knn,0.5,20270011,nisqa_test_p501,1250,240,0.9208333333333333,2.278898239135742,2.565449227889379,0.925,2.3243723223606745,2.6058488100767137,0.004166666666666763,0.045474083224932293,0.04039958218733464
utmos,mahalanobis,0.5,20270012,nisqa_val_sim,1250,1250,0.9008,2.2276766300201416,2.7551392345428467,0.9064,2.2394719341278075,2.7563954399108885,0.005599999999999938,0.011795304107665938,0.0012562053680418295
utmos,mahalanobis,0.5,20270012,nisqa_train_live,1250,1020,0.8068627450980392,2.2276766300201416,3.3699322868795956,0.8107843137254902,2.256587209654789,3.3697586445247425,0.0039215686274509665,0.028910579634647604,-0.00017364235485306523
utmos,mahalanobis,0.5,20270012,nisqa_val_live,1250,200,0.78,2.2276766300201416,3.6465665817260744,0.785,2.2558773815631867,3.6231754243373873,0.0050000000000000044,0.028200751543045133,-0.023391157388687134
utmos,mahalanobis,0.5,20270012,nisqa_test_for,1250,240,0.9208333333333333,2.2276766300201416,2.6318192879358926,0.9208333333333333,2.2741627166668574,2.663929608464241,0.0,0.04648608664671583,0.03211032052834861
utmos,mahalanobis,0.5,20270012,nisqa_test_livetalk,1250,232,0.6551724137931034,2.2276766300201416,4.591840162359435,0.6637931034482759,2.2587870934913896,4.515141670046182,0.008620689655172487,0.031110463471248018,-0.07669849231325276
utmos,mahalanobis,0.5,20270012,nisqa_test_p501,1250,240,0.9083333333333333,2.2276766300201416,2.5567419131596885,0.9166666666666666,2.2735876480738324,2.5790075699488324,0.008333333333333304,0.0459110180536908,0.02226565678914394
utmos,l2,0.5,20270012,nisqa_val_sim,1250,1250,0.9008,2.2276766300201416,2.7551392345428467,0.9168,2.268263649559021,2.696578482246399,0.015999999999999903,0.04058701953887933,-0.05856075229644775
utmos,l2,0.5,20270012,nisqa_train_live,1250,1020,0.8068627450980392,2.2276766300201416,3.3699322868795956,0.7725490196078432,2.0854241855004254,3.5269705064156476,-0.03431372549019607,-0.1422524445197162,0.15703821953605202
utmos,l2,0.5,20270012,nisqa_val_live,1250,200,0.78,2.2276766300201416,3.6465665817260744,0.77,2.084687418937683,3.6234541845321657,-0.010000000000000009,-0.14298921108245866,-0.023112397193908674
utmos,l2,0.5,20270012,nisqa_test_for,1250,240,0.9208333333333333,2.2276766300201416,2.6318192879358926,0.9375,2.3262763281663257,2.6595908363660175,0.01666666666666672,0.09859969814618408,0.02777154843012486
utmos,l2,0.5,20270012,nisqa_test_livetalk,1250,232,0.6551724137931034,2.2276766300201416,4.591840162359435,0.6896551724137931,2.262945685921044,4.2642630657245375,0.034482758620689724,0.03526905590090257,-0.3275770966348972
utmos,l2,0.5,20270012,nisqa_test_p501,1250,240,0.9083333333333333,2.2276766300201416,2.5567419131596885,0.9291666666666667,2.2417199204365414,2.4852435678243636,0.02083333333333337,0.014043290416399845,-0.07149834533532484
utmos,knn,0.5,20270012,nisqa_val_sim,1250,1250,0.9008,2.2276766300201416,2.7551392345428467,0.9032,2.2110354795455933,2.7481984834671023,0.0023999999999999577,-0.016641150474548283,-0.0069407510757444335
utmos,knn,0.5,20270012,nisqa_train_live,1250,1020,0.8068627450980392,2.2276766300201416,3.3699322868795956,0.8009803921568628,2.2252363167557063,3.3819867082670623,-0.00588235294117645,-0.0024403132644352787,0.012054421387466707
utmos,knn,0.5,20270012,nisqa_val_live,1250,200,0.78,2.2276766300201416,3.6465665817260744,0.78,2.2279637455940247,3.6560294151306154,0.0,0.00028711557388305664,0.009462833404541016
utmos,knn,0.5,20270012,nisqa_test_for,1250,240,0.9208333333333333,2.2276766300201416,2.6318192879358926,0.9083333333333333,2.2036704301834105,2.640732494990031,-0.012499999999999956,-0.024006199836731135,0.00891320705413845
utmos,knn,0.5,20270012,nisqa_test_livetalk,1250,232,0.6551724137931034,2.2276766300201416,4.591840162359435,0.646551724137931,2.2256531129623283,4.611984044313431,-0.008620689655172376,-0.00202351705781334,0.02014388195399608
utmos,knn,0.5,20270012,nisqa_test_p501,1250,240,0.9083333333333333,2.2276766300201416,2.5567419131596885,0.9,2.2102201143900553,2.554980264107386,-0.008333333333333304,-0.017456515630086322,-0.0017616490523022499
utmos,mahalanobis,0.5,20270013,nisqa_val_sim,1250,1250,0.916,2.262640953063965,2.8297283153533934,0.9152,2.261738405227661,2.8222220764160157,-0.0008000000000000229,-0.0009025478363038353,-0.007506238937377674
utmos,mahalanobis,0.5,20270013,nisqa_train_live,1250,1020,0.8127450980392157,2.262640953063965,3.338396991000456,0.8166666666666667,2.276226241915834,3.3226286518807506,0.0039215686274509665,0.013585288851869048,-0.01576833911970521
utmos,mahalanobis,0.5,20270013,nisqa_val_live,1250,200,0.78,2.262640953063965,3.6046093940734862,0.785,2.276991150379181,3.5929086422920227,0.0050000000000000044,0.014350197315216029,-0.01170075178146357
utmos,mahalanobis,0.5,20270013,nisqa_test_for,1250,240,0.9208333333333333,2.262640953063965,2.639103521903356,0.925,2.2660669445991517,2.644749806324641,0.004166666666666763,0.0034259915351868564,0.005646284421284786
utmos,mahalanobis,0.5,20270013,nisqa_test_livetalk,1250,232,0.6637931034482759,2.262640953063965,4.507601577660133,0.6637931034482759,2.279261284861071,4.471821657542525,0.0,0.016620331797106314,-0.035779920117608555
utmos,mahalanobis,0.5,20270013,nisqa_test_p501,1250,240,0.9208333333333333,2.262640953063965,2.562062293291092,0.9208333333333333,2.27826363046964,2.574639461437861,0.0,0.015622677405675134,0.012577168146769235
utmos,l2,0.5,20270013,nisqa_val_sim,1250,1250,0.916,2.262640953063965,2.8297283153533934,0.9024,2.193880976295471,2.7857519918441773,-0.013600000000000056,-0.06875997676849366,-0.0439763235092161
utmos,l2,0.5,20270013,nisqa_train_live,1250,1020,0.8127450980392157,2.262640953063965,3.338396991000456,0.7598039215686274,1.9870329148629133,3.6670863055715373,-0.05294117647058827,-0.2756080382010515,0.3286893145710814
utmos,l2,0.5,20270013,nisqa_val_live,1250,200,0.78,2.262640953063965,3.6046093940734862,0.765,1.9965229523181915,3.709075940847397,-0.015000000000000013,-0.2661180007457733,0.10446654677391054
utmos,l2,0.5,20270013,nisqa_test_for,1250,240,0.9208333333333333,2.262640953063965,2.639103521903356,0.925,2.272260254621506,2.6690774420897165,0.004166666666666763,0.009619301557540982,0.02997392018636047
utmos,l2,0.5,20270013,nisqa_test_livetalk,1250,232,0.6637931034482759,2.262640953063965,4.507601577660133,0.6810344827586207,2.197064465489881,4.455474652093033,0.01724137931034475,-0.06557648757408385,-0.052126925567100635
utmos,l2,0.5,20270013,nisqa_test_p501,1250,240,0.9208333333333333,2.262640953063965,2.562062293291092,0.9041666666666667,2.1880242844422657,2.5013407289981844,-0.016666666666666607,-0.07461666862169913,-0.06072156429290754
utmos,knn,0.5,20270013,nisqa_val_sim,1250,1250,0.916,2.262640953063965,2.8297283153533934,0.916,2.2993638774871825,2.8288530494689943,0.0,0.03672292442321767,-0.0008752658843991235
utmos,knn,0.5,20270013,nisqa_train_live,1250,1020,0.8127450980392157,2.262640953063965,3.338396991000456,0.8245098039215686,2.3461249122432632,3.3141859199486525,0.0117647058823529,0.0834839591792984,-0.024211071051803312
utmos,knn,0.5,20270013,nisqa_val_live,1250,200,0.78,2.262640953063965,3.6046093940734862,0.8,2.3505572831630706,3.5431728875637054,0.020000000000000018,0.08791633009910571,-0.06143650650978083
utmos,knn,0.5,20270013,nisqa_test_for,1250,240,0.9208333333333333,2.262640953063965,2.639103521903356,0.9125,2.286618419488271,2.6631407221158345,-0.008333333333333304,0.023977466424306204,0.02403720021247846
utmos,knn,0.5,20270013,nisqa_test_livetalk,1250,232,0.6637931034482759,2.262640953063965,4.507601577660133,0.6853448275862069,2.322603384996283,4.446932861517215,0.02155172413793094,0.05996243193231798,-0.06066871614291802
utmos,knn,0.5,20270013,nisqa_test_p501,1250,240,0.9208333333333333,2.262640953063965,2.562062293291092,0.925,2.2994926502307256,2.5466096729040144,0.004166666666666763,0.03685169716676073,-0.01545262038707751
utmos,mahalanobis,0.5,20270014,nisqa_val_sim,1250,1250,0.9272,2.2966372966766357,2.7625778522491453,0.9216,2.3463252422332763,2.810769396972656,-0.005600000000000049,0.04968794555664058,0.04819154472351084
utmos,mahalanobis,0.5,20270014,nisqa_train_live,1250,1020,0.8205882352941176,2.2966372966766357,3.3100652367460963,0.8392156862745098,2.406846369481554,3.298413347262962,0.0186274509803922,0.11020907280491832,-0.011651889483134337
utmos,mahalanobis,0.5,20270014,nisqa_val_live,1250,200,0.795,2.2966372966766357,3.5663107872009276,0.805,2.4069126558303835,3.4938149642944336,0.010000000000000009,0.11027535915374775,-0.07249582290649403
utmos,mahalanobis,0.5,20270014,nisqa_test_for,1250,240,0.9291666666666667,2.2966372966766357,2.647980590661367,0.9208333333333333,2.3184961398442585,2.688154302040736,-0.008333333333333415,0.021858843167622766,0.04017371137936898
utmos,mahalanobis,0.5,20270014,nisqa_test_livetalk,1250,232,0.6637931034482759,2.2966372966766357,4.427299869471583,0.6982758620689655,2.3861865894547822,4.319486858515904,0.03448275862068961,0.0895492927781465,-0.10781301095567919
utmos,mahalanobis,0.5,20270014,nisqa_test_p501,1250,240,0.925,2.2966372966766357,2.5696365733941398,0.9416666666666667,2.3831924895445504,2.619964381059011,0.016666666666666607,0.08655519286791469,0.050327807664871216
utmos,l2,0.5,20270014,nisqa_val_sim,1250,1250,0.9272,2.2966372966766357,2.7625778522491453,0.9344,2.3183569988250734,2.734168539428711,0.007199999999999984,0.02171970214843766,-0.02840931282043435
utmos,l2,0.5,20270014,nisqa_train_live,1250,1020,0.8205882352941176,2.2966372966766357,3.3100652367460963,0.7735294117647059,2.1264461119969686,3.4862199395310647,-0.04705882352941171,-0.1701911846796671,0.17615470278496836
utmos,l2,0.5,20270014,nisqa_val_live,1250,200,0.795,2.2966372966766357,3.5663107872009276,0.765,2.1308304834365845,3.586705403327942,-0.030000000000000027,-0.1658068132400512,0.02039461612701432
utmos,l2,0.5,20270014,nisqa_test_for,1250,240,0.9291666666666667,2.2966372966766357,2.647980590661367,0.95,2.376256431142489,2.674986705183983,0.02083333333333326,0.07961913446585323,0.02700611452261592
utmos,l2,0.5,20270014,nisqa_test_livetalk,1250,232,0.6637931034482759,2.2966372966766357,4.427299869471583,0.7112068965517241,2.3119486107908447,4.181520323301184,0.047413793103448176,0.01531131411420894,-0.24577954617039932
utmos,l2,0.5,20270014,nisqa_test_p501,1250,240,0.925,2.2966372966766357,2.5696365733941398,0.9375,2.298498098055522,2.5218732595443725,0.012499999999999956,0.0018608013788861122,-0.047763313849767286
utmos,knn,0.5,20270014,nisqa_val_sim,1250,1250,0.9272,2.2966372966766357,2.7625778522491453,0.92,2.3136898416519167,2.7903149656295776,-0.007199999999999984,0.01705254497528097,0.027737113380432277
utmos,knn,0.5,20270014,nisqa_train_live,1250,1020,0.8205882352941176,2.2966372966766357,3.3100652367460963,0.8431372549019608,2.425894481528039,3.2935308956632428,0.022549019607843168,0.12925718485140347,-0.016534341082853565
utmos,knn,0.5,20270014,nisqa_val_live,1250,200,0.795,2.2966372966766357,3.5663107872009276,0.82,2.4216130077838898,3.528094118833542,0.02499999999999991,0.12497571110725403,-0.03821666836738569
utmos,knn,0.5,20270014,nisqa_test_for,1250,240,0.9291666666666667,2.2966372966766357,2.647980590661367,0.9083333333333333,2.3024524837732314,2.6491854081551236,-0.02083333333333337,0.005815187096595675,0.0012048174937566714
utmos,knn,0.5,20270014,nisqa_test_livetalk,1250,232,0.6637931034482759,2.2966372966766357,4.427299869471583,0.6896551724137931,2.3735301176021837,4.3918824432225065,0.025862068965517238,0.07689282092554794,-0.03541742624907673
utmos,knn,0.5,20270014,nisqa_test_p501,1250,240,0.925,2.2966372966766357,2.5696365733941398,0.9291666666666667,2.362871350844701,2.5845826188723247,0.004166666666666652,0.06623405416806527,0.0149460454781849
utmos,mahalanobis,0.5,20270015,nisqa_val_sim,1250,1250,0.9056,2.2364578247070312,2.8102874126434325,0.9008,2.2244521381378175,2.8195858757019043,-0.0047999999999999154,-0.012005686569213747,0.009298463058471818
utmos,mahalanobis,0.5,20270015,nisqa_train_live,1250,1020,0.807843137254902,2.2364578247070312,3.361785570780436,0.8205882352941176,2.278465526477963,3.308282406423606,0.012745098039215641,0.04200770177093194,-0.05350316435683
utmos,mahalanobis,0.5,20270015,nisqa_val_live,1250,200,0.78,2.2364578247070312,3.6360291481018066,0.78,2.2821903443336486,3.5853474235534666,0.0,0.045732519626617396,-0.05068172454833997
utmos,mahalanobis,0.5,20270015,nisqa_test_for,1250,240,0.9208333333333333,2.2364578247070312,2.6336487034956613,0.9125,2.22095145881176,2.6438201278448106,-0.008333333333333304,-0.015506365895271212,0.010171424349149305
utmos,mahalanobis,0.5,20270015,nisqa_test_livetalk,1250,232,0.6551724137931034,2.2364578247070312,4.570341375367395,0.6681034482758621,2.2900697907497145,4.455040653204096,0.012931034482758674,0.05361196604268326,-0.11530072216329934
utmos,mahalanobis,0.5,20270015,nisqa_test_p501,1250,240,0.9125,2.2364578247070312,2.5576037665208182,0.9125,2.2693539361159005,2.5734929839769998,0.0,0.03289611140886928,0.015889217456181548
utmos,l2,0.5,20270015,nisqa_val_sim,1250,1250,0.9056,2.2364578247070312,2.8102874126434325,0.9136,2.235969009208679,2.746168931770325,0.008000000000000007,-0.0004888154983522242,-0.06411848087310767
utmos,l2,0.5,20270015,nisqa_train_live,1250,1020,0.807843137254902,2.2364578247070312,3.361785570780436,0.7843137254901961,2.0727591717944427,3.48887754351485,-0.02352941176470591,-0.16369865291258856,0.12709197273441397
utmos,l2,0.5,20270015,nisqa_val_live,1250,200,0.78,2.2364578247070312,3.6360291481018066,0.77,2.05999524474144,3.555862020254135,-0.010000000000000009,-0.17646257996559145,-0.08016712784767144
utmos,l2,0.5,20270015,nisqa_test_for,1250,240,0.9208333333333333,2.2364578247070312,2.6336487034956613,0.9333333333333333,2.313306834300359,2.6960789521535236,0.012500000000000067,0.07684900959332763,0.062430248657862286
utmos,l2,0.5,20270015,nisqa_test_livetalk,1250,232,0.6551724137931034,2.2364578247070312,4.570341375367395,0.6681034482758621,2.2483232021331787,4.382974980206325,0.012931034482758674,0.011865377426147461,-0.18736639516107
utmos,l2,0.5,20270015,nisqa_test_p501,1250,240,0.9125,2.2364578247070312,2.5576037665208182,0.9291666666666667,2.2029834856589634,2.472245888908704,0.01666666666666672,-0.03347433904806785,-0.08535787761211422
utmos,knn,0.5,20270015,nisqa_val_sim,1250,1250,0.9056,2.2364578247070312,2.8102874126434325,0.9056,2.2497295349121096,2.8207443111419677,0.0,0.013271710205078335,0.01045689849853515
utmos,knn,0.5,20270015,nisqa_train_live,1250,1020,0.807843137254902,2.2364578247070312,3.361785570780436,0.8225490196078431,2.350979993390102,3.3156339131149593,0.014705882352941124,0.11452216868307064,-0.0461516576654768
utmos,knn,0.5,20270015,nisqa_val_live,1250,200,0.78,2.2364578247070312,3.6360291481018066,0.81,2.3519666314125063,3.5127185940742494,0.030000000000000027,0.11550880670547503,-0.1233105540275572
utmos,knn,0.5,20270015,nisqa_test_for,1250,240,0.9208333333333333,2.2364578247070312,2.6336487034956613,0.9041666666666667,2.206674400965373,2.6139969964822134,-0.016666666666666607,-0.02978342374165832,-0.019651707013447872
utmos,knn,0.5,20270015,nisqa_test_livetalk,1250,232,0.6551724137931034,2.2364578247070312,4.570341375367395,0.6810344827586207,2.307471972087334,4.51526527774745,0.025862068965517238,0.07101414738030254,-0.0550760976199447
utmos,knn,0.5,20270015,nisqa_test_p501,1250,240,0.9125,2.2364578247070312,2.5576037665208182,0.9125,2.2800072729587555,2.5722955962022147,0.0,0.04354944825172424,0.014691829681396484
utmos,mahalanobis,0.5,20270016,nisqa_val_sim,1250,1250,0.8944,2.212326765060425,2.8229947147369385,0.892,2.1856230205535887,2.8368312152862547,-0.0023999999999999577,-0.026703744506836102,0.013836500549316177
utmos,mahalanobis,0.5,20270016,nisqa_train_live,1250,1020,0.7980392156862746,2.212326765060425,3.384984619477216,0.8088235294117647,2.2446994533725815,3.341640669691796,0.010784313725490158,0.03237268831215667,-0.04334394978541978
utmos,mahalanobis,0.5,20270016,nisqa_val_live,1250,200,0.78,2.212326765060425,3.664986419677734,0.775,2.2471691465377805,3.623277530670166,-0.0050000000000000044,0.034842381477355744,-0.041708889007568306
utmos,mahalanobis,0.5,20270016,nisqa_test_for,1250,240,0.9208333333333333,2.212326765060425,2.6286213994026184,0.9083333333333333,2.1731215099493664,2.643487898508708,-0.012499999999999956,-0.039205255111058435,0.014866499106089393
utmos,mahalanobis,0.5,20270016,nisqa_test_livetalk,1250,232,0.646551724137931,2.212326765060425,4.630085273035641,0.6551724137931034,2.250668295498552,4.560796404707021,0.008620689655172376,0.03834153043812716,-0.0692888683286208
utmos,mahalanobis,0.5,20270016,nisqa_test_p501,1250,240,0.9041666666666667,2.212326765060425,2.5555215179920197,0.9125,2.2247875809669493,2.579458940029144,0.008333333333333304,0.01246081590652448,0.023937422037124456
utmos,l2,0.5,20270016,nisqa_val_sim,1250,1250,0.8944,2.212326765060425,2.8229947147369385,0.8856,2.157150717163086,2.767086834335327,-0.008799999999999919,-0.055176047897338876,-0.05590788040161154
utmos,l2,0.5,20270016,nisqa_train_live,1250,1020,0.7980392156862746,2.212326765060425,3.384984619477216,0.746078431372549,1.941195956398459,3.703787708749958,-0.05196078431372553,-0.2711308086619657,0.31880308927274204
utmos,l2,0.5,20270016,nisqa_val_live,1250,200,0.78,2.212326765060425,3.664986419677734,0.735,1.9354796957969667,3.7385797929763793,-0.04500000000000004,-0.27684706926345815,0.07359337329864513
utmos,l2,0.5,20270016,nisqa_test_for,1250,240,0.9208333333333333,2.212326765060425,2.6286213994026184,0.9208333333333333,2.2196062286694844,2.648548760016759,0.0,0.007279463609059622,0.0199273606141408
utmos,l2,0.5,20270016,nisqa_test_livetalk,1250,232,0.646551724137931,2.212326765060425,4.630085273035641,0.6508620689655172,2.161990839859535,4.578746211939845,0.004310344827586188,-0.0503359252008897,-0.051339061095796445
utmos,l2,0.5,20270016,nisqa_test_p501,1250,240,0.9041666666666667,2.212326765060425,2.5555215179920197,0.9166666666666666,2.1342943727970125,2.5094788988431294,0.012499999999999956,-0.0780323922634123,-0.046042619148890296
utmos,knn,0.5,20270016,nisqa_val_sim,1250,1250,0.8944,2.212326765060425,2.8229947147369385,0.8848,2.183151421737671,2.8366211959838865,-0.009599999999999942,-0.029175343322753733,0.013626481246947986
utmos,knn,0.5,20270016,nisqa_train_live,1250,1020,0.7980392156862746,2.212326765060425,3.384984619477216,0.8049019607843138,2.2830731324121065,3.3732982492914387,0.006862745098039191,0.07074636735168172,-0.011686370185777228
utmos,knn,0.5,20270016,nisqa_val_live,1250,200,0.78,2.212326765060425,3.664986419677734,0.81,2.289653114080429,3.5519562757015226,0.030000000000000027,0.07732634902000424,-0.11303014397621158
utmos,knn,0.5,20270016,nisqa_test_for,1250,240,0.9208333333333333,2.212326765060425,2.6286213994026184,0.8916666666666667,2.1261813273032506,2.597929619749387,-0.029166666666666563,-0.0861454377571742,-0.030691779653231333
utmos,knn,0.5,20270016,nisqa_test_livetalk,1250,232,0.646551724137931,2.212326765060425,4.630085273035641,0.6724137931034483,2.256100975233933,4.62532914506978,0.025862068965517238,0.043774210173508354,-0.004756127965861445
utmos,knn,0.5,20270016,nisqa_test_p501,1250,240,0.9041666666666667,2.212326765060425,2.5555215179920197,0.9125,2.1959827144940696,2.5393956502278647,0.008333333333333304,-0.01634405056635524,-0.016125867764154922
utmos,mahalanobis,0.5,20270017,nisqa_val_sim,1250,1250,0.9056,2.2364578247070312,2.875734306335449,0.9056,2.2648233242034914,2.892219383239746,0.0,0.028365499496460167,0.016485076904297014
utmos,mahalanobis,0.5,20270017,nisqa_train_live,1250,1020,0.807843137254902,2.2364578247070312,3.361785570780436,0.8009803921568628,2.241583916720222,3.415569395644992,-0.006862745098039191,0.005126092013190586,0.05378382486455591
utmos,mahalanobis,0.5,20270017,nisqa_val_live,1250,200,0.78,2.2364578247070312,3.6360291481018066,0.785,2.2444368863105773,3.6498892807960512,0.0050000000000000044,0.007979061603546,0.013860132694244687
utmos,mahalanobis,0.5,20270017,nisqa_test_for,1250,240,0.9208333333333333,2.2364578247070312,2.6336487034956613,0.9291666666666667,2.3063815673192343,2.6830168704191846,0.008333333333333415,0.06992374261220302,0.049368166923523304
utmos,mahalanobis,0.5,20270017,nisqa_test_livetalk,1250,232,0.6551724137931034,2.2364578247070312,4.570341375367395,0.6637931034482759,2.2356356238496713,4.56109575362041,0.008620689655172487,-0.000822200857359956,-0.009245621746984511
utmos,mahalanobis,0.5,20270017,nisqa_test_p501,1250,240,0.9125,2.2364578247070312,2.5576037665208182,0.9041666666666667,2.2799467364947,2.585434279839198,-0.008333333333333304,0.043488911787668894,0.0278305133183796
utmos,l2,0.5,20270017,nisqa_val_sim,1250,1250,0.9056,2.2364578247070312,2.875734306335449,0.9056,2.2338624368667603,2.8062254091262817,0.0,-0.002595387840270913,-0.06950889720916731
utmos,l2,0.5,20270017,nisqa_train_live,1250,1020,0.807843137254902,2.2364578247070312,3.361785570780436,0.7686274509803922,2.079363167285919,3.52970480334525,-0.039215686274509776,-0.15709465742111206,0.167919232564814
utmos,l2,0.5,20270017,nisqa_val_live,1250,200,0.78,2.2364578247070312,3.6360291481018066,0.765,2.081570646762848,3.6563636755943296,-0.015000000000000013,-0.15488717794418339,0.02033452749252307
utmos,l2,0.5,20270017,nisqa_test_for,1250,240,0.9208333333333333,2.2364578247070312,2.6336487034956613,0.9333333333333333,2.285369396209717,2.6338324348131814,0.012500000000000067,0.04891157150268555,0.0001837313175201416
utmos,l2,0.5,20270017,nisqa_test_livetalk,1250,232,0.6551724137931034,2.2364578247070312,4.570341375367395,0.6810344827586207,2.2317082830544175,4.354758469195201,0.025862068965517238,-0.004749541652613765,-0.21558290617219367
utmos,l2,0.5,20270017,nisqa_test_p501,1250,240,0.9125,2.2364578247070312,2.5576037665208182,0.9208333333333333,2.2158924758434297,2.4904749910036723,0.008333333333333304,-0.020565348863601507,-0.06712877551714591
utmos,knn,0.5,20270017,nisqa_val_sim,1250,1250,0.9056,2.2364578247070312,2.875734306335449,0.9072,2.2197036331176756,2.864519020843506,0.0016000000000000458,-0.01675419158935565,-0.01121528549194295
utmos,knn,0.5,20270017,nisqa_train_live,1250,1020,0.807843137254902,2.2364578247070312,3.361785570780436,0.8009803921568628,2.236947665495031,3.388307843021318,-0.006862745098039191,0.0004898407879996292,0.026522272240881772
utmos,knn,0.5,20270017,nisqa_val_live,1250,200,0.78,2.2364578247070312,3.6360291481018066,0.785,2.240749247074127,3.626883764266968,0.0050000000000000044,0.004291422367095787,-0.00914538383483876
utmos,knn,0.5,20270017,nisqa_test_for,1250,240,0.9208333333333333,2.2364578247070312,2.6336487034956613,0.9125,2.2103161851565045,2.635368877649307,-0.008333333333333304,-0.02614163955052673,0.0017201741536458925
utmos,knn,0.5,20270017,nisqa_test_livetalk,1250,232,0.6551724137931034,2.2364578247070312,4.570341375367395,0.6422413793103449,2.2281520099475465,4.620863546585214,-0.012931034482758563,-0.008305814759484775,0.050522171217819434
utmos,knn,0.5,20270017,nisqa_test_p501,1250,240,0.9125,2.2364578247070312,2.5576037665208182,0.8958333333333334,2.216112607717514,2.550013734896978,-0.016666666666666607,-0.0203452169895173,-0.007590031623840421
utmos,mahalanobis,0.5,20270018,nisqa_val_sim,1250,1250,0.9064,2.236642360687256,2.804363338470459,0.9072,2.252303804016113,2.82236259803772,0.0008000000000000229,0.015661443328857327,0.017999259567260673
utmos,mahalanobis,0.5,20270018,nisqa_train_live,1250,1020,0.807843137254902,2.236642360687256,3.3616155082104253,0.8147058823529412,2.307894767966925,3.3589984977946563,0.006862745098039191,0.07125240727966897,-0.0026170104157690055
utmos,mahalanobis,0.5,20270018,nisqa_val_live,1250,200,0.78,2.236642360687256,3.6358077049255373,0.785,2.3043402361869814,3.5787422823905946,0.0050000000000000044,0.0676978754997255,-0.057065422534942734
utmos,mahalanobis,0.5,20270018,nisqa_test_for,1250,240,0.9208333333333333,2.236642360687256,2.6336871484915414,0.9166666666666666,2.2049512873093287,2.6246030936638514,-0.004166666666666652,-0.031691073377927204,-0.009084054827690036
utmos,mahalanobis,0.5,20270018,nisqa_test_livetalk,1250,232,0.6551724137931034,2.236642360687256,4.569889580381328,0.6810344827586207,2.283751776506161,4.55710732423026,0.025862068965517238,0.04710941581890493,-0.012782256151067983
utmos,mahalanobis,0.5,20270018,nisqa_test_p501,1250,240,0.9125,2.236642360687256,2.5576268335183463,0.9208333333333333,2.260677005847295,2.568616594870885,0.008333333333333304,0.02403464516003906,0.010989761352538707
utmos,l2,0.5,20270018,nisqa_val_sim,1250,1250,0.9064,2.236642360687256,2.804363338470459,0.8952,2.1965417533874514,2.7444493576049807,-0.011199999999999988,-0.04010060729980447,-0.0599139808654785
utmos,l2,0.5,20270018,nisqa_train_live,1250,1020,0.807843137254902,2.236642360687256,3.3616155082104253,0.7686274509803922,2.0176012819888545,3.5734422791237925,-0.039215686274509776,-0.2190410786984014,0.2118267709133672
utmos,l2,0.5,20270018,nisqa_val_live,1250,200,0.78,2.236642360687256,3.6358077049255373,0.77,2.0081678080558776,3.6207020330429076,-0.010000000000000009,-0.22847455263137828,-0.015105671882629679
utmos,l2,0.5,20270018,nisqa_test_for,1250,240,0.9208333333333333,2.236642360687256,2.6336871484915414,0.925,2.2774989048639935,2.6666904032230376,0.004166666666666763,0.040856544176737675,0.033003254731496234
utmos,l2,0.5,20270018,nisqa_test_livetalk,1250,232,0.6551724137931034,2.236642360687256,4.569889580381328,0.6767241379310345,2.2076605188435523,4.433285694697807,0.02155172413793105,-0.02898184184370356,-0.13660388568352033
utmos,l2,0.5,20270018,nisqa_test_p501,1250,240,0.9125,2.236642360687256,2.5576268335183463,0.9125,2.1691112021605172,2.4687444468339286,0.0,-0.06753115852673863,-0.08888238668441772
utmos,knn,0.5,20270018,nisqa_val_sim,1250,1250,0.9064,2.236642360687256,2.804363338470459,0.916,2.312168442726135,2.836611386299133,0.009600000000000053,0.07552608203887923,0.032248047828673965
utmos,knn,0.5,20270018,nisqa_train_live,1250,1020,0.807843137254902,2.236642360687256,3.3616155082104253,0.8401960784313726,2.42424324166541,3.3001976499370502,0.032352941176470584,0.1876008809781542,-0.06141785827337509
utmos,knn,0.5,20270018,nisqa_val_live,1250,200,0.78,2.236642360687256,3.6358077049255373,0.825,2.4272354471683504,3.4841315853595733,0.04499999999999993,0.19059308648109452,-0.15167611956596394
utmos,knn,0.5,20270018,nisqa_test_for,1250,240,0.9208333333333333,2.236642360687256,2.6336871484915414,0.9125,2.245597818493843,2.5961535662412643,-0.008333333333333304,0.00895545780658713,-0.03753358225027714
utmos,knn,0.5,20270018,nisqa_test_livetalk,1250,232,0.6551724137931034,2.236642360687256,4.569889580381328,0.6853448275862069,2.361055552959442,4.469326387191641,0.030172413793103425,0.12441319227218628,-0.10056319318968665
utmos,knn,0.5,20270018,nisqa_test_p501,1250,240,0.9125,2.236642360687256,2.5576268335183463,0.925,2.343575943509738,2.602127272884051,0.012500000000000067,0.106933582822482,0.044500439365704914
utmos,mahalanobis,0.5,20270019,nisqa_val_sim,1250,1250,0.8968,2.222116470336914,2.8159525413513182,0.8984,2.1981549158096314,2.814224305152893,0.0015999999999999348,-0.023961554527282658,-0.0017282361984252148
utmos,mahalanobis,0.5,20270019,nisqa_train_live,1250,1020,0.803921568627451,2.222116470336914,3.3752121574738445,0.7990196078431373,2.222971453853682,3.4029026199789607,-0.004901960784313708,0.0008549835167679376,0.027690462505116198
utmos,mahalanobis,0.5,20270019,nisqa_val_live,1250,200,0.78,2.222116470336914,3.6532387733459473,0.775,2.2199561691284178,3.6789730405807495,-0.0050000000000000044,-0.002160301208496307,0.02573426723480221
utmos,mahalanobis,0.5,20270019,nisqa_test_for,1250,240,0.9208333333333333,2.222116470336914,2.6306609213352203,0.9208333333333333,2.2231401413679124,2.6460263540347415,0.0,0.0010236710309983188,0.015365432699521175
utmos,mahalanobis,0.5,20270019,nisqa_test_livetalk,1250,232,0.6508620689655172,2.222116470336914,4.605527000180606,0.646551724137931,2.2183295138951005,4.6361209996815385,-0.004310344827586188,-0.0037869564418135937,0.030593999500932334
utmos,mahalanobis,0.5,20270019,nisqa_test_p501,1250,240,0.9083333333333333,2.222116470336914,2.556278566519419,0.9041666666666667,2.2298801481723785,2.6012619972229003,-0.004166666666666652,0.007763677835464389,0.0449834307034811
utmos,l2,0.5,20270019,nisqa_val_sim,1250,1250,0.8968,2.222116470336914,2.8159525413513182,0.9032,2.219700542449951,2.755214511871338,0.006399999999999961,-0.0024159278869628764,-0.060738029479980415
utmos,l2,0.5,20270019,nisqa_train_live,1250,1020,0.803921568627451,2.222116470336914,3.3752121574738445,0.7617647058823529,1.9955611135445388,3.6617588576148536,-0.04215686274509811,-0.22655535679237526,0.28654670014100914
utmos,l2,0.5,20270019,nisqa_val_live,1250,200,0.78,2.222116470336914,3.6532387733459473,0.765,2.0024994564056398,3.719574184417725,-0.015000000000000013,-0.2196170139312743,0.06633541107177754
utmos,l2,0.5,20270019,nisqa_test_for,1250,240,0.9208333333333333,2.222116470336914,2.6306609213352203,0.9333333333333333,2.27935707171758,2.64459747672081,0.012500000000000067,0.05724060138066589,0.013936555385589688
utmos,l2,0.5,20270019,nisqa_test_livetalk,1250,232,0.6508620689655172,2.222116470336914,4.605527000180606,0.6767241379310345,2.21801640658543,4.381813139751039,0.025862068965517238,-0.004100063751483862,-0.22371386042956676
utmos,l2,0.5,20270019,nisqa_test_p501,1250,240,0.9083333333333333,2.222116470336914,2.556278566519419,0.9125,2.1987187385559084,2.497852357228597,0.004166666666666652,-0.023397731781005682,-0.05842620929082232
utmos,knn,0.5,20270019,nisqa_val_sim,1250,1250,0.8968,2.222116470336914,2.8159525413513182,0.9016,2.1948626735687258,2.7976538513183593,0.0047999999999999154,-0.027253796768188288,-0.01829869003295892
utmos,knn,0.5,20270019,nisqa_train_live,1250,1020,0.803921568627451,2.222116470336914,3.3752121574738445,0.7970588235294118,2.229091818659913,3.3813108921051027,-0.006862745098039191,0.006975348322999064,0.006098734631258207
utmos,knn,0.5,20270019,nisqa_val_live,1250,200,0.78,2.222116470336914,3.6532387733459473,0.785,2.232712199687958,3.634950258731842,0.0050000000000000044,0.010595729351043914,-0.01828851461410519
utmos,knn,0.5,20270019,nisqa_test_for,1250,240,0.9208333333333333,2.222116470336914,2.6306609213352203,0.9,2.181422377626101,2.631134753425916,-0.02083333333333326,-0.040694092710813035,0.0004738320906958471
utmos,knn,0.5,20270019,nisqa_test_livetalk,1250,232,0.6508620689655172,2.222116470336914,4.605527000180606,0.646551724137931,2.2185177289206406,4.641470308961539,-0.004310344827586188,-0.0035987414162734765,0.03594330878093288
utmos,knn,0.5,20270019,nisqa_test_p501,1250,240,0.9083333333333333,2.222116470336914,2.556278566519419,0.8916666666666667,2.206846109032631,2.556581637263298,-0.016666666666666607,-0.015270361304283053,0.0003030707438789193
utmos,mahalanobis,0.5,20270020,nisqa_val_sim,1250,1250,0.9136,2.258652687072754,2.812421030044556,0.9248,2.3282898136138916,2.825646724319458,0.011199999999999988,0.06963712654113774,0.013225694274902278
utmos,mahalanobis,0.5,20270020,nisqa_train_live,1250,1020,0.8127450980392157,2.258652687072754,3.3418769485810222,0.8205882352941176,2.344010391889834,3.3289196809132893,0.007843137254901933,0.08535770481707994,-0.012957267667732975
utmos,mahalanobis,0.5,20270020,nisqa_val_live,1250,200,0.78,2.258652687072754,3.6093953132629393,0.795,2.342240424156189,3.522197873592377,0.015000000000000013,0.08358773708343525,-0.08719743967056237
utmos,mahalanobis,0.5,20270020,nisqa_test_for,1250,240,0.9208333333333333,2.258652687072754,2.638272633155187,0.925,2.319052596886953,2.6651895145575204,0.004166666666666763,0.06039990981419896,0.02691688140233328
utmos,mahalanobis,0.5,20270020,nisqa_test_livetalk,1250,232,0.6637931034482759,2.258652687072754,4.517022136984201,0.6810344827586207,2.3267890009386787,4.398410223681351,0.01724137931034475,0.06813631386592478,-0.11861191330284981
utmos,mahalanobis,0.5,20270020,nisqa_test_p501,1250,240,0.9208333333333333,2.258652687072754,2.561231404542923,0.925,2.3324393808841704,2.588374662399292,0.004166666666666763,0.07378669381141645,0.02714325785636884
utmos,l2,0.5,20270020,nisqa_val_sim,1250,1250,0.9136,2.258652687072754,2.812421030044556,0.9024,2.215150748062134,2.794413260269165,-0.011199999999999988,-0.04350193901061994,-0.01800776977539087
utmos,l2,0.5,20270020,nisqa_train_live,1250,1020,0.8127450980392157,2.258652687072754,3.3418769485810222,0.753921568627451,1.9879199958315084,3.7092972353392955,-0.05882352941176472,-0.27073269124124555,0.3674202867582732
utmos,l2,0.5,20270020,nisqa_val_live,1250,200,0.78,2.258652687072754,3.6093953132629393,0.76,2.0021676993370057,3.723393521308899,-0.020000000000000018,-0.25648498773574824,0.11399820804595961
utmos,l2,0.5,20270020,nisqa_test_for,1250,240,0.9208333333333333,2.258652687072754,2.638272633155187,0.925,2.2976833462715147,2.7031343360741933,0.004166666666666763,0.03903065919876081,0.06486170291900617
utmos,l2,0.5,20270020,nisqa_test_livetalk,1250,232,0.6637931034482759,2.258652687072754,4.517022136984201,0.6853448275862069,2.208652576495861,4.432186472004857,0.02155172413793094,-0.0500001105768928,-0.08483566497934358
utmos,l2,0.5,20270020,nisqa_test_p501,1250,240,0.9208333333333333,2.258652687072754,2.561231404542923,0.9208333333333333,2.209754572312037,2.482926950852076,0.0,-0.048898114760716815,-0.07830445369084682
utmos,knn,0.5,20270020,nisqa_val_sim,1250,1250,0.9136,2.258652687072754,2.812421030044556,0.916,2.288284313964844,2.828121657180786,0.0024000000000000687,0.02963162689208998,0.015700627136230327
utmos,knn,0.5,20270020,nisqa_train_live,1250,1020,0.8127450980392157,2.258652687072754,3.3418769485810222,0.8245098039215686,2.357741661165275,3.3314667112687055,0.0117647058823529,0.09908897409252093,-0.010410237312316717
utmos,knn,0.5,20270020,nisqa_val_live,1250,200,0.78,2.258652687072754,3.6093953132629393,0.805,2.369491283893585,3.52961873292923,0.025000000000000022,0.11083859682083119,-0.07977658033370938
utmos,knn,0.5,20270020,nisqa_test_for,1250,240,0.9208333333333333,2.258652687072754,2.638272633155187,0.9,2.265372657775879,2.665852024157842,-0.02083333333333326,0.006719970703124911,0.02757939100265494
utmos,knn,0.5,20270020,nisqa_test_livetalk,1250,232,0.6637931034482759,2.258652687072754,4.517022136984201,0.6724137931034483,2.3243583564100594,4.479317745258069,0.008620689655172376,0.06570566933730548,-0.03770439172613216
utmos,knn,0.5,20270020,nisqa_test_p501,1250,240,0.9208333333333333,2.258652687072754,2.561231404542923,0.925,2.303180988629659,2.5600882331530253,0.004166666666666763,0.0445283015569049,-0.0011431713898977236
utmos,mahalanobis,0.7,20270001,nisqa_val_sim,1750,750,0.9173333333333333,2.25276780128479,2.762857599258423,0.9146666666666666,2.2447804174423216,2.7675554920832317,-0.002666666666666706,-0.007987383842468443,0.004697892824808925
utmos,mahalanobis,0.7,20270001,nisqa_train_live,1750,1020,0.8107843137254902,2.25276780128479,3.3470671924890256,0.8156862745098039,2.272264584606769,3.3341311578657113,0.004901960784313708,0.019496783321979017,-0.012936034623314274
utmos,mahalanobis,0.7,20270001,nisqa_val_live,1750,200,0.78,2.25276780128479,3.6164571762084963,0.78,2.2741367530822756,3.6114690375328062,0.0,0.021368951797485547,-0.004988138675690035
utmos,mahalanobis,0.7,20270001,nisqa_test_for,1750,240,0.9208333333333333,2.25276780128479,2.6370466152826944,0.925,2.2546465158462525,2.662343229850133,0.004166666666666763,0.0018787145614624912,0.025296614567438702
utmos,mahalanobis,0.7,20270001,nisqa_test_livetalk,1750,232,0.6637931034482759,2.25276780128479,4.530922643069563,0.6637931034482759,2.275643353832179,4.486652987784352,0.0,0.022875552547389155,-0.044269655285210874
utmos,mahalanobis,0.7,20270001,nisqa_test_p501,1750,240,0.9166666666666666,2.25276780128479,2.5601417124271393,0.9208333333333333,2.2826487412055334,2.5926549921433133,0.004166666666666652,0.029880939920743366,0.032513279716174015
utmos,l2,0.7,20270001,nisqa_val_sim,1750,750,0.9173333333333333,2.25276780128479,2.762857599258423,0.9106666666666666,2.2301994600296022,2.7031112184524537,-0.00666666666666671,-0.022568341255187807,-0.05974638080596906
utmos,l2,0.7,20270001,nisqa_train_live,1750,1020,0.8107843137254902,2.25276780128479,3.3470671924890256,0.7735294117647059,2.035720022986917,3.5815761014526966,-0.03725490196078429,-0.21704777829787325,0.23450890896367094
utmos,l2,0.7,20270001,nisqa_val_live,1750,200,0.78,2.25276780128479,3.6164571762084963,0.77,2.0256085884571076,3.6436131846904756,-0.010000000000000009,-0.22715921282768248,0.0271560084819793
utmos,l2,0.7,20270001,nisqa_test_for,1750,240,0.9208333333333333,2.25276780128479,2.6370466152826944,0.9333333333333333,2.308334682385127,2.68229824701945,0.012500000000000067,0.05556688110033692,0.045251631736755726
utmos,l2,0.7,20270001,nisqa_test_livetalk,1750,232,0.6637931034482759,2.25276780128479,4.530922643069563,0.6896551724137931,2.238921355584572,4.350753721492044,0.025862068965517238,-0.01384644570021809,-0.1801689215775193
utmos,l2,0.7,20270001,nisqa_test_p501,1750,240,0.9166666666666666,2.25276780128479,2.5601417124271393,0.925,2.2009512007236482,2.4704953253269197,0.008333333333333415,-0.05181660056114179,-0.08964638710021955
utmos,knn,0.7,20270001,nisqa_val_sim,1750,750,0.9173333333333333,2.25276780128479,2.762857599258423,0.9213333333333333,2.269601115544637,2.7573222853342694,0.0040000000000000036,0.016833314259847132,-0.005535313924153407
utmos,knn,0.7,20270001,nisqa_train_live,1750,1020,0.8107843137254902,2.25276780128479,3.3470671924890256,0.8254901960784313,2.3516021452698053,3.299754680371752,0.014705882352941124,0.09883434398501523,-0.04731251211727372
utmos,knn,0.7,20270001,nisqa_val_live,1750,200,0.78,2.25276780128479,3.6164571762084963,0.81,2.3581007385253905,3.5190426015853884,0.030000000000000027,0.10533293724060044,-0.09741457462310787
utmos,knn,0.7,20270001,nisqa_test_for,1750,240,0.9208333333333333,2.25276780128479,2.6370466152826944,0.9083333333333333,2.233293557167053,2.6154191037019094,-0.012499999999999956,-0.019474244117736905,-0.02162751158078491
utmos,knn,0.7,20270001,nisqa_test_livetalk,1750,232,0.6637931034482759,2.25276780128479,4.530922643069563,0.6810344827586207,2.314385399736207,4.49391161367811,0.01724137931034475,0.0616175984514169,-0.0370110293914534
utmos,knn,0.7,20270001,nisqa_test_p501,1750,240,0.9166666666666666,2.25276780128479,2.5601417124271393,0.925,2.2922902444998425,2.561128709713618,0.008333333333333415,0.039522443215052494,0.0009869972864788856
utmos,mahalanobis,0.7,20270002,nisqa_val_sim,1750,750,0.9026666666666666,2.228445529937744,2.8625317351023356,0.9093333333333333,2.219187226295471,2.846703626314799,0.00666666666666671,-0.009258303642273091,-0.01582810878753671
utmos,mahalanobis,0.7,20270002,nisqa_train_live,1750,1020,0.8068627450980392,2.228445529937744,3.369216154603397,0.8088235294117647,2.249165308008007,3.3561170192325815,0.0019607843137254832,0.02071977807026304,-0.013099135370815418
utmos,mahalanobis,0.7,20270002,nisqa_val_live,1750,200,0.78,2.228445529937744,3.6456439018249513,0.78,2.249817034006119,3.6315315568447115,0.0,0.021371504068374847,-0.014112344980239833
utmos,mahalanobis,0.7,20270002,nisqa_test_for,1750,240,0.9208333333333333,2.228445529937744,2.6319794754187265,0.9125,2.2216448644797007,2.6430330634117127,-0.008333333333333304,-0.0068006654580434756,0.01105358799298628
utmos,mahalanobis,0.7,20270002,nisqa_test_livetalk,1750,232,0.6551724137931034,2.228445529937744,4.589957683250822,0.6637931034482759,2.2496019612098563,4.555811928264026,0.008620689655172487,0.021156431272112197,-0.034145754986796284
utmos,mahalanobis,0.7,20270002,nisqa_test_p501,1750,240,0.9083333333333333,2.228445529937744,2.556805988152822,0.9125,2.24875259300073,2.5808454444011053,0.004166666666666652,0.020307063062985797,0.024039456248283297
utmos,l2,0.7,20270002,nisqa_val_sim,1750,750,0.9026666666666666,2.228445529937744,2.8625317351023356,0.9013333333333333,2.1988867855072023,2.819823408126831,-0.0013333333333332975,-0.02955874443054185,-0.04270832697550464
utmos,l2,0.7,20270002,nisqa_train_live,1750,1020,0.8068627450980392,2.228445529937744,3.369216154603397,0.7725490196078432,2.024631832160202,3.5735333012599573,-0.03431372549019607,-0.2038136977775422,0.2043171466565603
utmos,l2,0.7,20270002,nisqa_val_live,1750,200,0.78,2.228445529937744,3.6456439018249513,0.77,2.0143477869033815,3.636571319103241,-0.010000000000000009,-0.2140977430343627,-0.009072582721710187
utmos,l2,0.7,20270002,nisqa_test_for,1750,240,0.9208333333333333,2.228445529937744,2.6319794754187265,0.925,2.278642185529073,2.667357105016708,0.004166666666666763,0.05019665559132891,0.03537762959798174
utmos,l2,0.7,20270002,nisqa_test_livetalk,1750,232,0.6551724137931034,2.228445529937744,4.589957683250822,0.6724137931034483,2.215818674399935,4.426366053778549,0.017241379310344862,-0.012626855537809067,-0.1635916294722728
utmos,l2,0.7,20270002,nisqa_test_p501,1750,240,0.9083333333333333,2.228445529937744,2.556805988152822,0.9125,2.1712999820709227,2.476641305287679,0.004166666666666652,-0.05714554786682147,-0.080164682865143
utmos,knn,0.7,20270002,nisqa_val_sim,1750,750,0.9026666666666666,2.228445529937744,2.8625317351023356,0.9013333333333333,2.2259132652282716,2.8507913697560627,-0.0013333333333332975,-0.0025322647094725426,-0.011740365346272874
utmos,knn,0.7,20270002,nisqa_train_live,1750,1020,0.8068627450980392,2.228445529937744,3.369216154603397,0.8088235294117647,2.283596024793737,3.330856781379849,0.0019607843137254832,0.05515049485599288,-0.03835937322354788
utmos,knn,0.7,20270002,nisqa_val_live,1750,200,0.78,2.228445529937744,3.6456439018249513,0.795,2.286366808414459,3.5689664840698243,0.015000000000000013,0.05792127847671491,-0.07667741775512704
utmos,knn,0.7,20270002,nisqa_test_for,1750,240,0.9208333333333333,2.228445529937744,2.6319794754187265,0.9041666666666667,2.1876466870307922,2.620618929465612,-0.016666666666666607,-0.040798842906951904,-0.011360545953114531
utmos,knn,0.7,20270002,nisqa_test_livetalk,1750,232,0.6551724137931034,2.228445529937744,4.589957683250822,0.6637931034482759,2.26132981325018,4.558293322037006,0.008620689655172487,0.03288428331243587,-0.03166436121381633
utmos,knn,0.7,20270002,nisqa_test_p501,1750,240,0.9083333333333333,2.228445529937744,2.556805988152822,0.9083333333333333,2.240354659159978,2.5545187016328175,0.0,0.011909129222233972,-0.002287286520004539
utmos,mahalanobis,0.7,20270003,nisqa_val_sim,1750,750,0.8866666666666667,2.1992969512939453,2.8162297058105468,0.8986666666666666,2.2044556744893393,2.8010752614339194,0.0119999999999999,0.0051587231953940105,-0.015154444376627385
utmos,mahalanobis,0.7,20270003,nisqa_train_live,1750,1020,0.7931372549019607,2.1992969512939453,3.3984742258109297,0.7950980392156862,2.217920238831464,3.4075783360238168,0.0019607843137254832,0.018623287537518518,0.00910411021288704
utmos,mahalanobis,0.7,20270003,nisqa_val_live,1750,200,0.78,2.1992969512939453,3.68062219619751,0.78,2.210895049571991,3.7127447366714477,0.0,0.011598098278045477,0.03212254047393781
utmos,mahalanobis,0.7,20270003,nisqa_test_for,1750,240,0.9166666666666666,2.1992969512939453,2.626007248957952,0.9166666666666666,2.219383152325948,2.636080088218053,0.0,0.02008620103200265,0.010072839260101052
utmos,mahalanobis,0.7,20270003,nisqa_test_livetalk,1750,232,0.6422413793103449,2.1992969512939453,4.663529231630522,0.6508620689655172,2.2108213593219888,4.657621223351051,0.008620689655172376,0.011524408028043442,-0.005908008279471133
utmos,mahalanobis,0.7,20270003,nisqa_test_p501,1750,240,0.8958333333333334,2.1992969512939453,2.555496037006378,0.8958333333333334,2.2191683212916056,2.5938275814056397,0.0,0.01987136999766026,0.03833154439926156
utmos,l2,0.7,20270003,nisqa_val_sim,1750,750,0.8866666666666667,2.1992969512939453,2.8162297058105468,0.9013333333333333,2.2267184893290204,2.746465737024943,0.014666666666666606,0.027421538035075077,-0.06976396878560376
utmos,l2,0.7,20270003,nisqa_train_live,1750,1020,0.7931372549019607,2.1992969512939453,3.3984742258109297,0.7647058823529411,2.07063659733417,3.510250168688157,-0.028431372549019618,-0.12866035395977526,0.11177594287722714
utmos,l2,0.7,20270003,nisqa_val_live,1750,200,0.78,2.1992969512939453,3.68062219619751,0.77,2.062011044025421,3.6525303649902345,-0.010000000000000009,-0.1372859072685242,-0.02809183120727532
utmos,l2,0.7,20270003,nisqa_test_for,1750,240,0.9166666666666666,2.1992969512939453,2.626007248957952,0.9291666666666667,2.269516187906265,2.617831426858902,0.012500000000000067,0.07021923661231977,-0.008175822099050212
utmos,l2,0.7,20270003,nisqa_test_livetalk,1750,232,0.6422413793103449,2.1992969512939453,4.663529231630522,0.6724137931034483,2.22734718898247,4.3941631954291775,0.030172413793103425,0.02805023768852477,-0.2693660362013448
utmos,l2,0.7,20270003,nisqa_test_p501,1750,240,0.8958333333333334,2.1992969512939453,2.555496037006378,0.9208333333333333,2.2061516960461933,2.5055522839228312,0.02499999999999991,0.00685474475224801,-0.04994375308354693
utmos,knn,0.7,20270003,nisqa_val_sim,1750,750,0.8866666666666667,2.1992969512939453,2.8162297058105468,0.892,2.2184113744099934,2.8290310497283935,0.005333333333333301,0.01911442311604805,0.012801343917846708
utmos,knn,0.7,20270003,nisqa_train_live,1750,1020,0.7931372549019607,2.1992969512939453,3.3984742258109297,0.7980392156862746,2.284629706775441,3.3996046332752003,0.004901960784313819,0.08533275548149577,0.0011304074642706219
utmos,knn,0.7,20270003,nisqa_val_live,1750,200,0.78,2.1992969512939453,3.68062219619751,0.8,2.2938351583480836,3.6113820624351503,0.020000000000000018,0.09453820705413829,-0.0692401337623596
utmos,knn,0.7,20270003,nisqa_test_for,1750,240,0.9166666666666666,2.1992969512939453,2.626007248957952,0.9,2.1865427017211916,2.637525361776352,-0.016666666666666607,-0.012754249572753729,0.011518112818400095
utmos,knn,0.7,20270003,nisqa_test_livetalk,1750,232,0.6422413793103449,2.1992969512939453,4.663529231630522,0.6724137931034483,2.2465064792797484,4.66392223999418,0.030172413793103425,0.047209527985803135,0.0003930083636580761
utmos,knn,0.7,20270003,nisqa_test_p501,1750,240,0.8958333333333334,2.1992969512939453,2.555496037006378,0.9041666666666667,2.2274263322353365,2.546006413300832,0.008333333333333304,0.02812938094139117,-0.00948962370554618
utmos,mahalanobis,0.7,20270004,nisqa_val_sim,1750,750,0.9146666666666666,2.2429256439208984,2.8422288195292156,0.9066666666666666,2.2431123186747235,2.8420395526885986,-0.008000000000000007,0.00018667475382505572,-0.00018926684061693066
utmos,mahalanobis,0.7,20270004,nisqa_train_live,1750,1020,0.8098039215686275,2.2429256439208984,3.355872960651622,0.8137254901960784,2.2638719680262547,3.3498697972765155,0.0039215686274509665,0.02094632410535624,-0.006003163375106535
utmos,mahalanobis,0.7,20270004,nisqa_val_live,1750,200,0.78,2.2429256439208984,3.628267765045166,0.78,2.2646000385284424,3.632171165943146,0.0,0.021674394607543945,0.003903400897979914
utmos,mahalanobis,0.7,20270004,nisqa_test_for,1750,240,0.9208333333333333,2.2429256439208984,2.634996165831884,0.9291666666666667,2.2774934033552805,2.674401686588923,0.008333333333333415,0.03456775943438206,0.03940552075703918
utmos,mahalanobis,0.7,20270004,nisqa_test_livetalk,1750,232,0.6594827586206896,2.2429256439208984,4.554586537953081,0.6594827586206896,2.2692530155181885,4.493307341789377,0.0,0.02632737159729004,-0.06127919616370381
utmos,mahalanobis,0.7,20270004,nisqa_test_p501,1750,240,0.9166666666666666,2.2429256439208984,2.558501352866491,0.9166666666666666,2.288582628965378,2.603508518139521,0.0,0.04565698504447946,0.04500716527303039
utmos,l2,0.7,20270004,nisqa_val_sim,1750,750,0.9146666666666666,2.2429256439208984,2.8422288195292156,0.9066666666666666,2.1828468691507976,2.8441006679534913,-0.008000000000000007,-0.06007877477010082,0.0018718484242756794
utmos,l2,0.7,20270004,nisqa_train_live,1750,1020,0.8098039215686275,2.2429256439208984,3.355872960651622,0.7666666666666667,2.010368347635456,3.5912157745922313,-0.04313725490196074,-0.2325572962854423,0.2353428139406093
utmos,l2,0.7,20270004,nisqa_val_live,1750,200,0.78,2.2429256439208984,3.628267765045166,0.765,2.0162928223609926,3.5972097516059875,-0.015000000000000013,-0.22663282155990583,-0.031058013439178467
utmos,l2,0.7,20270004,nisqa_test_for,1750,240,0.9208333333333333,2.2429256439208984,2.634996165831884,0.9291666666666667,2.278924709558487,2.6711796085039774,0.008333333333333415,0.03599906563758859,0.0361834426720935
utmos,l2,0.7,20270004,nisqa_test_livetalk,1750,232,0.6594827586206896,2.2429256439208984,4.554586537953081,0.6767241379310345,2.213600271734698,4.439708687108139,0.017241379310344862,-0.02932537218620057,-0.11487785084494195
utmos,l2,0.7,20270004,nisqa_test_p501,1750,240,0.9166666666666666,2.2429256439208984,2.558501352866491,0.9083333333333333,2.1819952885309855,2.5081777930259705,-0.008333333333333304,-0.06093035538991298,-0.05032355984052028
utmos,knn,0.7,20270004,nisqa_val_sim,1750,750,0.9146666666666666,2.2429256439208984,2.8422288195292156,0.908,2.251609567642212,2.8391113192240396,-0.006666666666666599,0.008683923721313658,-0.003117500305175991
utmos,knn,0.7,20270004,nisqa_train_live,1750,1020,0.8098039215686275,2.2429256439208984,3.355872960651622,0.8068627450980392,2.315724394835678,3.3303343230602787,-0.002941176470588225,0.07279875091477939,-0.02553863759134334
utmos,knn,0.7,20270004,nisqa_val_live,1750,200,0.78,2.2429256439208984,3.628267765045166,0.805,2.318675720691681,3.546768808364868,0.025000000000000022,0.07575007677078238,-0.08149895668029794
utmos,knn,0.7,20270004,nisqa_test_for,1750,240,0.9208333333333333,2.2429256439208984,2.634996165831884,0.9083333333333333,2.2112163484096525,2.6178822994232176,-0.012499999999999956,-0.031709295511245905,-0.0171138664086663
utmos,knn,0.7,20270004,nisqa_test_livetalk,1750,232,0.6594827586206896,2.2429256439208984,4.554586537953081,0.6810344827586207,2.2751667602308867,4.580634515860985,0.02155172413793105,0.03224111630998827,0.02604797790790414
utmos,knn,0.7,20270004,nisqa_test_p501,1750,240,0.9166666666666666,2.2429256439208984,2.558501352866491,0.9125,2.2637511432170867,2.563849731286367,-0.004166666666666652,0.020825499296188266,0.00534837841987601
utmos,mahalanobis,0.7,20270005,nisqa_val_sim,1750,750,0.892,2.2174882888793945,2.8602497291564943,0.8893333333333333,2.1836445808410643,2.8635627937316896,-0.002666666666666706,-0.033843708038330256,0.0033130645751953125
utmos,mahalanobis,0.7,20270005,nisqa_train_live,1750,1020,0.7990196078431373,2.2174882888793945,3.3797643535277424,0.8,2.21954159970377,3.392228805317598,0.0009803921568627416,0.0020533108243756537,0.01246445178985578
utmos,mahalanobis,0.7,20270005,nisqa_val_live,1750,200,0.78,2.2174882888793945,3.658792591094971,0.78,2.217311592102051,3.6632671308517457,0.0,-0.0001766967773435546,0.00447453975677492
utmos,mahalanobis,0.7,20270005,nisqa_test_for,1750,240,0.9208333333333333,2.2174882888793945,2.629696716864904,0.9083333333333333,2.1932101786136626,2.6388958930969237,-0.012499999999999956,-0.0242781102657319,0.009199176232019823
utmos,mahalanobis,0.7,20270005,nisqa_test_livetalk,1750,232,0.6508620689655172,2.2174882888793945,4.617057555708392,0.6594827586206896,2.2181863065423637,4.6296981963618045,0.008620689655172376,0.0006980176629691748,0.012640640653412305
utmos,mahalanobis,0.7,20270005,nisqa_test_p501,1750,240,0.9083333333333333,2.2174882888793945,2.5558928847312927,0.9041666666666667,2.213134390115738,2.569514435529709,-0.004166666666666652,-0.004353898763656439,0.013621550798416315
utmos,l2,0.7,20270005,nisqa_val_sim,1750,750,0.892,2.2174882888793945,2.8602497291564943,0.896,2.2001252024968467,2.8024855178197225,0.0040000000000000036,-0.0173630863825478,-0.05776421133677179
utmos,l2,0.7,20270005,nisqa_train_live,1750,1020,0.7990196078431373,2.2174882888793945,3.3797643535277424,0.7676470588235295,2.0051820523598614,3.6168395619766387,-0.03137254901960784,-0.21230623651953318,0.2370752084488963
utmos,l2,0.7,20270005,nisqa_val_live,1750,200,0.78,2.2174882888793945,3.658792591094971,0.77,2.0063089525699613,3.6775226747989653,-0.010000000000000009,-0.2111793363094332,0.018730083703994538
utmos,l2,0.7,20270005,nisqa_test_for,1750,240,0.9208333333333333,2.2174882888793945,2.629696716864904,0.9291666666666667,2.276660496989886,2.6626248210668564,0.008333333333333415,0.05917220811049129,0.03292810420195247
utmos,l2,0.7,20270005,nisqa_test_livetalk,1750,232,0.6508620689655172,2.2174882888793945,4.617057555708392,0.6724137931034483,2.207174653636998,4.403383786308354,0.02155172413793105,-0.01031363524239648,-0.2136737694000379
utmos,l2,0.7,20270005,nisqa_test_p501,1750,240,0.9083333333333333,2.2174882888793945,2.5558928847312927,0.9125,2.1761571655670804,2.4700494597355527,0.004166666666666652,-0.041331123312314144,-0.08584342499574005
utmos,knn,0.7,20270005,nisqa_val_sim,1750,750,0.892,2.2174882888793945,2.8602497291564943,0.8893333333333333,2.200590083440145,2.8460241928100585,-0.002666666666666706,-0.01689820543924947,-0.014225536346435863
utmos,knn,0.7,20270005,nisqa_train_live,1750,1020,0.7990196078431373,2.2174882888793945,3.3797643535277424,0.803921568627451,2.269680512652678,3.3585402507407993,0.004901960784313708,0.05219222377328325,-0.02122410278694309
utmos,knn,0.7,20270005,nisqa_val_live,1750,200,0.78,2.2174882888793945,3.658792591094971,0.795,2.2748514008522034,3.5834491205215455,0.015000000000000013,0.057363111972808856,-0.07534347057342528
utmos,knn,0.7,20270005,nisqa_test_for,1750,240,0.9208333333333333,2.2174882888793945,2.629696716864904,0.8958333333333334,2.162553564707438,2.624433026711146,-0.02499999999999991,-0.05493472417195644,-0.005263690153757938
utmos,knn,0.7,20270005,nisqa_test_livetalk,1750,232,0.6508620689655172,2.2174882888793945,4.617057555708392,0.6594827586206896,2.24855918925384,4.606265812084593,0.008620689655172376,0.031070900374445376,-0.0107917436237992
utmos,knn,0.7,20270005,nisqa_test_p501,1750,240,0.9083333333333333,2.2174882888793945,2.5558928847312927,0.9041666666666667,2.214431581894557,2.5411896884441374,-0.004166666666666652,-0.0030567069848377315,-0.014703196287155329
utmos,mahalanobis,0.7,20270006,nisqa_val_sim,1750,750,0.9226666666666666,2.258652687072754,2.7125796985626223,0.9266666666666666,2.264147582689921,2.702328108787537,0.0040000000000000036,0.005494895617167206,-0.010251589775085446
utmos,mahalanobis,0.7,20270006,nisqa_train_live,1750,1020,0.8127450980392157,2.258652687072754,3.3418769485810222,0.8186274509803921,2.2815038066284328,3.333101095639023,0.00588235294117645,0.022851119555678867,-0.00877585294199923
utmos,mahalanobis,0.7,20270006,nisqa_val_live,1750,200,0.78,2.258652687072754,3.6093953132629393,0.79,2.286850172281265,3.5818127930164336,0.010000000000000009,0.028197485208511175,-0.02758252024650565
utmos,mahalanobis,0.7,20270006,nisqa_test_for,1750,240,0.9208333333333333,2.258652687072754,2.638272633155187,0.9166666666666666,2.2811865895986556,2.6708876878023147,-0.004166666666666652,0.022533902525901706,0.03261505464712755
utmos,mahalanobis,0.7,20270006,nisqa_test_livetalk,1750,232,0.6637931034482759,2.258652687072754,4.517022136984201,0.6637931034482759,2.288462081859852,4.445701471690474,0.0,0.029809394787097876,-0.07132066529372683
utmos,mahalanobis,0.7,20270006,nisqa_test_p501,1750,240,0.9208333333333333,2.258652687072754,2.561231404542923,0.925,2.301323402921359,2.586221584677696,0.004166666666666763,0.042670715848605045,0.024990180134773166
utmos,l2,0.7,20270006,nisqa_val_sim,1750,750,0.9226666666666666,2.258652687072754,2.7125796985626223,0.9173333333333333,2.227752908070882,2.6513982073465985,-0.005333333333333301,-0.030899779001871686,-0.06118149121602379
utmos,l2,0.7,20270006,nisqa_train_live,1750,1020,0.8127450980392157,2.258652687072754,3.3418769485810222,0.7764705882352941,2.0344955986621334,3.5681065292919385,-0.03627450980392155,-0.22415708841062054,0.22622958071091626
utmos,l2,0.7,20270006,nisqa_val_live,1750,200,0.78,2.258652687072754,3.6093953132629393,0.77,2.027141764163971,3.6119764709472655,-0.010000000000000009,-0.23151092290878283,0.0025811576843262074
utmos,l2,0.7,20270006,nisqa_test_for,1750,240,0.9208333333333333,2.258652687072754,2.638272633155187,0.9291666666666667,2.2960831622282663,2.655213713645935,0.008333333333333415,0.037430475155512344,0.01694108049074794
utmos,l2,0.7,20270006,nisqa_test_livetalk,1750,232,0.6637931034482759,2.258652687072754,4.517022136984201,0.6810344827586207,2.2361317318061302,4.355963472662301,0.01724137931034475,-0.022520955266623677,-0.16105866432189941
utmos,l2,0.7,20270006,nisqa_test_p501,1750,240,0.9208333333333333,2.258652687072754,2.561231404542923,0.9208333333333333,2.2029807309309644,2.4979194939136504,0.0,-0.05567195614178955,-0.06331191062927255
utmos,knn,0.7,20270006,nisqa_val_sim,1750,750,0.9226666666666666,2.258652687072754,2.7125796985626223,0.9213333333333333,2.2765954297383626,2.716336167017619,-0.0013333333333332975,0.01794274266560869,0.0037564684549966643
utmos,knn,0.7,20270006,nisqa_train_live,1750,1020,0.8127450980392157,2.258652687072754,3.3418769485810222,0.8196078431372549,2.32706965044433,3.296241705090392,0.006862745098039191,0.06841696337157588,-0.045635243490630195
utmos,knn,0.7,20270006,nisqa_val_live,1750,200,0.78,2.258652687072754,3.6093953132629393,0.795,2.3280412101745607,3.5451396608352663,0.015000000000000013,0.06938852310180676,-0.06425565242767295
utmos,knn,0.7,20270006,nisqa_test_for,1750,240,0.9208333333333333,2.258652687072754,2.638272633155187,0.9083333333333333,2.257964253425598,2.642793675263723,-0.012499999999999956,-0.0006884336471557617,0.004521042108535767
utmos,knn,0.7,20270006,nisqa_test_livetalk,1750,232,0.6637931034482759,2.258652687072754,4.517022136984201,0.6810344827586207,2.2970742100271684,4.475195881621591,0.01724137931034475,0.03842152295441448,-0.04182625536260964
utmos,knn,0.7,20270006,nisqa_test_p501,1750,240,0.9208333333333333,2.258652687072754,2.561231404542923,0.9125,2.3006388028462728,2.572058715422948,-0.008333333333333304,0.04198611577351885,0.010827310880025198
utmos,mahalanobis,0.7,20270007,nisqa_val_sim,1750,750,0.904,2.2307567596435547,2.7917586167653403,0.9013333333333333,2.2019973618189495,2.7755678517023723,-0.002666666666666706,-0.028759397824605237,-0.016190765062968016
utmos,mahalanobis,0.7,20270007,nisqa_train_live,1750,1020,0.8068627450980392,2.2307567596435547,3.3670635387009265,0.8019607843137255,2.230737555961983,3.384896982651131,-0.004901960784313708,-1.920368157160013e-05,0.017833443950204586
utmos,mahalanobis,0.7,20270007,nisqa_val_live,1750,200,0.78,2.2307567596435547,3.6428704261779785,0.78,2.233963714838028,3.644940041303635,0.0,0.0032069551944733377,0.002069615125656288
utmos,mahalanobis,0.7,20270007,nisqa_test_for,1750,240,0.9208333333333333,2.2307567596435547,2.632460981607437,0.9125,2.2066954682270685,2.6461961179971696,-0.008333333333333304,-0.024061291416486164,0.01373513638973245
utmos,mahalanobis,0.7,20270007,nisqa_test_livetalk,1750,232,0.6551724137931034,2.2307567596435547,4.584299155350389,0.6637931034482759,2.2296450970501733,4.59861083174574,0.008620689655172487,-0.0011116625933813573,0.014311676395350581
utmos,mahalanobis,0.7,20270007,nisqa_test_p501,1750,240,0.9083333333333333,2.2307567596435547,2.556998590628306,0.9083333333333333,2.234462018807729,2.56950559814771,0.0,0.0037052591641741905,0.012507007519404034
utmos,l2,0.7,20270007,nisqa_val_sim,1750,750,0.904,2.2307567596435547,2.7917586167653403,0.8946666666666667,2.2012192509969077,2.785709836324056,-0.009333333333333305,-0.02953750864664695,-0.006048780441284318
utmos,l2,0.7,20270007,nisqa_train_live,1750,1020,0.8068627450980392,2.2307567596435547,3.3670635387009265,0.7617647058823529,2.0101947134616327,3.589959306342929,-0.045098039215686336,-0.220562046181922,0.2228957676420027
utmos,l2,0.7,20270007,nisqa_val_live,1750,200,0.78,2.2307567596435547,3.6428704261779785,0.765,2.0060759234428405,3.6163523483276365,-0.015000000000000013,-0.22468083620071422,-0.026518077850341992
utmos,l2,0.7,20270007,nisqa_test_for,1750,240,0.9208333333333333,2.2307567596435547,2.632460981607437,0.9333333333333333,2.2777462462584177,2.6462531248728434,0.012500000000000067,0.04698948661486302,0.013792143265406231
utmos,l2,0.7,20270007,nisqa_test_livetalk,1750,232,0.6551724137931034,2.2307567596435547,4.584299155350389,0.6724137931034483,2.2092173664734283,4.391232762871118,0.017241379310344862,-0.02153939317012643,-0.19306639247927126
utmos,l2,0.7,20270007,nisqa_test_p501,1750,240,0.9083333333333333,2.2307567596435547,2.556998590628306,0.9083333333333333,2.17022335032622,2.483734374245008,0.0,-0.06053340931733464,-0.07326421638329794
utmos,knn,0.7,20270007,nisqa_val_sim,1750,750,0.904,2.2307567596435547,2.7917586167653403,0.9026666666666666,2.2183975114822387,2.78192728583018,-0.0013333333333334085,-0.01235924816131595,-0.00983133093516031
utmos,knn,0.7,20270007,nisqa_train_live,1750,1020,0.8068627450980392,2.2307567596435547,3.3670635387009265,0.8068627450980392,2.2851349225231243,3.3465499754045522,0.0,0.05437816287956965,-0.020513563296374215
utmos,knn,0.7,20270007,nisqa_val_live,1750,200,0.78,2.2307567596435547,3.6428704261779785,0.795,2.290375450849533,3.584137109518051,0.015000000000000013,0.05961869120597818,-0.058733316659927315
utmos,knn,0.7,20270007,nisqa_test_for,1750,240,0.9208333333333333,2.2307567596435547,2.632460981607437,0.8958333333333334,2.194575994213422,2.628800599773725,-0.02499999999999991,-0.03618076543013249,-0.0036603818337122007
utmos,knn,0.7,20270007,nisqa_test_livetalk,1750,232,0.6551724137931034,2.2307567596435547,4.584299155350389,0.6681034482758621,2.2628297600252876,4.55992510812036,0.012931034482758674,0.032073000381732886,-0.02437404723002956
utmos,knn,0.7,20270007,nisqa_test_p501,1750,240,0.9083333333333333,2.2307567596435547,2.556998590628306,0.9083333333333333,2.2329691956440607,2.538895707329114,0.0,0.002212436000506024,-0.018102883299191852
utmos,mahalanobis,0.7,20270008,nisqa_val_sim,1750,750,0.8813333333333333,2.1906991004943848,2.9573054854075114,0.8893333333333333,2.185990500132243,2.9636835905710854,0.008000000000000007,-0.004708600362141713,0.006378105163574066
utmos,mahalanobis,0.7,20270008,nisqa_train_live,1750,1020,0.7901960784313725,2.1906991004943848,3.4077673963471953,0.807843137254902,2.232858836884592,3.3668163958717794,0.01764705882352946,0.042159736390207314,-0.04095100047541589
utmos,mahalanobis,0.7,20270008,nisqa_val_live,1750,200,0.775,2.1906991004943848,3.6911166667938233,0.775,2.2312782526016237,3.6514278173446657,0.0,0.04057915210723895,-0.039688849449157626
utmos,mahalanobis,0.7,20270008,nisqa_test_for,1750,240,0.9166666666666666,2.1906991004943848,2.6245742738246918,0.9083333333333333,2.1889725704987844,2.6345879316329954,-0.008333333333333304,-0.001726529995600412,0.010013657808303655
utmos,mahalanobis,0.7,20270008,nisqa_test_livetalk,1750,232,0.6422413793103449,2.1906991004943848,4.685690933260425,0.6594827586206896,2.234541693638111,4.595480275565181,0.01724137931034475,0.043842593143726294,-0.09021065769524395
utmos,mahalanobis,0.7,20270008,nisqa_test_p501,1750,240,0.8958333333333334,2.1906991004943848,2.5558542807896933,0.9041666666666667,2.2196571985880533,2.567836360136668,0.008333333333333304,0.02895809809366856,0.011982079346974484
utmos,l2,0.7,20270008,nisqa_val_sim,1750,750,0.8813333333333333,2.1906991004943848,2.9573054854075114,0.8893333333333333,2.1619561494191486,2.8792722047170005,0.008000000000000007,-0.028742951075236167,-0.07803328069051085
utmos,l2,0.7,20270008,nisqa_train_live,1750,1020,0.7901960784313725,2.1906991004943848,3.4077673963471953,0.7607843137254902,1.9877083841492147,3.6435172770537583,-0.02941176470588236,-0.20299071634517007,0.235749880706563
utmos,l2,0.7,20270008,nisqa_val_live,1750,200,0.775,2.1906991004943848,3.6911166667938233,0.76,1.9886796045303345,3.700937263965607,-0.015000000000000013,-0.20201949596405022,0.009820597171783518
utmos,l2,0.7,20270008,nisqa_test_for,1750,240,0.9166666666666666,2.1906991004943848,2.6245742738246918,0.9208333333333333,2.2398647437493007,2.6305323312679927,0.004166666666666652,0.0491656432549159,0.005958057443300913
utmos,l2,0.7,20270008,nisqa_test_livetalk,1750,232,0.6422413793103449,2.1906991004943848,4.685690933260425,0.6594827586206896,2.1740976479546776,4.481042766365512,0.01724137931034475,-0.01660145253970713,-0.20464816689491272
utmos,l2,0.7,20270008,nisqa_test_p501,1750,240,0.8958333333333334,2.1906991004943848,2.5558542807896933,0.9083333333333333,2.1422250936428706,2.4790171553691227,0.012499999999999956,-0.04847400685151415,-0.07683712542057064
utmos,knn,0.7,20270008,nisqa_val_sim,1750,750,0.8813333333333333,2.1906991004943848,2.9573054854075114,0.8813333333333333,2.1966857573191323,2.9941186281840007,0.0,0.005986656824747527,0.03681314277648928
utmos,knn,0.7,20270008,nisqa_train_live,1750,1020,0.7901960784313725,2.1906991004943848,3.4077673963471953,0.8068627450980392,2.307687779501373,3.3545273112315757,0.01666666666666672,0.11698867900698806,-0.05324008511561962
utmos,knn,0.7,20270008,nisqa_val_live,1750,200,0.775,2.1906991004943848,3.6911166667938233,0.8,2.31379367351532,3.567855026721954,0.025000000000000022,0.12309457302093518,-0.12326164007186913
utmos,knn,0.7,20270008,nisqa_test_for,1750,240,0.9166666666666666,2.1906991004943848,2.6245742738246918,0.9041666666666667,2.163500938812892,2.6086411317189535,-0.012499999999999956,-0.027198161681492916,-0.015933142105738263
utmos,knn,0.7,20270008,nisqa_test_livetalk,1750,232,0.6422413793103449,2.1906991004943848,4.685690933260425,0.6724137931034483,2.263192326858126,4.633420117970171,0.030172413793103425,0.07249322636374123,-0.052270815290254014
utmos,knn,0.7,20270008,nisqa_test_p501,1750,240,0.8958333333333334,2.1906991004943848,2.5558542807896933,0.9125,2.2400097688039144,2.56594131787618,0.016666666666666607,0.04931066830952968,0.010087037086486728
utmos,mahalanobis,0.7,20270009,nisqa_val_sim,1750,750,0.912,2.2412283420562744,2.7991453647613525,0.9186666666666666,2.2442641248703,2.79160249932607,0.006666666666666599,0.0030357828140257226,-0.007542865435282486
utmos,mahalanobis,0.7,20270009,nisqa_train_live,1750,1020,0.8088235294117647,2.2412283420562744,3.3574154610727347,0.8117647058823529,2.26379069183387,3.36127977067349,0.002941176470588225,0.022562349777595525,0.0038643096007553446
utmos,mahalanobis,0.7,20270009,nisqa_val_live,1750,200,0.78,2.2412283420562744,3.630304527282715,0.78,2.2656224751472473,3.6201808714866637,0.0,0.024394133090972936,-0.010123655796051345
utmos,mahalanobis,0.7,20270009,nisqa_test_for,1750,240,0.9208333333333333,2.2412283420562744,2.634642561276754,0.9166666666666666,2.2618721226851144,2.670688013235728,-0.004166666666666652,0.02064378062883998,0.036045451958973906
utmos,mahalanobis,0.7,20270009,nisqa_test_livetalk,1750,232,0.6594827586206896,2.2412283420562744,4.558668841575754,0.6637931034482759,2.2640818511617593,4.511742247589703,0.004310344827586299,0.022853509105484893,-0.04692659398605059
utmos,mahalanobis,0.7,20270009,nisqa_test_p501,1750,240,0.9166666666666666,2.2412283420562744,2.558218469222387,0.9208333333333333,2.280428545673688,2.5888823439677555,0.004166666666666652,0.03920020361741372,0.03066387474536869
utmos,l2,0.7,20270009,nisqa_val_sim,1750,750,0.912,2.2412283420562744,2.7991453647613525,0.8946666666666667,2.165526521364848,2.7743513593673708,-0.01733333333333331,-0.07570182069142639,-0.02479400539398169
utmos,l2,0.7,20270009,nisqa_train_live,1750,1020,0.8088235294117647,2.2412283420562744,3.3574154610727347,0.7617647058823529,1.988165033564848,3.6204501984166164,-0.04705882352941182,-0.25306330849142644,0.2630347373438817
utmos,l2,0.7,20270009,nisqa_val_live,1750,200,0.78,2.2412283420562744,3.630304527282715,0.765,1.992424578666687,3.614667363166809,-0.015000000000000013,-0.24880376338958743,-0.0156371641159061
utmos,l2,0.7,20270009,nisqa_test_for,1750,240,0.9208333333333333,2.2412283420562744,2.634642561276754,0.9291666666666667,2.24392196337382,2.625242708126704,0.008333333333333415,0.0026936213175456913,-0.009399853150049875
utmos,l2,0.7,20270009,nisqa_test_livetalk,1750,232,0.6594827586206896,2.2412283420562744,4.558668841575754,0.6681034482758621,2.1910501882947724,4.471530104505605,0.008620689655172487,-0.05017815376150203,-0.0871387370701493
utmos,l2,0.7,20270009,nisqa_test_p501,1750,240,0.9166666666666666,2.2412283420562744,2.558218469222387,0.9083333333333333,2.148349427183469,2.5057615866263707,-0.008333333333333304,-0.09287891487280531,-0.05245688259601611
utmos,knn,0.7,20270009,nisqa_val_sim,1750,750,0.912,2.2412283420562744,2.7991453647613525,0.9066666666666666,2.234935935974121,2.797628463745117,-0.005333333333333412,-0.006292406082153423,-0.0015169010162354724
utmos,knn,0.7,20270009,nisqa_train_live,1750,1020,0.8088235294117647,2.2412283420562744,3.3574154610727347,0.8137254901960784,2.3138877284293082,3.3387460278529746,0.004901960784313708,0.07265938637303382,-0.018669433219760112
utmos,knn,0.7,20270009,nisqa_val_live,1750,200,0.78,2.2412283420562744,3.630304527282715,0.81,2.31727809548378,3.5582712733745576,0.030000000000000027,0.07604975342750553,-0.0720332539081574
utmos,knn,0.7,20270009,nisqa_test_for,1750,240,0.9208333333333333,2.2412283420562744,2.634642561276754,0.8958333333333334,2.198067182302475,2.6191027601559957,-0.02499999999999991,-0.04316115975379953,-0.015539801120758145
utmos,knn,0.7,20270009,nisqa_test_livetalk,1750,232,0.6594827586206896,2.2412283420562744,4.558668841575754,0.6767241379310345,2.286595823435948,4.539108315418506,0.017241379310344862,0.04536748137967361,-0.019560526157247793
utmos,knn,0.7,20270009,nisqa_test_p501,1750,240,0.9166666666666666,2.2412283420562744,2.558218469222387,0.9208333333333333,2.2505827764670054,2.5533634543418886,0.004166666666666652,0.009354434410731027,-0.004855014880498221
utmos,mahalanobis,0.7,20270010,nisqa_val_sim,1750,750,0.8866666666666667,2.1992969512939453,2.9940619309743246,0.8786666666666667,2.1807527707417806,2.989329974492391,-0.008000000000000007,-0.01854418055216467,-0.004731956481933697
utmos,mahalanobis,0.7,20270010,nisqa_train_live,1750,1020,0.7931372549019607,2.1992969512939453,3.3984742258109297,0.8049019607843138,2.2097501427519557,3.3866386179830514,0.01176470588235301,0.01045319145801038,-0.011835607827878292
utmos,mahalanobis,0.7,20270010,nisqa_val_live,1750,200,0.78,2.1992969512939453,3.68062219619751,0.775,2.211395764350891,3.6898587942123413,-0.0050000000000000044,0.012098813056945712,0.009236598014831454
utmos,mahalanobis,0.7,20270010,nisqa_test_for,1750,240,0.9166666666666666,2.1992969512939453,2.626007248957952,0.9125,2.198522396882375,2.644984879096349,-0.004166666666666652,-0.0007745544115702607,0.01897763013839704
utmos,mahalanobis,0.7,20270010,nisqa_test_livetalk,1750,232,0.6422413793103449,2.1992969512939453,4.663529231630522,0.6508620689655172,2.2175723951438377,4.623760007578751,0.008620689655172376,0.018275443849892437,-0.03976922405177152
utmos,mahalanobis,0.7,20270010,nisqa_test_p501,1750,240,0.8958333333333334,2.1992969512939453,2.555496037006378,0.9041666666666667,2.2218556344509124,2.5859445869922637,0.008333333333333304,0.022558683156967074,0.03044854998588553
utmos,l2,0.7,20270010,nisqa_val_sim,1750,750,0.8866666666666667,2.1992969512939453,2.9940619309743246,0.868,2.1666697238286337,2.9600187673568725,-0.01866666666666672,-0.03262722746531166,-0.03404316361745208
utmos,l2,0.7,20270010,nisqa_train_live,1750,1020,0.7931372549019607,2.1992969512939453,3.3984742258109297,0.7529411764705882,1.9699287501035951,3.657735910368901,-0.04019607843137252,-0.22936820119035017,0.25926168455797116
utmos,l2,0.7,20270010,nisqa_val_live,1750,200,0.78,2.1992969512939453,3.68062219619751,0.755,1.956003304719925,3.7182746374607087,-0.025000000000000022,-0.2432936465740203,0.03765244126319889
utmos,l2,0.7,20270010,nisqa_test_for,1750,240,0.9166666666666666,2.1992969512939453,2.626007248957952,0.9208333333333333,2.232533210515976,2.644065304597219,0.004166666666666652,0.03323625922203055,0.01805805563926688
utmos,l2,0.7,20270010,nisqa_test_livetalk,1750,232,0.6422413793103449,2.1992969512939453,4.663529231630522,0.6637931034482759,2.1706375253611596,4.505488921856058,0.02155172413793105,-0.028659425932785698,-0.15804030977446448
utmos,l2,0.7,20270010,nisqa_test_p501,1750,240,0.8958333333333334,2.1992969512939453,2.555496037006378,0.9041666666666667,2.1285971840222677,2.4736450056234998,0.008333333333333304,-0.0706997672716776,-0.08185103138287841
utmos,knn,0.7,20270010,nisqa_val_sim,1750,750,0.8866666666666667,2.1992969512939453,2.9940619309743246,0.8733333333333333,2.1791191953023277,2.9799478015899656,-0.01333333333333342,-0.02017775599161764,-0.014114129384358964
utmos,knn,0.7,20270010,nisqa_train_live,1750,1020,0.7931372549019607,2.1992969512939453,3.3984742258109297,0.792156862745098,2.2413171253952324,3.391070312612197,-0.0009803921568627416,0.04202017410128711,-0.007403913198732681
utmos,knn,0.7,20270010,nisqa_val_live,1750,200,0.78,2.1992969512939453,3.68062219619751,0.785,2.246111998558044,3.621573660373688,0.0050000000000000044,0.04681504726409891,-0.05904853582382197
utmos,knn,0.7,20270010,nisqa_test_for,1750,240,0.9166666666666666,2.1992969512939453,2.626007248957952,0.8958333333333334,2.152965227762858,2.6235300799210868,-0.02083333333333326,-0.04633172353108739,-0.0024771690368652344
utmos,knn,0.7,20270010,nisqa_test_livetalk,1750,232,0.6422413793103449,2.1992969512939453,4.663529231630522,0.6551724137931034,2.2100540194018135,4.709578795679684,0.012931034482758563,0.01075706810786814,0.04604956404916205
utmos,knn,0.7,20270010,nisqa_test_p501,1750,240,0.8958333333333334,2.1992969512939453,2.555496037006378,0.9,2.197048525015513,2.5559674302736917,0.004166666666666652,-0.0022484262784323583,0.0004713932673134913
utmos,mahalanobis,0.7,20270011,nisqa_val_sim,1750,750,0.9133333333333333,2.241788387298584,2.7524079100290932,0.9106666666666666,2.254035596211751,2.765271993637085,-0.002666666666666706,0.012247208913167107,0.012864083607991628
utmos,mahalanobis,0.7,20270011,nisqa_train_live,1750,1020,0.8088235294117647,2.241788387298584,3.3569048315870997,0.8166666666666667,2.2977585886038985,3.318873342345743,0.007843137254901933,0.05597020130531449,-0.03803148924135691
utmos,mahalanobis,0.7,20270011,nisqa_val_live,1750,200,0.78,2.241788387298584,3.6296324729919434,0.79,2.2976580381393434,3.574676525592804,0.010000000000000009,0.055869650840759455,-0.05495594739913923
utmos,mahalanobis,0.7,20270011,nisqa_test_for,1750,240,0.9208333333333333,2.241788387298584,2.6347592373689017,0.9125,2.224011794726054,2.6399666130542756,-0.008333333333333304,-0.01777659257253017,0.005207375685373883
utmos,mahalanobis,0.7,20270011,nisqa_test_livetalk,1750,232,0.6594827586206896,2.241788387298584,4.557321836208475,0.6724137931034483,2.291999325670045,4.482726259478207,0.012931034482758674,0.050210938371460845,-0.07459557673026751
utmos,mahalanobis,0.7,20270011,nisqa_test_p501,1750,240,0.9166666666666666,2.241788387298584,2.558311810096105,0.9166666666666666,2.2753021558125814,2.57698069413503,0.0,0.033513768513997455,0.018668884038925082
utmos,l2,0.7,20270011,nisqa_val_sim,1750,750,0.9133333333333333,2.241788387298584,2.7524079100290932,0.8933333333333333,2.196083560625712,2.754002563794454,-0.020000000000000018,-0.04570482667287212,0.0015946537653608317
utmos,l2,0.7,20270011,nisqa_train_live,1750,1020,0.8088235294117647,2.241788387298584,3.3569048315870997,0.7529411764705882,1.9831033536032134,3.678005280447941,-0.055882352941176494,-0.25868503369537055,0.3211004488608413
utmos,l2,0.7,20270011,nisqa_val_live,1750,200,0.78,2.241788387298584,3.6296324729919434,0.75,1.9830742394924163,3.6637430465221406,-0.030000000000000027,-0.25871414780616764,0.0341105735301972
utmos,l2,0.7,20270011,nisqa_test_for,1750,240,0.9208333333333333,2.241788387298584,2.6347592373689017,0.9291666666666667,2.2852203100919724,2.668892895181974,0.008333333333333415,0.04343192279338837,0.034133657813072205
utmos,l2,0.7,20270011,nisqa_test_livetalk,1750,232,0.6594827586206896,2.241788387298584,4.557321836208475,0.6896551724137931,2.2065631243689308,4.374856226403137,0.030172413793103536,-0.03522526292965322,-0.18246560980533744
utmos,l2,0.7,20270011,nisqa_test_p501,1750,240,0.9166666666666666,2.241788387298584,2.558311810096105,0.9125,2.1647771865129473,2.467270897825559,-0.004166666666666652,-0.07701120078563672,-0.09104091227054623
utmos,knn,0.7,20270011,nisqa_val_sim,1750,750,0.9133333333333333,2.241788387298584,2.7524079100290932,0.9053333333333333,2.2311794446309405,2.8003131141662596,-0.008000000000000007,-0.01060894266764345,0.04790520413716637
utmos,knn,0.7,20270011,nisqa_train_live,1750,1020,0.8088235294117647,2.241788387298584,3.3569048315870997,0.8147058823529412,2.3246716560101977,3.3440177272347844,0.00588235294117645,0.08288326871161367,-0.012887104352315326
utmos,knn,0.7,20270011,nisqa_val_live,1750,200,0.78,2.241788387298584,3.6296324729919434,0.81,2.3317979741096497,3.5478632378578188,0.030000000000000027,0.09000958681106574,-0.0817692351341246
utmos,knn,0.7,20270011,nisqa_test_for,1750,240,0.9208333333333333,2.241788387298584,2.6347592373689017,0.8958333333333334,2.192698675394058,2.6277769088745115,-0.02499999999999991,-0.049089711904525934,-0.0069823284943901776
utmos,knn,0.7,20270011,nisqa_test_livetalk,1750,232,0.6594827586206896,2.241788387298584,4.557321836208475,0.6724137931034483,2.28875941243665,4.5684634714291015,0.012931034482758674,0.04697102513806595,0.011141635220626611
utmos,knn,0.7,20270011,nisqa_test_p501,1750,240,0.9166666666666666,2.241788387298584,2.558311810096105,0.925,2.2552742143472035,2.568629898627599,0.008333333333333415,0.013485827048619559,0.010318088531493963
utmos,mahalanobis,0.7,20270012,nisqa_val_sim,1750,750,0.912,2.2412283420562744,2.6943172899882,0.9146666666666666,2.238606544494629,2.6891912899017334,0.002666666666666595,-0.0026217975616456,-0.005126000086466576
utmos,mahalanobis,0.7,20270012,nisqa_train_live,1750,1020,0.8088235294117647,2.2412283420562744,3.3574154610727347,0.8068627450980392,2.247979232376697,3.3566318007076488,-0.0019607843137254832,0.006750890320422531,-0.0007836603650859253
utmos,mahalanobis,0.7,20270012,nisqa_val_live,1750,200,0.78,2.2412283420562744,3.630304527282715,0.785,2.2523068034648897,3.6112805092334748,0.0050000000000000044,0.011078461408615237,-0.019024018049240254
utmos,mahalanobis,0.7,20270012,nisqa_test_for,1750,240,0.9208333333333333,2.2412283420562744,2.634642561276754,0.9166666666666666,2.243679671486219,2.6429073105255765,-0.004166666666666652,0.0024513294299444155,0.00826474924882259
utmos,mahalanobis,0.7,20270012,nisqa_test_livetalk,1750,232,0.6594827586206896,2.2412283420562744,4.558668841575754,0.6594827586206896,2.252504352865548,4.529654722789238,0.0,0.01127601080927354,-0.02901411878651583
utmos,mahalanobis,0.7,20270012,nisqa_test_p501,1750,240,0.9166666666666666,2.2412283420562744,2.558218469222387,0.9166666666666666,2.2566441814104716,2.5606072664260866,0.0,0.015415839354197214,0.0023887972036997773
utmos,l2,0.7,20270012,nisqa_val_sim,1750,750,0.912,2.2412283420562744,2.6943172899882,0.9173333333333333,2.223916910807292,2.672144888559977,0.005333333333333301,-0.0173114312489826,-0.022172401428222965
utmos,l2,0.7,20270012,nisqa_train_live,1750,1020,0.8088235294117647,2.2412283420562744,3.3574154610727347,0.765686274509804,2.0249667466855517,3.5942801349303304,-0.04313725490196074,-0.21626159537072276,0.2368646738575957
utmos,l2,0.7,20270012,nisqa_val_live,1750,200,0.78,2.2412283420562744,3.630304527282715,0.765,2.0228624677658082,3.610163745880127,-0.015000000000000013,-0.21836587429046617,-0.020140781402588015
utmos,l2,0.7,20270012,nisqa_test_for,1750,240,0.9208333333333333,2.2412283420562744,2.634642561276754,0.9291666666666667,2.293847482403119,2.6515271574258805,0.008333333333333415,0.052619140346844784,0.01688459614912663
utmos,l2,0.7,20270012,nisqa_test_livetalk,1750,232,0.6594827586206896,2.2412283420562744,4.558668841575754,0.6853448275862069,2.2267061739132323,4.349375486373901,0.025862068965517238,-0.01452216814304208,-0.20929335520185255
utmos,l2,0.7,20270012,nisqa_test_p501,1750,240,0.9166666666666666,2.2412283420562744,2.558218469222387,0.9083333333333333,2.188416529695193,2.474167862534523,-0.008333333333333304,-0.052811812361081234,-0.0840506066878639
utmos,knn,0.7,20270012,nisqa_val_sim,1750,750,0.912,2.2412283420562744,2.6943172899882,0.9146666666666666,2.244282386144002,2.6676259428660076,0.002666666666666595,0.003054044087727803,-0.026691347122192344
utmos,knn,0.7,20270012,nisqa_train_live,1750,1020,0.8088235294117647,2.2412283420562744,3.3574154610727347,0.8088235294117647,2.288281555736766,3.3236936966578168,0.0,0.047053213680491535,-0.03372176441491792
utmos,knn,0.7,20270012,nisqa_val_live,1750,200,0.78,2.2412283420562744,3.630304527282715,0.79,2.291719717979431,3.568326277732849,0.010000000000000009,0.05049137592315667,-0.06197824954986597
utmos,knn,0.7,20270012,nisqa_test_for,1750,240,0.9208333333333333,2.2412283420562744,2.634642561276754,0.9125,2.2234481036663056,2.6263711810112,-0.008333333333333304,-0.017780238389968783,-0.008271380265553852
utmos,knn,0.7,20270012,nisqa_test_livetalk,1750,232,0.6594827586206896,2.2412283420562744,4.558668841575754,0.6637931034482759,2.2739459543392577,4.512586112680106,0.004310344827586299,0.03271761228298331,-0.04608272889564802
utmos,knn,0.7,20270012,nisqa_test_p501,1750,240,0.9166666666666666,2.2412283420562744,2.558218469222387,0.9041666666666667,2.2549721797307334,2.549142360687256,-0.012499999999999956,0.01374383767445897,-0.009076108535130967
utmos,mahalanobis,0.7,20270013,nisqa_val_sim,1750,750,0.9013333333333333,2.2276766300201416,2.8194347127278645,0.904,2.2189460741678873,2.813015033721924,0.002666666666666706,-0.008730555852254351,-0.006419679005940537
utmos,mahalanobis,0.7,20270013,nisqa_train_live,1750,1020,0.8068627450980392,2.2276766300201416,3.3699322868795956,0.8019607843137255,2.2289434213264316,3.3869161521687228,-0.004901960784313708,0.0012667913062900382,0.01698386528912721
utmos,mahalanobis,0.7,20270013,nisqa_val_live,1750,200,0.78,2.2276766300201416,3.6465665817260744,0.78,2.2308315563201906,3.638914601802826,0.0,0.003154926300048988,-0.007651979923248398
utmos,mahalanobis,0.7,20270013,nisqa_test_for,1750,240,0.9208333333333333,2.2276766300201416,2.6318192879358926,0.9166666666666666,2.217043775320053,2.635370222727458,-0.004166666666666652,-0.010632854700088679,0.003550934791565208
utmos,mahalanobis,0.7,20270013,nisqa_test_livetalk,1750,232,0.6551724137931034,2.2276766300201416,4.591840162359435,0.6637931034482759,2.226089279199469,4.604690885749356,0.008620689655172487,-0.0015873508206727394,0.012850723389921548
utmos,mahalanobis,0.7,20270013,nisqa_test_p501,1750,240,0.9083333333333333,2.2276766300201416,2.5567419131596885,0.9083333333333333,2.2294604599475862,2.5581339915593464,0.0,0.0017838299274446356,0.0013920783996579367
utmos,l2,0.7,20270013,nisqa_val_sim,1750,750,0.9013333333333333,2.2276766300201416,2.8194347127278645,0.8933333333333333,2.189972641626994,2.803519146601359,-0.008000000000000007,-0.037703988393147814,-0.015915566126505354
utmos,l2,0.7,20270013,nisqa_train_live,1750,1020,0.8068627450980392,2.2276766300201416,3.3699322868795956,0.7647058823529411,2.0031849716223924,3.6069937696643906,-0.04215686274509811,-0.2244916583977492,0.237061482784795
utmos,l2,0.7,20270013,nisqa_val_live,1750,200,0.78,2.2276766300201416,3.6465665817260744,0.765,2.0006607151031495,3.627798137664795,-0.015000000000000013,-0.22701591491699213,-0.01876844406127942
utmos,l2,0.7,20270013,nisqa_test_for,1750,240,0.9208333333333333,2.2276766300201416,2.6318192879358926,0.9375,2.2720076739788055,2.6463542779286704,0.01666666666666672,0.04433104395866394,0.014534989992777803
utmos,l2,0.7,20270013,nisqa_test_livetalk,1750,232,0.6551724137931034,2.2276766300201416,4.591840162359435,0.6724137931034483,2.20577419831835,4.400401033204178,0.017241379310344862,-0.021902431701791514,-0.19143912915525707
utmos,l2,0.7,20270013,nisqa_test_p501,1750,240,0.9083333333333333,2.2276766300201416,2.5567419131596885,0.9083333333333333,2.162372076511383,2.489057703812917,0.0,-0.06530455350875863,-0.06768420934677133
utmos,knn,0.7,20270013,nisqa_val_sim,1750,750,0.9013333333333333,2.2276766300201416,2.8194347127278645,0.9133333333333333,2.255158988316854,2.823043067932129,0.01200000000000001,0.027482358296712306,0.0036083552042645017
utmos,knn,0.7,20270013,nisqa_train_live,1750,1020,0.8068627450980392,2.2276766300201416,3.3699322868795956,0.8127450980392157,2.327915437782512,3.3447715308151995,0.00588235294117645,0.10023880776237037,-0.02516075606439605
utmos,knn,0.7,20270013,nisqa_val_live,1750,200,0.78,2.2276766300201416,3.6465665817260744,0.805,2.33624853849411,3.5452737188339234,0.025000000000000022,0.10857190847396847,-0.101292862892151
utmos,knn,0.7,20270013,nisqa_test_for,1750,240,0.9208333333333333,2.2276766300201416,2.6318192879358926,0.9083333333333333,2.2170858194430667,2.6194153636693955,-0.012499999999999956,-0.010590810577074894,-0.012403924266497057
utmos,knn,0.7,20270013,nisqa_test_livetalk,1750,232,0.6551724137931034,2.2276766300201416,4.591840162359435,0.6724137931034483,2.2910377732638656,4.571878102318994,0.017241379310344862,0.063361143243724,-0.019962060040440655
utmos,knn,0.7,20270013,nisqa_test_p501,1750,240,0.9083333333333333,2.2276766300201416,2.5567419131596885,0.9166666666666666,2.2611959646145503,2.5523045231898625,0.008333333333333304,0.0335193345944087,-0.004437389969826011
utmos,mahalanobis,0.7,20270014,nisqa_val_sim,1750,750,0.9133333333333333,2.241788387298584,2.7912339051564534,0.912,2.238906404495239,2.824543910344442,-0.0013333333333332975,-0.0028819828033448402,0.033310005187988434
utmos,mahalanobis,0.7,20270014,nisqa_train_live,1750,1020,0.8088235294117647,2.241788387298584,3.3569048315870997,0.8029411764705883,2.2794331270105697,3.389482477599499,-0.00588235294117645,0.037644739711985675,0.03257764601239943
utmos,mahalanobis,0.7,20270014,nisqa_val_live,1750,200,0.78,2.241788387298584,3.6296324729919434,0.78,2.2712232851982117,3.659396424293518,0.0,0.02943489789962772,0.02976395130157483
utmos,mahalanobis,0.7,20270014,nisqa_test_for,1750,240,0.9208333333333333,2.241788387298584,2.6347592373689017,0.9208333333333333,2.2550384660561877,2.6566371877988177,0.0,0.013250078757603756,0.021877950429916027
utmos,mahalanobis,0.7,20270014,nisqa_test_livetalk,1750,232,0.6594827586206896,2.241788387298584,4.557321836208475,0.6594827586206896,2.2629336488657983,4.57469189372556,0.0,0.021145261567214302,0.01737005751708498
utmos,mahalanobis,0.7,20270014,nisqa_test_p501,1750,240,0.9166666666666666,2.241788387298584,2.558311810096105,0.9,2.2693061232566833,2.607558916012446,-0.016666666666666607,0.027517735958099365,0.04924710591634085
utmos,l2,0.7,20270014,nisqa_val_sim,1750,750,0.9133333333333333,2.241788387298584,2.7912339051564534,0.9226666666666666,2.2351348832448323,2.7693488267262776,0.009333333333333305,-0.0066535040537516466,-0.02188507843017584
utmos,l2,0.7,20270014,nisqa_train_live,1750,1020,0.8088235294117647,2.241788387298584,3.3569048315870997,0.7696078431372549,2.019215574685265,3.6270568653648976,-0.039215686274509776,-0.22257281261331885,0.27015203377779784
utmos,l2,0.7,20270014,nisqa_val_live,1750,200,0.78,2.241788387298584,3.6296324729919434,0.77,2.025070512294769,3.6220534086227416,-0.010000000000000009,-0.21671787500381479,-0.007579064369201749
utmos,l2,0.7,20270014,nisqa_test_for,1750,240,0.9208333333333333,2.241788387298584,2.6347592373689017,0.9375,2.3065370043118794,2.66212974190712,0.01666666666666672,0.06474861701329537,0.02737050453821821
utmos,l2,0.7,20270014,nisqa_test_livetalk,1750,232,0.6594827586206896,2.241788387298584,4.557321836208475,0.6853448275862069,2.2368380119060647,4.325530354318948,0.025862068965517238,-0.004950375392519302,-0.2317914818895268
utmos,l2,0.7,20270014,nisqa_test_p501,1750,240,0.9166666666666666,2.241788387298584,2.558311810096105,0.9125,2.20901028017203,2.4860468775033953,-0.004166666666666652,-0.032778107126553824,-0.07226493259270983
utmos,knn,0.7,20270014,nisqa_val_sim,1750,750,0.9133333333333333,2.241788387298584,2.7912339051564534,0.9133333333333333,2.2486793336868285,2.8276022157669067,0.0,0.006890946388244501,0.036368310610453314
utmos,knn,0.7,20270014,nisqa_train_live,1750,1020,0.8088235294117647,2.241788387298584,3.3569048315870997,0.8137254901960784,2.3430520141825957,3.335433437310013,0.004901960784313708,0.10126362688401169,-0.021471394277086553
utmos,knn,0.7,20270014,nisqa_val_live,1750,200,0.78,2.241788387298584,3.6296324729919434,0.81,2.3520039141178133,3.549549239873886,0.030000000000000027,0.1102155268192293,-0.08008323311805743
utmos,knn,0.7,20270014,nisqa_test_for,1750,240,0.9208333333333333,2.241788387298584,2.6347592373689017,0.9041666666666667,2.2389768034219744,2.642444895704587,-0.016666666666666607,-0.0028115838766096246,0.0076856583356854635
utmos,knn,0.7,20270014,nisqa_test_livetalk,1750,232,0.6594827586206896,2.241788387298584,4.557321836208475,0.6724137931034483,2.3018098925722055,4.539492810594624,0.012931034482758674,0.06002150527362149,-0.01782902561385047
utmos,knn,0.7,20270014,nisqa_test_p501,1750,240,0.9166666666666666,2.241788387298584,2.558311810096105,0.9125,2.284947597980499,2.566088084379832,-0.004166666666666652,0.043159210681915194,0.007776274283727069
utmos,mahalanobis,0.7,20270015,nisqa_val_sim,1750,750,0.9053333333333333,2.2310657501220703,2.804155495961507,0.9093333333333333,2.2149289140701294,2.7987368942896524,0.0040000000000000036,-0.01613683605194094,-0.005418601671854706
utmos,mahalanobis,0.7,20270015,nisqa_train_live,1750,1020,0.8068627450980392,2.2310657501220703,3.3667757534513285,0.8107843137254902,2.25205465111078,3.353962477048238,0.0039215686274509665,0.02098890098870987,-0.012813276403090601
utmos,mahalanobis,0.7,20270015,nisqa_val_live,1750,200,0.78,2.2310657501220703,3.64249963760376,0.78,2.25553431391716,3.6214927184581756,0.0,0.02446856379508988,-0.02100691914558439
utmos,mahalanobis,0.7,20270015,nisqa_test_for,1750,240,0.9208333333333333,2.2310657501220703,2.6325253546237946,0.9125,2.222061828772227,2.6429927309354144,-0.008333333333333304,-0.009003921349843402,0.01046737631161987
utmos,mahalanobis,0.7,20270015,nisqa_test_livetalk,1750,232,0.6551724137931034,2.2310657501220703,4.58354266142023,0.6637931034482759,2.2556415868216546,4.534821237983374,0.008620689655172487,0.024575836699584297,-0.048721423436855815
utmos,mahalanobis,0.7,20270015,nisqa_test_p501,1750,240,0.9083333333333333,2.2310657501220703,2.557024339834849,0.9208333333333333,2.252993540962537,2.5728444427251818,0.012499999999999956,0.0219277908404667,0.015820102890332866
utmos,l2,0.7,20270015,nisqa_val_sim,1750,750,0.9053333333333333,2.2310657501220703,2.804155495961507,0.9066666666666666,2.1954547936121624,2.752218906720479,0.0013333333333332975,-0.035610956509907865,-0.05193658924102795
utmos,l2,0.7,20270015,nisqa_train_live,1750,1020,0.8068627450980392,2.2310657501220703,3.3667757534513285,0.7735294117647059,2.040053584762648,3.545774852294548,-0.033333333333333326,-0.19101216535942234,0.17899909884321952
utmos,l2,0.7,20270015,nisqa_val_live,1750,200,0.78,2.2310657501220703,3.64249963760376,0.77,2.029308851957321,3.5810325706005095,-0.010000000000000009,-0.2017568981647493,-0.06146706700325044
utmos,l2,0.7,20270015,nisqa_test_for,1750,240,0.9208333333333333,2.2310657501220703,2.6325253546237946,0.9333333333333333,2.2849487572908402,2.6728572458028794,0.012500000000000067,0.053883007168769925,0.04033189117908487
utmos,l2,0.7,20270015,nisqa_test_livetalk,1750,232,0.6551724137931034,2.2310657501220703,4.58354266142023,0.6594827586206896,2.224038081950155,4.428937643766403,0.004310344827586188,-0.007027668171915469,-0.15460501765382695
utmos,l2,0.7,20270015,nisqa_test_p501,1750,240,0.9083333333333333,2.2310657501220703,2.557024339834849,0.9125,2.170159766077995,2.470974444349607,0.004166666666666652,-0.0609059840440751,-0.086049895485242
utmos,knn,0.7,20270015,nisqa_val_sim,1750,750,0.9053333333333333,2.2310657501220703,2.804155495961507,0.9146666666666666,2.2662162939707438,2.8182322279612224,0.009333333333333305,0.03515054384867344,0.014076731999715264
utmos,knn,0.7,20270015,nisqa_train_live,1750,1020,0.8068627450980392,2.2310657501220703,3.3667757534513285,0.8215686274509804,2.343410114213532,3.3059116494421867,0.014705882352941124,0.11234436409146165,-0.06086410400914177
utmos,knn,0.7,20270015,nisqa_val_live,1750,200,0.78,2.2310657501220703,3.64249963760376,0.81,2.345929741859436,3.5136901140213013,0.030000000000000027,0.11486399173736572,-0.12880952358245867
utmos,knn,0.7,20270015,nisqa_test_for,1750,240,0.9208333333333333,2.2310657501220703,2.6325253546237946,0.9083333333333333,2.217149821917216,2.610422052939733,-0.012499999999999956,-0.013915928204854211,-0.022103301684061716
utmos,knn,0.7,20270015,nisqa_test_livetalk,1750,232,0.6551724137931034,2.2310657501220703,4.58354266142023,0.6853448275862069,2.302099692410436,4.528675397922253,0.030172413793103425,0.0710339422883659,-0.05486726349797699
utmos,knn,0.7,20270015,nisqa_test_p501,1750,240,0.9083333333333333,2.2310657501220703,2.557024339834849,0.9166666666666666,2.2811107416947682,2.564242738485336,0.008333333333333304,0.05004499157269793,0.007218398650487234
utmos,mahalanobis,0.7,20270016,nisqa_val_sim,1750,750,0.8826666666666667,2.192138671875,2.929275681177775,0.8786666666666667,2.173132930755615,2.930305257797241,-0.0040000000000000036,-0.01900574111938491,0.0010295766194658995
utmos,mahalanobis,0.7,20270016,nisqa_train_live,1750,1020,0.7901960784313725,2.192138671875,3.4061866905175004,0.8,2.213390534064349,3.3850657205955654,0.009803921568627527,0.021251862189349158,-0.021120969921935018
utmos,mahalanobis,0.7,20270016,nisqa_val_live,1750,200,0.775,2.192138671875,3.6893172025680543,0.775,2.2140387082099915,3.6624337458610534,0.0,0.02190003633499149,-0.026883456707000875
utmos,mahalanobis,0.7,20270016,nisqa_test_for,1750,240,0.9166666666666666,2.192138671875,2.624814202388128,0.9083333333333333,2.1700934320688248,2.633546069264412,-0.008333333333333304,-0.022045239806175232,0.008731866876284133
utmos,mahalanobis,0.7,20270016,nisqa_test_livetalk,1750,232,0.6422413793103449,2.192138671875,4.681980313925908,0.6551724137931034,2.2148262991987426,4.638756539287238,0.012931034482758563,0.022687627323742632,-0.04322377463866989
utmos,mahalanobis,0.7,20270016,nisqa_test_p501,1750,240,0.8958333333333334,2.192138671875,2.5557942986488342,0.9,2.20350856979688,2.560815417766571,0.004166666666666652,0.011369897921880145,0.005021119117736728
utmos,l2,0.7,20270016,nisqa_val_sim,1750,750,0.8826666666666667,2.192138671875,2.929275681177775,0.8746666666666667,2.162154962539673,2.876253730773926,-0.008000000000000007,-0.029983709335327013,-0.05302195040384916
utmos,l2,0.7,20270016,nisqa_train_live,1750,1020,0.7901960784313725,2.192138671875,3.4061866905175004,0.7578431372549019,1.9717868790907018,3.6392490714204078,-0.032352941176470584,-0.22035179278429817,0.23306238090290732
utmos,l2,0.7,20270016,nisqa_val_live,1750,200,0.775,2.192138671875,3.6893172025680543,0.76,1.9667971158027648,3.6900141501426695,-0.015000000000000013,-0.22534155607223516,0.0006969475746152476
utmos,l2,0.7,20270016,nisqa_test_for,1750,240,0.9166666666666666,2.192138671875,2.624814202388128,0.9208333333333333,2.2203121612469356,2.636224779486656,0.004166666666666652,0.028173489371935645,0.011410577098528218
utmos,l2,0.7,20270016,nisqa_test_livetalk,1750,232,0.6422413793103449,2.192138671875,4.681980313925908,0.646551724137931,2.165913156394301,4.549108379873736,0.004310344827586188,-0.02622551548069918,-0.13287193405217135
utmos,l2,0.7,20270016,nisqa_test_p501,1750,240,0.8958333333333334,2.192138671875,2.5557942986488342,0.9125,2.1378396650155387,2.4983416199684143,0.016666666666666607,-0.05429900685946132,-0.05745267868041992
utmos,knn,0.7,20270016,nisqa_val_sim,1750,750,0.8826666666666667,2.192138671875,2.929275681177775,0.8746666666666667,2.1676830298105876,2.921412048975627,-0.008000000000000007,-0.02445564206441242,-0.007863632202148363
utmos,knn,0.7,20270016,nisqa_train_live,1750,1020,0.7901960784313725,2.192138671875,3.4061866905175004,0.7980392156862746,2.252585778049394,3.3839024492338594,0.007843137254902044,0.06044710617439408,-0.022284241283641038
utmos,knn,0.7,20270016,nisqa_val_live,1750,200,0.775,2.192138671875,3.6893172025680543,0.79,2.2581209540367126,3.6042372941970826,0.015000000000000013,0.06598228216171265,-0.08507990837097168
utmos,knn,0.7,20270016,nisqa_test_for,1750,240,0.9166666666666666,2.192138671875,2.624814202388128,0.8916666666666667,2.1359312792619067,2.6126549005508424,-0.02499999999999991,-0.056207392613093266,-0.012159301837285419
utmos,knn,0.7,20270016,nisqa_test_livetalk,1750,232,0.6422413793103449,2.192138671875,4.681980313925908,0.6508620689655172,2.2309525424036485,4.648074678305922,0.008620689655172376,0.038813870528648486,-0.03390563561998583
utmos,knn,0.7,20270016,nisqa_test_p501,1750,240,0.8958333333333334,2.192138671875,2.5557942986488342,0.9041666666666667,2.1879777789115904,2.539422957102458,0.008333333333333304,-0.0041608929634096015,-0.016371341546376428
utmos,mahalanobis,0.7,20270017,nisqa_val_sim,1750,750,0.892,2.2174882888793945,2.898099813461304,0.8973333333333333,2.2178720331192014,2.896962335904439,0.005333333333333301,0.00038374423980691574,-0.0011374775568646633
utmos,mahalanobis,0.7,20270017,nisqa_train_live,1750,1020,0.7990196078431373,2.2174882888793945,3.3797643535277424,0.8009803921568628,2.2136076770576776,3.397594986008663,0.0019607843137254832,-0.0038806118217169505,0.01783063248092054
utmos,mahalanobis,0.7,20270017,nisqa_val_live,1750,200,0.78,2.2174882888793945,3.658792591094971,0.78,2.2151161396503447,3.6739262664318084,0.0,-0.0023721492290498247,0.015133675336837626
utmos,mahalanobis,0.7,20270017,nisqa_test_for,1750,240,0.9208333333333333,2.2174882888793945,2.629696716864904,0.9208333333333333,2.2438344687223433,2.654633207122485,0.0,0.026346179842948736,0.024936490257581045
utmos,mahalanobis,0.7,20270017,nisqa_test_livetalk,1750,232,0.6508620689655172,2.2174882888793945,4.617057555708392,0.6508620689655172,2.215862225869606,4.612263844958667,0.0,-0.0016260630097884032,-0.004793710749725122
utmos,mahalanobis,0.7,20270017,nisqa_test_p501,1750,240,0.9083333333333333,2.2174882888793945,2.5558928847312927,0.9041666666666667,2.2386757453282673,2.5795761664708454,-0.004166666666666652,0.021187456448872766,0.023683281739552697
utmos,l2,0.7,20270017,nisqa_val_sim,1750,750,0.892,2.2174882888793945,2.898099813461304,0.8893333333333333,2.160766648610433,2.8443838494618734,-0.002666666666666706,-0.056721640268961426,-0.05371596399943046
utmos,l2,0.7,20270017,nisqa_train_live,1750,1020,0.7990196078431373,2.2174882888793945,3.3797643535277424,0.7598039215686274,1.9863066467584347,3.6449740685668646,-0.03921568627450989,-0.23118164212095982,0.26520971503912216
utmos,l2,0.7,20270017,nisqa_val_live,1750,200,0.78,2.2174882888793945,3.658792591094971,0.765,1.9863528490066529,3.680599641799927,-0.015000000000000013,-0.23113543987274165,0.021807050704956144
utmos,l2,0.7,20270017,nisqa_test_for,1750,240,0.9208333333333333,2.2174882888793945,2.629696716864904,0.9208333333333333,2.2424471219380697,2.6280493875344595,0.0,0.02495883305867519,-0.0016473293304444248
utmos,l2,0.7,20270017,nisqa_test_livetalk,1750,232,0.6508620689655172,2.2174882888793945,4.617057555708392,0.6681034482758621,2.177990465328611,4.47244019960535,0.017241379310344862,-0.03949782355078346,-0.14461735610304238
utmos,l2,0.7,20270017,nisqa_test_p501,1750,240,0.9083333333333333,2.2174882888793945,2.5558928847312927,0.9083333333333333,2.145600658655167,2.477353097995122,0.0,-0.07188763022422773,-0.07853978673617057
utmos,knn,0.7,20270017,nisqa_val_sim,1750,750,0.892,2.2174882888793945,2.898099813461304,0.904,2.211275220235189,2.8830729281107583,0.01200000000000001,-0.006213068644205677,-0.015026885350545527
utmos,knn,0.7,20270017,nisqa_train_live,1750,1020,0.7990196078431373,2.2174882888793945,3.3797643535277424,0.8049019607843138,2.2333389560381574,3.358169961676878,0.00588235294117645,0.01585066715876282,-0.021594391850864536
utmos,knn,0.7,20270017,nisqa_val_live,1750,200,0.78,2.2174882888793945,3.658792591094971,0.78,2.234537607431412,3.650680750608444,0.0,0.0170493185520173,-0.008111840486526578
utmos,knn,0.7,20270017,nisqa_test_for,1750,240,0.9208333333333333,2.2174882888793945,2.629696716864904,0.9083333333333333,2.207976977030436,2.630955378214518,-0.012499999999999956,-0.009511311848958481,0.0012586613496141652
utmos,knn,0.7,20270017,nisqa_test_livetalk,1750,232,0.6508620689655172,2.2174882888793945,4.617057555708392,0.646551724137931,2.226427382436292,4.596521576930737,-0.004310344827586188,0.008939093556897593,-0.020535978777655117
utmos,knn,0.7,20270017,nisqa_test_p501,1750,240,0.9083333333333333,2.2174882888793945,2.5558928847312927,0.9,2.2300530930360156,2.5704162776470185,-0.008333333333333304,0.01256480415662109,0.014523392915725797
utmos,mahalanobis,0.7,20270018,nisqa_val_sim,1750,750,0.908,2.2336864471435547,2.704584951400757,0.912,2.247678332010905,2.721698476155599,0.0040000000000000036,0.013991884867350368,0.017113524754841958
utmos,mahalanobis,0.7,20270018,nisqa_train_live,1750,1020,0.807843137254902,2.2336864471435547,3.3643395853977576,0.8156862745098039,2.2981652942358277,3.326724319831998,0.007843137254901933,0.06447884709227303,-0.03761526556575978
utmos,mahalanobis,0.7,20270018,nisqa_val_live,1750,200,0.78,2.2336864471435547,3.6393548011779786,0.785,2.2979670405387878,3.573927175998688,0.0050000000000000044,0.06428059339523307,-0.06542762517929068
utmos,mahalanobis,0.7,20270018,nisqa_test_for,1750,240,0.9208333333333333,2.2336864471435547,2.633071333169937,0.9166666666666666,2.221649960676829,2.6347471038500467,-0.004166666666666652,-0.012036486466725727,0.0016757706801096006
utmos,mahalanobis,0.7,20270018,nisqa_test_livetalk,1750,232,0.6551724137931034,2.2336864471435547,4.577126472160734,0.6724137931034483,2.2899482188553644,4.492950790914996,0.017241379310344862,0.05626177171180968,-0.08417568124573815
utmos,mahalanobis,0.7,20270018,nisqa_test_p501,1750,240,0.9125,2.2336864471435547,2.5572573443253837,0.9166666666666666,2.273618811368942,2.5772506932417554,0.004166666666666652,0.039932364225387484,0.019993348916371723
utmos,l2,0.7,20270018,nisqa_val_sim,1750,750,0.908,2.2336864471435547,2.704584951400757,0.9013333333333333,2.2129080495834352,2.6512652247746784,-0.00666666666666671,-0.020778397560119455,-0.053319726626078534
utmos,l2,0.7,20270018,nisqa_train_live,1750,1020,0.807843137254902,2.2336864471435547,3.3643395853977576,0.7725490196078432,2.024481496857662,3.587758559105443,-0.03529411764705881,-0.2092049502858928,0.22341897370768526
utmos,l2,0.7,20270018,nisqa_val_live,1750,200,0.78,2.2336864471435547,3.6393548011779786,0.77,2.019660108089447,3.633915858268738,-0.010000000000000009,-0.2140263390541075,-0.00543894290924074
utmos,l2,0.7,20270018,nisqa_test_for,1750,240,0.9208333333333333,2.2336864471435547,2.633071333169937,0.9333333333333333,2.2930164953072865,2.674672834078471,0.012500000000000067,0.059330048163731774,0.04160150090853376
utmos,l2,0.7,20270018,nisqa_test_livetalk,1750,232,0.6551724137931034,2.2336864471435547,4.577126472160734,0.6810344827586207,2.219296452300302,4.373486098544351,0.025862068965517238,-0.014389994843252651,-0.2036403736163832
utmos,l2,0.7,20270018,nisqa_test_p501,1750,240,0.9125,2.2336864471435547,2.5572573443253837,0.9166666666666666,2.1791883091131847,2.4625696420669554,0.004166666666666652,-0.05449813803036996,-0.09468770225842826
utmos,knn,0.7,20270018,nisqa_val_sim,1750,750,0.908,2.2336864471435547,2.704584951400757,0.9146666666666666,2.2532453285853067,2.7321164674758913,0.006666666666666599,0.019558881441751996,0.027531516075134377
utmos,knn,0.7,20270018,nisqa_train_live,1750,1020,0.807843137254902,2.2336864471435547,3.3643395853977576,0.8215686274509804,2.3539336835636813,3.314197541218178,0.013725490196078383,0.12024723642012658,-0.05014204417957968
utmos,knn,0.7,20270018,nisqa_val_live,1750,200,0.78,2.2336864471435547,3.6393548011779786,0.815,2.3591611123085023,3.505374572277069,0.03499999999999992,0.12547466516494765,-0.13398022890090955
utmos,knn,0.7,20270018,nisqa_test_for,1750,240,0.9208333333333333,2.2336864471435547,2.633071333169937,0.9041666666666667,2.2011893490950265,2.594974766174952,-0.016666666666666607,-0.032497098048528184,-0.03809656699498509
utmos,knn,0.7,20270018,nisqa_test_livetalk,1750,232,0.6551724137931034,2.2336864471435547,4.577126472160734,0.6767241379310345,2.3118396257532052,4.5230197289894365,0.02155172413793105,0.07815317860965054,-0.05410674317129782
utmos,knn,0.7,20270018,nisqa_test_p501,1750,240,0.9125,2.2336864471435547,2.5572573443253837,0.925,2.2775948703289033,2.5643418590227762,0.012500000000000067,0.0439084231853486,0.007084514697392574
utmos,mahalanobis,0.7,20270019,nisqa_val_sim,1750,750,0.9066666666666666,2.23289155960083,2.7543373743693036,0.9093333333333333,2.2379010060628257,2.7575062516530355,0.002666666666666706,0.005009446461995637,0.0031688772837319412
utmos,mahalanobis,0.7,20270019,nisqa_train_live,1750,1020,0.8068627450980392,2.23289155960083,3.365075244623072,0.8127450980392157,2.2636920540940526,3.356944451145097,0.00588235294117645,0.03080049449322253,-0.008130793477974851
utmos,mahalanobis,0.7,20270019,nisqa_val_live,1750,200,0.78,2.23289155960083,3.640308666229248,0.78,2.2651283860206606,3.628145217895508,0.0,0.0322368264198305,-0.012163448333740057
utmos,mahalanobis,0.7,20270019,nisqa_test_for,1750,240,0.9208333333333333,2.23289155960083,2.632905731598536,0.9291666666666667,2.2689835031827292,2.66668771704038,0.008333333333333415,0.036091943581899155,0.033781985441843965
utmos,mahalanobis,0.7,20270019,nisqa_test_livetalk,1750,232,0.6551724137931034,2.23289155960083,4.579072576144646,0.6594827586206896,2.266876394378728,4.499543304073399,0.004310344827586188,0.03398483477789771,-0.07952927207124638
utmos,mahalanobis,0.7,20270019,nisqa_test_p501,1750,240,0.9083333333333333,2.23289155960083,2.557176490624746,0.9166666666666666,2.284215415517489,2.598107193907102,0.008333333333333304,0.05132385591665889,0.04093070328235626
utmos,l2,0.7,20270019,nisqa_val_sim,1750,750,0.9066666666666666,2.23289155960083,2.7543373743693036,0.908,2.2042893730799356,2.662340526898702,0.0013333333333334085,-0.028602186520894524,-0.09199684747060166
utmos,l2,0.7,20270019,nisqa_train_live,1750,1020,0.8068627450980392,2.23289155960083,3.365075244623072,0.7666666666666667,2.005218767184837,3.630775642862507,-0.04019607843137252,-0.22767279241599292,0.26570039823943503
utmos,l2,0.7,20270019,nisqa_val_live,1750,200,0.78,2.23289155960083,3.640308666229248,0.765,2.011222254037857,3.704643963575363,-0.015000000000000013,-0.22166930556297304,0.0643352973461151
utmos,l2,0.7,20270019,nisqa_test_for,1750,240,0.9208333333333333,2.23289155960083,2.632905731598536,0.9291666666666667,2.2777435570955276,2.6718022614717483,0.008333333333333415,0.04485199749469748,0.03889652987321224
utmos,l2,0.7,20270019,nisqa_test_livetalk,1750,232,0.6551724137931034,2.23289155960083,4.579072576144646,0.6724137931034483,2.20701349809252,4.411788105964661,0.017241379310344862,-0.02587806150831007,-0.16728447017998516
utmos,l2,0.7,20270019,nisqa_test_p501,1750,240,0.9083333333333333,2.23289155960083,2.557176490624746,0.9166666666666666,2.197718252738317,2.4908732573191323,0.008333333333333304,-0.035173306862513076,-0.0663032333056135
utmos,knn,0.7,20270019,nisqa_val_sim,1750,750,0.9066666666666666,2.23289155960083,2.7543373743693036,0.9186666666666666,2.278254862785339,2.7683056141535443,0.01200000000000001,0.045363303184509096,0.013968239784240666
utmos,knn,0.7,20270019,nisqa_train_live,1750,1020,0.8068627450980392,2.23289155960083,3.365075244623072,0.8264705882352941,2.356188009766971,3.2920949809691487,0.019607843137254832,0.1232964501661411,-0.0729802636539234
utmos,knn,0.7,20270019,nisqa_val_live,1750,200,0.78,2.23289155960083,3.640308666229248,0.81,2.3600686383247376,3.505220158100128,0.030000000000000027,0.1271770787239075,-0.13508850812911977
utmos,knn,0.7,20270019,nisqa_test_for,1750,240,0.9208333333333333,2.23289155960083,2.632905731598536,0.9041666666666667,2.232018481691678,2.6202746738990146,-0.016666666666666607,-0.0008730779091519203,-0.012631057699521442
utmos,knn,0.7,20270019,nisqa_test_livetalk,1750,232,0.6551724137931034,2.23289155960083,4.579072576144646,0.6853448275862069,2.3129845405447074,4.507729916736998,0.030172413793103425,0.08009298094387729,-0.07134265940764806
utmos,knn,0.7,20270019,nisqa_test_p501,1750,240,0.9083333333333333,2.23289155960083,2.557176490624746,0.9291666666666667,2.3012096166610716,2.5744070490201314,0.02083333333333337,0.06831805706024152,0.017230558395385565
utmos,mahalanobis,0.7,20270020,nisqa_val_sim,1750,750,0.9066666666666666,2.23289155960083,2.7635222498575844,0.9013333333333333,2.2170086291631064,2.7621093053817747,-0.005333333333333301,-0.015882930437723708,-0.001412944475809752
utmos,mahalanobis,0.7,20270020,nisqa_train_live,1750,1020,0.8068627450980392,2.23289155960083,3.365075244623072,0.8098039215686275,2.243236322262708,3.381865938738281,0.002941176470588225,0.010344762661878004,0.016790694115208726
utmos,mahalanobis,0.7,20270020,nisqa_val_live,1750,200,0.78,2.23289155960083,3.640308666229248,0.78,2.2427570259571077,3.6546068942546843,0.0,0.009865466356277608,0.014298228025436455
utmos,mahalanobis,0.7,20270020,nisqa_test_for,1750,240,0.9208333333333333,2.23289155960083,2.632905731598536,0.9166666666666666,2.2332912693421045,2.655411751071612,-0.004166666666666652,0.0003997097412744566,0.022506019473075956
utmos,mahalanobis,0.7,20270020,nisqa_test_livetalk,1750,232,0.6551724137931034,2.23289155960083,4.579072576144646,0.6594827586206896,2.2418972736802596,4.572130265934714,0.004310344827586188,0.009005714079429517,-0.006942310209931968
utmos,mahalanobis,0.7,20270020,nisqa_test_p501,1750,240,0.9083333333333333,2.23289155960083,2.557176490624746,0.9041666666666667,2.2534960279862086,2.59549162487189,-0.004166666666666652,0.02060446838537855,0.038315134247143945
utmos,l2,0.7,20270020,nisqa_val_sim,1750,750,0.9066666666666666,2.23289155960083,2.7635222498575844,0.9,2.205431542078654,2.7211577714284263,-0.006666666666666599,-0.027460017522176194,-0.04236447842915814
utmos,l2,0.7,20270020,nisqa_train_live,1750,1020,0.8068627450980392,2.23289155960083,3.365075244623072,0.7598039215686274,2.001353845876806,3.6421186503242042,-0.04705882352941182,-0.2315377137240242,0.2770434057011322
utmos,l2,0.7,20270020,nisqa_val_live,1750,200,0.78,2.23289155960083,3.640308666229248,0.765,2.0045429420471192,3.6605194759368898,-0.015000000000000013,-0.22834861755371083,0.020210809707641886
utmos,l2,0.7,20270020,nisqa_test_for,1750,240,0.9208333333333333,2.23289155960083,2.632905731598536,0.9375,2.2886230846246085,2.6598697900772095,0.01666666666666672,0.05573152502377843,0.026964058478673447
utmos,l2,0.7,20270020,nisqa_test_livetalk,1750,232,0.6551724137931034,2.23289155960083,4.579072576144646,0.6810344827586207,2.2173736383175027,4.372574035463662,0.025862068965517238,-0.015517921283327407,-0.2064985406809834
utmos,l2,0.7,20270020,nisqa_test_p501,1750,240,0.9083333333333333,2.23289155960083,2.557176490624746,0.9083333333333333,2.1832273304462433,2.475551337003708,0.0,-0.04966422915458679,-0.08162515362103795
utmos,knn,0.7,20270020,nisqa_val_sim,1750,750,0.9066666666666666,2.23289155960083,2.7635222498575844,0.9053333333333333,2.251018328030904,2.781510226885478,-0.0013333333333332975,0.01812676843007388,0.017987977027893454
utmos,knn,0.7,20270020,nisqa_train_live,1750,1020,0.8068627450980392,2.23289155960083,3.365075244623072,0.8137254901960784,2.3314917664901884,3.3454142077296387,0.006862745098039191,0.09860020688935833,-0.019661036893433348
utmos,knn,0.7,20270020,nisqa_val_live,1750,200,0.78,2.23289155960083,3.640308666229248,0.81,2.3436250257492066,3.5441247034072876,0.030000000000000027,0.11073346614837654,-0.09618396282196029
utmos,knn,0.7,20270020,nisqa_test_for,1750,240,0.9208333333333333,2.23289155960083,2.632905731598536,0.9,2.222640538215637,2.645031515757243,-0.02083333333333326,-0.01025102138519296,0.01212578415870702
utmos,knn,0.7,20270020,nisqa_test_livetalk,1750,232,0.6551724137931034,2.23289155960083,4.579072576144646,0.6767241379310345,2.293768176744724,4.558675156585101,0.02155172413793105,0.06087661714389414,-0.02039741955954444
utmos,knn,0.7,20270020,nisqa_test_p501,1750,240,0.9083333333333333,2.23289155960083,2.557176490624746,0.9125,2.2698676039775214,2.558473671476046,0.004166666666666652,0.03697604437669133,0.0012971808513002614
