model,dataset,seed,method,coverage,mean_width,mean_interval_score,delta_coverage,delta_width,delta_interval_score
dnsmos,nisqa_val_sim,20270830,mahalanobis_mondrian,0.8624,2.6230165821075437,3.286320420837402,0.0008000000000000229,-0.0171411174774172,0.010772100067138357
dnsmos,nisqa_val_sim,20270830,predicted_mos_mondrian,0.8568,2.5653559463500977,3.3383868396759033,-0.0048000000000000265,-0.07480175323486327,0.06283851890563952
dnsmos,nisqa_val_sim,20270830,mos_extremity_mondrian,0.8536,2.621131006240845,3.2895775508880614,-0.008000000000000007,-0.019026693344116108,0.014029230117797553
dnsmos,nisqa_val_sim,20270830,local_residual_mondrian_k10,0.8712,2.645612777328491,3.2684094825744627,0.009599999999999942,0.005455077743530268,-0.007138838195801078
dnsmos,nisqa_val_sim,20270830,local_residual_normalized_k10,0.8608,2.608374733034157,3.420377261957121,-0.0008000000000000229,-0.03178296655080404,0.1448289411868573
dnsmos,nisqa_val_sim,20270830,local_residual_mondrian_k25,0.8632,2.593473751068115,3.304546504974365,0.0015999999999999348,-0.046683948516845764,0.028998184204101385
dnsmos,nisqa_val_sim,20270830,local_residual_normalized_k25,0.8504,2.5390993741793815,3.394656589485433,-0.011199999999999988,-0.10105832540557946,0.119108268715169
dnsmos,nisqa_val_sim,20270830,local_residual_mondrian_k50,0.8624,2.5704443004608155,3.3322271697998045,0.0008000000000000229,-0.06971339912414543,0.05667884902954068
dnsmos,nisqa_val_sim,20270830,local_residual_normalized_k50,0.8544,2.534932017985328,3.339982729686938,-0.007199999999999984,-0.10522568159963308,0.06443440891667418
dnsmos,nisqa_train_live,20270830,mahalanobis_mondrian,0.9784313725490196,2.517745528501623,2.577050160894207,-0.009803921568627527,-0.1224121710833379,-0.10018748535829403
dnsmos,nisqa_train_live,20270830,predicted_mos_mondrian,0.9607843137254902,2.25597965483572,2.4159858460519827,-0.027450980392156876,-0.3841780447492411,-0.2612518002005184
dnsmos,nisqa_train_live,20270830,mos_extremity_mondrian,0.9696078431372549,2.4233479698499045,2.5540635948087655,-0.0186274509803922,-0.2168097297350564,-0.12317405144373561
dnsmos,nisqa_train_live,20270830,local_residual_mondrian_k10,0.9852941176470589,2.64594716090782,2.686527302685906,-0.002941176470588225,0.0057894613228590686,0.009289656433404847
dnsmos,nisqa_train_live,20270830,local_residual_normalized_k10,0.9666666666666667,2.5802838136133395,2.71891367090542,-0.021568627450980427,-0.059873885971621466,0.04167602465291864
dnsmos,nisqa_train_live,20270830,local_residual_mondrian_k25,0.984313725490196,2.5777677461212756,2.6322562858170153,-0.0039215686274510775,-0.062389953463685366,-0.04498136043548584
dnsmos,nisqa_train_live,20270830,local_residual_normalized_k25,0.9745098039215686,2.5121694782528414,2.6098102792337414,-0.013725490196078494,-0.1279882213321195,-0.06742736701875973
dnsmos,nisqa_train_live,20270830,local_residual_mondrian_k50,0.9774509803921568,2.5316140132791856,2.612283341557372,-0.010784313725490269,-0.10854368630577538,-0.0649543046951293
dnsmos,nisqa_train_live,20270830,local_residual_normalized_k50,0.9745098039215686,2.4796515972102453,2.566899466801171,-0.013725490196078494,-0.16050610237471563,-0.11033817945133029
dnsmos,nisqa_val_live,20270830,mahalanobis_mondrian,0.995,2.5310351419448853,2.5405077862739565,-0.0050000000000000044,-0.10912255764007561,-0.09964991331100448
dnsmos,nisqa_val_live,20270830,predicted_mos_mondrian,0.985,2.276591885089874,2.3096856594085695,-0.015000000000000013,-0.36356581449508685,-0.3304720401763914
dnsmos,nisqa_val_live,20270830,mos_extremity_mondrian,0.985,2.4634694194793703,2.4926255679130556,-0.015000000000000013,-0.17668828010559068,-0.14753213167190538
dnsmos,nisqa_val_live,20270830,local_residual_mondrian_k10,0.995,2.6330425477027894,2.6395768976211547,-0.0050000000000000044,-0.007115151882171489,-0.0005808019638062767
dnsmos,nisqa_val_live,20270830,local_residual_normalized_k10,0.985,2.550712642063379,2.5981770551791112,-0.015000000000000013,-0.08944505752158172,-0.0419806444058497
dnsmos,nisqa_val_live,20270830,local_residual_mondrian_k25,0.99,2.5700398182868955,2.5797149872779848,-0.010000000000000009,-0.0701178812980654,-0.060442712306976176
dnsmos,nisqa_val_live,20270830,local_residual_normalized_k25,0.995,2.484045226832994,2.5172603214581017,-0.0050000000000000044,-0.15611247275196716,-0.12289737812685919
dnsmos,nisqa_val_live,20270830,local_residual_mondrian_k50,0.995,2.5533786153793336,2.578389666080475,-0.0050000000000000044,-0.0867790842056273,-0.06176803350448612
dnsmos,nisqa_val_live,20270830,local_residual_normalized_k50,0.995,2.4811559728233576,2.5098215010083815,-0.0050000000000000044,-0.1590017267616033,-0.1303361985765794
dnsmos,nisqa_test_for,20270830,mahalanobis_mondrian,0.8666666666666667,2.576406955718994,3.1695514619350433,-0.004166666666666652,-0.0637507438659668,-0.05552457769711827
dnsmos,nisqa_test_for,20270830,predicted_mos_mondrian,0.8291666666666667,2.4747716983159385,3.2213447789351144,-0.04166666666666663,-0.16538600126902248,-0.0037312606970472117
dnsmos,nisqa_test_for,20270830,mos_extremity_mondrian,0.8666666666666667,2.6196267783641813,3.1834758202234905,-0.004166666666666652,-0.020530921220779597,-0.04160021940867109
dnsmos,nisqa_test_for,20270830,local_residual_mondrian_k10,0.875,2.661451808611552,3.225911251703898,0.004166666666666652,0.021294109026591013,0.0008352120717365352
dnsmos,nisqa_test_for,20270830,local_residual_normalized_k10,0.8875,2.6796902279048793,3.378860505287314,0.016666666666666607,0.03953252831991838,0.15378446565515258
dnsmos,nisqa_test_for,20270830,local_residual_mondrian_k25,0.8708333333333333,2.5916349520285924,3.290895961721738,0.0,-0.04852274755636854,0.06581992208957654
dnsmos,nisqa_test_for,20270830,local_residual_normalized_k25,0.8708333333333333,2.553646344729705,3.299296047507721,0.0,-0.08651135485525607,0.07422000787555927
dnsmos,nisqa_test_for,20270830,local_residual_mondrian_k50,0.8708333333333333,2.5839881559213,3.2263956030209857,0.0,-0.05616954366366089,0.0013195633888241076
dnsmos,nisqa_test_for,20270830,local_residual_normalized_k50,0.8541666666666666,2.5205276597345607,3.248728520600481,-0.01666666666666672,-0.11963003985040022,0.02365248096831918
dnsmos,nisqa_test_livetalk,20270830,mahalanobis_mondrian,0.9181034482758621,2.5151929485386817,2.9429717022797157,-0.01724137931034475,-0.12496475104627924,-0.03929548839042907
dnsmos,nisqa_test_livetalk,20270830,predicted_mos_mondrian,0.8879310344827587,2.3791563942514617,2.9306519976977645,-0.047413793103448176,-0.2610013053334992,-0.051615192972380264
dnsmos,nisqa_test_livetalk,20270830,mos_extremity_mondrian,0.9051724137931034,2.487778724267565,2.950241903806555,-0.030172413793103425,-0.15237897531739586,-0.03202528686358974
dnsmos,nisqa_test_livetalk,20270830,local_residual_mondrian_k10,0.9353448275862069,2.6538892943283607,2.9751818632257394,0.0,0.0137315947433998,-0.007085327444405376
dnsmos,nisqa_test_livetalk,20270830,local_residual_normalized_k10,0.9137931034482759,2.6482255417552243,3.0769209549880623,-0.02155172413793094,0.00806784217026335,0.0946537643179175
dnsmos,nisqa_test_livetalk,20270830,local_residual_mondrian_k25,0.9310344827586207,2.6008572927836715,2.992069860984539,-0.004310344827586188,-0.039300406801289434,0.009802670314394302
dnsmos,nisqa_test_livetalk,20270830,local_residual_normalized_k25,0.9051724137931034,2.5722936000786887,3.0203142437333734,-0.030172413793103425,-0.06786409950627226,0.03804705306322864
dnsmos,nisqa_test_livetalk,20270830,local_residual_mondrian_k50,0.9181034482758621,2.605894557360945,2.950581928779339,-0.01724137931034475,-0.03426314222401583,-0.031685261890805894
dnsmos,nisqa_test_livetalk,20270830,local_residual_normalized_k50,0.9094827586206896,2.5369243028268955,2.943822267057774,-0.025862068965517238,-0.10323339675806542,-0.03844492361237073
dnsmos,nisqa_test_p501,20270830,mahalanobis_mondrian,0.8416666666666667,2.6239632507165274,3.30773676832517,0.008333333333333304,-0.016194448868433575,0.006506665547688861
dnsmos,nisqa_test_p501,20270830,predicted_mos_mondrian,0.8166666666666667,2.6017371972401935,3.5026878476142884,-0.01666666666666672,-0.03842050234476746,0.20145774483680734
dnsmos,nisqa_test_p501,20270830,mos_extremity_mondrian,0.8291666666666667,2.6503615498542787,3.3553084055582683,-0.004166666666666652,0.010203850269317805,0.05407830278078718
dnsmos,nisqa_test_p501,20270830,local_residual_mondrian_k10,0.8583333333333333,2.6752450942993162,3.2666906992594402,0.02499999999999991,0.03508739471435529,-0.034539403518040857
dnsmos,nisqa_test_p501,20270830,local_residual_normalized_k10,0.85,2.761894771586384,3.3914607531745604,0.016666666666666607,0.12173707200142303,0.09023065039707934
dnsmos,nisqa_test_p501,20270830,local_residual_mondrian_k25,0.8458333333333333,2.627151976029078,3.4211284518241882,0.012499999999999956,-0.01300572355588292,0.11989834904670715
dnsmos,nisqa_test_p501,20270830,local_residual_normalized_k25,0.8375,2.641169414596262,3.420703267682113,0.004166666666666652,0.0010117150113009288,0.11947316490463189
dnsmos,nisqa_test_p501,20270830,local_residual_mondrian_k50,0.8208333333333333,2.6621454854806266,3.362485627333323,-0.012500000000000067,0.021987785895665635,0.061255524555841934
dnsmos,nisqa_test_p501,20270830,local_residual_normalized_k50,0.8125,2.621624353761611,3.3988989634653164,-0.02083333333333337,-0.01853334582335009,0.09766886068783531
dnsmos,nisqa_val_sim,20270831,mahalanobis_mondrian,0.9168,2.7716015106201173,3.137017459487915,0.0040000000000000036,-0.0078050369262694375,-0.0013958457946778857
dnsmos,nisqa_val_sim,20270831,predicted_mos_mondrian,0.92,2.8277196315765383,3.14747240486145,0.007200000000000095,0.048313084030151554,0.00905909957885731
dnsmos,nisqa_val_sim,20270831,mos_extremity_mondrian,0.9168,2.820514768791199,3.1206284868240357,0.0040000000000000036,0.04110822124481217,-0.017784818458557172
dnsmos,nisqa_val_sim,20270831,local_residual_mondrian_k10,0.9216,2.815056760406494,3.1426275783538817,0.00880000000000003,0.03565021286010728,0.004214273071288854
dnsmos,nisqa_val_sim,20270831,local_residual_normalized_k10,0.924,2.98387288033711,3.382077108161286,0.011200000000000099,0.20446633279072346,0.24366380287869305
dnsmos,nisqa_val_sim,20270831,local_residual_mondrian_k25,0.9152,2.76217182636261,3.1043700723648073,0.0024000000000000687,-0.01723472118377689,-0.03404323291778555
dnsmos,nisqa_val_sim,20270831,local_residual_normalized_k25,0.908,2.7582021267828862,3.1337661141047555,-0.0047999999999999154,-0.021204420763500487,-0.004647191177837406
dnsmos,nisqa_val_sim,20270831,local_residual_mondrian_k50,0.9168,2.79319020652771,3.1147813472747803,0.0040000000000000036,0.013783658981323388,-0.023631958007812592
dnsmos,nisqa_val_sim,20270831,local_residual_normalized_k50,0.9064,2.6993007079938356,3.096237900172986,-0.006399999999999961,-0.08010583955255113,-0.042175405109607045
dnsmos,nisqa_train_live,20270831,mahalanobis_mondrian,0.9823529411764705,2.6446957878037995,2.681755326308456,-0.007843137254902044,-0.13471075974258717,-0.12037186435624658
dnsmos,nisqa_train_live,20270831,predicted_mos_mondrian,0.9901960784313726,2.8269770556805183,2.851785273177951,0.0,0.04757050813413155,0.049658082513248214
dnsmos,nisqa_train_live,20270831,mos_extremity_mondrian,0.9862745098039216,2.720872128711027,2.758746864748936,-0.0039215686274509665,-0.05853441883535959,-0.04338032591576679
dnsmos,nisqa_train_live,20270831,local_residual_mondrian_k10,0.9931372549019608,2.7892254151549993,2.808017925187653,0.002941176470588225,0.009818867608612614,0.005890734522950414
dnsmos,nisqa_train_live,20270831,local_residual_normalized_k10,0.9725490196078431,2.571152767145669,2.657383148114836,-0.01764705882352946,-0.20825378040071785,-0.14474404254986695
dnsmos,nisqa_train_live,20270831,local_residual_mondrian_k25,0.9813725490196078,2.6140334648244523,2.6724371648302263,-0.008823529411764786,-0.1653730827219344,-0.12969002583447642
dnsmos,nisqa_train_live,20270831,local_residual_normalized_k25,0.9735294117647059,2.4246415830572294,2.520488574795612,-0.01666666666666672,-0.3547649644891573,-0.2816386158690909
dnsmos,nisqa_train_live,20270831,local_residual_mondrian_k50,0.9852941176470589,2.688927905699786,2.722670062383016,-0.004901960784313708,-0.09047864184660082,-0.07945712828168672
dnsmos,nisqa_train_live,20270831,local_residual_normalized_k50,0.9705882352941176,2.4123425636352533,2.5017004749532057,-0.019607843137254943,-0.3670639839111334,-0.30042671571149704
dnsmos,nisqa_val_live,20270831,mahalanobis_mondrian,0.995,2.658929908275604,2.663978409767151,-0.0050000000000000044,-0.12047663927078256,-0.11542813777923566
dnsmos,nisqa_val_live,20270831,predicted_mos_mondrian,1.0,2.8376296734809876,2.8376296734809876,0.0,0.05822312593460088,0.05822312593460088
dnsmos,nisqa_val_live,20270831,mos_extremity_mondrian,0.995,2.7300174164772035,2.7303095865249634,-0.0050000000000000044,-0.04938913106918319,-0.04909696102142336
dnsmos,nisqa_val_live,20270831,local_residual_mondrian_k10,1.0,2.7828474175930022,2.7828474175930022,0.0,0.0034408700466155295,0.0034408700466155295
dnsmos,nisqa_val_live,20270831,local_residual_normalized_k10,0.99,2.5320664230627776,2.571505648773649,-0.010000000000000009,-0.2473401244836091,-0.20790089877273754
dnsmos,nisqa_val_live,20270831,local_residual_mondrian_k25,1.0,2.593341538906097,2.593341538906097,0.0,-0.18606500864028952,-0.18606500864028952
dnsmos,nisqa_val_live,20270831,local_residual_normalized_k25,0.995,2.4051221760164787,2.4128513923358264,-0.0050000000000000044,-0.374284371529908,-0.36655515521056037
dnsmos,nisqa_val_live,20270831,local_residual_mondrian_k50,0.995,2.689164385795593,2.696383593082428,-0.0050000000000000044,-0.09024216175079358,-0.08302295446395869
dnsmos,nisqa_val_live,20270831,local_residual_normalized_k50,0.99,2.4143984520893054,2.441663424194056,-0.010000000000000009,-0.36500809545708135,-0.3377431233523307
dnsmos,nisqa_test_for,20270831,mahalanobis_mondrian,0.8916666666666667,2.7071364144484202,3.140693030754725,-0.008333333333333304,-0.07227013309796648,-0.07425520618756609
dnsmos,nisqa_test_for,20270831,predicted_mos_mondrian,0.9291666666666667,2.870480310916901,3.183581652243932,0.029166666666666674,0.0910737633705141,-0.03136658469835929
dnsmos,nisqa_test_for,20270831,mos_extremity_mondrian,0.9208333333333333,2.8274791379769644,3.1540539900461835,0.02083333333333326,0.048072590430577655,-0.060894246896107784
dnsmos,nisqa_test_for,20270831,local_residual_mondrian_k10,0.9125,2.8147388329108556,3.221171799302101,0.012499999999999956,0.03533228536446886,0.006223562359809698
dnsmos,nisqa_test_for,20270831,local_residual_normalized_k10,0.9166666666666666,2.9489428384264356,3.30385443865017,0.016666666666666607,0.16953629088004885,0.08890620170787855
dnsmos,nisqa_test_for,20270831,local_residual_mondrian_k25,0.9041666666666667,2.7735560576121014,3.186671648422877,0.004166666666666652,-0.0058504899342852745,-0.02827658851941406
dnsmos,nisqa_test_for,20270831,local_residual_normalized_k25,0.8916666666666667,2.713147873267984,3.169722247420484,-0.008333333333333304,-0.06625867427840282,-0.04522598952180745
dnsmos,nisqa_test_for,20270831,local_residual_mondrian_k50,0.9208333333333333,2.8111281871795653,3.1451711138089498,0.02083333333333326,0.03172163963317853,-0.0697771231333415
dnsmos,nisqa_test_for,20270831,local_residual_normalized_k50,0.9,2.645654295745051,3.125476774463261,0.0,-0.13375225180133565,-0.08947146247903026
dnsmos,nisqa_test_livetalk,20270831,mahalanobis_mondrian,0.9396551724137931,2.6386594484592307,2.9867242965204963,-0.004310344827586188,-0.140747099087156,-0.05476177766405277
dnsmos,nisqa_test_livetalk,20270831,predicted_mos_mondrian,0.9439655172413793,2.8225190721709152,3.041827497811153,0.0,0.043112524624528525,0.0003414236266037207
dnsmos,nisqa_test_livetalk,20270831,mos_extremity_mondrian,0.9525862068965517,2.761844825128029,3.0042053060284974,0.008620689655172376,-0.01756172241835774,-0.037280768156051636
dnsmos,nisqa_test_livetalk,20270831,local_residual_mondrian_k10,0.9482758620689655,2.812321997922042,3.052422291245954,0.004310344827586188,0.032915450375655464,0.010936217061404907
dnsmos,nisqa_test_livetalk,20270831,local_residual_normalized_k10,0.9224137931034483,2.8696140788772366,3.181891493220194,-0.02155172413793105,0.09020753133084991,0.14040541903564474
dnsmos,nisqa_test_livetalk,20270831,local_residual_mondrian_k25,0.9396551724137931,2.776736671554631,3.0627016702602647,-0.004310344827586188,-0.0026698759917556103,0.02121559607571566
dnsmos,nisqa_test_livetalk,20270831,local_residual_normalized_k25,0.9094827586206896,2.5935301797356796,2.9955081786307387,-0.034482758620689724,-0.18587636781070715,-0.04597789555381038
dnsmos,nisqa_test_livetalk,20270831,local_residual_mondrian_k50,0.9439655172413793,2.8071737474408645,3.0505988700636504,0.0,0.027767199894477734,0.009112795879101299
dnsmos,nisqa_test_livetalk,20270831,local_residual_normalized_k50,0.9137931034482759,2.5380540291394107,2.958863635833131,-0.030172413793103425,-0.24135251840697602,-0.08262243835141803
dnsmos,nisqa_test_p501,20270831,mahalanobis_mondrian,0.875,2.7704166154066723,3.2567879339059194,0.004166666666666652,-0.00898993213971444,0.018784292538960745
dnsmos,nisqa_test_p501,20270831,predicted_mos_mondrian,0.9041666666666667,2.8309864004453025,3.207513819138209,0.033333333333333326,0.05157985289891576,-0.03048982222874974
dnsmos,nisqa_test_p501,20270831,mos_extremity_mondrian,0.8833333333333333,2.825722809632619,3.2256826519966126,0.012499999999999956,0.046316262086232296,-0.01232098937034598
dnsmos,nisqa_test_p501,20270831,local_residual_mondrian_k10,0.8833333333333333,2.827342090010643,3.2341474860906603,0.012499999999999956,0.047935542464256464,-0.0038561552762983453
dnsmos,nisqa_test_p501,20270831,local_residual_normalized_k10,0.9208333333333333,3.0924774148130854,3.4052789784170945,0.04999999999999993,0.31307086726669864,0.16727533705013586
dnsmos,nisqa_test_p501,20270831,local_residual_mondrian_k25,0.8875,2.7991463591655097,3.308690533041954,0.016666666666666607,0.01973981161912297,0.07068689167499542
dnsmos,nisqa_test_p501,20270831,local_residual_normalized_k25,0.875,2.847798804006271,3.3372320486043248,0.004166666666666652,0.06839225645988423,0.09922840723736615
dnsmos,nisqa_test_p501,20270831,local_residual_mondrian_k50,0.8791666666666667,2.812101995944977,3.3024236520131427,0.008333333333333304,0.03269544839859018,0.06442001064618408
dnsmos,nisqa_test_p501,20270831,local_residual_normalized_k50,0.8625,2.7796208743836415,3.269167270418057,-0.008333333333333304,0.00021432683725475243,0.031163629051098596
dnsmos,nisqa_val_sim,20270832,mahalanobis_mondrian,0.9144,2.773873811340332,3.164872756576538,0.018399999999999972,0.04908228454589825,0.008912164306640769
dnsmos,nisqa_val_sim,20270832,predicted_mos_mondrian,0.9016,2.6947664686203003,3.1785601373672487,0.005599999999999938,-0.030025058174133257,0.022599545097351292
dnsmos,nisqa_val_sim,20270832,mos_extremity_mondrian,0.9184,2.780187799835205,3.15065110244751,0.022399999999999975,0.05539627304077133,-0.0053094898223875475
dnsmos,nisqa_val_sim,20270832,local_residual_mondrian_k10,0.8896,2.747393886566162,3.1753182849884034,-0.006400000000000072,0.02260235977172842,0.01935769271850596
dnsmos,nisqa_val_sim,20270832,local_residual_normalized_k10,0.8832,2.7906588894199977,3.3518494681964874,-0.012800000000000034,0.06586736262556414,0.19588887592659
dnsmos,nisqa_val_sim,20270832,local_residual_mondrian_k25,0.8952,2.7659231300354006,3.1748126239776613,-0.0008000000000000229,0.041131603240966985,0.01885203170776384
dnsmos,nisqa_val_sim,20270832,local_residual_normalized_k25,0.8784,2.68496868762592,3.1918607030773765,-0.01760000000000006,-0.03982283916851381,0.03590011080747901
dnsmos,nisqa_val_sim,20270832,local_residual_mondrian_k50,0.8984,2.7125303089141846,3.1676354858398437,0.0023999999999999577,-0.012261217880249031,0.01167489356994622
dnsmos,nisqa_val_sim,20270832,local_residual_normalized_k50,0.8808,2.667025345516146,3.1564409481249656,-0.015199999999999991,-0.057766181278287476,0.0004803558550681153
dnsmos,nisqa_train_live,20270832,mahalanobis_mondrian,0.9823529411764705,2.625843661205441,2.668791404658673,-0.007843137254902044,-0.09894786558899238,-0.08407517905328765
dnsmos,nisqa_train_live,20270832,predicted_mos_mondrian,0.9725490196078431,2.395612043960422,2.5034739087609683,-0.01764705882352946,-0.32917948283401177,-0.24939267495099227
dnsmos,nisqa_train_live,20270832,mos_extremity_mondrian,0.984313725490196,2.6818933290593763,2.7211898439070756,-0.005882352941176561,-0.04289819773505732,-0.031676739804884946
dnsmos,nisqa_train_live,20270832,local_residual_mondrian_k10,0.9872549019607844,2.6602206164715336,2.69675846006356,-0.002941176470588225,-0.06457091032289997,-0.056108123648400454
dnsmos,nisqa_train_live,20270832,local_residual_normalized_k10,0.961764705882353,2.410792917299591,2.566289968881348,-0.028431372549019618,-0.3139986094948424,-0.18657661483061272
dnsmos,nisqa_train_live,20270832,local_residual_mondrian_k25,0.9872549019607844,2.642066874924828,2.681810396559098,-0.002941176470588225,-0.08272465186960565,-0.07105618715286255
dnsmos,nisqa_train_live,20270832,local_residual_normalized_k25,0.9735294117647059,2.4276159828685677,2.518613161127575,-0.01666666666666672,-0.29717554392586587,-0.23425342258438553
dnsmos,nisqa_train_live,20270832,local_residual_mondrian_k50,0.9794117647058823,2.470664282873565,2.531790150380602,-0.010784313725490269,-0.2541272439208684,-0.2210764333313584
dnsmos,nisqa_train_live,20270832,local_residual_normalized_k50,0.9774509803921568,2.4764062381633916,2.53596216546383,-0.012745098039215752,-0.24838528863104203,-0.21690441824813078
dnsmos,nisqa_val_live,20270832,mahalanobis_mondrian,0.995,2.6382970798015593,2.64345676779747,-0.0050000000000000044,-0.08649444699287434,-0.08133475899696352
dnsmos,nisqa_val_live,20270832,predicted_mos_mondrian,0.995,2.4058910286426545,2.4225031769275667,-0.0050000000000000044,-0.3189004981517791,-0.3022883498668669
dnsmos,nisqa_val_live,20270832,mos_extremity_mondrian,0.995,2.704441246986389,2.7062581992149353,-0.0050000000000000044,-0.02035027980804438,-0.018533327579498327
dnsmos,nisqa_val_live,20270832,local_residual_mondrian_k10,1.0,2.6455785608291627,2.6455785608291627,0.0,-0.07921296596527094,-0.07921296596527094
dnsmos,nisqa_val_live,20270832,local_residual_normalized_k10,0.99,2.3578622898354826,2.4037734262252513,-0.010000000000000009,-0.36692923695895097,-0.32101810056918234
dnsmos,nisqa_val_live,20270832,local_residual_mondrian_k25,1.0,2.644985830783844,2.644985830783844,0.0,-0.07980569601058951,-0.07980569601058951
dnsmos,nisqa_val_live,20270832,local_residual_normalized_k25,0.985,2.4180212606926217,2.438241410461091,-0.015000000000000013,-0.3067702661018119,-0.2865501163333426
dnsmos,nisqa_val_live,20270832,local_residual_mondrian_k50,0.995,2.4630293679237365,2.463831729888916,-0.0050000000000000044,-0.2617621588706971,-0.26095979690551774
dnsmos,nisqa_val_live,20270832,local_residual_normalized_k50,0.995,2.4690455713364603,2.4696447511754043,-0.0050000000000000044,-0.2557459554579733,-0.2551467756190293
dnsmos,nisqa_test_for,20270832,mahalanobis_mondrian,0.8958333333333334,2.6948069602251055,3.142639822761218,-0.004166666666666652,-0.02998456656932813,-0.07230841418107348
dnsmos,nisqa_test_for,20270832,predicted_mos_mondrian,0.8583333333333333,2.60082295636336,3.1615514864524203,-0.04166666666666674,-0.12396857043107357,-0.053396750489870914
dnsmos,nisqa_test_for,20270832,mos_extremity_mondrian,0.9125,2.7751832723617555,3.201372794310252,0.012499999999999956,0.050391745567321955,-0.013575442632039358
dnsmos,nisqa_test_for,20270832,local_residual_mondrian_k10,0.8875,2.7063521444797516,3.1684065461158752,-0.012500000000000067,-0.018439382314682007,-0.046541690826416016
dnsmos,nisqa_test_for,20270832,local_residual_normalized_k10,0.8833333333333333,2.640157060062962,3.2426552829917963,-0.01666666666666672,-0.08463446673147157,0.027707046049505024
dnsmos,nisqa_test_for,20270832,local_residual_mondrian_k25,0.8875,2.722949488957723,3.167429123322169,-0.012500000000000067,-0.0018420378367105528,-0.047519113620122067
dnsmos,nisqa_test_for,20270832,local_residual_normalized_k25,0.8708333333333333,2.5782606315863545,3.1196744244716914,-0.029166666666666674,-0.14653089520807905,-0.09527381247059985
dnsmos,nisqa_test_for,20270832,local_residual_mondrian_k50,0.8791666666666667,2.593935404221217,3.124162479241689,-0.02083333333333337,-0.13085612257321655,-0.09078575770060215
dnsmos,nisqa_test_for,20270832,local_residual_normalized_k50,0.8791666666666667,2.566240833471567,3.134545765771607,-0.02083333333333337,-0.15855069332286664,-0.08040247117068411
dnsmos,nisqa_test_livetalk,20270832,mahalanobis_mondrian,0.9396551724137931,2.619407737049563,2.972146699140812,-0.004310344827586188,-0.10538378974487062,-0.045327598678654546
dnsmos,nisqa_test_livetalk,20270832,predicted_mos_mondrian,0.9181034482758621,2.5224735798506903,2.950415064548624,-0.025862068965517238,-0.20231794694374328,-0.06705923327084262
dnsmos,nisqa_test_livetalk,20270832,mos_extremity_mondrian,0.9525862068965517,2.718387817514354,2.992479057147585,0.008620689655172376,-0.006403709280079717,-0.02499524067188119
dnsmos,nisqa_test_livetalk,20270832,local_residual_mondrian_k10,0.9353448275862069,2.6499636789848067,2.996968787291954,-0.008620689655172487,-0.07482784780962692,-0.02050551052751226
dnsmos,nisqa_test_livetalk,20270832,local_residual_normalized_k10,0.875,2.506073120624499,3.1442345656454496,-0.06896551724137934,-0.21871840616993454,0.12676026782598315
dnsmos,nisqa_test_livetalk,20270832,local_residual_mondrian_k25,0.9396551724137931,2.6565035910441956,3.011433301300838,-0.004310344827586188,-0.06828793575023795,-0.00604099651862855
dnsmos,nisqa_test_livetalk,20270832,local_residual_normalized_k25,0.8922413793103449,2.497184473368525,3.051392251129277,-0.051724137931034475,-0.22760705342590848,0.0339179533098104
dnsmos,nisqa_test_livetalk,20270832,local_residual_mondrian_k50,0.9267241379310345,2.5192669876690568,3.0264772238402533,-0.017241379310344862,-0.20552453912537683,0.009002926020786894
dnsmos,nisqa_test_livetalk,20270832,local_residual_normalized_k50,0.9224137931034483,2.5096850195451794,2.968906898763483,-0.02155172413793105,-0.21510650724925418,-0.04856739905598362
dnsmos,nisqa_test_p501,20270832,mahalanobis_mondrian,0.875,2.7607020119826,3.262948352098465,0.01666666666666672,0.03591048518816642,0.005114622910817435
dnsmos,nisqa_test_p501,20270832,predicted_mos_mondrian,0.8291666666666667,2.727321794629097,3.401402047276497,-0.029166666666666563,0.00253026783466348,0.14356831808884962
dnsmos,nisqa_test_p501,20270832,mos_extremity_mondrian,0.8708333333333333,2.7919370690981546,3.229373063643773,0.012500000000000067,0.06714554230372105,-0.028460665543874164
dnsmos,nisqa_test_p501,20270832,local_residual_mondrian_k10,0.8583333333333333,2.7469527681668597,3.2892860730489093,0.0,0.022161241372426144,0.031452343861261944
dnsmos,nisqa_test_p501,20270832,local_residual_normalized_k10,0.8708333333333333,2.7945189962134407,3.52824329863306,0.012500000000000067,0.0697274694190071,0.2704095694454125
dnsmos,nisqa_test_p501,20270832,local_residual_mondrian_k25,0.875,2.7734465042750043,3.274012957016627,0.01666666666666672,0.04865497748057068,0.016179227828979847
dnsmos,nisqa_test_p501,20270832,local_residual_normalized_k25,0.8666666666666667,2.687193073871408,3.3521587639396935,0.008333333333333415,-0.03759845292302577,0.09432503475204612
dnsmos,nisqa_test_p501,20270832,local_residual_mondrian_k50,0.8583333333333333,2.7054789702097577,3.299789134661357,0.0,-0.0193125565846759,0.04195540547370946
dnsmos,nisqa_test_p501,20270832,local_residual_normalized_k50,0.8458333333333333,2.667556319062162,3.3308852731477145,-0.012499999999999956,-0.05723520773227175,0.07305154396006719
dnsmos,nisqa_val_sim,20270833,mahalanobis_mondrian,0.8704,2.6589297245025634,3.263240101623535,0.0015999999999999348,0.0007513950347899367,0.012806809234619188
dnsmos,nisqa_val_sim,20270833,predicted_mos_mondrian,0.876,2.6740723361968994,3.2527038650512696,0.007199999999999984,0.015894006729125998,0.0022705726623537537
dnsmos,nisqa_val_sim,20270833,mos_extremity_mondrian,0.8832,2.7408607944488526,3.237275902175903,0.014399999999999968,0.08268246498107912,-0.013157390213012654
dnsmos,nisqa_val_sim,20270833,local_residual_mondrian_k10,0.8872,2.6765913244247437,3.249334663963318,0.018399999999999972,0.01841299495697024,-0.0010986284255980472
dnsmos,nisqa_val_sim,20270833,local_residual_normalized_k10,0.8688,2.6702043799586352,3.4393818115617787,0.0,0.012026050490861806,0.18894851917286282
dnsmos,nisqa_val_sim,20270833,local_residual_mondrian_k25,0.8752,2.625506348800659,3.248467292022705,0.006399999999999961,-0.0326719806671143,-0.0019660003662109737
dnsmos,nisqa_val_sim,20270833,local_residual_normalized_k25,0.8664,2.5812068389847256,3.3135665319180845,-0.0024000000000000687,-0.07697149048304786,0.0631332395291686
dnsmos,nisqa_val_sim,20270833,local_residual_mondrian_k50,0.8744,2.619944688796997,3.2639269771575927,0.005599999999999938,-0.03823364067077639,0.01349368476867685
dnsmos,nisqa_val_sim,20270833,local_residual_normalized_k50,0.8664,2.609762549509985,3.2761779393030985,-0.0024000000000000687,-0.04841577995778845,0.025744646914182656
dnsmos,nisqa_train_live,20270833,mahalanobis_mondrian,0.9794117647058823,2.5723094949535295,2.6229878836987064,-0.009803921568627527,-0.08586883451424399,-0.07024424824060205
dnsmos,nisqa_train_live,20270833,predicted_mos_mondrian,0.9794117647058823,2.5861516433603624,2.6519740787206914,-0.009803921568627527,-0.07202668610741103,-0.041258053218617086
dnsmos,nisqa_train_live,20270833,mos_extremity_mondrian,0.9794117647058823,2.606471209198821,2.6720262277360054,-0.009803921568627527,-0.05170712026895252,-0.02120590420330304
dnsmos,nisqa_train_live,20270833,local_residual_mondrian_k10,0.9813725490196078,2.6215430535522164,2.686389641668282,-0.007843137254902044,-0.03663527591555704,-0.006842490271026236
dnsmos,nisqa_train_live,20270833,local_residual_normalized_k10,0.9647058823529412,2.4534736998399023,2.6203440392858544,-0.02450980392156865,-0.20470462962787117,-0.07288809265345408
dnsmos,nisqa_train_live,20270833,local_residual_mondrian_k25,0.9794117647058823,2.5867833647073484,2.669070846894208,-0.009803921568627527,-0.07139496476042506,-0.02416128504510029
dnsmos,nisqa_train_live,20270833,local_residual_normalized_k25,0.9696078431372549,2.4344173946858745,2.565174359857796,-0.019607843137254943,-0.22376093478189896,-0.1280577720815126
dnsmos,nisqa_train_live,20270833,local_residual_mondrian_k50,0.9784313725490196,2.591454225427964,2.6757268788767794,-0.010784313725490269,-0.06672410403980944,-0.017505253062529036
dnsmos,nisqa_train_live,20270833,local_residual_normalized_k50,0.9784313725490196,2.514031976508834,2.590955516475645,-0.010784313725490269,-0.14414635295893952,-0.1022766154636634
dnsmos,nisqa_val_live,20270833,mahalanobis_mondrian,0.995,2.5921422171592714,2.601614861488342,-0.0050000000000000044,-0.06603611230850204,-0.05656346797943135
dnsmos,nisqa_val_live,20270833,predicted_mos_mondrian,0.995,2.5986823797225953,2.6069172024726868,-0.0050000000000000044,-0.059495949745178134,-0.05126112699508667
dnsmos,nisqa_val_live,20270833,mos_extremity_mondrian,0.995,2.617414493560791,2.6256493163108825,-0.0050000000000000044,-0.040763835906982404,-0.03252901315689094
dnsmos,nisqa_val_live,20270833,local_residual_mondrian_k10,0.995,2.616380453109741,2.630760979652405,-0.0050000000000000044,-0.04179787635803223,-0.027417349815368475
dnsmos,nisqa_val_live,20270833,local_residual_normalized_k10,0.97,2.434847673859368,2.527507564665469,-0.030000000000000027,-0.2233306556084056,-0.13067076480230444
dnsmos,nisqa_val_live,20270833,local_residual_mondrian_k25,0.995,2.594400942325592,2.6189092874526976,-0.0050000000000000044,-0.0637773871421814,-0.03926904201507586
dnsmos,nisqa_val_live,20270833,local_residual_normalized_k25,0.98,2.4191285754301437,2.471575919641283,-0.020000000000000018,-0.23904975403762974,-0.18660240982649023
dnsmos,nisqa_val_live,20270833,local_residual_mondrian_k50,0.995,2.6047389590740204,2.6346275651454927,-0.0050000000000000044,-0.053439370393753016,-0.02355076432228076
dnsmos,nisqa_val_live,20270833,local_residual_normalized_k50,0.995,2.514079559514368,2.5429358914243116,-0.0050000000000000044,-0.14409876995340554,-0.11524243804346179
dnsmos,nisqa_test_for,20270833,mahalanobis_mondrian,0.8833333333333333,2.6212010085582733,3.2123315731684365,0.004166666666666652,-0.03697732090950012,-0.008580118417739868
dnsmos,nisqa_test_for,20270833,predicted_mos_mondrian,0.9041666666666667,2.6841902395089465,3.1302624503771463,0.025000000000000022,0.026011910041173092,-0.09064924120903006
dnsmos,nisqa_test_for,20270833,mos_extremity_mondrian,0.9166666666666666,2.748879078030586,3.1261657804250715,0.03749999999999998,0.09070074856281263,-0.09474591116110487
dnsmos,nisqa_test_for,20270833,local_residual_mondrian_k10,0.9,2.7157647560040155,3.185468301177025,0.02083333333333337,0.05758642653624202,-0.035443390409151565
dnsmos,nisqa_test_for,20270833,local_residual_normalized_k10,0.8958333333333334,2.776237794358254,3.332976185555888,0.01666666666666672,0.11805946489048047,0.11206449396971152
dnsmos,nisqa_test_for,20270833,local_residual_mondrian_k25,0.8916666666666667,2.6381450931231183,3.1812274793783826,0.012500000000000067,-0.020033236344655148,-0.039684212207793834
dnsmos,nisqa_test_for,20270833,local_residual_normalized_k25,0.8916666666666667,2.6201360470814756,3.1693886658980808,0.012500000000000067,-0.03804228238629781,-0.051523025688095636
dnsmos,nisqa_test_for,20270833,local_residual_mondrian_k50,0.8791666666666667,2.6483635276556017,3.1928543617328007,0.0,-0.009814801812171758,-0.028057329853375723
dnsmos,nisqa_test_for,20270833,local_residual_normalized_k50,0.8833333333333333,2.645159617302777,3.2096590392148414,0.004166666666666652,-0.013018712164996504,-0.011252652371334992
dnsmos,nisqa_test_livetalk,20270833,mahalanobis_mondrian,0.9181034482758621,2.5489373453732194,2.950046689345919,-0.02155172413793105,-0.10924098409455407,-0.03912679696905208
dnsmos,nisqa_test_livetalk,20270833,predicted_mos_mondrian,0.9353448275862069,2.620623465242057,2.934461168174086,-0.004310344827586299,-0.03755486422571641,-0.05471231814088506
dnsmos,nisqa_test_livetalk,20270833,mos_extremity_mondrian,0.9310344827586207,2.6602187906873636,2.9566696748651307,-0.008620689655172487,0.0020404612195901173,-0.03250381144984038
dnsmos,nisqa_test_livetalk,20270833,local_residual_mondrian_k10,0.9310344827586207,2.6935263574123383,3.001300829237905,-0.008620689655172487,0.03534802794456482,0.012127342922934048
dnsmos,nisqa_test_livetalk,20270833,local_residual_normalized_k10,0.875,2.6691623074376034,3.1993194504253437,-0.06465517241379315,0.010983977969829972,0.21014596411037267
dnsmos,nisqa_test_livetalk,20270833,local_residual_mondrian_k25,0.9181034482758621,2.651552541502591,3.0411003005915673,-0.02155172413793105,-0.006625787965182539,0.05192681427659629
dnsmos,nisqa_test_livetalk,20270833,local_residual_normalized_k25,0.8836206896551724,2.524747777733443,3.1625528621826153,-0.056034482758620774,-0.13343055173433038,0.1733793758676443
dnsmos,nisqa_test_livetalk,20270833,local_residual_mondrian_k50,0.9224137931034483,2.6730421452686706,3.065752629576058,-0.017241379310344862,0.014863815800897129,0.07657914326108717
dnsmos,nisqa_test_livetalk,20270833,local_residual_normalized_k50,0.9094827586206896,2.5783761527763764,3.011894965144189,-0.030172413793103536,-0.079802176691397,0.022721478829217823
dnsmos,nisqa_test_p501,20270833,mahalanobis_mondrian,0.8375,2.644819376866023,3.287730324268341,-0.008333333333333304,-0.013358952601750573,-0.002498360474904704
dnsmos,nisqa_test_p501,20270833,predicted_mos_mondrian,0.8416666666666667,2.6884011566638946,3.2642571866512298,-0.004166666666666652,0.030222827196121127,-0.02597149809201582
dnsmos,nisqa_test_p501,20270833,mos_extremity_mondrian,0.8541666666666666,2.7446187674999236,3.306188428401947,0.008333333333333304,0.08644043803215018,0.015959743658701342
dnsmos,nisqa_test_p501,20270833,local_residual_mondrian_k10,0.8541666666666666,2.7484982033570606,3.2879475474357607,0.008333333333333304,0.0903198738892872,-0.002281137307484915
dnsmos,nisqa_test_p501,20270833,local_residual_normalized_k10,0.8541666666666666,2.918297607762805,3.5562320520612873,0.008333333333333304,0.26011927829503145,0.26600336731804175
dnsmos,nisqa_test_p501,20270833,local_residual_mondrian_k25,0.8541666666666666,2.710506347815196,3.3242484509944914,0.008333333333333304,0.0523280183474224,0.03401976625124581
dnsmos,nisqa_test_p501,20270833,local_residual_normalized_k25,0.825,2.7470496711225465,3.492726847779988,-0.02083333333333337,0.08887134165477306,0.20249816303674262
dnsmos,nisqa_test_p501,20270833,local_residual_mondrian_k50,0.8375,2.70894788702329,3.310762176911036,-0.008333333333333304,0.05076955755551671,0.020533492167790435
dnsmos,nisqa_test_p501,20270833,local_residual_normalized_k50,0.85,2.751126668068073,3.412735472860783,0.004166666666666652,0.09294833860029961,0.12250678811753746
dnsmos,nisqa_val_sim,20270834,mahalanobis_mondrian,0.908,2.7661641735076903,3.1529912246704104,-0.0040000000000000036,-0.012851844406128077,-0.004604661560058343
dnsmos,nisqa_val_sim,20270834,predicted_mos_mondrian,0.9136,2.7727799505233763,3.1586718381881713,0.0015999999999999348,-0.006236067390442024,0.0010759519577026033
dnsmos,nisqa_val_sim,20270834,mos_extremity_mondrian,0.908,2.758803667449951,3.1386485160827635,-0.0040000000000000036,-0.020212350463867157,-0.0189473701477052
dnsmos,nisqa_val_sim,20270834,local_residual_mondrian_k10,0.9152,2.78416227645874,3.138928729248047,0.0031999999999999806,0.005146258544921789,-0.01866715698242194
dnsmos,nisqa_val_sim,20270834,local_residual_normalized_k10,0.9208,2.8684390607636083,3.242647343585611,0.008799999999999919,0.08942304284978997,0.08505145735514219
dnsmos,nisqa_val_sim,20270834,local_residual_mondrian_k25,0.9144,2.7786436111450197,3.1432947494506838,0.0023999999999999577,-0.0003724067687986832,-0.014301136779784951
dnsmos,nisqa_val_sim,20270834,local_residual_normalized_k25,0.9064,2.718245855080639,3.1648205552442965,-0.005600000000000049,-0.06077016283317915,0.007224669013827789
dnsmos,nisqa_val_sim,20270834,local_residual_mondrian_k50,0.9224,2.796489097595215,3.1461365432739257,0.010399999999999965,0.017473079681396442,-0.01145934295654305
dnsmos,nisqa_val_sim,20270834,local_residual_normalized_k50,0.908,2.737747630697666,3.147570099371605,-0.0040000000000000036,-0.04126838721615256,-0.010025786858863572
dnsmos,nisqa_train_live,20270834,mahalanobis_mondrian,0.984313725490196,2.6658408492219214,2.699592019062416,-0.005882352941176561,-0.11317516869189692,-0.10218292918859762
dnsmos,nisqa_train_live,20270834,predicted_mos_mondrian,0.9803921568627451,2.5731701035125583,2.6254547345872017,-0.009803921568627527,-0.2058459144012601,-0.176320213663812
dnsmos,nisqa_train_live,20270834,mos_extremity_mondrian,0.9794117647058823,2.647400655933455,2.6969715412925273,-0.010784313725490269,-0.1316153619803635,-0.10480340695848644
dnsmos,nisqa_train_live,20270834,local_residual_mondrian_k10,0.9892156862745098,2.7400475198147345,2.7689026940102672,-0.0009803921568627416,-0.03896849809908387,-0.03287225424074647
dnsmos,nisqa_train_live,20270834,local_residual_normalized_k10,0.9754901960784313,2.595647636685725,2.692931161963328,-0.014705882352941235,-0.1833683812280933,-0.10884378628768587
dnsmos,nisqa_train_live,20270834,local_residual_mondrian_k25,0.9852941176470589,2.7275505021506663,2.7637309446054346,-0.004901960784313708,-0.05146551576315206,-0.03804400364557914
dnsmos,nisqa_train_live,20270834,local_residual_normalized_k25,0.9735294117647059,2.511401450917031,2.613482865404778,-0.01666666666666672,-0.2676145669967873,-0.18829208284623578
dnsmos,nisqa_train_live,20270834,local_residual_mondrian_k50,0.9901960784313726,2.81649326506783,2.8354778329531354,0.0,0.03747724715401146,0.03370288470212168
dnsmos,nisqa_train_live,20270834,local_residual_normalized_k50,0.9794117647058823,2.5821119578807252,2.6473340013132236,-0.010784313725490269,-0.19690406003309313,-0.1544409469377901
dnsmos,nisqa_val_live,20270834,mahalanobis_mondrian,0.995,2.6811084866523744,2.6839986085891723,-0.0050000000000000044,-0.09790753126144391,-0.09501740932464608
dnsmos,nisqa_val_live,20270834,predicted_mos_mondrian,0.995,2.570567673444748,2.573457795381546,-0.0050000000000000044,-0.20844834446907035,-0.20555822253227252
dnsmos,nisqa_val_live,20270834,mos_extremity_mondrian,0.995,2.67333420753479,2.6779003643989565,-0.0050000000000000044,-0.10568181037902846,-0.10111565351486185
dnsmos,nisqa_val_live,20270834,local_residual_mondrian_k10,1.0,2.7354085552692413,2.7354085552692413,0.0,-0.043607462644577044,-0.043607462644577044
dnsmos,nisqa_val_live,20270834,local_residual_normalized_k10,0.99,2.5679014572403367,2.623874407963493,-0.010000000000000009,-0.21111456067348167,-0.15514160995032533
dnsmos,nisqa_val_live,20270834,local_residual_mondrian_k25,0.995,2.729035141468048,2.7341525101661683,-0.0050000000000000044,-0.04998087644577032,-0.04486350774765002
dnsmos,nisqa_val_live,20270834,local_residual_normalized_k25,0.995,2.5098851011046173,2.5261490145177627,-0.0050000000000000044,-0.2691309168092011,-0.2528670033960556
dnsmos,nisqa_val_live,20270834,local_residual_mondrian_k50,0.995,2.827166312932968,2.832076722383499,-0.0050000000000000044,0.04815029501914969,0.0530607044696807
dnsmos,nisqa_val_live,20270834,local_residual_normalized_k50,0.995,2.5855260367791346,2.6000937524501593,-0.0050000000000000044,-0.19348998113468374,-0.17892226546365908
dnsmos,nisqa_test_for,20270834,mahalanobis_mondrian,0.8916666666666667,2.7213043292363484,3.1418689608573915,-0.008333333333333304,-0.05771168867747001,-0.07307927608489972
dnsmos,nisqa_test_for,20270834,predicted_mos_mondrian,0.8791666666666667,2.710445600748062,3.1704294860363005,-0.02083333333333337,-0.0685704171657564,-0.04451875090599078
dnsmos,nisqa_test_for,20270834,mos_extremity_mondrian,0.9,2.7498122453689575,3.222878356774648,0.0,-0.02920377254486084,0.007930119832356919
dnsmos,nisqa_test_for,20270834,local_residual_mondrian_k10,0.9125,2.8015074521303176,3.192055144906044,0.012499999999999956,0.02249143421649924,-0.022893092036247342
dnsmos,nisqa_test_for,20270834,local_residual_normalized_k10,0.9291666666666667,2.902313825807473,3.339360407945476,0.029166666666666674,0.12329780789365463,0.12441217100318491
dnsmos,nisqa_test_for,20270834,local_residual_mondrian_k25,0.9083333333333333,2.7987888882557552,3.221763484676679,0.008333333333333304,0.019772870341936866,0.006815247734387686
dnsmos,nisqa_test_for,20270834,local_residual_normalized_k25,0.9125,2.7354267217378916,3.1872626491353033,0.012499999999999956,-0.04358929617592677,-0.027685587806987932
dnsmos,nisqa_test_for,20270834,local_residual_mondrian_k50,0.9041666666666667,2.834282166759173,3.255508628487587,0.004166666666666652,0.055266148845354746,0.04056039154529589
dnsmos,nisqa_test_for,20270834,local_residual_normalized_k50,0.9083333333333333,2.7462685020156448,3.162115420022768,0.008333333333333304,-0.032747515898173596,-0.05283281691952313
dnsmos,nisqa_test_livetalk,20270834,mahalanobis_mondrian,0.9396551724137931,2.6548375836734115,2.986716461592707,-0.004310344827586188,-0.12417843424040687,-0.05459791421890259
dnsmos,nisqa_test_livetalk,20270834,predicted_mos_mondrian,0.9439655172413793,2.657345217877421,2.976131781421859,0.0,-0.12167080003639752,-0.06518259438975083
dnsmos,nisqa_test_livetalk,20270834,mos_extremity_mondrian,0.9525862068965517,2.6912066443213103,2.984740343587152,0.008620689655172376,-0.08780937359250807,-0.05657403222445767
dnsmos,nisqa_test_livetalk,20270834,local_residual_mondrian_k10,0.9525862068965517,2.7555094957351685,3.0247887496290535,0.008620689655172376,-0.023506522178649902,-0.016525626182556152
dnsmos,nisqa_test_livetalk,20270834,local_residual_normalized_k10,0.9181034482758621,2.717004357367073,3.053744118228091,-0.025862068965517238,-0.06201166054674534,0.012429742416481204
dnsmos,nisqa_test_livetalk,20270834,local_residual_mondrian_k25,0.9439655172413793,2.7817048224909553,3.02380292991112,0.0,0.0026888045771369384,-0.017511445900489697
dnsmos,nisqa_test_livetalk,20270834,local_residual_normalized_k25,0.9353448275862069,2.6284863839252464,2.9687157160935893,-0.008620689655172487,-0.150529633988572,-0.07259865971802038
dnsmos,nisqa_test_livetalk,20270834,local_residual_mondrian_k50,0.9525862068965517,2.8754693557476174,3.088846708166188,0.008620689655172376,0.09645333783379906,0.04753233235457843
dnsmos,nisqa_test_livetalk,20270834,local_residual_normalized_k50,0.9353448275862069,2.665133201808299,2.9628599750411078,-0.008620689655172487,-0.11388281610551942,-0.07845440077050192
dnsmos,nisqa_test_p501,20270834,mahalanobis_mondrian,0.875,2.7661969641844433,3.243559418121974,0.004166666666666652,-0.012819053729375085,0.005441872278849402
dnsmos,nisqa_test_p501,20270834,predicted_mos_mondrian,0.8541666666666666,2.7912641872962314,3.3030762483676273,-0.01666666666666672,0.012248169382413021,0.06495870252450286
dnsmos,nisqa_test_p501,20270834,mos_extremity_mondrian,0.85,2.7658003211021422,3.278904551267624,-0.02083333333333337,-0.013215696811676114,0.04078700542449942
dnsmos,nisqa_test_p501,20270834,local_residual_mondrian_k10,0.8666666666666667,2.8073971599340437,3.2109940777222317,-0.004166666666666652,0.028381142020225347,-0.027123468120892724
dnsmos,nisqa_test_p501,20270834,local_residual_normalized_k10,0.8875,2.9102983069884845,3.416245473433393,0.016666666666666607,0.1312822890746661,0.17812792759026852
dnsmos,nisqa_test_p501,20270834,local_residual_mondrian_k25,0.8875,2.8294798344373704,3.2492062161366144,0.016666666666666607,0.05046381652355203,0.011088670293490033
dnsmos,nisqa_test_p501,20270834,local_residual_normalized_k25,0.8625,2.777610932417194,3.318052579992402,-0.008333333333333304,-0.0014050854966245474,0.0799350341492775
dnsmos,nisqa_test_p501,20270834,local_residual_mondrian_k50,0.8958333333333334,2.8606735368569693,3.2719084322452545,0.025000000000000022,0.08165751894315099,0.03379088640213013
dnsmos,nisqa_test_p501,20270834,local_residual_normalized_k50,0.8666666666666667,2.7859062460744184,3.273484398656808,-0.004166666666666652,0.0068902281606000315,0.03536685281368346
dnsmos,nisqa_val_sim,20270835,mahalanobis_mondrian,0.9416,2.8867513286590576,3.164102156829834,0.016800000000000037,0.06147924537658689,0.02270511932373065
dnsmos,nisqa_val_sim,20270835,predicted_mos_mondrian,0.9408,2.949703500175476,3.1895450147628783,0.016000000000000014,0.12443141689300541,0.04814797725677478
dnsmos,nisqa_val_sim,20270835,mos_extremity_mondrian,0.9288,2.907346979522705,3.180684257888794,0.0040000000000000036,0.08207489624023445,0.03928722038269061
dnsmos,nisqa_val_sim,20270835,local_residual_mondrian_k10,0.9192,2.817159337234497,3.1689802238464355,-0.005599999999999938,-0.00811274604797374,0.027583186340331967
dnsmos,nisqa_val_sim,20270835,local_residual_normalized_k10,0.9016,2.902390601506898,3.3420535589648788,-0.0232,0.07711851822442739,0.20065652145877522
dnsmos,nisqa_val_sim,20270835,local_residual_mondrian_k25,0.9168,2.790057612037659,3.1673721605300904,-0.008000000000000007,-0.03521447124481192,0.025975123023986857
dnsmos,nisqa_val_sim,20270835,local_residual_normalized_k25,0.9112,2.808864954687161,3.210405557260986,-0.013599999999999945,-0.016407128595309572,0.06900851975488242
dnsmos,nisqa_val_sim,20270835,local_residual_mondrian_k50,0.916,2.7774626611709596,3.1887192014694214,-0.008799999999999919,-0.04780942211151107,0.0473221639633179
dnsmos,nisqa_val_sim,20270835,local_residual_normalized_k50,0.9136,2.7671729652531547,3.1738276318902523,-0.011199999999999988,-0.058099118029316,0.03243059438414875
dnsmos,nisqa_train_live,20270835,mahalanobis_mondrian,0.9931372549019608,2.801320038356033,2.8271590655925225,0.0019607843137254832,-0.023952044926437654,-0.016479529820236927
dnsmos,nisqa_train_live,20270835,predicted_mos_mondrian,0.984313725490196,2.8060354239800396,2.843621089177973,-0.006862745098039302,-0.019236659302431125,-1.7506234786246466e-05
dnsmos,nisqa_train_live,20270835,mos_extremity_mondrian,0.984313725490196,2.761607441247678,2.802979791865629,-0.006862745098039302,-0.0636646420347926,-0.04065880354713025
dnsmos,nisqa_train_live,20270835,local_residual_mondrian_k10,0.9852941176470589,2.7025003657621496,2.749559831619263,-0.00588235294117645,-0.12277171752032112,-0.09407876379349656
dnsmos,nisqa_train_live,20270835,local_residual_normalized_k10,0.9784313725490196,2.6432932039883443,2.72277889813711,-0.012745098039215752,-0.18197887929412637,-0.12085969727564949
dnsmos,nisqa_train_live,20270835,local_residual_mondrian_k25,0.9901960784313726,2.6903336174347823,2.7295071363449095,-0.0009803921568627416,-0.13493846584768843,-0.11413145906784994
dnsmos,nisqa_train_live,20270835,local_residual_normalized_k25,0.9852941176470589,2.6214006575626665,2.6701564472794117,-0.00588235294117645,-0.2038714257198042,-0.17348214813334772
dnsmos,nisqa_train_live,20270835,local_residual_mondrian_k50,0.9862745098039216,2.6724831288936093,2.7157294612304836,-0.004901960784313708,-0.15278895438886142,-0.12790913418227579
dnsmos,nisqa_train_live,20270835,local_residual_normalized_k50,0.9852941176470589,2.650368505179018,2.693226594319557,-0.00588235294117645,-0.1749035781034527,-0.15041200109320263
dnsmos,nisqa_val_live,20270835,mahalanobis_mondrian,1.0,2.8267444717884063,2.8267444717884063,0.0,0.0014723885059355624,0.0014723885059355624
dnsmos,nisqa_val_live,20270835,predicted_mos_mondrian,0.995,2.8268528246879576,2.828800096511841,-0.0050000000000000044,0.0015807414054869184,0.0035280132293702415
dnsmos,nisqa_val_live,20270835,mos_extremity_mondrian,0.995,2.7746153652667997,2.776408499479294,-0.0050000000000000044,-0.050656718015670954,-0.04886358380317679
dnsmos,nisqa_val_live,20270835,local_residual_mondrian_k10,0.995,2.6882804799079896,2.700079016685486,-0.0050000000000000044,-0.13699160337448113,-0.1251930665969847
dnsmos,nisqa_val_live,20270835,local_residual_normalized_k10,0.995,2.612749424001335,2.642329311625125,-0.0050000000000000044,-0.21252265928113578,-0.18294277165734574
dnsmos,nisqa_val_live,20270835,local_residual_mondrian_k25,0.995,2.7035950660705566,2.715393602848053,-0.0050000000000000044,-0.12167701721191415,-0.10987848043441772
dnsmos,nisqa_val_live,20270835,local_residual_normalized_k25,0.995,2.618737659777257,2.6359350364952534,-0.0050000000000000044,-0.20653442350521356,-0.1893370467872173
dnsmos,nisqa_val_live,20270835,local_residual_mondrian_k50,0.995,2.66456103682518,2.676359573602676,-0.0050000000000000044,-0.1607110464572905,-0.14891250967979452
dnsmos,nisqa_val_live,20270835,local_residual_normalized_k50,0.995,2.641325953984091,2.656489360331486,-0.0050000000000000044,-0.18394612929837972,-0.16878272295098462
dnsmos,nisqa_test_for,20270835,mahalanobis_mondrian,0.9083333333333333,2.847751747568448,3.181897382934888,0.0,0.022479664285977474,-0.03510314126809444
dnsmos,nisqa_test_for,20270835,predicted_mos_mondrian,0.9458333333333333,2.9810666372378667,3.1723917752504347,0.03749999999999998,0.155794553955396,-0.04460874895254774
dnsmos,nisqa_test_for,20270835,mos_extremity_mondrian,0.9291666666666667,2.910152494907379,3.152053862810135,0.02083333333333337,0.08488041162490845,-0.06494666139284755
dnsmos,nisqa_test_for,20270835,local_residual_mondrian_k10,0.9125,2.8502244810263315,3.255946264664332,0.004166666666666652,0.02495239774386082,0.038945740461349576
dnsmos,nisqa_test_for,20270835,local_residual_normalized_k10,0.9166666666666666,2.983780958106373,3.3798978753131235,0.008333333333333304,0.15850887482390208,0.16289735111014103
dnsmos,nisqa_test_for,20270835,local_residual_mondrian_k25,0.9125,2.8534870624542235,3.172685521841049,0.004166666666666652,0.028214979171752752,-0.04431500236193342
dnsmos,nisqa_test_for,20270835,local_residual_normalized_k25,0.9333333333333333,2.890702679698734,3.2037197218661095,0.025000000000000022,0.06543059641626314,-0.013280802336872899
dnsmos,nisqa_test_for,20270835,local_residual_mondrian_k50,0.9083333333333333,2.8204236249128978,3.1390741487344105,0.0,-0.004848458369572928,-0.07792637546857195
dnsmos,nisqa_test_for,20270835,local_residual_normalized_k50,0.9166666666666666,2.8161824892607967,3.1278924615245502,0.008333333333333304,-0.009089594021673975,-0.08910806267843219
dnsmos,nisqa_test_livetalk,20270835,mahalanobis_mondrian,0.9568965517241379,2.788075932141008,3.0220333810510307,0.004310344827586188,-0.037196151141462686,-0.04020952561805968
dnsmos,nisqa_test_livetalk,20270835,predicted_mos_mondrian,0.9568965517241379,2.847262932308789,3.0362159250111413,0.004310344827586188,0.021990849026318315,-0.026026981657949033
dnsmos,nisqa_test_livetalk,20270835,mos_extremity_mondrian,0.9525862068965517,2.8098997720356644,3.020481060291159,0.0,-0.01537231124680627,-0.041761846377931455
dnsmos,nisqa_test_livetalk,20270835,local_residual_mondrian_k10,0.9353448275862069,2.802038170140365,3.0371634487448067,-0.017241379310344862,-0.023233913142105767,-0.025079457924283677
dnsmos,nisqa_test_livetalk,20270835,local_residual_normalized_k10,0.9310344827586207,2.8334236456808304,3.1225642596908276,-0.02155172413793105,0.00815156239835968,0.060321353021737245
dnsmos,nisqa_test_livetalk,20270835,local_residual_mondrian_k25,0.9396551724137931,2.8049647643648346,3.071922540664673,-0.012931034482758563,-0.020307318917636152,0.00967963399558247
dnsmos,nisqa_test_livetalk,20270835,local_residual_normalized_k25,0.9353448275862069,2.749935014154539,3.0246836627204505,-0.017241379310344862,-0.07533706912793159,-0.03755924394863985
dnsmos,nisqa_test_livetalk,20270835,local_residual_mondrian_k50,0.9396551724137931,2.738307211933465,3.022071309130767,-0.012931034482758563,-0.08696487134900588,-0.04017159753832322
dnsmos,nisqa_test_livetalk,20270835,local_residual_normalized_k50,0.9310344827586207,2.714025705693996,3.0127188358508232,-0.02155172413793105,-0.11124637758847467,-0.04952407081826715
dnsmos,nisqa_test_p501,20270835,mahalanobis_mondrian,0.9,2.879936088124911,3.243895102540652,0.01666666666666672,0.054664004842440495,0.017053752144177814
dnsmos,nisqa_test_p501,20270835,predicted_mos_mondrian,0.9,2.9644804328680037,3.2460007896025975,0.01666666666666672,0.13920834958553296,0.019159439206123174
dnsmos,nisqa_test_p501,20270835,mos_extremity_mondrian,0.8875,2.9014055490493775,3.2669638554255167,0.004166666666666652,0.07613346576690683,0.040122505029042355
dnsmos,nisqa_test_p501,20270835,local_residual_mondrian_k10,0.8791666666666667,2.833134545882543,3.281907453139623,-0.004166666666666652,0.007862462600072284,0.055066102743148715
dnsmos,nisqa_test_p501,20270835,local_residual_normalized_k10,0.8625,2.905715088151086,3.4845393292228284,-0.02083333333333326,0.08044300486861511,0.25769797882635403
dnsmos,nisqa_test_p501,20270835,local_residual_mondrian_k25,0.8708333333333333,2.8011360257863998,3.2178596049547195,-0.012499999999999956,-0.02413605749607095,-0.008981745441754896
dnsmos,nisqa_test_p501,20270835,local_residual_normalized_k25,0.9,2.8572920728477618,3.258237040638948,0.01666666666666672,0.03201998956529106,0.031395690242473684
dnsmos,nisqa_test_p501,20270835,local_residual_mondrian_k50,0.8875,2.845372966925303,3.243307324250539,0.004166666666666652,0.020100883642832468,0.016465973854064675
dnsmos,nisqa_test_p501,20270835,local_residual_normalized_k50,0.8833333333333333,2.8249282680111842,3.232323748315316,0.0,-0.00034381527128646283,0.005482397918841642
dnsmos,nisqa_val_sim,20270836,mahalanobis_mondrian,0.8872,2.678769829559326,3.19201826171875,0.0048000000000000265,-0.016129252624511814,0.0034051177978513536
dnsmos,nisqa_val_sim,20270836,predicted_mos_mondrian,0.8976,2.7631370948791503,3.1836912902832033,0.015199999999999991,0.06823801269531238,-0.0049218536376951505
dnsmos,nisqa_val_sim,20270836,mos_extremity_mondrian,0.8896,2.7664642274856566,3.186739043998718,0.007199999999999984,0.07156514530181868,-0.001874099922180239
dnsmos,nisqa_val_sim,20270836,local_residual_mondrian_k10,0.8872,2.728997769546509,3.1808888217926024,0.0048000000000000265,0.034098687362670965,-0.007724322128296102
dnsmos,nisqa_val_sim,20270836,local_residual_normalized_k10,0.9056,2.8287139048712735,3.3111923740306954,0.0232,0.1338148226874356,0.12257923010979699
dnsmos,nisqa_val_sim,20270836,local_residual_mondrian_k25,0.8872,2.7315340007781983,3.2191198581695555,0.0048000000000000265,0.03663491859436041,0.03050671424865703
dnsmos,nisqa_val_sim,20270836,local_residual_normalized_k25,0.9,2.723726364207107,3.1942035296059053,0.01760000000000006,0.028827282023268896,0.0055903856850068046
dnsmos,nisqa_val_sim,20270836,local_residual_mondrian_k50,0.9064,2.7813219249725343,3.1803424022674562,0.02400000000000002,0.08642284278869639,-0.008270741653442215
dnsmos,nisqa_val_sim,20270836,local_residual_normalized_k50,0.896,2.718209620918896,3.1776948276756563,0.013600000000000056,0.023310538735058284,-0.010918316245242199
dnsmos,nisqa_train_live,20270836,mahalanobis_mondrian,0.9813725490196078,2.5649070192785826,2.6152128369200462,-0.007843137254902044,-0.12999206290525533,-0.11077996656006484
dnsmos,nisqa_train_live,20270836,predicted_mos_mondrian,0.9803921568627451,2.686481170093312,2.7302811617944753,-0.008823529411764786,-0.008417912090525892,0.004288358314364249
dnsmos,nisqa_train_live,20270836,mos_extremity_mondrian,0.9774509803921568,2.582074666958229,2.6687327590643193,-0.01176470588235301,-0.11282441522560882,-0.0572600444157918
dnsmos,nisqa_train_live,20270836,local_residual_mondrian_k10,0.9892156862745098,2.7174101016100716,2.746816401388131,0.0,0.02251101942623368,0.02082359790802002
dnsmos,nisqa_train_live,20270836,local_residual_normalized_k10,0.9803921568627451,2.633799118723942,2.7064169146657586,-0.008823529411764786,-0.06109996345989588,-0.01957588881435246
dnsmos,nisqa_train_live,20270836,local_residual_mondrian_k25,0.9882352941176471,2.6908691812964047,2.7247530754874734,-0.0009803921568627416,-0.004029900887433158,-0.001239727992637718
dnsmos,nisqa_train_live,20270836,local_residual_normalized_k25,0.9794117647058823,2.5350253489445955,2.5949371019285543,-0.009803921568627527,-0.15987373323924237,-0.13105570155155677
dnsmos,nisqa_train_live,20270836,local_residual_mondrian_k50,0.9852941176470589,2.7023327229069727,2.7249924570906394,-0.0039215686274509665,0.007433640723134793,-0.0010003463894716624
dnsmos,nisqa_train_live,20270836,local_residual_normalized_k50,0.9784313725490196,2.5452792344805,2.593243676092983,-0.010784313725490269,-0.1496198477033377,-0.13274912738712796
dnsmos,nisqa_val_live,20270836,mahalanobis_mondrian,0.995,2.5613320326805114,2.5642221546173096,-0.0050000000000000044,-0.13356704950332654,-0.13067692756652827
dnsmos,nisqa_val_live,20270836,predicted_mos_mondrian,0.995,2.7233668398857116,2.7274567794799807,-0.0050000000000000044,0.028467757701873708,0.032557697296142774
dnsmos,nisqa_val_live,20270836,mos_extremity_mondrian,0.995,2.5912843632698057,2.6059770154953004,-0.0050000000000000044,-0.10361471891403218,-0.08892206668853753
dnsmos,nisqa_val_live,20270836,local_residual_mondrian_k10,1.0,2.7199519777297976,2.7199519777297976,0.0,0.025052895545959686,0.025052895545959686
dnsmos,nisqa_val_live,20270836,local_residual_normalized_k10,0.995,2.6338633832565854,2.6350881619770474,-0.0050000000000000044,-0.06103569892725247,-0.05981092020679046
dnsmos,nisqa_val_live,20270836,local_residual_mondrian_k25,1.0,2.684885835647583,2.684885835647583,0.0,-0.010013246536254794,-0.010013246536254794
dnsmos,nisqa_val_live,20270836,local_residual_normalized_k25,0.995,2.570076986707474,2.5868678561375757,-0.0050000000000000044,-0.12482209547636369,-0.10803122604626214
dnsmos,nisqa_val_live,20270836,local_residual_mondrian_k50,1.0,2.707814667224884,2.707814667224884,0.0,0.012915585041046285,0.012915585041046285
dnsmos,nisqa_val_live,20270836,local_residual_normalized_k50,0.995,2.5554833212361756,2.5699876853460797,-0.0050000000000000044,-0.13941576094766228,-0.1249113968377582
dnsmos,nisqa_test_for,20270836,mahalanobis_mondrian,0.8708333333333333,2.6098211924235026,3.1609018166859943,-0.02083333333333337,-0.08507788976033526,-0.05480372707049064
dnsmos,nisqa_test_for,20270836,predicted_mos_mondrian,0.9166666666666666,2.7666898568471274,3.179937402407328,0.02499999999999991,0.07179077466328954,-0.035768141349156846
dnsmos,nisqa_test_for,20270836,mos_extremity_mondrian,0.9166666666666666,2.779385560750961,3.0844556033611297,0.02499999999999991,0.08448647856712332,-0.1312499403953553
dnsmos,nisqa_test_for,20270836,local_residual_mondrian_k10,0.9,2.7300484836101533,3.195313827196757,0.008333333333333304,0.035149401426315396,-0.020391716559728046
dnsmos,nisqa_test_for,20270836,local_residual_normalized_k10,0.8875,2.7861798285440083,3.382166815403242,-0.004166666666666763,0.09128074636017036,0.16646127164675706
dnsmos,nisqa_test_for,20270836,local_residual_mondrian_k25,0.9,2.7172336061795552,3.2215305745601652,0.008333333333333304,0.022334523995717337,0.005825030803680242
dnsmos,nisqa_test_for,20270836,local_residual_normalized_k25,0.8791666666666667,2.661122042522432,3.249188785953327,-0.012500000000000067,-0.03377703966140588,0.03348324219684207
dnsmos,nisqa_test_for,20270836,local_residual_mondrian_k50,0.9083333333333333,2.8095125377178194,3.2350401798884074,0.016666666666666607,0.1146134555339815,0.019334636131922434
dnsmos,nisqa_test_for,20270836,local_residual_normalized_k50,0.8875,2.6805207093056254,3.175889879069009,-0.004166666666666763,-0.01437837287821253,-0.039815664687476104
dnsmos,nisqa_test_livetalk,20270836,mahalanobis_mondrian,0.9353448275862069,2.576085988817544,2.972889678231601,-0.008620689655172487,-0.11881309336629409,-0.03144225169872428
dnsmos,nisqa_test_livetalk,20270836,predicted_mos_mondrian,0.9525862068965517,2.720945586418283,2.987261893420384,0.008620689655172376,0.026046504234445322,-0.01707003650994121
dnsmos,nisqa_test_livetalk,20270836,mos_extremity_mondrian,0.9181034482758621,2.644772242883156,2.9531180457822206,-0.025862068965517238,-0.05012683930068196,-0.05121388414810468
dnsmos,nisqa_test_livetalk,20270836,local_residual_mondrian_k10,0.9439655172413793,2.7301315377498496,3.0294734835624695,0.0,0.03523245556601173,0.02514155363214421
dnsmos,nisqa_test_livetalk,20270836,local_residual_normalized_k10,0.9181034482758621,2.805241039063195,3.288963589089002,-0.025862068965517238,0.1103419568793571,0.2846316591586766
dnsmos,nisqa_test_livetalk,20270836,local_residual_mondrian_k25,0.9396551724137931,2.6821234328993437,3.0174375834136176,-0.004310344827586188,-0.01277564928449415,0.01310565348329229
dnsmos,nisqa_test_livetalk,20270836,local_residual_normalized_k25,0.9181034482758621,2.650040445557325,2.985087149712196,-0.025862068965517238,-0.044858636626512904,-0.019244780218129254
dnsmos,nisqa_test_livetalk,20270836,local_residual_mondrian_k50,0.9525862068965517,2.753298052426042,3.0288433884752206,0.008620689655172376,0.05839897024220431,0.024511458544895337
dnsmos,nisqa_test_livetalk,20270836,local_residual_normalized_k50,0.9396551724137931,2.646886667547881,2.9513137165306724,-0.004310344827586188,-0.04801241463595707,-0.05301821339965285
dnsmos,nisqa_test_p501,20270836,mahalanobis_mondrian,0.8541666666666666,2.6825932304064435,3.3241420527299246,0.004166666666666652,-0.012305851777394405,0.05262202421824158
dnsmos,nisqa_test_p501,20270836,predicted_mos_mondrian,0.8625,2.7729990482330322,3.2607449094454446,0.012500000000000067,0.07809996604919434,-0.010775119066238403
dnsmos,nisqa_test_p501,20270836,mos_extremity_mondrian,0.8625,2.784322213133176,3.2642018208901087,0.012500000000000067,0.08942313094933807,-0.007318207621574313
dnsmos,nisqa_test_p501,20270836,local_residual_mondrian_k10,0.8625,2.7305481135845184,3.255033701658249,0.012500000000000067,0.03564903140068054,-0.016486326853434097
dnsmos,nisqa_test_p501,20270836,local_residual_normalized_k10,0.8708333333333333,2.9401184321317007,3.479117213947236,0.02083333333333337,0.24521934994786276,0.20759718543555294
dnsmos,nisqa_test_p501,20270836,local_residual_mondrian_k25,0.8583333333333333,2.7145911872386934,3.2847519636154177,0.008333333333333304,0.019692105054855524,0.01323193510373466
dnsmos,nisqa_test_p501,20270836,local_residual_normalized_k25,0.8708333333333333,2.771531574713459,3.317959961976505,0.02083333333333337,0.07663249252962112,0.04643993346482178
dnsmos,nisqa_test_p501,20270836,local_residual_mondrian_k50,0.8541666666666666,2.7874023457368216,3.328611258665721,0.004166666666666652,0.09250326355298366,0.05709123015403783
dnsmos,nisqa_test_p501,20270836,local_residual_normalized_k50,0.8625,2.754149690288352,3.263203023577849,0.012500000000000067,0.059250608104514324,-0.008317004933834138
dnsmos,nisqa_val_sim,20270837,mahalanobis_mondrian,0.904,2.7862273151397705,3.2089387504577638,-0.0031999999999999806,0.006820767593383792,0.02245624847412131
dnsmos,nisqa_val_sim,20270837,predicted_mos_mondrian,0.9128,2.828974827003479,3.2302732069015505,0.005599999999999938,0.04956827945709241,0.04379070491790804
dnsmos,nisqa_val_sim,20270837,mos_extremity_mondrian,0.9272,2.8715400173187255,3.1993009750366213,0.020000000000000018,0.09213346977233883,0.012818473052978785
dnsmos,nisqa_val_sim,20270837,local_residual_mondrian_k10,0.9152,2.8305940521240234,3.1951910598754885,0.008000000000000007,0.051187504577636656,0.008708557891845992
dnsmos,nisqa_val_sim,20270837,local_residual_normalized_k10,0.904,2.9795136337788617,3.5466288063393927,-0.0031999999999999806,0.20010708623247497,0.36014630435575024
dnsmos,nisqa_val_sim,20270837,local_residual_mondrian_k25,0.9216,2.81080711517334,3.2037362323760985,0.014399999999999968,0.03140056762695309,0.017253730392456035
dnsmos,nisqa_val_sim,20270837,local_residual_normalized_k25,0.912,2.8411032437887394,3.3100057552622624,0.0048000000000000265,0.06169669624235263,0.1235232532786199
dnsmos,nisqa_val_sim,20270837,local_residual_mondrian_k50,0.916,2.8114596015930178,3.200012479019165,0.00880000000000003,0.03205305404663106,0.01352997703552239
dnsmos,nisqa_val_sim,20270837,local_residual_normalized_k50,0.9104,2.826500693905153,3.252602660422918,0.0031999999999999806,0.04709414635876641,0.06612015843927566
dnsmos,nisqa_train_live,20270837,mahalanobis_mondrian,0.9892156862745098,2.743820367607416,2.770312986654394,-0.0009803921568627416,-0.03558617993897073,-0.03181420401030888
dnsmos,nisqa_train_live,20270837,predicted_mos_mondrian,0.9794117647058823,2.67083319682701,2.7306115716111425,-0.010784313725490269,-0.1085733507193769,-0.07151561905356019
dnsmos,nisqa_train_live,20270837,mos_extremity_mondrian,0.9892156862745098,2.772533967214472,2.805610814515282,-0.0009803921568627416,-0.006872580331914513,0.0034836238505793204
dnsmos,nisqa_train_live,20270837,local_residual_mondrian_k10,0.9901960784313726,2.8450001529618807,2.8669065031350827,0.0,0.06559360541549397,0.06477931247037994
dnsmos,nisqa_train_live,20270837,local_residual_normalized_k10,0.9872549019607844,2.9526532959836933,3.008872592092109,-0.002941176470588225,0.17324674843730659,0.20674540142740616
dnsmos,nisqa_train_live,20270837,local_residual_mondrian_k25,0.9931372549019608,2.8138076389537137,2.832809342590033,0.002941176470588225,0.034401091407326945,0.030682151925330192
dnsmos,nisqa_train_live,20270837,local_residual_normalized_k25,0.9882352941176471,2.858419855309586,2.8976578013167487,-0.0019607843137254832,0.07901330776319915,0.09553061065204593
dnsmos,nisqa_train_live,20270837,local_residual_mondrian_k50,0.9911764705882353,2.8185852719288245,2.838933888603659,0.0009803921568627416,0.039178724382437746,0.0368066979389563
dnsmos,nisqa_train_live,20270837,local_residual_normalized_k50,0.9882352941176471,2.8451043323629768,2.8774459731111737,-0.0019607843137254832,0.06569778481659005,0.07531878244647094
dnsmos,nisqa_val_live,20270837,mahalanobis_mondrian,1.0,2.7722868156433105,2.7722868156433105,0.0,-0.007119731903076243,-0.007119731903076243
dnsmos,nisqa_val_live,20270837,predicted_mos_mondrian,0.995,2.6611065244674683,2.6688719725608827,-0.0050000000000000044,-0.1183000230789184,-0.11053457498550401
dnsmos,nisqa_val_live,20270837,mos_extremity_mondrian,1.0,2.7730271613597868,2.7730271613597868,0.0,-0.006379386186599945,-0.006379386186599945
dnsmos,nisqa_val_live,20270837,local_residual_mondrian_k10,1.0,2.8274382162094116,2.8274382162094116,0.0,0.048031668663024885,0.048031668663024885
dnsmos,nisqa_val_live,20270837,local_residual_normalized_k10,0.995,2.8778593192896085,2.8857278960364967,-0.0050000000000000044,0.09845277174322176,0.10632134849010999
dnsmos,nisqa_val_live,20270837,local_residual_mondrian_k25,1.0,2.8165796113014223,2.8165796113014223,0.0,0.037173063755035596,0.037173063755035596
dnsmos,nisqa_val_live,20270837,local_residual_normalized_k25,0.995,2.8211999556385723,2.8293978685835475,-0.0050000000000000044,0.04179340809218557,0.04999132103716075
dnsmos,nisqa_val_live,20270837,local_residual_mondrian_k50,1.0,2.815164957046509,2.815164957046509,0.0,0.03575840950012221,0.03575840950012221
dnsmos,nisqa_val_live,20270837,local_residual_normalized_k50,0.995,2.834273739777181,2.846348589240672,-0.0050000000000000044,0.05486719223079417,0.06694204169428541
dnsmos,nisqa_test_for,20270837,mahalanobis_mondrian,0.9,2.780218323071798,3.2225970526536307,0.0,0.0008117755254111181,0.007648815711339463
dnsmos,nisqa_test_for,20270837,predicted_mos_mondrian,0.9333333333333333,2.857772150635719,3.1180875092744826,0.033333333333333326,0.07836560308933249,-0.09686072766780862
dnsmos,nisqa_test_for,20270837,mos_extremity_mondrian,0.9375,2.8870454569657644,3.1431159218152365,0.03749999999999998,0.1076389094193777,-0.07183231512705479
dnsmos,nisqa_test_for,20270837,local_residual_mondrian_k10,0.9166666666666666,2.8346736510594686,3.2057512581348417,0.016666666666666607,0.05526710351308184,-0.009196978807449518
dnsmos,nisqa_test_for,20270837,local_residual_normalized_k10,0.8958333333333334,2.938832082076894,3.505434866181809,-0.004166666666666652,0.15942553453050712,0.29048662923951785
dnsmos,nisqa_test_for,20270837,local_residual_mondrian_k25,0.9083333333333333,2.824431222677231,3.217780641714732,0.008333333333333304,0.045024675130844294,0.002832404772440622
dnsmos,nisqa_test_for,20270837,local_residual_normalized_k25,0.9041666666666667,2.858809852654015,3.315422158700661,0.004166666666666652,0.07940330510762816,0.10047392175836967
dnsmos,nisqa_test_for,20270837,local_residual_mondrian_k50,0.9,2.809931282202403,3.226417754093806,0.0,0.03052473465601624,0.011469517151514896
dnsmos,nisqa_test_for,20270837,local_residual_normalized_k50,0.9041666666666667,2.817815359224129,3.267410607827363,0.004166666666666652,0.03840881167774235,0.052462370885071774
dnsmos,nisqa_test_livetalk,20270837,mahalanobis_mondrian,0.9439655172413793,2.7164762369517623,2.986705876629928,0.0,-0.0629303105946244,-0.05478019755462116
dnsmos,nisqa_test_livetalk,20270837,predicted_mos_mondrian,0.9396551724137931,2.7144787794557113,2.9787630510741265,-0.004310344827586188,-0.06492776809067546,-0.06272302311042255
dnsmos,nisqa_test_livetalk,20270837,mos_extremity_mondrian,0.9525862068965517,2.8148784791601114,3.0249286592006683,0.008620689655172376,0.03547193161372464,-0.016557414983880747
dnsmos,nisqa_test_livetalk,20270837,local_residual_mondrian_k10,0.9439655172413793,2.8244819826093215,3.0654243456906287,0.0,0.045075435062934766,0.023938271506079634
dnsmos,nisqa_test_livetalk,20270837,local_residual_normalized_k10,0.9051724137931034,2.896630288075926,3.4008954601935386,-0.03879310344827591,0.1172237405295391,0.35940938600898953
dnsmos,nisqa_test_livetalk,20270837,local_residual_mondrian_k25,0.9353448275862069,2.810302438407109,3.101535706684507,-0.008620689655172487,0.030895890860722197,0.06004963249995798
dnsmos,nisqa_test_livetalk,20270837,local_residual_normalized_k25,0.9224137931034483,2.8272770952397788,3.2080770709737125,-0.02155172413793105,0.04787054769339205,0.16659099678916345
dnsmos,nisqa_test_livetalk,20270837,local_residual_mondrian_k50,0.9525862068965517,2.8008641538948846,3.0546644103938134,0.008620689655172376,0.021457606348497915,0.01317833620926434
dnsmos,nisqa_test_livetalk,20270837,local_residual_normalized_k50,0.9396551724137931,2.80843801731027,3.1254396305590983,-0.004310344827586188,0.029031469763883155,0.08395355637454927
dnsmos,nisqa_test_p501,20270837,mahalanobis_mondrian,0.875,2.7676372667153677,3.249796811739604,0.004166666666666652,-0.011769280831019024,0.011793170372645267
dnsmos,nisqa_test_p501,20270837,predicted_mos_mondrian,0.8875,2.8448234419027965,3.236102702220281,0.016666666666666607,0.06541689435640974,-0.0019009391466777714
dnsmos,nisqa_test_p501,20270837,mos_extremity_mondrian,0.8916666666666667,2.8735162218411765,3.2192649940649667,0.02083333333333337,0.09410967429478978,-0.01873864730199193
dnsmos,nisqa_test_p501,20270837,local_residual_mondrian_k10,0.8916666666666667,2.829468427101771,3.245506562789281,0.02083333333333337,0.050061879555384436,0.0075029214223225615
dnsmos,nisqa_test_p501,20270837,local_residual_normalized_k10,0.8833333333333333,2.9811590729011224,3.595889625640152,0.012499999999999956,0.20175252535473565,0.3578859842731932
dnsmos,nisqa_test_p501,20270837,local_residual_mondrian_k25,0.875,2.8159998814264933,3.252463048696518,0.004166666666666652,0.03659333388010655,0.014459407329559415
dnsmos,nisqa_test_p501,20270837,local_residual_normalized_k25,0.8708333333333333,2.8419670396830554,3.3500752441730244,0.0,0.0625604921366687,0.11207160280606576
dnsmos,nisqa_test_p501,20270837,local_residual_mondrian_k50,0.8625,2.8048003256320952,3.247890277703603,-0.008333333333333304,0.02539377808570853,0.00988663633664455
dnsmos,nisqa_test_p501,20270837,local_residual_normalized_k50,0.8791666666666667,2.791269681215455,3.29470571337537,0.008333333333333304,0.011863133669068215,0.056702072008411264
dnsmos,nisqa_val_sim,20270838,mahalanobis_mondrian,0.8992,2.746173442077637,3.1548377506256102,0.012800000000000034,0.030555308532715042,0.01005162734985321
dnsmos,nisqa_val_sim,20270838,predicted_mos_mondrian,0.8936,2.7610917472839356,3.159097230911255,0.007199999999999984,0.04547361373901371,0.014311107635498033
dnsmos,nisqa_val_sim,20270838,mos_extremity_mondrian,0.9048,2.8290414390563963,3.156611186981201,0.018400000000000083,0.11342330551147439,0.011825063705444006
dnsmos,nisqa_val_sim,20270838,local_residual_mondrian_k10,0.896,2.7136276180267336,3.1822829486846924,0.009600000000000053,-0.001990515518188296,0.0374968254089354
dnsmos,nisqa_val_sim,20270838,local_residual_normalized_k10,0.8928,2.7779590553356943,3.3427390036448523,0.006400000000000072,0.06234092179077244,0.1979528803690953
dnsmos,nisqa_val_sim,20270838,local_residual_mondrian_k25,0.892,2.710313250541687,3.1488459730148315,0.005600000000000049,-0.005304883003234728,0.0040598497390744726
dnsmos,nisqa_val_sim,20270838,local_residual_normalized_k25,0.8992,2.6832264213830017,3.2051522227597955,0.012800000000000034,-0.03239171216192016,0.06036609948403848
dnsmos,nisqa_val_sim,20270838,local_residual_mondrian_k50,0.896,2.7002659660339354,3.1323267303466795,0.009600000000000053,-0.015352167510986447,-0.012459392929077495
dnsmos,nisqa_val_sim,20270838,local_residual_normalized_k50,0.8872,2.666825020456314,3.1540381666785615,0.0008000000000000229,-0.048793113088607676,0.0092520434028045
dnsmos,nisqa_train_live,20270838,mahalanobis_mondrian,0.9803921568627451,2.5972229017930872,2.6498639476065544,-0.009803921568627527,-0.11839523175183464,-0.09472859513525833
dnsmos,nisqa_train_live,20270838,predicted_mos_mondrian,0.9794117647058823,2.5931756940542483,2.659053274229461,-0.010784313725490269,-0.12244243949067357,-0.08553926851235172
dnsmos,nisqa_train_live,20270838,mos_extremity_mondrian,0.9794117647058823,2.662757061509525,2.7261813004811604,-0.010784313725490269,-0.052861072035396806,-0.018411242260652383
dnsmos,nisqa_train_live,20270838,local_residual_mondrian_k10,0.984313725490196,2.6808533004685944,2.7297540075638715,-0.005882352941176561,-0.034764833076327495,-0.014838535177941203
dnsmos,nisqa_train_live,20270838,local_residual_normalized_k10,0.9745098039215686,2.6760846269282603,2.76882691950563,-0.015686274509803977,-0.03953350661666155,0.024234376763817345
dnsmos,nisqa_train_live,20270838,local_residual_mondrian_k25,0.9872549019607844,2.6773629571877273,2.716624583450018,-0.002941176470588225,-0.038255176357194554,-0.02796795929179474
dnsmos,nisqa_train_live,20270838,local_residual_normalized_k25,0.9803921568627451,2.634788938213266,2.7036038344877165,-0.009803921568627527,-0.08082919533165578,-0.040988708254096284
dnsmos,nisqa_train_live,20270838,local_residual_mondrian_k50,0.9872549019607844,2.67911010723488,2.7193402949501486,-0.002941176470588225,-0.036508026310041686,-0.02525224779166413
dnsmos,nisqa_train_live,20270838,local_residual_normalized_k50,0.9852941176470589,2.650944162147049,2.7028148541611317,-0.004901960784313708,-0.06467397139787279,-0.041777688580681094
dnsmos,nisqa_val_live,20270838,mahalanobis_mondrian,0.995,2.619633744955063,2.629915462732315,-0.0050000000000000044,-0.09598438858985903,-0.08570267081260674
dnsmos,nisqa_val_live,20270838,predicted_mos_mondrian,0.995,2.5847426581382753,2.5929774808883668,-0.0050000000000000044,-0.13087547540664657,-0.1226406526565551
dnsmos,nisqa_val_live,20270838,mos_extremity_mondrian,0.995,2.6697034358978273,2.677938258647919,-0.0050000000000000044,-0.04591469764709455,-0.037679874897003085
dnsmos,nisqa_val_live,20270838,local_residual_mondrian_k10,0.995,2.6772916889190674,2.685526511669159,-0.0050000000000000044,-0.03832644462585444,-0.030091621875762975
dnsmos,nisqa_val_live,20270838,local_residual_normalized_k10,0.995,2.6597138424977866,2.6998809970763933,-0.0050000000000000044,-0.055904291047135235,-0.01573713646852859
dnsmos,nisqa_val_live,20270838,local_residual_mondrian_k25,0.995,2.7087995481491087,2.713916916847229,-0.0050000000000000044,-0.006818585395813148,-0.0017012166976928533
dnsmos,nisqa_val_live,20270838,local_residual_normalized_k25,0.995,2.639305846985336,2.6695956549790973,-0.0050000000000000044,-0.076312286559586,-0.04602247856582453
dnsmos,nisqa_val_live,20270838,local_residual_mondrian_k50,0.995,2.695766422748566,2.708240280151367,-0.0050000000000000044,-0.01985171079635606,-0.007377853393554901
dnsmos,nisqa_val_live,20270838,local_residual_normalized_k50,0.995,2.6552141888787717,2.6806585006045465,-0.0050000000000000044,-0.06040394466615018,-0.03495963294037541
dnsmos,nisqa_test_for,20270838,mahalanobis_mondrian,0.8916666666666667,2.6753220270077387,3.164633086323738,-0.008333333333333304,-0.040296106537183185,-0.05031515061855307
dnsmos,nisqa_test_for,20270838,predicted_mos_mondrian,0.9166666666666666,2.765080871184667,3.10768896540006,0.016666666666666607,0.04946273763974496,-0.10725927154223136
dnsmos,nisqa_test_for,20270838,mos_extremity_mondrian,0.9291666666666667,2.8436251600583393,3.094447813431422,0.029166666666666674,0.12800702651341744,-0.12050042351086931
dnsmos,nisqa_test_for,20270838,local_residual_mondrian_k10,0.9041666666666667,2.7478928824265796,3.185313320159912,0.004166666666666652,0.03227474888165771,-0.02963491678237906
dnsmos,nisqa_test_for,20270838,local_residual_normalized_k10,0.9083333333333333,2.8718273080866963,3.3705868418718627,0.008333333333333304,0.1562091745417744,0.1556386049295715
dnsmos,nisqa_test_for,20270838,local_residual_mondrian_k25,0.8916666666666667,2.7304126411676406,3.2027915010849637,-0.008333333333333304,0.014794507622718722,-0.012156735857327572
dnsmos,nisqa_test_for,20270838,local_residual_normalized_k25,0.9041666666666667,2.740045495560409,3.1986669311202878,0.004166666666666652,0.02442736201548712,-0.01628130582200349
dnsmos,nisqa_test_for,20270838,local_residual_mondrian_k50,0.9041666666666667,2.7469006021817526,3.1563714583714804,0.004166666666666652,0.03128246863683071,-0.058576778570810895
dnsmos,nisqa_test_for,20270838,local_residual_normalized_k50,0.9041666666666667,2.7278890128695084,3.1805418649496717,0.004166666666666652,0.012270879324586481,-0.03440637199261953
dnsmos,nisqa_test_livetalk,20270838,mahalanobis_mondrian,0.9224137931034483,2.576531362944636,2.9626751727071303,-0.02155172413793105,-0.13908677060028607,-0.05076599532160264
dnsmos,nisqa_test_livetalk,20270838,predicted_mos_mondrian,0.9267241379310345,2.6462677141715742,2.9587434304171594,-0.017241379310344862,-0.06935041937334763,-0.054697737611573594
dnsmos,nisqa_test_livetalk,20270838,mos_extremity_mondrian,0.9353448275862069,2.7242460507771065,2.9681666010412675,-0.008620689655172487,0.00862791723218459,-0.04527456698746546
dnsmos,nisqa_test_livetalk,20270838,local_residual_mondrian_k10,0.9353448275862069,2.6908394817648262,3.016623723095861,-0.008620689655172487,-0.02477865178009564,0.0031825550671280567
dnsmos,nisqa_test_livetalk,20270838,local_residual_normalized_k10,0.896551724137931,2.6724647291861854,3.0974341565728905,-0.04741379310344829,-0.04315340435873649,0.08399298854415749
dnsmos,nisqa_test_livetalk,20270838,local_residual_mondrian_k25,0.9353448275862069,2.694941332627987,3.0258123268341195,-0.008620689655172487,-0.020676800916934912,0.012371158805386528
dnsmos,nisqa_test_livetalk,20270838,local_residual_normalized_k25,0.9051724137931034,2.6467581651147074,3.112606871611932,-0.03879310344827591,-0.06885996843021447,0.09916570358319898
dnsmos,nisqa_test_livetalk,20270838,local_residual_mondrian_k50,0.9396551724137931,2.7114189184945205,2.985091209411621,-0.004310344827586188,-0.004199215050401328,-0.02834995861711187
dnsmos,nisqa_test_livetalk,20270838,local_residual_normalized_k50,0.9267241379310345,2.6661831409129935,2.9967522819663577,-0.017241379310344862,-0.04943499263192841,-0.016688886062375285
dnsmos,nisqa_test_p501,20270838,mahalanobis_mondrian,0.8708333333333333,2.7332045336564383,3.2588743567466736,0.01666666666666672,0.017586400111516465,-0.0028400619824728857
dnsmos,nisqa_test_p501,20270838,predicted_mos_mondrian,0.8541666666666666,2.773092003663381,3.244642110665639,0.0,0.05747387011845895,-0.017072308063507347
dnsmos,nisqa_test_p501,20270838,mos_extremity_mondrian,0.8625,2.8350503812233607,3.2628497749567034,0.008333333333333415,0.11943224767843885,0.001135356227556894
dnsmos,nisqa_test_p501,20270838,local_residual_mondrian_k10,0.8541666666666666,2.7246473391850787,3.3356435457865397,0.0,0.009029205640156857,0.07392912705739318
dnsmos,nisqa_test_p501,20270838,local_residual_normalized_k10,0.8583333333333333,2.8212966940584354,3.4636527081198665,0.004166666666666652,0.10567856051351354,0.20193828939072
dnsmos,nisqa_test_p501,20270838,local_residual_mondrian_k25,0.8541666666666666,2.727406377593676,3.272989665468534,0.0,0.011788244048754226,0.011275246739387512
dnsmos,nisqa_test_p501,20270838,local_residual_normalized_k25,0.8541666666666666,2.7105085842425436,3.2172441277457864,0.0,-0.00510954930237828,-0.04447029098336008
dnsmos,nisqa_test_p501,20270838,local_residual_mondrian_k50,0.8625,2.734711194038391,3.2684754570325216,0.008333333333333415,0.01909306049346915,0.006761038303375155
dnsmos,nisqa_test_p501,20270838,local_residual_normalized_k50,0.8541666666666666,2.6937242146873763,3.2484080998866167,0.0,-0.021893918857545547,-0.013306318842529752
dnsmos,nisqa_val_sim,20270839,mahalanobis_mondrian,0.9008,2.7131469692230223,3.1712566875457764,0.006400000000000072,0.003902717971801639,-0.0016100841522215248
dnsmos,nisqa_val_sim,20270839,predicted_mos_mondrian,0.8944,2.6878385805130005,3.178772654914856,0.0,-0.021405670738220195,0.005905883216858143
dnsmos,nisqa_val_sim,20270839,mos_extremity_mondrian,0.888,2.70153168258667,3.1821993938446047,-0.006399999999999961,-0.007712568664550723,0.009332622146606795
dnsmos,nisqa_val_sim,20270839,local_residual_mondrian_k10,0.8888,2.6824956916809084,3.1819182819366456,-0.005599999999999938,-0.026748559570312302,0.009051510238647698
dnsmos,nisqa_val_sim,20270839,local_residual_normalized_k10,0.9112,2.8666063449621024,3.341348501392317,0.016800000000000037,0.15736209371088172,0.16848172969431907
dnsmos,nisqa_val_sim,20270839,local_residual_mondrian_k25,0.8952,2.673434813308716,3.1737105339050293,0.0008000000000000229,-0.03580943794250491,0.0008437622070314177
dnsmos,nisqa_val_sim,20270839,local_residual_normalized_k25,0.8984,2.6866626573708827,3.1939560484550733,0.0040000000000000036,-0.02258159388033798,0.021089276757075393
dnsmos,nisqa_val_sim,20270839,local_residual_mondrian_k50,0.9016,2.7114689449310303,3.1531589492797854,0.007199999999999984,0.0022246936798095973,-0.01970782241821256
dnsmos,nisqa_val_sim,20270839,local_residual_normalized_k50,0.8992,2.68921728394398,3.157652717233033,0.0048000000000000265,-0.02002696730724063,-0.015214054464964821
dnsmos,nisqa_train_live,20270839,mahalanobis_mondrian,0.9852941176470589,2.622743923056359,2.6633205867281147,-0.004901960784313708,-0.08650032819486153,-0.07552296414094828
dnsmos,nisqa_train_live,20270839,predicted_mos_mondrian,0.9774509803921568,2.5336435708345153,2.594656343787324,-0.012745098039215752,-0.1756006804167054,-0.14418720708173893
dnsmos,nisqa_train_live,20270839,mos_extremity_mondrian,0.9803921568627451,2.6302284867155787,2.6774589431052114,-0.009803921568627527,-0.07901576453564196,-0.06138460776385157
dnsmos,nisqa_train_live,20270839,local_residual_mondrian_k10,0.9862745098039216,2.6516784789515477,2.6915379771999284,-0.0039215686274509665,-0.05756577229967297,-0.04730557366913457
dnsmos,nisqa_train_live,20270839,local_residual_normalized_k10,0.9764705882352941,2.7780125028821008,2.8576076676039883,-0.013725490196078494,0.06876825163088007,0.11876411673492537
dnsmos,nisqa_train_live,20270839,local_residual_mondrian_k25,0.9872549019607844,2.663762564051385,2.7081322873339935,-0.002941176470588225,-0.04548168719983581,-0.030711263535069477
dnsmos,nisqa_train_live,20270839,local_residual_normalized_k25,0.9794117647058823,2.6757953150838816,2.7420677028568066,-0.010784313725490269,-0.03344893616733913,0.0032241519877436176
dnsmos,nisqa_train_live,20270839,local_residual_mondrian_k50,0.9882352941176471,2.719185729120292,2.751550903974795,-0.0019607843137254832,0.009941477869071402,0.012707353105732011
dnsmos,nisqa_train_live,20270839,local_residual_normalized_k50,0.9852941176470589,2.708201298041822,2.7484479249646823,-0.004901960784313708,-0.0010429532093985117,0.009604374095619317
dnsmos,nisqa_val_live,20270839,mahalanobis_mondrian,0.995,2.6306794476509094,2.6326267194747923,-0.0050000000000000044,-0.07856480360031126,-0.07661753177642838
dnsmos,nisqa_val_live,20270839,predicted_mos_mondrian,0.995,2.5293759119510653,2.534291137456894,-0.0050000000000000044,-0.17986833930015544,-0.17495311379432676
dnsmos,nisqa_val_live,20270839,mos_extremity_mondrian,0.995,2.6482877802848814,2.6511779022216797,-0.0050000000000000044,-0.06095647096633927,-0.058066349029541
dnsmos,nisqa_val_live,20270839,local_residual_mondrian_k10,0.995,2.6462516927719117,2.6599987530708313,-0.0050000000000000044,-0.06299255847930896,-0.04924549818038937
dnsmos,nisqa_val_live,20270839,local_residual_normalized_k10,0.995,2.7777269137363656,2.8128505558048977,-0.0050000000000000044,0.0684826624851449,0.10360630455367703
dnsmos,nisqa_val_live,20270839,local_residual_mondrian_k25,0.995,2.6362956500053407,2.6537620520591734,-0.0050000000000000044,-0.07294860124587998,-0.05548219919204733
dnsmos,nisqa_val_live,20270839,local_residual_normalized_k25,0.995,2.6490060879003328,2.668546695658263,-0.0050000000000000044,-0.06023816335088794,-0.040697555592957624
dnsmos,nisqa_val_live,20270839,local_residual_mondrian_k50,1.0,2.7173412370681764,2.7173412370681764,0.0,0.008096985816955726,0.008096985816955726
dnsmos,nisqa_val_live,20270839,local_residual_normalized_k50,0.995,2.7071954188158482,2.71406619742463,-0.0050000000000000044,-0.0020488324353724607,0.004821946173409142
dnsmos,nisqa_test_for,20270839,mahalanobis_mondrian,0.8875,2.671639311313629,3.1547961910565694,-0.012500000000000067,-0.03760493993759173,-0.06015204588572187
dnsmos,nisqa_test_for,20270839,predicted_mos_mondrian,0.8791666666666667,2.6508736779292423,3.1730827262004215,-0.02083333333333337,-0.05837057332197837,-0.04186551074186973
dnsmos,nisqa_test_for,20270839,mos_extremity_mondrian,0.8833333333333333,2.6992517789204915,3.2570287863413494,-0.01666666666666672,-0.009992472330729196,0.04208054939905814
dnsmos,nisqa_test_for,20270839,local_residual_mondrian_k10,0.8916666666666667,2.698204016685486,3.218703971306483,-0.008333333333333304,-0.011040234565734774,0.003755734364191632
dnsmos,nisqa_test_for,20270839,local_residual_normalized_k10,0.9125,2.9055645278159195,3.423335921007913,0.012499999999999956,0.19632027656469875,0.20838768406562158
dnsmos,nisqa_test_for,20270839,local_residual_mondrian_k25,0.8958333333333334,2.6845557938019433,3.187797869245211,-0.004166666666666652,-0.02468845744927739,-0.027150367697080124
dnsmos,nisqa_test_for,20270839,local_residual_normalized_k25,0.8958333333333334,2.7438913294680884,3.2275989271820267,-0.004166666666666652,0.034647078216867744,0.012650690239735418
dnsmos,nisqa_test_for,20270839,local_residual_mondrian_k50,0.9,2.731277471780777,3.1744825303554536,0.0,0.022033220529556363,-0.04046570658683768
dnsmos,nisqa_test_for,20270839,local_residual_normalized_k50,0.8875,2.7191817898911594,3.1762446932645614,-0.012500000000000067,0.009937538639938737,-0.03870354367772988
dnsmos,nisqa_test_livetalk,20270839,mahalanobis_mondrian,0.9353448275862069,2.623879681373465,2.9753409665206383,-0.008620689655172487,-0.08536456987775587,-0.035297891189312036
dnsmos,nisqa_test_livetalk,20270839,predicted_mos_mondrian,0.9353448275862069,2.5911069738453834,2.9566733487721146,-0.008620689655172487,-0.11813727740583735,-0.05396550893783569
dnsmos,nisqa_test_livetalk,20270839,mos_extremity_mondrian,0.9482758620689655,2.661997708781012,2.9705562488786104,0.004310344827586188,-0.04724654247020865,-0.04008260883133996
dnsmos,nisqa_test_livetalk,20270839,local_residual_mondrian_k10,0.9181034482758621,2.7079187837140313,3.0721016937288743,-0.025862068965517238,-0.0013254675371894287,0.061462836018923994
dnsmos,nisqa_test_livetalk,20270839,local_residual_normalized_k10,0.9353448275862069,2.9200823013376036,3.3106283310174756,-0.008620689655172487,0.2108380500863829,0.29998947330752523
dnsmos,nisqa_test_livetalk,20270839,local_residual_mondrian_k25,0.9353448275862069,2.720711129492727,3.025273311754753,-0.008620689655172487,0.011466878241506162,0.01463445404480268
dnsmos,nisqa_test_livetalk,20270839,local_residual_normalized_k25,0.9137931034482759,2.739958072171064,3.1259143167081485,-0.030172413793103425,0.030713820919843204,0.11527545899819813
dnsmos,nisqa_test_livetalk,20270839,local_residual_mondrian_k50,0.9482758620689655,2.74615871495214,3.0396097179116874,0.004310344827586188,0.03691446370091933,0.028970860201737114
dnsmos,nisqa_test_livetalk,20270839,local_residual_normalized_k50,0.9224137931034483,2.7481338295064086,3.078956957487301,-0.02155172413793105,0.03888957825518791,0.06831809977735048
dnsmos,nisqa_test_p501,20270839,mahalanobis_mondrian,0.8625,2.721575218439102,3.2742951095104216,0.008333333333333415,0.012330967187881292,0.009659328063329031
dnsmos,nisqa_test_p501,20270839,predicted_mos_mondrian,0.8416666666666667,2.703454753756523,3.341316393017769,-0.012499999999999956,-0.005789497494697482,0.0766806115706764
dnsmos,nisqa_test_p501,20270839,mos_extremity_mondrian,0.8375,2.714089210828145,3.2967939535776773,-0.016666666666666607,0.004844959576924435,0.032158172130584806
dnsmos,nisqa_test_p501,20270839,local_residual_mondrian_k10,0.8416666666666667,2.7203127702077228,3.3446220715840655,-0.012499999999999956,0.011068518956502071,0.079986290136973
dnsmos,nisqa_test_p501,20270839,local_residual_normalized_k10,0.8625,3.000321377477525,3.5531408176531443,0.008333333333333415,0.2910771262263041,0.2885050362060517
dnsmos,nisqa_test_p501,20270839,local_residual_mondrian_k25,0.85,2.710246655344963,3.238556785384814,-0.004166666666666652,0.001002404093742193,-0.02607899606227848
dnsmos,nisqa_test_p501,20270839,local_residual_normalized_k25,0.8375,2.781297791244223,3.4031155131771387,-0.016666666666666607,0.07205353999300224,0.13847973173004613
dnsmos,nisqa_test_p501,20270839,local_residual_mondrian_k50,0.8666666666666667,2.7518332521120707,3.2583683649698894,0.012500000000000067,0.042589000860850046,-0.0062674164772031915
dnsmos,nisqa_test_p501,20270839,local_residual_normalized_k50,0.8625,2.7753881619350023,3.3587332404064147,0.008333333333333415,0.06614391068378156,0.0940974589593222
dnsmos,nisqa_val_sim,20270840,mahalanobis_mondrian,0.896,2.701376205062866,3.1796268688201903,0.013600000000000056,0.03571153221130352,-0.004335695648193472
dnsmos,nisqa_val_sim,20270840,predicted_mos_mondrian,0.8992,2.7373307304382326,3.1798915615081786,0.016800000000000037,0.0716660575866701,-0.004071002960205128
dnsmos,nisqa_val_sim,20270840,mos_extremity_mondrian,0.8792,2.6591058738708497,3.205891899871826,-0.0031999999999999806,-0.006558798980712766,0.02192933540344244
dnsmos,nisqa_val_sim,20270840,local_residual_mondrian_k10,0.8952,2.7472572792053223,3.2069719417572022,0.012800000000000034,0.08159260635375976,0.023009377288818467
dnsmos,nisqa_val_sim,20270840,local_residual_normalized_k10,0.8736,2.764507099938939,3.399122952205395,-0.008799999999999919,0.09884242708737645,0.2151603877370114
dnsmos,nisqa_val_sim,20270840,local_residual_mondrian_k25,0.8896,2.6549687995910642,3.187864772796631,0.007199999999999984,-0.010695873260498256,0.00390220832824717
dnsmos,nisqa_val_sim,20270840,local_residual_normalized_k25,0.8856,2.647963031258605,3.1843406717875697,0.0032000000000000917,-0.017701641592957618,0.00037810731918597185
dnsmos,nisqa_val_sim,20270840,local_residual_mondrian_k50,0.8952,2.6947460330963136,3.178187733078003,0.012800000000000034,0.029081360244751053,-0.005774831390380708
dnsmos,nisqa_val_sim,20270840,local_residual_normalized_k50,0.892,2.6327921951657305,3.15241627017852,0.009600000000000053,-0.03287247768583201,-0.03154629428986366
dnsmos,nisqa_train_live,20270840,mahalanobis_mondrian,0.9872549019607844,2.655842082640704,2.6899707953135175,-0.0019607843137254832,-0.009822590210858628,-0.009940329252504654
dnsmos,nisqa_train_live,20270840,predicted_mos_mondrian,0.9862745098039216,2.6549574534098306,2.696185233546238,-0.002941176470588225,-0.010707219441731919,-0.0037258910197839334
dnsmos,nisqa_train_live,20270840,mos_extremity_mondrian,0.9833333333333333,2.6088495829526117,2.6559339799133004,-0.005882352941176561,-0.05681508989895079,-0.043977144652721734
dnsmos,nisqa_train_live,20270840,local_residual_mondrian_k10,0.9901960784313726,2.7863432066113343,2.809476545277764,0.0009803921568627416,0.12067853375977178,0.1095654207117418
dnsmos,nisqa_train_live,20270840,local_residual_normalized_k10,0.9637254901960784,2.499829655482894,2.6721691813022943,-0.025490196078431393,-0.16583501736866868,-0.02774194326372781
dnsmos,nisqa_train_live,20270840,local_residual_mondrian_k25,0.984313725490196,2.6582694322455165,2.715769296767665,-0.004901960784313819,-0.007395240606046016,0.015858172201642873
dnsmos,nisqa_train_live,20270840,local_residual_normalized_k25,0.9774509803921568,2.509226426339202,2.5988913200306687,-0.01176470588235301,-0.15643824651236038,-0.10101980453535342
dnsmos,nisqa_train_live,20270840,local_residual_mondrian_k50,0.984313725490196,2.6757904884861965,2.711933153283362,-0.004901960784313819,0.010125815634633994,0.012022028717340039
dnsmos,nisqa_train_live,20270840,local_residual_normalized_k50,0.9784313725490196,2.5364160260499307,2.612743540773783,-0.010784313725490269,-0.12924864680163184,-0.08716758379223899
dnsmos,nisqa_val_live,20270840,mahalanobis_mondrian,1.0,2.6650486159324647,2.6650486159324647,0.0,-0.0006160569190978293,-0.0006160569190978293
dnsmos,nisqa_val_live,20270840,predicted_mos_mondrian,0.995,2.662317306995392,2.663301558494568,-0.0050000000000000044,-0.003347365856170459,-0.0023631143569944335
dnsmos,nisqa_val_live,20270840,mos_extremity_mondrian,0.995,2.618353683948517,2.620492024421692,-0.0050000000000000044,-0.04731098890304564,-0.045172648429870677
dnsmos,nisqa_val_live,20270840,local_residual_mondrian_k10,1.0,2.7809057998657227,2.7809057998657227,0.0,0.11524112701416023,0.11524112701416023
dnsmos,nisqa_val_live,20270840,local_residual_normalized_k10,0.96,2.4890981227239846,2.5954143732495796,-0.040000000000000036,-0.17656655012757794,-0.07025029960198292
dnsmos,nisqa_val_live,20270840,local_residual_mondrian_k25,0.995,2.6361477196216585,2.6538545548915864,-0.0050000000000000044,-0.029516953229903997,-0.011810117959976107
dnsmos,nisqa_val_live,20270840,local_residual_normalized_k25,0.995,2.4913512985459083,2.523239834604371,-0.0050000000000000044,-0.1743133743056542,-0.14242483824719132
dnsmos,nisqa_val_live,20270840,local_residual_mondrian_k50,0.995,2.6705040884017945,2.674397976398468,-0.0050000000000000044,0.00483941555023204,0.008733303546905713
dnsmos,nisqa_val_live,20270840,local_residual_normalized_k50,0.995,2.52690790241901,2.5564001701357717,-0.0050000000000000044,-0.1387567704325523,-0.1092645027157908
dnsmos,nisqa_test_for,20270840,mahalanobis_mondrian,0.8791666666666667,2.687884885072708,3.1635541995366414,0.0,0.022220212221145452,-0.055797837177912424
dnsmos,nisqa_test_for,20270840,predicted_mos_mondrian,0.8916666666666667,2.7126925309499104,3.19508069952329,0.012500000000000067,0.04702785809834786,-0.024271337191263953
dnsmos,nisqa_test_for,20270840,mos_extremity_mondrian,0.875,2.641834290822347,3.2886029799779255,-0.004166666666666652,-0.023830382029215613,0.06925094326337167
dnsmos,nisqa_test_for,20270840,local_residual_mondrian_k10,0.8833333333333333,2.7374703625837964,3.2383273283640546,0.004166666666666652,0.07180568973223389,0.018975291649500736
dnsmos,nisqa_test_for,20270840,local_residual_normalized_k10,0.9166666666666666,2.9055778198061857,3.4152194553832698,0.03749999999999998,0.23991314695462318,0.19586741866871593
dnsmos,nisqa_test_for,20270840,local_residual_mondrian_k25,0.8875,2.691386329134305,3.1798125078280766,0.008333333333333304,0.0257216562827427,-0.03953952888647727
dnsmos,nisqa_test_for,20270840,local_residual_normalized_k25,0.8875,2.6963265138683195,3.205102840069161,0.008333333333333304,0.030661841016756952,-0.014249196645392814
dnsmos,nisqa_test_for,20270840,local_residual_mondrian_k50,0.9083333333333333,2.699743072191874,3.163775086402893,0.029166666666666674,0.03407839934031154,-0.05557695031166077
dnsmos,nisqa_test_for,20270840,local_residual_normalized_k50,0.8916666666666667,2.656251562194448,3.152785602215876,0.012500000000000067,-0.009413110657114476,-0.06656643449867783
dnsmos,nisqa_test_livetalk,20270840,mahalanobis_mondrian,0.9439655172413793,2.649460572620918,2.982162487917933,0.004310344827586188,-0.016204100230644336,-0.009979720773368062
dnsmos,nisqa_test_livetalk,20270840,predicted_mos_mondrian,0.9482758620689655,2.6939053186054887,2.9817444620461298,0.008620689655172376,0.028240645753926152,-0.010397746645171235
dnsmos,nisqa_test_livetalk,20270840,mos_extremity_mondrian,0.9267241379310345,2.618582785129547,2.9935985618624192,-0.012931034482758674,-0.04708188772201538,0.001456353171118252
dnsmos,nisqa_test_livetalk,20270840,local_residual_mondrian_k10,0.9439655172413793,2.7281168062111427,3.0179977992485307,0.004310344827586188,0.06245213335958022,0.025855590557229746
dnsmos,nisqa_test_livetalk,20270840,local_residual_normalized_k10,0.9310344827586207,2.9035720851559446,3.1868105618568863,-0.008620689655172487,0.23790741230438206,0.19466835316558528
dnsmos,nisqa_test_livetalk,20270840,local_residual_mondrian_k25,0.9353448275862069,2.7288068913180252,3.0188284074438028,-0.004310344827586299,0.06314221846646273,0.026686198752501777
dnsmos,nisqa_test_livetalk,20270840,local_residual_normalized_k25,0.9137931034482759,2.734805887668207,3.052979738865138,-0.025862068965517238,0.06914121481664459,0.060837530173837084
dnsmos,nisqa_test_livetalk,20270840,local_residual_mondrian_k50,0.9396551724137931,2.719590289839383,3.0111253014926254,0.0,0.05392561698782039,0.018983092801324375
dnsmos,nisqa_test_livetalk,20270840,local_residual_normalized_k50,0.9267241379310345,2.655968902437064,2.980143793460301,-0.012931034482758674,-0.00969577041449865,-0.011998415230999981
dnsmos,nisqa_test_p501,20270840,mahalanobis_mondrian,0.8541666666666666,2.7090408325195314,3.2605570872624714,0.008333333333333304,0.04337615966796893,-0.02561649481455497
dnsmos,nisqa_test_p501,20270840,predicted_mos_mondrian,0.8458333333333333,2.7434426744778952,3.2481375336647034,0.0,0.07777800162633275,-0.038036048412323
dnsmos,nisqa_test_p501,20270840,mos_extremity_mondrian,0.8291666666666667,2.643869411945343,3.424933584531148,-0.016666666666666607,-0.021795260906219305,0.1387600024541218
dnsmos,nisqa_test_p501,20270840,local_residual_mondrian_k10,0.8458333333333333,2.730664267142614,3.258564118544261,0.0,0.06499959429105129,-0.0276094635327655
dnsmos,nisqa_test_p501,20270840,local_residual_normalized_k10,0.8666666666666667,2.919274180514709,3.546526982927518,0.02083333333333337,0.2536095076631466,0.26035340085049175
dnsmos,nisqa_test_p501,20270840,local_residual_mondrian_k25,0.875,2.739494682351748,3.2455794622500735,0.029166666666666674,0.07383000950018559,-0.040594119826952824
dnsmos,nisqa_test_p501,20270840,local_residual_normalized_k25,0.85,2.7541229004570624,3.3709778512043926,0.004166666666666652,0.08845822760549993,0.08480426912736627
dnsmos,nisqa_test_p501,20270840,local_residual_mondrian_k50,0.85,2.7118476887543994,3.336773133277893,0.004166666666666652,0.04618301590283691,0.05059955120086679
dnsmos,nisqa_test_p501,20270840,local_residual_normalized_k50,0.85,2.7208141722686414,3.269801073251665,0.004166666666666652,0.05514949941707892,-0.016372508825361454
dnsmos,nisqa_val_sim,20270841,mahalanobis_mondrian,0.9096,2.752185474395752,3.129650932312012,0.0015999999999999348,-0.004897941589355526,-0.009918054580688285
dnsmos,nisqa_val_sim,20270841,predicted_mos_mondrian,0.9152,2.8147645093917846,3.1643251668930055,0.007199999999999984,0.05768109340667715,0.024756180000305328
dnsmos,nisqa_val_sim,20270841,mos_extremity_mondrian,0.9112,2.8329345748901367,3.1473981197357177,0.0031999999999999806,0.07585115890502925,0.007829132843017561
dnsmos,nisqa_val_sim,20270841,local_residual_mondrian_k10,0.9168,2.789750659751892,3.1637252672195433,0.008799999999999919,0.03266724376678454,0.024156280326843138
dnsmos,nisqa_val_sim,20270841,local_residual_normalized_k10,0.8864,2.7414234179654615,3.413492540108825,-0.021600000000000064,-0.015659998019645904,0.2739235532161248
dnsmos,nisqa_val_sim,20270841,local_residual_mondrian_k25,0.9056,2.764874816131592,3.139865336608887,-0.0024000000000000687,0.007791400146484495,0.0002963497161867501
dnsmos,nisqa_val_sim,20270841,local_residual_normalized_k25,0.9112,2.760393912903929,3.2481262601818197,0.0031999999999999806,0.0033104969188215705,0.10855727328911957
dnsmos,nisqa_val_sim,20270841,local_residual_mondrian_k50,0.9168,2.758238164138794,3.1345136024475098,0.008799999999999919,0.0011547481536866577,-0.005055384445190381
dnsmos,nisqa_val_sim,20270841,local_residual_normalized_k50,0.8984,2.6780456933580505,3.149561329402932,-0.009600000000000053,-0.07903772262705688,0.009992342510231733
dnsmos,nisqa_train_live,20270841,mahalanobis_mondrian,0.9833333333333333,2.6201689327464384,2.664122066310808,-0.006862745098039302,-0.13691448323866906,-0.11787053510254486
dnsmos,nisqa_train_live,20270841,predicted_mos_mondrian,0.9794117647058823,2.636117043682173,2.698868619694429,-0.010784313725490269,-0.12096637230293439,-0.08312398171892355
dnsmos,nisqa_train_live,20270841,mos_extremity_mondrian,0.9803921568627451,2.705505084523968,2.7533984100117403,-0.009803921568627527,-0.05157833146113955,-0.028594191401612346
dnsmos,nisqa_train_live,20270841,local_residual_mondrian_k10,0.9931372549019608,2.7747045423470293,2.7978480114656334,0.002941176470588225,0.017621126361921924,0.01585541005228075
dnsmos,nisqa_train_live,20270841,local_residual_normalized_k10,0.9754901960784313,2.7276923782997113,2.8395131854948352,-0.014705882352941235,-0.029391037685396082,0.05752058408148253
dnsmos,nisqa_train_live,20270841,local_residual_mondrian_k25,0.9911764705882353,2.7883080075768865,2.816707746187846,0.0009803921568627416,0.03122459159177904,0.03471514477449311
dnsmos,nisqa_train_live,20270841,local_residual_normalized_k25,0.9803921568627451,2.798518833413567,2.869459190412472,-0.009803921568627527,0.04143541742845969,0.0874665889991193
dnsmos,nisqa_train_live,20270841,local_residual_mondrian_k50,0.9901960784313726,2.788176409403483,2.8181491426393097,0.0,0.03109299341837568,0.03615654122595702
dnsmos,nisqa_train_live,20270841,local_residual_normalized_k50,0.9892156862745098,2.722415170785755,2.7683000595589964,-0.0009803921568627416,-0.0346682451993523,-0.01369254185435631
dnsmos,nisqa_val_live,20270841,mahalanobis_mondrian,0.995,2.62650838971138,2.631423615217209,-0.0050000000000000044,-0.13057502627372752,-0.1256598007678984
dnsmos,nisqa_val_live,20270841,predicted_mos_mondrian,0.995,2.6237401115894317,2.631870721578598,-0.0050000000000000044,-0.13334330439567577,-0.1252126944065095
dnsmos,nisqa_val_live,20270841,mos_extremity_mondrian,0.995,2.7097337794303895,2.7135222864151003,-0.0050000000000000044,-0.04734963655471791,-0.04356112957000713
dnsmos,nisqa_val_live,20270841,local_residual_mondrian_k10,0.995,2.7673505532741545,2.7680365431308744,-0.0050000000000000044,0.010267137289047046,0.010953127145767017
dnsmos,nisqa_val_live,20270841,local_residual_normalized_k10,0.98,2.6622524513206383,2.7227496133479754,-0.020000000000000018,-0.09483096466446916,-0.03433380263713204
dnsmos,nisqa_val_live,20270841,local_residual_mondrian_k25,1.0,2.772877757549286,2.772877757549286,0.0,0.01579434156417836,0.01579434156417836
dnsmos,nisqa_val_live,20270841,local_residual_normalized_k25,0.995,2.7767476933493653,2.809443161885794,-0.0050000000000000044,0.01966427736425791,0.052359745900686594
dnsmos,nisqa_val_live,20270841,local_residual_mondrian_k50,0.995,2.8051323771476744,2.8156751871109007,-0.0050000000000000044,0.04804896116256696,0.05859177112579328
dnsmos,nisqa_val_live,20270841,local_residual_normalized_k50,0.995,2.72604294310566,2.747319221967601,-0.0050000000000000044,-0.031040472879447556,-0.009764194017506611
dnsmos,nisqa_test_for,20270841,mahalanobis_mondrian,0.8916666666666667,2.6805859794219336,3.143421678741773,-0.008333333333333304,-0.07649743656317387,-0.07152655820051823
dnsmos,nisqa_test_for,20270841,predicted_mos_mondrian,0.9291666666666667,2.8276544799407324,3.117678522070249,0.029166666666666674,0.07057106395562496,-0.09726971487204228
dnsmos,nisqa_test_for,20270841,mos_extremity_mondrian,0.9416666666666667,2.868783942858378,3.0973866403102877,0.04166666666666663,0.1117005268732707,-0.1175615966320036
dnsmos,nisqa_test_for,20270841,local_residual_mondrian_k10,0.9208333333333333,2.820080308119456,3.226079620917638,0.02083333333333326,0.06299689213434867,0.011131383975346854
dnsmos,nisqa_test_for,20270841,local_residual_normalized_k10,0.9,2.922069046217714,3.4283663562251947,0.0,0.1649856302326067,0.21341811928290344
dnsmos,nisqa_test_for,20270841,local_residual_mondrian_k25,0.9166666666666666,2.8036233047644297,3.224799807866414,0.016666666666666607,0.04653988877932225,0.009851570924122921
dnsmos,nisqa_test_for,20270841,local_residual_normalized_k25,0.9,2.8498058894780667,3.267850181461853,0.0,0.09272247349295926,0.05290194451956154
dnsmos,nisqa_test_for,20270841,local_residual_mondrian_k50,0.9041666666666667,2.7912781059741976,3.1824563066164653,0.004166666666666652,0.03419468998909014,-0.03249193032582598
dnsmos,nisqa_test_for,20270841,local_residual_normalized_k50,0.9,2.7072896867490224,3.2114225615497856,0.0,-0.04979372923608505,-0.0035256753925057005
dnsmos,nisqa_test_livetalk,20270841,mahalanobis_mondrian,0.9353448275862069,2.6171423628412445,2.9837742324533134,-0.008620689655172487,-0.13994105314386296,-0.047897361475846
dnsmos,nisqa_test_livetalk,20270841,predicted_mos_mondrian,0.9396551724137931,2.7011266319916167,2.9693553540213355,-0.004310344827586188,-0.05595678399349069,-0.06231623990782387
dnsmos,nisqa_test_livetalk,20270841,mos_extremity_mondrian,0.9482758620689655,2.763584671349361,2.9809784622027955,0.004310344827586188,0.006501255364253389,-0.050693131726363916
dnsmos,nisqa_test_livetalk,20270841,local_residual_mondrian_k10,0.9482758620689655,2.8104186869900802,3.0668946679296165,0.004310344827586188,0.05333527100497282,0.0352230740004571
dnsmos,nisqa_test_livetalk,20270841,local_residual_normalized_k10,0.9051724137931034,2.895995559798863,3.237585032011429,-0.03879310344827591,0.1389121438137555,0.2059134380822698
dnsmos,nisqa_test_livetalk,20270841,local_residual_mondrian_k25,0.9482758620689655,2.8077371264326163,3.044797839789555,0.004310344827586188,0.05065371044750888,0.013126245860395791
dnsmos,nisqa_test_livetalk,20270841,local_residual_normalized_k25,0.9267241379310345,2.877184017415317,3.1727186325842824,-0.017241379310344862,0.12010060143020951,0.14104703865512302
dnsmos,nisqa_test_livetalk,20270841,local_residual_mondrian_k50,0.9482758620689655,2.806947229237392,3.0880993686873337,0.004310344827586188,0.049863813252284395,0.05642777475817429
dnsmos,nisqa_test_livetalk,20270841,local_residual_normalized_k50,0.9181034482758621,2.7239934615069,3.079509552759389,-0.025862068965517238,-0.033089954478207506,0.04783795883022979
dnsmos,nisqa_test_p501,20270841,mahalanobis_mondrian,0.8708333333333333,2.747767132520676,3.266726843516032,0.004166666666666652,-0.009316283464431585,0.022198023398717126
dnsmos,nisqa_test_p501,20270841,predicted_mos_mondrian,0.8791666666666667,2.834966093301773,3.228680650393168,0.012499999999999956,0.07788267731666565,-0.01584816972414682
dnsmos,nisqa_test_p501,20270841,mos_extremity_mondrian,0.8791666666666667,2.850025564432144,3.23656173547109,0.012499999999999956,0.09294214844703674,-0.007967084646224976
dnsmos,nisqa_test_p501,20270841,local_residual_mondrian_k10,0.8916666666666667,2.7988944550355277,3.2285334169864655,0.025000000000000022,0.04181103905042027,-0.01599540313084935
dnsmos,nisqa_test_p501,20270841,local_residual_normalized_k10,0.875,2.8333429571375253,3.404274316703879,0.008333333333333304,0.07625954115241784,0.15974549658656434
dnsmos,nisqa_test_p501,20270841,local_residual_mondrian_k25,0.875,2.7754192372163136,3.252659273147583,0.008333333333333304,0.01833582123120614,0.00813045303026838
dnsmos,nisqa_test_p501,20270841,local_residual_normalized_k25,0.8791666666666667,2.792072246241517,3.3473248068469315,0.012499999999999956,0.03498883025640964,0.10279598672961665
dnsmos,nisqa_test_p501,20270841,local_residual_mondrian_k50,0.8875,2.810557510455449,3.3027186751365663,0.02083333333333326,0.05347409447034179,0.058189855019251446
dnsmos,nisqa_test_p501,20270841,local_residual_normalized_k50,0.8458333333333333,2.713831402652622,3.3934251828429685,-0.02083333333333337,-0.04325201333248563,0.14889636272565365
dnsmos,nisqa_val_sim,20270842,mahalanobis_mondrian,0.9032,2.760749485397339,3.1689992069244384,-0.00880000000000003,-0.029130790328979472,0.000549106979370162
dnsmos,nisqa_val_sim,20270842,predicted_mos_mondrian,0.904,2.7729692041397094,3.150301563453674,-0.008000000000000007,-0.016911071586608983,-0.01814853649139403
dnsmos,nisqa_val_sim,20270842,mos_extremity_mondrian,0.904,2.7658713886260986,3.159033225250244,-0.008000000000000007,-0.024008887100219756,-0.009416874694823996
dnsmos,nisqa_val_sim,20270842,local_residual_mondrian_k10,0.9048,2.7486236909866335,3.1602566942214967,-0.007199999999999984,-0.041256584739684854,-0.008193405723571523
dnsmos,nisqa_val_sim,20270842,local_residual_normalized_k10,0.9056,2.8990557130210095,3.390762778199864,-0.006400000000000072,0.10917543729469115,0.22231267825479595
dnsmos,nisqa_val_sim,20270842,local_residual_mondrian_k25,0.9064,2.7507497215270997,3.1680087451934815,-0.005600000000000049,-0.039130554199218626,-0.0004413547515866867
dnsmos,nisqa_val_sim,20270842,local_residual_normalized_k25,0.912,2.792902017638324,3.242535973036118,0.0,0.003021741912005549,0.07408587309104986
dnsmos,nisqa_val_sim,20270842,local_residual_mondrian_k50,0.8984,2.7151014274597167,3.1502722324371337,-0.013600000000000056,-0.07477884826660164,-0.018177867507934486
dnsmos,nisqa_val_sim,20270842,local_residual_normalized_k50,0.9024,2.737953135193397,3.166575445290529,-0.009600000000000053,-0.051927140532921356,-0.0018746546545393983
dnsmos,nisqa_train_live,20270842,mahalanobis_mondrian,0.984313725490196,2.659724135024875,2.6933914983973786,-0.005882352941176561,-0.13015614070144332,-0.1181825843511839
dnsmos,nisqa_train_live,20270842,predicted_mos_mondrian,0.9794117647058823,2.609938236545114,2.6603815188594893,-0.010784313725490269,-0.17994203918120455,-0.1511925638890732
dnsmos,nisqa_train_live,20270842,mos_extremity_mondrian,0.9803921568627451,2.660122205696854,2.706917604278116,-0.009803921568627527,-0.12975807002946427,-0.10465647847044668
dnsmos,nisqa_train_live,20270842,local_residual_mondrian_k10,0.9901960784313726,2.7099030948152727,2.7360258027619007,0.0,-0.07997718091104566,-0.0755482799866618
dnsmos,nisqa_train_live,20270842,local_residual_normalized_k10,0.9774509803921568,2.697905296867151,2.7708038303832034,-0.012745098039215752,-0.0919749788591675,-0.04077025236535903
dnsmos,nisqa_train_live,20270842,local_residual_mondrian_k25,0.9882352941176471,2.712647272091286,2.739354970408421,-0.0019607843137254832,-0.07723300363503238,-0.07221911234014167
dnsmos,nisqa_train_live,20270842,local_residual_normalized_k25,0.9823529411764705,2.6215637605717714,2.6767890035085946,-0.007843137254902044,-0.16831651515454693,-0.13478507923996785
dnsmos,nisqa_train_live,20270842,local_residual_mondrian_k50,0.9862745098039216,2.6445631345113116,2.692900972740323,-0.0039215686274509665,-0.14531714121500672,-0.11867311000823966
dnsmos,nisqa_train_live,20270842,local_residual_normalized_k50,0.9823529411764705,2.602204359729466,2.6596956732868615,-0.007843137254902044,-0.18767591599685218,-0.15187840946170095
dnsmos,nisqa_val_live,20270842,mahalanobis_mondrian,0.995,2.6773457074165345,2.6802358293533324,-0.0050000000000000044,-0.11253456830978381,-0.10964444637298598
dnsmos,nisqa_val_live,20270842,predicted_mos_mondrian,0.995,2.617245169878006,2.621135410070419,-0.0050000000000000044,-0.17263510584831243,-0.1687448656558992
dnsmos,nisqa_val_live,20270842,mos_extremity_mondrian,0.995,2.683437249660492,2.687327489852905,-0.0050000000000000044,-0.10644302606582645,-0.10255278587341321
dnsmos,nisqa_val_live,20270842,local_residual_mondrian_k10,0.995,2.7068360459804537,2.7074827682971954,-0.0050000000000000044,-0.08304422974586467,-0.082397507429123
dnsmos,nisqa_val_live,20270842,local_residual_normalized_k10,0.99,2.651525097904507,2.698276691197321,-0.010000000000000009,-0.13835517782181128,-0.0916035845289973
dnsmos,nisqa_val_live,20270842,local_residual_mondrian_k25,1.0,2.7167359924316408,2.7167359924316408,0.0,-0.07314428329467759,-0.07314428329467759
dnsmos,nisqa_val_live,20270842,local_residual_normalized_k25,0.995,2.6294389600727,2.6546614051137833,-0.0050000000000000044,-0.1604413156536184,-0.135218870612535
dnsmos,nisqa_val_live,20270842,local_residual_mondrian_k50,0.995,2.6294177877902984,2.6434374797344207,-0.0050000000000000044,-0.16046248793601992,-0.1464427959918977
dnsmos,nisqa_val_live,20270842,local_residual_normalized_k50,0.995,2.5916273523718574,2.614266124026269,-0.0050000000000000044,-0.19825292335446099,-0.17561415170004935
dnsmos,nisqa_test_for,20270842,mahalanobis_mondrian,0.8833333333333333,2.711893302202225,3.19006054798762,-0.02083333333333337,-0.07798697352409345,-0.024938670794169226
dnsmos,nisqa_test_for,20270842,predicted_mos_mondrian,0.9041666666666667,2.7391062319278716,3.1195168435573577,0.0,-0.050774043798446744,-0.09548237522443159
dnsmos,nisqa_test_for,20270842,mos_extremity_mondrian,0.9,2.757085390885671,3.2142931699752806,-0.004166666666666652,-0.03279488484064741,-0.0007060488065087078
dnsmos,nisqa_test_for,20270842,local_residual_mondrian_k10,0.8916666666666667,2.7453453719615935,3.183670260508855,-0.012499999999999956,-0.04453490376472491,-0.03132895827293414
dnsmos,nisqa_test_for,20270842,local_residual_normalized_k10,0.9,2.9013853999813524,3.298857272290334,-0.004166666666666652,0.111505124255034,0.08385805350854492
dnsmos,nisqa_test_for,20270842,local_residual_mondrian_k25,0.8875,2.749005202452342,3.165765478213628,-0.01666666666666672,-0.04087507327397644,-0.0492337405681611
dnsmos,nisqa_test_for,20270842,local_residual_normalized_k25,0.9125,2.796312750309091,3.213388738222331,0.008333333333333304,0.006432474582772851,-0.0016104805594583382
dnsmos,nisqa_test_for,20270842,local_residual_mondrian_k50,0.9041666666666667,2.7217213799556097,3.1636870096127194,0.0,-0.06815889577070866,-0.05131220916906987
dnsmos,nisqa_test_for,20270842,local_residual_normalized_k50,0.9041666666666667,2.7127860664650187,3.177067503768668,0.0,-0.07709420926129962,-0.03793171501312109
dnsmos,nisqa_test_livetalk,20270842,mahalanobis_mondrian,0.9396551724137931,2.652831426982222,2.9896888547930223,-0.004310344827586188,-0.1370488487440964,-0.05640204816029026
dnsmos,nisqa_test_livetalk,20270842,predicted_mos_mondrian,0.9482758620689655,2.669482075962527,2.9625314052762657,0.004310344827586188,-0.12039819976379151,-0.08355949767704685
dnsmos,nisqa_test_livetalk,20270842,mos_extremity_mondrian,0.9482758620689655,2.694486652982646,2.986298178804332,0.004310344827586188,-0.09539362274367225,-0.059792724148980625
dnsmos,nisqa_test_livetalk,20270842,local_residual_mondrian_k10,0.9482758620689655,2.7292870622256706,3.002975775250073,0.004310344827586188,-0.060593213500647725,-0.04311512770323933
dnsmos,nisqa_test_livetalk,20270842,local_residual_normalized_k10,0.9181034482758621,2.748477592325761,3.0757458037495438,-0.025862068965517238,-0.041402683400557194,0.02965490079623123
dnsmos,nisqa_test_livetalk,20270842,local_residual_mondrian_k25,0.9439655172413793,2.7385282208179604,3.0248477952233674,0.0,-0.051352054908357925,-0.021243107729945088
dnsmos,nisqa_test_livetalk,20270842,local_residual_normalized_k25,0.9181034482758621,2.6772990421738254,3.0555701742008354,-0.025862068965517238,-0.11258123355249294,0.009479271247522902
dnsmos,nisqa_test_livetalk,20270842,local_residual_mondrian_k50,0.9353448275862069,2.686341827285701,2.99858305063741,-0.008620689655172487,-0.10353844844061744,-0.04750785231590271
dnsmos,nisqa_test_livetalk,20270842,local_residual_normalized_k50,0.9224137931034483,2.6487709835560738,2.9967389213629194,-0.02155172413793105,-0.1411092921702446,-0.04935198159039311
dnsmos,nisqa_test_p501,20270842,mahalanobis_mondrian,0.8791666666666667,2.755936634540558,3.256419461965561,0.008333333333333304,-0.03394364118576032,0.02147065798441572
dnsmos,nisqa_test_p501,20270842,predicted_mos_mondrian,0.8583333333333333,2.790262047449748,3.2461132148901624,-0.012500000000000067,0.0003817717234295692,0.011164410909016986
dnsmos,nisqa_test_p501,20270842,mos_extremity_mondrian,0.85,2.7710688134034474,3.259177925189336,-0.02083333333333337,-0.01881146232287101,0.02422912120819065
dnsmos,nisqa_test_p501,20270842,local_residual_mondrian_k10,0.8666666666666667,2.7678382486104964,3.2450755725304288,-0.004166666666666652,-0.022042027115821927,0.010126768549283405
dnsmos,nisqa_test_p501,20270842,local_residual_normalized_k10,0.8708333333333333,2.983578040816137,3.525383569381044,0.0,0.19369776508981884,0.29043476539989843
dnsmos,nisqa_test_p501,20270842,local_residual_mondrian_k25,0.8708333333333333,2.7797687033812206,3.2212919771671293,0.0,-0.010111572345097741,-0.013656826814016032
dnsmos,nisqa_test_p501,20270842,local_residual_normalized_k25,0.8875,2.88818140449265,3.3734938693229073,0.016666666666666607,0.09830112876633157,0.13854506534176192
dnsmos,nisqa_test_p501,20270842,local_residual_mondrian_k50,0.8583333333333333,2.775194482008616,3.270268217722575,-0.012500000000000067,-0.014685793717702289,0.03531941374142944
dnsmos,nisqa_test_p501,20270842,local_residual_normalized_k50,0.8666666666666667,2.8225493977366605,3.305214344294483,-0.004166666666666652,0.03266912201034211,0.07026554031333765
dnsmos,nisqa_val_sim,20270843,mahalanobis_mondrian,0.904,2.7753432081222535,3.1988975980758667,0.01760000000000006,0.062234191703796515,0.008267623710632499
dnsmos,nisqa_val_sim,20270843,predicted_mos_mondrian,0.9016,2.763725199508667,3.1759061878204347,0.015199999999999991,0.050616183090209876,-0.014723786544799555
dnsmos,nisqa_val_sim,20270843,mos_extremity_mondrian,0.8896,2.786748576927185,3.178232911872864,0.0031999999999999806,0.07363956050872789,-0.012397062492370381
dnsmos,nisqa_val_sim,20270843,local_residual_mondrian_k10,0.8992,2.7572552516937257,3.1981771896362305,0.012800000000000034,0.04414623527526862,0.0075472152709963325
dnsmos,nisqa_val_sim,20270843,local_residual_normalized_k10,0.9104,2.9620181426789087,3.3661369972369166,0.02400000000000002,0.2489091262604517,0.1755070228716824
dnsmos,nisqa_val_sim,20270843,local_residual_mondrian_k25,0.896,2.7528949645996095,3.1947558406829835,0.009600000000000053,0.03978594818115244,0.004125866317749249
dnsmos,nisqa_val_sim,20270843,local_residual_normalized_k25,0.8968,2.7500932525982122,3.2230097606913137,0.010400000000000076,0.036984236179755214,0.03237978632607952
dnsmos,nisqa_val_sim,20270843,local_residual_mondrian_k50,0.8992,2.748638458251953,3.1836501846313476,0.012800000000000034,0.035529441833495934,-0.006979789733886577
dnsmos,nisqa_val_sim,20270843,local_residual_normalized_k50,0.9008,2.6933581750634885,3.1707510761306237,0.01440000000000008,-0.019750841354968518,-0.01987889823461053
dnsmos,nisqa_train_live,20270843,mahalanobis_mondrian,0.9862745098039216,2.6380075230317956,2.6791310908747654,-0.0039215686274509665,-0.07510149338666139,-0.06319832661572633
dnsmos,nisqa_train_live,20270843,predicted_mos_mondrian,0.9794117647058823,2.6682603429345524,2.7255765269784367,-0.010784313725490269,-0.044848673483904644,-0.016752890512055085
dnsmos,nisqa_train_live,20270843,mos_extremity_mondrian,0.9794117647058823,2.640724938056048,2.704080447028665,-0.010784313725490269,-0.07238407836240901,-0.03824897046182674
dnsmos,nisqa_train_live,20270843,local_residual_mondrian_k10,0.9892156862745098,2.7550013939539593,2.784831793635499,-0.0009803921568627416,0.041892377535502234,0.0425023761450074
dnsmos,nisqa_train_live,20270843,local_residual_normalized_k10,0.9921568627450981,2.96403455648553,2.9918648737297797,0.0019607843137254832,0.2509255400670729,0.24953545623928797
dnsmos,nisqa_train_live,20270843,local_residual_mondrian_k25,0.9892156862745098,2.7324563699610094,2.7566873971153707,-0.0009803921568627416,0.019347353542552348,0.014357979624878947
dnsmos,nisqa_train_live,20270843,local_residual_normalized_k25,0.9892156862745098,2.7567737322091683,2.784325557301602,-0.0009803921568627416,0.043664715790711295,0.04199613981111039
dnsmos,nisqa_train_live,20270843,local_residual_mondrian_k50,0.9901960784313726,2.7457007094925525,2.7690032061408547,0.0,0.032591693074095485,0.026673788650362962
dnsmos,nisqa_train_live,20270843,local_residual_normalized_k50,0.9901960784313726,2.668567583176215,2.694722675823388,0.0,-0.044541433242242245,-0.04760674166710377
dnsmos,nisqa_val_live,20270843,mahalanobis_mondrian,0.995,2.6349608373641966,2.636108500957489,-0.0050000000000000044,-0.07814817905426041,-0.07700051546096809
dnsmos,nisqa_val_live,20270843,predicted_mos_mondrian,0.995,2.705955889225006,2.714281358718872,-0.0050000000000000044,-0.00715312719345107,0.0011723423004150746
dnsmos,nisqa_val_live,20270843,mos_extremity_mondrian,0.995,2.642315158843994,2.65044576883316,-0.0050000000000000044,-0.0707938575744631,-0.06266324758529684
dnsmos,nisqa_val_live,20270843,local_residual_mondrian_k10,1.0,2.7517140316963196,2.7517140316963196,0.0,0.03860501527786253,0.03860501527786253
dnsmos,nisqa_val_live,20270843,local_residual_normalized_k10,0.995,2.996098507924121,3.0010840258437086,-0.0050000000000000044,0.2829894915056639,0.28797500942525156
dnsmos,nisqa_val_live,20270843,local_residual_mondrian_k25,1.0,2.7523831224441526,2.7523831224441526,0.0,0.03927410602569559,0.03927410602569559
dnsmos,nisqa_val_live,20270843,local_residual_normalized_k25,0.995,2.766481266243113,2.7731629419030255,-0.0050000000000000044,0.05337224982465605,0.06005392548456845
dnsmos,nisqa_val_live,20270843,local_residual_mondrian_k50,1.0,2.7432635378837587,2.7432635378837587,0.0,0.03015452146530162,0.03015452146530162
dnsmos,nisqa_val_live,20270843,local_residual_normalized_k50,0.995,2.6646583507442205,2.6747846956713346,-0.0050000000000000044,-0.048450665674236504,-0.03832432074712244
dnsmos,nisqa_test_for,20270843,mahalanobis_mondrian,0.8833333333333333,2.6895821024974187,3.170897576212883,-0.01666666666666672,-0.02352691392103834,-0.04405066072940844
dnsmos,nisqa_test_for,20270843,predicted_mos_mondrian,0.9125,2.766776126623154,3.1724328815937044,0.012499999999999956,0.05366711020469683,-0.04251535534858686
dnsmos,nisqa_test_for,20270843,mos_extremity_mondrian,0.9208333333333333,2.801651632785797,3.107450044155121,0.02083333333333326,0.08854261636734018,-0.10749819278717032
dnsmos,nisqa_test_for,20270843,local_residual_mondrian_k10,0.8875,2.7388392349084216,3.2444309651851655,-0.012500000000000067,0.025730218489964596,0.029482728242874234
dnsmos,nisqa_test_for,20270843,local_residual_normalized_k10,0.9208333333333333,2.8996500746785543,3.388751414090831,0.02083333333333326,0.18654105826009726,0.17380317714853977
dnsmos,nisqa_test_for,20270843,local_residual_mondrian_k25,0.9041666666666667,2.7472232739130655,3.193886961539586,0.004166666666666652,0.0341142574946085,-0.021061275402705082
dnsmos,nisqa_test_for,20270843,local_residual_normalized_k25,0.9208333333333333,2.7305329402175063,3.200523191207557,0.02083333333333326,0.017423923799049224,-0.014425045734734354
dnsmos,nisqa_test_for,20270843,local_residual_mondrian_k50,0.8958333333333334,2.7499910930792493,3.194237732887268,-0.004166666666666652,0.03688207666079224,-0.020710504055023282
dnsmos,nisqa_test_for,20270843,local_residual_normalized_k50,0.8958333333333334,2.695961103061122,3.1455279767357793,-0.004166666666666652,-0.01714791335733512,-0.06942026020651193
dnsmos,nisqa_test_livetalk,20270843,mahalanobis_mondrian,0.9353448275862069,2.6432342005187066,2.985446735702712,-0.008620689655172487,-0.06987481589975042,-0.02689128600317847
dnsmos,nisqa_test_livetalk,20270843,predicted_mos_mondrian,0.9353448275862069,2.6978761266017783,2.9700022730334052,-0.008620689655172487,-0.015232889816678696,-0.04233574867248535
dnsmos,nisqa_test_livetalk,20270843,mos_extremity_mondrian,0.9353448275862069,2.691136044674906,2.9604902771012536,-0.008620689655172487,-0.02197297174355084,-0.051847744604637036
dnsmos,nisqa_test_livetalk,20270843,local_residual_mondrian_k10,0.9482758620689655,2.7525512206143348,3.0222737480854165,0.004310344827586188,0.03944220419587774,0.009935726379525889
dnsmos,nisqa_test_livetalk,20270843,local_residual_normalized_k10,0.9224137931034483,2.885348528887617,3.23672243667436,-0.02155172413793105,0.1722395124691598,0.2243844149684695
dnsmos,nisqa_test_livetalk,20270843,local_residual_mondrian_k25,0.9439655172413793,2.732922808877353,3.0445479257353423,0.0,0.019813792458895918,0.032209904029451675
dnsmos,nisqa_test_livetalk,20270843,local_residual_normalized_k25,0.9396551724137931,2.699337557896894,3.0611115754965175,-0.004310344827586188,-0.01377145852156314,0.04877355379062687
dnsmos,nisqa_test_livetalk,20270843,local_residual_mondrian_k50,0.9439655172413793,2.7455204088112404,3.0355551715554863,0.0,0.032411392392783345,0.023217149849595664
dnsmos,nisqa_test_livetalk,20270843,local_residual_normalized_k50,0.9353448275862069,2.6511473096812783,3.0015079521542294,-0.008620689655172487,-0.06196170673717871,-0.010830069551661214
dnsmos,nisqa_test_p501,20270843,mahalanobis_mondrian,0.875,2.760724949836731,3.295652387539546,0.02083333333333337,0.04761593341827375,0.03278795679410296
dnsmos,nisqa_test_p501,20270843,predicted_mos_mondrian,0.8708333333333333,2.7650301535924275,3.258023597796758,0.01666666666666672,0.05192113717397051,-0.00484083294868487
dnsmos,nisqa_test_p501,20270843,mos_extremity_mondrian,0.8541666666666666,2.788112539052963,3.251147456963857,0.0,0.07500352263450605,-0.011716973781585871
dnsmos,nisqa_test_p501,20270843,local_residual_mondrian_k10,0.875,2.7636858999729155,3.2857493539651235,0.02083333333333337,0.05057688355445844,0.02288492321968061
dnsmos,nisqa_test_p501,20270843,local_residual_normalized_k10,0.8958333333333334,3.0155265537740568,3.454117079190857,0.04166666666666674,0.30241753735559973,0.19125264844541423
dnsmos,nisqa_test_p501,20270843,local_residual_mondrian_k25,0.8833333333333333,2.7622159739335377,3.2553433100382487,0.029166666666666674,0.04910695751508065,-0.007521120707194129
dnsmos,nisqa_test_p501,20270843,local_residual_normalized_k25,0.8708333333333333,2.768270536104109,3.220020850371124,0.01666666666666672,0.05516151968565186,-0.04284358037431879
dnsmos,nisqa_test_p501,20270843,local_residual_mondrian_k50,0.8666666666666667,2.7587660868962605,3.224346093336741,0.012500000000000067,0.04565707047780343,-0.0385183374087017
dnsmos,nisqa_test_p501,20270843,local_residual_normalized_k50,0.8708333333333333,2.690553897053591,3.164808573627324,0.01666666666666672,-0.022555119364866094,-0.0980558571181187
dnsmos,nisqa_val_sim,20270844,mahalanobis_mondrian,0.8856,2.673776321411133,3.2247355480194093,-0.016799999999999926,-0.07445795059204086,0.04844443511962915
dnsmos,nisqa_val_sim,20270844,predicted_mos_mondrian,0.8936,2.6826131343841553,3.2024008140563964,-0.00880000000000003,-0.06562113761901855,0.02610970115661626
dnsmos,nisqa_val_sim,20270844,mos_extremity_mondrian,0.8816,2.7111603723526,3.205692743873596,-0.02079999999999993,-0.03707389965057395,0.029401630973815873
dnsmos,nisqa_val_sim,20270844,local_residual_mondrian_k10,0.8984,2.7073343074798584,3.1634468200683594,-0.0040000000000000036,-0.04089996452331546,-0.012844292831420745
dnsmos,nisqa_val_sim,20270844,local_residual_normalized_k10,0.8976,2.798341394758545,3.317830566088398,-0.0048000000000000265,0.050107122755371325,0.14153945318861805
dnsmos,nisqa_val_sim,20270844,local_residual_mondrian_k25,0.8928,2.7167204124450683,3.2059779941558837,-0.009599999999999942,-0.031513859558105484,0.029686881256103526
dnsmos,nisqa_val_sim,20270844,local_residual_normalized_k25,0.8904,2.704864669188863,3.2511816290884714,-0.01200000000000001,-0.04336960281431068,0.07489051618869125
dnsmos,nisqa_val_sim,20270844,local_residual_mondrian_k50,0.8912,2.7376847455978393,3.2574185388565065,-0.011199999999999988,-0.010549526405334575,0.08112742595672628
dnsmos,nisqa_val_sim,20270844,local_residual_normalized_k50,0.8856,2.695076683022208,3.2202260485933003,-0.016799999999999926,-0.0531575889809659,0.04393493569352014
dnsmos,nisqa_train_live,20270844,mahalanobis_mondrian,0.9696078431372549,2.4312262955833885,2.5317918132333195,-0.020588235294117685,-0.3170079764197853,-0.2422192073335836
dnsmos,nisqa_train_live,20270844,predicted_mos_mondrian,0.9627450980392157,2.3351693536721023,2.480117801123974,-0.027450980392156876,-0.4130649183310715,-0.2938932194429289
dnsmos,nisqa_train_live,20270844,mos_extremity_mondrian,0.9676470588235294,2.4737985802631752,2.6009944574505677,-0.022549019607843168,-0.2744356917399986,-0.1730165631163354
dnsmos,nisqa_train_live,20270844,local_residual_mondrian_k10,0.9882352941176471,2.730935265971165,2.764285270840514,-0.0019607843137254832,-0.017299006032008624,-0.009725749726388955
dnsmos,nisqa_train_live,20270844,local_residual_normalized_k10,0.984313725490196,3.0162719565011353,3.0884397766116547,-0.005882352941176561,0.2680376844979615,0.3144287560447516
dnsmos,nisqa_train_live,20270844,local_residual_mondrian_k25,0.9872549019607844,2.768307115049923,2.8023094612009385,-0.002941176470588225,0.020072843046749167,0.028298440634035416
dnsmos,nisqa_train_live,20270844,local_residual_normalized_k25,0.9852941176470589,2.893635525352112,2.937258811972021,-0.004901960784313708,0.1454012533489384,0.16324779140511803
dnsmos,nisqa_train_live,20270844,local_residual_mondrian_k50,0.9892156862745098,2.761314642429352,2.7978700144618167,-0.0009803921568627416,0.013080370426178156,0.023858993894913638
dnsmos,nisqa_train_live,20270844,local_residual_normalized_k50,0.9901960784313726,2.8464698651389426,2.8691184867218693,0.0,0.0982355931357688,0.09510746615496624
dnsmos,nisqa_val_live,20270844,mahalanobis_mondrian,0.99,2.456072630882263,2.481424286365509,-0.010000000000000009,-0.2921616411209107,-0.26680998563766467
dnsmos,nisqa_val_live,20270844,predicted_mos_mondrian,0.985,2.339307420253754,2.3664243030548096,-0.015000000000000013,-0.40892685174942,-0.3818099689483643
dnsmos,nisqa_val_live,20270844,mos_extremity_mondrian,0.985,2.5138282012939452,2.5409450840950014,-0.015000000000000013,-0.2344060707092286,-0.2072891879081724
dnsmos,nisqa_val_live,20270844,local_residual_mondrian_k10,1.0,2.7254667711257934,2.7254667711257934,0.0,-0.022767500877380442,-0.022767500877380442
dnsmos,nisqa_val_live,20270844,local_residual_normalized_k10,0.995,2.998841106414769,3.0144653334852536,-0.0050000000000000044,0.25060683441159526,0.26623106148207976
dnsmos,nisqa_val_live,20270844,local_residual_mondrian_k25,1.0,2.7576804780960082,2.7576804780960082,0.0,0.00944620609283442,0.00944620609283442
dnsmos,nisqa_val_live,20270844,local_residual_normalized_k25,1.0,2.88804297085013,2.88804297085013,0.0,0.13980869884695624,0.13980869884695624
dnsmos,nisqa_val_live,20270844,local_residual_mondrian_k50,1.0,2.7663905584812163,2.7663905584812163,0.0,0.01815628647804246,0.01815628647804246
dnsmos,nisqa_val_live,20270844,local_residual_normalized_k50,1.0,2.845697225720347,2.845697225720347,0.0,0.09746295371717295,0.09746295371717295
dnsmos,nisqa_test_for,20270844,mahalanobis_mondrian,0.8666666666666667,2.549453353881836,3.14144607981046,-0.033333333333333326,-0.1987809181213378,-0.07350215713183106
dnsmos,nisqa_test_for,20270844,predicted_mos_mondrian,0.8666666666666667,2.6146216054757434,3.140573060512543,-0.033333333333333326,-0.13361266652743042,-0.07437517642974845
dnsmos,nisqa_test_for,20270844,mos_extremity_mondrian,0.9,2.713515956203143,3.0609076609214148,0.0,-0.03471831580003082,-0.1540405760208765
dnsmos,nisqa_test_for,20270844,local_residual_mondrian_k10,0.9041666666666667,2.736674976348877,3.1835381309191386,0.004166666666666652,-0.011559295654296697,-0.03141010602315264
dnsmos,nisqa_test_for,20270844,local_residual_normalized_k10,0.925,2.939360312545504,3.2939717578157515,0.025000000000000022,0.19112604054233007,0.0790235208734602
dnsmos,nisqa_test_for,20270844,local_residual_mondrian_k25,0.8916666666666667,2.75289968252182,3.2613811751206714,-0.008333333333333304,0.004665410518646329,0.04643293817838012
dnsmos,nisqa_test_for,20270844,local_residual_normalized_k25,0.9041666666666667,2.816278432849119,3.271319626508111,0.004166666666666652,0.068044160845945,0.05637138956581955
dnsmos,nisqa_test_for,20270844,local_residual_mondrian_k50,0.8958333333333334,2.740448821584384,3.1473133653402328,-0.004166666666666652,-0.007785450418789974,-0.0676348716020585
dnsmos,nisqa_test_for,20270844,local_residual_normalized_k50,0.875,2.7501748324111457,3.271143302198693,-0.025000000000000022,0.0019405604079718586,0.05619506525640183
dnsmos,nisqa_test_livetalk,20270844,mahalanobis_mondrian,0.8706896551724138,2.4098452596828857,3.012499642783198,-0.07327586206896552,-0.3383890123202882,-0.015281379222869873
dnsmos,nisqa_test_livetalk,20270844,predicted_mos_mondrian,0.9094827586206896,2.4645419655175043,2.9595545427552583,-0.034482758620689724,-0.28369230648566957,-0.06822647925080938
dnsmos,nisqa_test_livetalk,20270844,mos_extremity_mondrian,0.9094827586206896,2.5629813311428857,2.9595727663615654,-0.034482758620689724,-0.1852529408602881,-0.06820825564450228
dnsmos,nisqa_test_livetalk,20270844,local_residual_mondrian_k10,0.9439655172413793,2.728659076937314,3.0106365454607995,0.0,-0.01957519506586003,-0.017144476545268184
dnsmos,nisqa_test_livetalk,20270844,local_residual_normalized_k10,0.9181034482758621,2.9598885456865616,3.3140247855734084,-0.025862068965517238,0.21165427368338774,0.2862437635673407
dnsmos,nisqa_test_livetalk,20270844,local_residual_mondrian_k25,0.9396551724137931,2.7755689477098398,3.0266585904976417,-0.004310344827586188,0.027334675706665923,-0.0011224315084259473
dnsmos,nisqa_test_livetalk,20270844,local_residual_normalized_k25,0.9353448275862069,2.852484695953343,3.1457134461773517,-0.008620689655172487,0.10425042395016915,0.11793242417128402
dnsmos,nisqa_test_livetalk,20270844,local_residual_mondrian_k50,0.9310344827586207,2.760249816138169,3.0397527053438385,-0.012931034482758674,0.01201554413499517,0.011971683337770767
dnsmos,nisqa_test_livetalk,20270844,local_residual_normalized_k50,0.9482758620689655,2.8031979693054363,3.0558653846104686,0.004310344827586188,0.05496369730226247,0.028084362604400948
dnsmos,nisqa_test_p501,20270844,mahalanobis_mondrian,0.8625,2.6570927500724792,3.3310301303863525,0.004166666666666763,-0.09114152193069458,0.0829642117023468
dnsmos,nisqa_test_p501,20270844,predicted_mos_mondrian,0.825,2.715002918243408,3.446573301156362,-0.033333333333333326,-0.033231353759765714,0.19850738247235622
dnsmos,nisqa_test_p501,20270844,mos_extremity_mondrian,0.8541666666666666,2.736074632406235,3.325147445996602,-0.004166666666666652,-0.012159639596938998,0.07708152731259643
dnsmos,nisqa_test_p501,20270844,local_residual_mondrian_k10,0.8666666666666667,2.74403444925944,3.2267562647660575,0.008333333333333415,-0.004199822743733872,-0.021309653917948257
dnsmos,nisqa_test_p501,20270844,local_residual_normalized_k10,0.8958333333333334,2.9280220785968187,3.3616082538252443,0.03750000000000009,0.1797878065936449,0.11354233514123857
dnsmos,nisqa_test_p501,20270844,local_residual_mondrian_k25,0.8791666666666667,2.8039351105690002,3.3098707497119904,0.02083333333333337,0.055700838565826416,0.06180483102798462
dnsmos,nisqa_test_p501,20270844,local_residual_normalized_k25,0.8875,2.8028353797762464,3.2327133851998338,0.029166666666666674,0.05460110777307259,-0.015352533484171982
dnsmos,nisqa_test_p501,20270844,local_residual_mondrian_k50,0.8666666666666667,2.808052482207616,3.3241391599178316,0.008333333333333415,0.059818210204442224,0.07607324123382586
dnsmos,nisqa_test_p501,20270844,local_residual_normalized_k50,0.8833333333333333,2.758834557245313,3.24516348369862,0.025000000000000022,0.010600285242138963,-0.0029024349853856712
dnsmos,nisqa_val_sim,20270845,mahalanobis_mondrian,0.9192,2.752747815322876,3.135074765396118,0.00880000000000003,0.028455060195923032,0.006691436004638618
dnsmos,nisqa_val_sim,20270845,predicted_mos_mondrian,0.9192,2.7752702211380007,3.1337539113998414,0.00880000000000003,0.05097746601104758,0.005370582008362046
dnsmos,nisqa_val_sim,20270845,mos_extremity_mondrian,0.9176,2.800579165649414,3.133521241378784,0.007199999999999984,0.07628641052246099,0.005137911987304733
dnsmos,nisqa_val_sim,20270845,local_residual_mondrian_k10,0.9136,2.7584720195770265,3.1504708503723147,0.0031999999999999806,0.034179264450073354,0.02208752098083533
dnsmos,nisqa_val_sim,20270845,local_residual_normalized_k10,0.9064,2.8362010333921375,3.347877108489426,-0.0040000000000000036,0.11190827826518435,0.21949377909794654
dnsmos,nisqa_val_sim,20270845,local_residual_mondrian_k25,0.9208,2.7241008222579954,3.1303139780044558,0.010399999999999965,-0.00019193286895768935,0.0019306486129764266
dnsmos,nisqa_val_sim,20270845,local_residual_normalized_k25,0.916,2.7394204106603146,3.188828791565112,0.005600000000000049,0.015127655533361484,0.06044546217363278
dnsmos,nisqa_val_sim,20270845,local_residual_mondrian_k50,0.9096,2.7262877336502074,3.1580049348831176,-0.0008000000000000229,0.001994978523254254,0.02962160549163828
dnsmos,nisqa_val_sim,20270845,local_residual_normalized_k50,0.8984,2.6565492092432565,3.1609400632601914,-0.01200000000000001,-0.06774354588369658,0.03255673386871205
dnsmos,nisqa_train_live,20270845,mahalanobis_mondrian,0.9823529411764705,2.631069032351176,2.671718920913397,-0.007843137254902044,-0.09322372277577706,-0.08069779031416946
dnsmos,nisqa_train_live,20270845,predicted_mos_mondrian,0.9794117647058823,2.6010506363476025,2.6658183780370974,-0.010784313725490269,-0.12324211877935065,-0.08659833319046895
dnsmos,nisqa_train_live,20270845,mos_extremity_mondrian,0.9823529411764705,2.688937905722973,2.734726813260247,-0.007843137254902044,-0.03535484940397993,-0.017689897967319457
dnsmos,nisqa_train_live,20270845,local_residual_mondrian_k10,0.9901960784313726,2.769025833933961,2.793938081404742,0.0,0.04473307880700794,0.0415213701771755
dnsmos,nisqa_train_live,20270845,local_residual_normalized_k10,0.9852941176470589,2.8754617994387996,2.9362619586655536,-0.004901960784313708,0.15116904431184652,0.18384524743798725
dnsmos,nisqa_train_live,20270845,local_residual_mondrian_k25,0.9892156862745098,2.7874219849997877,2.8242159929929995,-0.0009803921568627416,0.06312922987283454,0.07179928176543315
dnsmos,nisqa_train_live,20270845,local_residual_normalized_k25,0.9882352941176471,2.876194119466696,2.9220406926820712,-0.0019607843137254832,0.15190136433974288,0.16962398145450486
dnsmos,nisqa_train_live,20270845,local_residual_mondrian_k50,0.9911764705882353,2.8229894960627835,2.854877155902339,0.0009803921568627416,0.09869674093583036,0.10246044467477278
dnsmos,nisqa_train_live,20270845,local_residual_normalized_k50,0.9852941176470589,2.8104870044147567,2.8523066385353757,-0.004901960784313708,0.08619424928780361,0.09988992730780932
dnsmos,nisqa_val_live,20270845,mahalanobis_mondrian,0.995,2.640312157869339,2.6453606593608856,-0.0050000000000000044,-0.08398059725761398,-0.07893209576606752
dnsmos,nisqa_val_live,20270845,predicted_mos_mondrian,0.995,2.6114035308361054,2.61916897892952,-0.0050000000000000044,-0.11288922429084769,-0.1051237761974333
dnsmos,nisqa_val_live,20270845,mos_extremity_mondrian,0.995,2.695162899494171,2.6981344294548033,-0.0050000000000000044,-0.029129855632782142,-0.026158325672149818
dnsmos,nisqa_val_live,20270845,local_residual_mondrian_k10,0.995,2.771563918590546,2.7722106409072875,-0.0050000000000000044,0.047271163463592725,0.0479178857803344
dnsmos,nisqa_val_live,20270845,local_residual_normalized_k10,0.995,2.8594127176802546,2.8878637534931624,-0.0050000000000000044,0.1351199625533015,0.16357099836620925
dnsmos,nisqa_val_live,20270845,local_residual_mondrian_k25,0.995,2.79546470284462,2.8079385602474214,-0.0050000000000000044,0.07117194771766666,0.08364580512046826
dnsmos,nisqa_val_live,20270845,local_residual_normalized_k25,0.995,2.8955132402530137,2.9126370958435173,-0.0050000000000000044,0.17122048512606058,0.18834434071656414
dnsmos,nisqa_val_live,20270845,local_residual_mondrian_k50,1.0,2.8172883546352385,2.8172883546352385,0.0,0.0929955995082854,0.0929955995082854
dnsmos,nisqa_val_live,20270845,local_residual_normalized_k50,0.995,2.798772293366192,2.807891092942806,-0.0050000000000000044,0.0744795382392387,0.08359833781585291
dnsmos,nisqa_test_for,20270845,mahalanobis_mondrian,0.8875,2.686355937520663,3.177461295326551,-0.012500000000000067,-0.037936817606289974,-0.0374869416157404
dnsmos,nisqa_test_for,20270845,predicted_mos_mondrian,0.9166666666666666,2.7681677232186,3.1144503742456435,0.016666666666666607,0.04387496809164704,-0.10049786269664773
dnsmos,nisqa_test_for,20270845,mos_extremity_mondrian,0.925,2.8116882632176083,3.140203246474266,0.025000000000000022,0.08739550809065522,-0.0747449904680253
dnsmos,nisqa_test_for,20270845,local_residual_mondrian_k10,0.9125,2.7773282965024313,3.23778981367747,0.012499999999999956,0.05303554137547817,0.022841576735178837
dnsmos,nisqa_test_for,20270845,local_residual_normalized_k10,0.9083333333333333,2.934837224434124,3.5216581418894934,0.008333333333333304,0.21054446930717097,0.3067099049472022
dnsmos,nisqa_test_for,20270845,local_residual_mondrian_k25,0.9083333333333333,2.754821038246155,3.257358924547831,0.008333333333333304,0.03052828311920175,0.0424106876055399
dnsmos,nisqa_test_for,20270845,local_residual_normalized_k25,0.9041666666666667,2.8463142777443275,3.406962743849106,0.004166666666666652,0.12202152261737442,0.19201450690681465
dnsmos,nisqa_test_for,20270845,local_residual_mondrian_k50,0.9041666666666667,2.7448939313491185,3.19838873843352,0.004166666666666652,0.020601176222165396,-0.016559498508771142
dnsmos,nisqa_test_for,20270845,local_residual_normalized_k50,0.8958333333333334,2.72338974517885,3.256471884816237,-0.004166666666666652,-0.0009030099481033282,0.0415236478739458
dnsmos,nisqa_test_livetalk,20270845,mahalanobis_mondrian,0.9353448275862069,2.621175686860907,2.971946277495088,-0.008620689655172487,-0.10311706826604627,-0.04530873278091718
dnsmos,nisqa_test_livetalk,20270845,predicted_mos_mondrian,0.9439655172413793,2.664749946059852,2.9513167358677963,0.0,-0.0595428090671013,-0.0659382744082091
dnsmos,nisqa_test_livetalk,20270845,mos_extremity_mondrian,0.9482758620689655,2.736676324030449,2.9892434631956033,0.004310344827586188,0.012383568903495679,-0.0280115470804021
dnsmos,nisqa_test_livetalk,20270845,local_residual_mondrian_k10,0.9353448275862069,2.7554110288619995,3.032821589502795,-0.008620689655172487,0.031118273735046387,0.01556657922678939
dnsmos,nisqa_test_livetalk,20270845,local_residual_normalized_k10,0.9008620689655172,2.8303281766970265,3.236179705106132,-0.0431034482758621,0.1060354215700734,0.21892469483012666
dnsmos,nisqa_test_livetalk,20270845,local_residual_mondrian_k25,0.9267241379310345,2.7436723534403176,3.098810854656943,-0.017241379310344862,0.019379598313364443,0.08155584438093744
dnsmos,nisqa_test_livetalk,20270845,local_residual_normalized_k25,0.9181034482758621,2.7775970242878625,3.1931519695364856,-0.025862068965517238,0.05330426916090936,0.1758969592604802
dnsmos,nisqa_test_livetalk,20270845,local_residual_mondrian_k50,0.9181034482758621,2.7698932670313736,3.0851086902207343,-0.025862068965517238,0.04560051190442049,0.0678536799447289
dnsmos,nisqa_test_livetalk,20270845,local_residual_normalized_k50,0.9267241379310345,2.7314503750455184,3.0602895465791247,-0.017241379310344862,0.007157619918565228,0.043034536303119264
dnsmos,nisqa_test_p501,20270845,mahalanobis_mondrian,0.8708333333333333,2.7394235362609227,3.2663789023955663,0.012500000000000067,0.015130781133969595,0.008337351679801763
dnsmos,nisqa_test_p501,20270845,predicted_mos_mondrian,0.8541666666666666,2.8024462461471558,3.261456439892451,-0.004166666666666652,0.07815349102020264,0.0034148891766863088
dnsmos,nisqa_test_p501,20270845,mos_extremity_mondrian,0.8666666666666667,2.807770957549413,3.262028068304062,0.008333333333333415,0.08347820242246007,0.003986517588297378
dnsmos,nisqa_test_p501,20270845,local_residual_mondrian_k10,0.8666666666666667,2.772576105594635,3.2667204161485035,0.008333333333333415,0.04828335046768206,0.008678865432738991
dnsmos,nisqa_test_p501,20270845,local_residual_normalized_k10,0.8708333333333333,2.894430702179135,3.488629352226013,0.012500000000000067,0.170137947052182,0.23058780151024827
dnsmos,nisqa_test_p501,20270845,local_residual_mondrian_k25,0.8708333333333333,2.774723763267199,3.2283248056968055,0.012500000000000067,0.050431008140245925,-0.029716745018959045
dnsmos,nisqa_test_p501,20270845,local_residual_normalized_k25,0.8583333333333333,2.8144974685853885,3.3305478486881968,0.0,0.09020471345843539,0.07250629797243224
dnsmos,nisqa_test_p501,20270845,local_residual_mondrian_k50,0.8833333333333333,2.7943570842345555,3.3596369951963423,0.025000000000000022,0.07006432910760241,0.10159544448057778
dnsmos,nisqa_test_p501,20270845,local_residual_normalized_k50,0.85,2.713672067176714,3.3505871294764424,-0.008333333333333304,-0.010620687950239294,0.09254557876067793
dnsmos,nisqa_val_sim,20270846,mahalanobis_mondrian,0.904,2.7585136226654052,3.2098272365570066,-0.0008000000000000229,-0.01774961433410649,-0.007681394195556912
dnsmos,nisqa_val_sim,20270846,predicted_mos_mondrian,0.9032,2.7945746044158937,3.208627949142456,-0.0016000000000000458,0.018311367416381952,-0.008880681610107466
dnsmos,nisqa_val_sim,20270846,mos_extremity_mondrian,0.9056,2.816305714416504,3.2088660820007324,0.0007999999999999119,0.040042477416992295,-0.008642548751831125
dnsmos,nisqa_val_sim,20270846,local_residual_mondrian_k10,0.9128,2.816823703765869,3.2177906398773195,0.007999999999999896,0.04056046676635727,0.0002820091247559553
dnsmos,nisqa_val_sim,20270846,local_residual_normalized_k10,0.912,2.9936243595915095,3.545054100906153,0.007199999999999984,0.2173611225919978,0.3275454701535896
dnsmos,nisqa_val_sim,20270846,local_residual_mondrian_k25,0.9032,2.7784393371582032,3.2167894519805906,-0.0016000000000000458,0.0021761001586915185,-0.000719178771972917
dnsmos,nisqa_val_sim,20270846,local_residual_normalized_k25,0.9104,2.826962946005156,3.3643989629321807,0.005599999999999938,0.050699709005644245,0.1468903321796171
dnsmos,nisqa_val_sim,20270846,local_residual_mondrian_k50,0.9056,2.763037726211548,3.2143565032958983,0.0007999999999999119,-0.013225510787963746,-0.0031521274566652657
dnsmos,nisqa_val_sim,20270846,local_residual_normalized_k50,0.9016,2.725765029546033,3.2659342788810766,-0.0032000000000000917,-0.05049820745347855,0.04842564812851302
dnsmos,nisqa_train_live,20270846,mahalanobis_mondrian,0.9892156862745098,2.7024179117352354,2.7316477724150117,-0.0009803921568627416,-0.07384532526427634,-0.06764427540349027
dnsmos,nisqa_train_live,20270846,predicted_mos_mondrian,0.9892156862745098,2.743614092060164,2.7749426837060964,-0.0009803921568627416,-0.032649144939347785,-0.024349364112405514
dnsmos,nisqa_train_live,20270846,mos_extremity_mondrian,0.9862745098039216,2.721783390465905,2.7585998612291673,-0.0039215686274509665,-0.054479846533606935,-0.0406921865893346
dnsmos,nisqa_train_live,20270846,local_residual_mondrian_k10,0.9911764705882353,2.8145180262771308,2.833235724299562,0.0009803921568627416,0.03825478927761905,0.03394367648105989
dnsmos,nisqa_train_live,20270846,local_residual_normalized_k10,0.9754901960784313,2.815100710195203,2.8974547731104536,-0.014705882352941235,0.038837473195691086,0.09816272529195169
dnsmos,nisqa_train_live,20270846,local_residual_mondrian_k25,0.9911764705882353,2.763829918936187,2.790406842325248,0.0009803921568627416,-0.012433318063324705,-0.008885205493253778
dnsmos,nisqa_train_live,20270846,local_residual_normalized_k25,0.9823529411764705,2.6942983408938708,2.7530918894430867,-0.007843137254902044,-0.08196489610564095,-0.046200158375415246
dnsmos,nisqa_train_live,20270846,local_residual_mondrian_k50,0.9901960784313726,2.726198629771962,2.7557216331070546,0.0,-0.05006460722754991,-0.04357041471144729
dnsmos,nisqa_train_live,20270846,local_residual_normalized_k50,0.9794117647058823,2.597134579160696,2.6550112528153567,-0.010784313725490269,-0.17912865783881582,-0.14428079500314528
dnsmos,nisqa_val_live,20270846,mahalanobis_mondrian,1.0,2.7167183136940003,2.7167183136940003,0.0,-0.05954492330551142,-0.05954492330551142
dnsmos,nisqa_val_live,20270846,predicted_mos_mondrian,1.0,2.746042215824127,2.746042215824127,0.0,-0.03022102117538461,-0.03022102117538461
dnsmos,nisqa_val_live,20270846,mos_extremity_mondrian,1.0,2.7300871086120604,2.7300871086120604,0.0,-0.04617612838745133,-0.04617612838745133
dnsmos,nisqa_val_live,20270846,local_residual_mondrian_k10,1.0,2.814408130645752,2.814408130645752,0.0,0.038144893646240075,0.038144893646240075
dnsmos,nisqa_val_live,20270846,local_residual_normalized_k10,0.975,2.7923831608388343,2.8517060769609244,-0.025000000000000022,0.016119923839322592,0.07544283996141266
dnsmos,nisqa_val_live,20270846,local_residual_mondrian_k25,1.0,2.7600054001808165,2.7600054001808165,0.0,-0.016257836818695193,-0.016257836818695193
dnsmos,nisqa_val_live,20270846,local_residual_normalized_k25,0.99,2.6753509706390104,2.70553090854296,-0.010000000000000009,-0.10091226636050132,-0.07073232845655175
dnsmos,nisqa_val_live,20270846,local_residual_mondrian_k50,0.995,2.7173617386817934,2.7183259391784667,-0.0050000000000000044,-0.05890149831771829,-0.057937297821045064
dnsmos,nisqa_val_live,20270846,local_residual_normalized_k50,0.995,2.5760995395017177,2.5949015009589274,-0.0050000000000000044,-0.20016369749779406,-0.18136173604058436
dnsmos,nisqa_test_for,20270846,mahalanobis_mondrian,0.8875,2.7373207449913024,3.165199989080429,-0.012500000000000067,-0.03894249200820932,-0.04974824786186227
dnsmos,nisqa_test_for,20270846,predicted_mos_mondrian,0.9166666666666666,2.803409524758657,3.1690980970859526,0.016666666666666607,0.02714628775914507,-0.04585013985633868
dnsmos,nisqa_test_for,20270846,mos_extremity_mondrian,0.925,2.821793715159098,3.1310135622819266,0.025000000000000022,0.04553047815958644,-0.08393467466036464
dnsmos,nisqa_test_for,20270846,local_residual_mondrian_k10,0.9125,2.820016356309255,3.2252169569333393,0.012499999999999956,0.04375311930974313,0.010268719991048059
dnsmos,nisqa_test_for,20270846,local_residual_normalized_k10,0.9166666666666666,3.0856845276898923,3.381453626035946,0.016666666666666607,0.3094212906903806,0.16650538909365453
dnsmos,nisqa_test_for,20270846,local_residual_mondrian_k25,0.9041666666666667,2.782601579030355,3.1997923294703168,0.004166666666666652,0.006338342030843158,-0.015155907471974484
dnsmos,nisqa_test_for,20270846,local_residual_normalized_k25,0.9291666666666667,2.8702943014259232,3.1266434847832794,0.029166666666666674,0.09403106442641151,-0.0883047521590119
dnsmos,nisqa_test_for,20270846,local_residual_mondrian_k50,0.9083333333333333,2.772625700632731,3.161875174442927,0.008333333333333304,-0.003637536366780658,-0.053073062499364276
dnsmos,nisqa_test_for,20270846,local_residual_normalized_k50,0.9125,2.739325265572558,3.060789310256689,0.012499999999999956,-0.03693797142695354,-0.15415892668560227
dnsmos,nisqa_test_livetalk,20270846,mahalanobis_mondrian,0.9439655172413793,2.692128896713257,2.9894424039742042,0.0,-0.08413434028625488,-0.050661697469908784
dnsmos,nisqa_test_livetalk,20270846,predicted_mos_mondrian,0.9439655172413793,2.759020770418233,3.008773645450329,0.0,-0.017242466581278926,-0.031330455993784145
dnsmos,nisqa_test_livetalk,20270846,mos_extremity_mondrian,0.9525862068965517,2.7548008365877745,2.9977649275598854,0.008620689655172376,-0.021462400411737192,-0.04233917388422759
dnsmos,nisqa_test_livetalk,20270846,local_residual_mondrian_k10,0.9525862068965517,2.8210699558258057,3.0491359274962853,0.008620689655172376,0.044806718826293945,0.009031826052172232
dnsmos,nisqa_test_livetalk,20270846,local_residual_normalized_k10,0.9482758620689655,3.237659823012284,3.468125028617891,0.004310344827586188,0.4613965860127722,0.4280209271737778
dnsmos,nisqa_test_livetalk,20270846,local_residual_mondrian_k25,0.9482758620689655,2.7903042600072663,3.0433422244828323,0.004310344827586188,0.01404102300775456,0.003238123038719287
dnsmos,nisqa_test_livetalk,20270846,local_residual_normalized_k25,0.9267241379310345,2.9018173770158926,3.147047420396709,-0.017241379310344862,0.12555414001638088,0.10694331895259612
dnsmos,nisqa_test_livetalk,20270846,local_residual_mondrian_k50,0.9482758620689655,2.7849934984897744,3.0326220742587386,0.004310344827586188,0.00873026149026268,-0.007482027185374385
dnsmos,nisqa_test_livetalk,20270846,local_residual_normalized_k50,0.9310344827586207,2.7413539230109385,3.022954501852829,-0.012931034482758674,-0.03490931398857322,-0.017149599591284037
dnsmos,nisqa_test_p501,20270846,mahalanobis_mondrian,0.875,2.757988288005193,3.227431619167328,0.004166666666666652,-0.018274948994318585,-0.011488821109136182
dnsmos,nisqa_test_p501,20270846,predicted_mos_mondrian,0.8875,2.796768397092819,3.19966584444046,0.016666666666666607,0.020505160093307495,-0.03925459583600377
dnsmos,nisqa_test_p501,20270846,mos_extremity_mondrian,0.875,2.8230227579673133,3.240146979689598,0.004166666666666652,0.04675952096780156,0.001226539413134109
dnsmos,nisqa_test_p501,20270846,local_residual_mondrian_k10,0.8791666666666667,2.821065080165863,3.2313968360424044,0.008333333333333304,0.044801843166351496,-0.007523604234059622
dnsmos,nisqa_test_p501,20270846,local_residual_normalized_k10,0.8833333333333333,3.202539459243943,3.8091357554607543,0.012499999999999956,0.4262762222444314,0.5702153151842904
dnsmos,nisqa_test_p501,20270846,local_residual_mondrian_k25,0.8791666666666667,2.812013651927312,3.2315997739632922,0.008333333333333304,0.03575041492780029,-0.007320666313171742
dnsmos,nisqa_test_p501,20270846,local_residual_normalized_k25,0.8791666666666667,2.9939593334805132,3.4523536825775243,0.008333333333333304,0.21769609648100152,0.2134332423010603
dnsmos,nisqa_test_p501,20270846,local_residual_mondrian_k50,0.8708333333333333,2.8092700640360513,3.266037027041117,0.0,0.033006827036539566,0.027116586764653228
dnsmos,nisqa_test_p501,20270846,local_residual_normalized_k50,0.8583333333333333,2.8577367535976417,3.416572180722248,-0.012500000000000067,0.08147351659812996,0.17765174044578425
dnsmos,nisqa_val_sim,20270847,mahalanobis_mondrian,0.9048,2.8033542613983156,3.2838165073394774,0.02400000000000002,0.09411001014709486,0.021990306854247965
dnsmos,nisqa_val_sim,20270847,predicted_mos_mondrian,0.8904,2.7525651838302614,3.2595006258010866,0.009599999999999942,0.04332093257904068,-0.0023255746841428504
dnsmos,nisqa_val_sim,20270847,mos_extremity_mondrian,0.8904,2.7845626693725585,3.236449527359009,0.009599999999999942,0.07531841812133777,-0.025376673126220606
dnsmos,nisqa_val_sim,20270847,local_residual_mondrian_k10,0.884,2.7256921268463135,3.309581237411499,0.0031999999999999806,0.016447875595092754,0.04775503692626959
dnsmos,nisqa_val_sim,20270847,local_residual_normalized_k10,0.8776,2.755057148556524,3.4674697071128766,-0.0031999999999999806,0.045812897305303135,0.2056435066276472
dnsmos,nisqa_val_sim,20270847,local_residual_mondrian_k25,0.8968,2.768227900505066,3.2747660646438597,0.016000000000000014,0.05898364925384536,0.012939864158630243
dnsmos,nisqa_val_sim,20270847,local_residual_normalized_k25,0.8984,2.752183647622047,3.321824421045047,0.01759999999999995,0.042939396370826444,0.05999822055981774
dnsmos,nisqa_val_sim,20270847,local_residual_mondrian_k50,0.8912,2.7702855037689207,3.2887463401794435,0.010399999999999965,0.061041252517699984,0.02692013969421403
dnsmos,nisqa_val_sim,20270847,local_residual_normalized_k50,0.8824,2.6861389642244897,3.307101091724276,0.0015999999999999348,-0.02310528702673098,0.0452748912390466
dnsmos,nisqa_train_live,20270847,mahalanobis_mondrian,0.9882352941176471,2.741544401879404,2.7758099527919993,-0.0019607843137254832,0.03230015062818348,0.03696640192293632
dnsmos,nisqa_train_live,20270847,predicted_mos_mondrian,0.9862745098039216,2.6810191879085465,2.7219217510784373,-0.0039215686274509665,-0.02822506334267416,-0.01692179979062569
dnsmos,nisqa_train_live,20270847,mos_extremity_mondrian,0.984313725490196,2.687393548441868,2.7316025425406063,-0.005882352941176561,-0.02185070280935264,-0.007241008328456644
dnsmos,nisqa_train_live,20270847,local_residual_mondrian_k10,0.9872549019607844,2.6989292869380876,2.7270410649916705,-0.002941176470588225,-0.010314964313133057,-0.01180248587739241
dnsmos,nisqa_train_live,20270847,local_residual_normalized_k10,0.9754901960784313,2.59929465543597,2.7096756339112185,-0.014705882352941235,-0.10994959581525077,-0.029167916957844486
dnsmos,nisqa_train_live,20270847,local_residual_mondrian_k25,0.9901960784313726,2.7639184874646805,2.7880040605862937,0.0,0.05467423621345979,0.04916050971723074
dnsmos,nisqa_train_live,20270847,local_residual_normalized_k25,0.9823529411764705,2.655495299191039,2.7167401092896255,-0.007843137254902044,-0.05374895206018149,-0.022103441579437444
dnsmos,nisqa_train_live,20270847,local_residual_mondrian_k50,0.9882352941176471,2.7865463934692682,2.817234368417777,-0.0019607843137254832,0.07730214221804754,0.07839081754871424
dnsmos,nisqa_train_live,20270847,local_residual_normalized_k50,0.984313725490196,2.6002111872143687,2.6608447182295034,-0.005882352941176561,-0.10903306403685198,-0.07799883263955953
dnsmos,nisqa_val_live,20270847,mahalanobis_mondrian,1.0,2.72211238861084,2.72211238861084,0.0,0.012868137359619336,0.012868137359619336
dnsmos,nisqa_val_live,20270847,predicted_mos_mondrian,0.995,2.6727284836769103,2.6737127351760863,-0.0050000000000000044,-0.03651576757431041,-0.035531516075134384
dnsmos,nisqa_val_live,20270847,mos_extremity_mondrian,0.995,2.688255968093872,2.690049102306366,-0.0050000000000000044,-0.020988283157348686,-0.019195148944854523
dnsmos,nisqa_val_live,20270847,local_residual_mondrian_k10,0.995,2.709150393009186,2.7125029039382933,-0.0050000000000000044,-9.385824203489435e-05,0.003258652687072594
dnsmos,nisqa_val_live,20270847,local_residual_normalized_k10,0.985,2.533631976680216,2.615098959663706,-0.015000000000000013,-0.1756122745710047,-0.09414529158751472
dnsmos,nisqa_val_live,20270847,local_residual_mondrian_k25,1.0,2.7591710352897643,2.7591710352897643,0.0,0.04992678403854356,0.04992678403854356
dnsmos,nisqa_val_live,20270847,local_residual_normalized_k25,0.995,2.6389359021559304,2.663001627585838,-0.0050000000000000044,-0.07030834909529027,-0.04624262366538279
dnsmos,nisqa_val_live,20270847,local_residual_mondrian_k50,1.0,2.7769765186309816,2.7769765186309816,0.0,0.0677322673797609,0.0677322673797609
dnsmos,nisqa_val_live,20270847,local_residual_normalized_k50,0.995,2.5841396973115254,2.594979405123254,-0.0050000000000000044,-0.12510455393969533,-0.11426484612796672
dnsmos,nisqa_test_for,20270847,mahalanobis_mondrian,0.8875,2.7498591005802155,3.24030651251475,-0.012500000000000067,0.04061484932899484,0.025358275572458844
dnsmos,nisqa_test_for,20270847,predicted_mos_mondrian,0.9208333333333333,2.7793093303839367,3.135618207852046,0.02083333333333326,0.07006507913271598,-0.07933002909024545
dnsmos,nisqa_test_for,20270847,mos_extremity_mondrian,0.9166666666666666,2.7939362307389577,3.1262666364510854,0.016666666666666607,0.08469197948773699,-0.08868160049120588
dnsmos,nisqa_test_for,20270847,local_residual_mondrian_k10,0.8875,2.7519177983204526,3.284797250231107,-0.012500000000000067,0.042673547069231876,0.06984901328881588
dnsmos,nisqa_test_for,20270847,local_residual_normalized_k10,0.9083333333333333,2.859910951457139,3.377299018655647,0.008333333333333304,0.15066670020591832,0.16235078171335582
dnsmos,nisqa_test_for,20270847,local_residual_mondrian_k25,0.9083333333333333,2.7789106527964273,3.2249037981033326,0.008333333333333304,0.06966640154520665,0.009955561161041349
dnsmos,nisqa_test_for,20270847,local_residual_normalized_k25,0.9166666666666666,2.812711613044026,3.1159806779855703,0.016666666666666607,0.10346736179280525,-0.09896755895672094
dnsmos,nisqa_test_for,20270847,local_residual_mondrian_k50,0.9083333333333333,2.8081414798895517,3.2742668290932975,0.008333333333333304,0.09889722863833095,0.05931859215100621
dnsmos,nisqa_test_for,20270847,local_residual_normalized_k50,0.8916666666666667,2.6981264358150834,3.1649756479631046,-0.008333333333333304,-0.011117815436137324,-0.04997258897918666
dnsmos,nisqa_test_livetalk,20270847,mahalanobis_mondrian,0.9439655172413793,2.7672665550790985,3.0560680052329756,0.0,0.058022303827877764,0.04542914752302529
dnsmos,nisqa_test_livetalk,20270847,predicted_mos_mondrian,0.9396551724137931,2.707146402063041,2.9852445125579834,-0.004310344827586188,-0.00209784918817979,-0.025394345151966924
dnsmos,nisqa_test_livetalk,20270847,mos_extremity_mondrian,0.9439655172413793,2.7272043834472526,2.982559344891844,0.0,0.017960132196031875,-0.028079512818106167
dnsmos,nisqa_test_livetalk,20270847,local_residual_mondrian_k10,0.9396551724137931,2.752227992847048,3.041270687662322,-0.004310344827586188,0.04298374159582741,0.030631829952371792
dnsmos,nisqa_test_livetalk,20270847,local_residual_normalized_k10,0.9267241379310345,2.810297753926291,3.173180917006643,-0.017241379310344862,0.1010535026750703,0.16254205929669263
dnsmos,nisqa_test_livetalk,20270847,local_residual_mondrian_k25,0.9568965517241379,2.7938399366263686,3.065585209377881,0.012931034482758563,0.08459568537514794,0.05494635166793049
dnsmos,nisqa_test_livetalk,20270847,local_residual_normalized_k25,0.9568965517241379,2.8001369549843536,3.0543433586641715,0.012931034482758563,0.09089270373313285,0.04370450095422118
dnsmos,nisqa_test_livetalk,20270847,local_residual_mondrian_k50,0.9439655172413793,2.789186087147943,3.0693783554537544,0.0,0.07994183589672232,0.05873949774380405
dnsmos,nisqa_test_livetalk,20270847,local_residual_normalized_k50,0.9353448275862069,2.6983408728950207,2.9753052879761754,-0.008620689655172487,-0.010903378356200033,-0.03533356973377488
dnsmos,nisqa_test_p501,20270847,mahalanobis_mondrian,0.8833333333333333,2.804636174440384,3.316056682666143,0.029166666666666674,0.09539192318916312,0.0514209012190503
dnsmos,nisqa_test_p501,20270847,predicted_mos_mondrian,0.8666666666666667,2.757181911667188,3.232629556457202,0.012500000000000067,0.047937660415967365,-0.0320062249898907
dnsmos,nisqa_test_p501,20270847,mos_extremity_mondrian,0.8708333333333333,2.7890277246634168,3.2351773619651794,0.01666666666666672,0.07978347341219605,-0.02945841948191319
dnsmos,nisqa_test_p501,20270847,local_residual_mondrian_k10,0.8541666666666666,2.708240959048271,3.3007099856932958,0.0,-0.0010032922029497016,0.03607420424620322
dnsmos,nisqa_test_p501,20270847,local_residual_normalized_k10,0.8666666666666667,2.920264366645925,3.471784325503692,0.012500000000000067,0.21102011539470444,0.20714854405659944
dnsmos,nisqa_test_p501,20270847,local_residual_mondrian_k25,0.8666666666666667,2.7815491606791816,3.2687411159276962,0.012500000000000067,0.07230490942796086,0.004105334480603684
dnsmos,nisqa_test_p501,20270847,local_residual_normalized_k25,0.8791666666666667,2.8968025460141047,3.3489188332495674,0.025000000000000022,0.187558294762884,0.08428305180247486
dnsmos,nisqa_test_p501,20270847,local_residual_mondrian_k50,0.8791666666666667,2.788612327973048,3.2460638006528217,0.025000000000000022,0.07936807672182722,-0.018571980794270804
dnsmos,nisqa_test_p501,20270847,local_residual_normalized_k50,0.8708333333333333,2.8008392244809643,3.3435310326622365,0.01666666666666672,0.09159497322974364,0.07889525121514396
dnsmos,nisqa_val_sim,20270848,mahalanobis_mondrian,0.8728,2.6697430252075196,3.2705565093994142,0.012800000000000034,0.012270891571044995,-0.003835113143920932
dnsmos,nisqa_val_sim,20270848,predicted_mos_mondrian,0.8776,2.637585308074951,3.2742799320220946,0.01760000000000006,-0.019886825561523658,-0.00011169052124060386
dnsmos,nisqa_val_sim,20270848,mos_extremity_mondrian,0.876,2.6497984443664553,3.2509461284637453,0.016000000000000014,-0.007673689270019324,-0.023445494079589846
dnsmos,nisqa_val_sim,20270848,local_residual_mondrian_k10,0.8648,2.669076741409302,3.271377932739258,0.0048000000000000265,0.011604607772827347,-0.0030136898040771243
dnsmos,nisqa_val_sim,20270848,local_residual_normalized_k10,0.8952,2.8643587974892033,3.5040085153818814,0.03520000000000001,0.2068866638527287,0.22961689283854625
dnsmos,nisqa_val_sim,20270848,local_residual_mondrian_k25,0.872,2.6805850536346436,3.2517478706359864,0.01200000000000001,0.023112919998169,-0.022643751907348797
dnsmos,nisqa_val_sim,20270848,local_residual_normalized_k25,0.8824,2.720132276228844,3.3182120763716396,0.022399999999999975,0.06266014259236918,0.04382045382830446
dnsmos,nisqa_val_sim,20270848,local_residual_mondrian_k50,0.8752,2.6454934314727785,3.240764402770996,0.015199999999999991,-0.01197870216369612,-0.03362721977233907
dnsmos,nisqa_val_sim,20270848,local_residual_normalized_k50,0.872,2.6383688032733836,3.2846254215031134,0.01200000000000001,-0.019103330363090976,0.010233798959778273
dnsmos,nisqa_train_live,20270848,mahalanobis_mondrian,0.9774509803921568,2.523716468904533,2.584907494806776,-0.01176470588235301,-0.13375566473194178,-0.10769459967519746
dnsmos,nisqa_train_live,20270848,predicted_mos_mondrian,0.9745098039215686,2.407948905580184,2.5073294899042913,-0.014705882352941235,-0.24952322805629068,-0.18527260457768202
dnsmos,nisqa_train_live,20270848,mos_extremity_mondrian,0.9774509803921568,2.513267308590459,2.5977038304011026,-0.01176470588235301,-0.14420482504601573,-0.09489826408087065
dnsmos,nisqa_train_live,20270848,local_residual_mondrian_k10,0.9872549019607844,2.6630128972670613,2.699990569376478,-0.0019607843137254832,0.0055407636305866426,0.007388474894504782
dnsmos,nisqa_train_live,20270848,local_residual_normalized_k10,0.9794117647058823,2.707428089183967,2.7731101744921935,-0.009803921568627527,0.04995595554749244,0.08050808001022025
dnsmos,nisqa_train_live,20270848,local_residual_mondrian_k25,0.9882352941176471,2.6616828399546004,2.6961525145698997,-0.0009803921568627416,0.004210706318125812,0.003550420087926387
dnsmos,nisqa_train_live,20270848,local_residual_normalized_k25,0.9794117647058823,2.611859441959302,2.6643434722502137,-0.009803921568627527,-0.045612691677172634,-0.028258622231759567
dnsmos,nisqa_train_live,20270848,local_residual_mondrian_k50,0.9852941176470589,2.6271410086575675,2.6722485977060653,-0.0039215686274509665,-0.03033112497890711,-0.02035349677590803
dnsmos,nisqa_train_live,20270848,local_residual_normalized_k50,0.9803921568627451,2.561265266219452,2.6196855010314737,-0.008823529411764786,-0.09620686741702267,-0.07291659345049961
dnsmos,nisqa_val_live,20270848,mahalanobis_mondrian,0.995,2.5308362555503847,2.540006465911865,-0.0050000000000000044,-0.1266358780860899,-0.11746566772460953
dnsmos,nisqa_val_live,20270848,predicted_mos_mondrian,0.995,2.4205889284610747,2.4352815806865693,-0.0050000000000000044,-0.23688320517539996,-0.2221905529499053
dnsmos,nisqa_val_live,20270848,mos_extremity_mondrian,0.995,2.5336987709999086,2.548391423225403,-0.0050000000000000044,-0.12377336263656602,-0.10908071041107181
dnsmos,nisqa_val_live,20270848,local_residual_mondrian_k10,1.0,2.667020220756531,2.667020220756531,0.0,0.00954808712005617,0.00954808712005617
dnsmos,nisqa_val_live,20270848,local_residual_normalized_k10,0.985,2.67530452113551,2.703591698120386,-0.015000000000000013,0.017832387499035374,0.04611956448391119
dnsmos,nisqa_val_live,20270848,local_residual_mondrian_k25,0.995,2.6536556911468505,2.6540838074684143,-0.0050000000000000044,-0.0038164424896240945,-0.003388326168060285
dnsmos,nisqa_val_live,20270848,local_residual_normalized_k25,0.995,2.5766549297155255,2.6026443656794513,-0.0050000000000000044,-0.08081720392094915,-0.054827767957023266
dnsmos,nisqa_val_live,20270848,local_residual_mondrian_k50,0.995,2.6148233580589295,2.6318614530563353,-0.0050000000000000044,-0.042648775577545095,-0.025610680580139267
dnsmos,nisqa_val_live,20270848,local_residual_normalized_k50,0.995,2.5439942295812834,2.564464558068855,-0.0050000000000000044,-0.1134779040551912,-0.0930075755676194
dnsmos,nisqa_test_for,20270848,mahalanobis_mondrian,0.875,2.5869574546813965,3.172554890314738,-0.004166666666666652,-0.07051467895507812,-0.048503925402959336
dnsmos,nisqa_test_for,20270848,predicted_mos_mondrian,0.8625,2.572408118844032,3.1823677510023116,-0.016666666666666607,-0.08506401479244241,-0.038691064715385526
dnsmos,nisqa_test_for,20270848,mos_extremity_mondrian,0.9,2.6489863455295564,3.139124677578608,0.02083333333333337,-0.008485788106918246,-0.08193413813908901
dnsmos,nisqa_test_for,20270848,local_residual_mondrian_k10,0.8958333333333334,2.671841885646184,3.2399069726467133,0.01666666666666672,0.014369752009709469,0.018848156929016202
dnsmos,nisqa_test_for,20270848,local_residual_normalized_k10,0.8958333333333334,2.8746412469518683,3.2900437883943456,0.01666666666666672,0.21716911331539368,0.06898497267664849
dnsmos,nisqa_test_for,20270848,local_residual_mondrian_k25,0.875,2.676134204864502,3.1795617997646333,-0.004166666666666652,0.018662071228027433,-0.041497015953063876
dnsmos,nisqa_test_for,20270848,local_residual_normalized_k25,0.8791666666666667,2.6795066750451726,3.1234867500684858,0.0,0.022034541408697983,-0.09757206564921139
dnsmos,nisqa_test_for,20270848,local_residual_mondrian_k50,0.8875,2.6348097761472067,3.1643001973628997,0.008333333333333304,-0.022662357489267926,-0.05675861835479745
dnsmos,nisqa_test_for,20270848,local_residual_normalized_k50,0.8625,2.578419019453612,3.1528744201941965,-0.016666666666666607,-0.07905311418286276,-0.06818439552350064
dnsmos,nisqa_test_livetalk,20270848,mahalanobis_mondrian,0.9181034482758621,2.523782705438548,2.9494796950241615,-0.02155172413793105,-0.1336894281979264,-0.039413748116328584
dnsmos,nisqa_test_livetalk,20270848,predicted_mos_mondrian,0.9137931034482759,2.496347402704173,2.9221203573818864,-0.025862068965517238,-0.1611247309323014,-0.06677308575860375
dnsmos,nisqa_test_livetalk,20270848,mos_extremity_mondrian,0.9137931034482759,2.5498475966782403,2.9344707275259085,-0.025862068965517238,-0.10762453695823426,-0.05442271561458156
dnsmos,nisqa_test_livetalk,20270848,local_residual_mondrian_k10,0.9396551724137931,2.6728311674348237,2.982537497734201,0.0,0.015359033798349131,-0.006355945406288921
dnsmos,nisqa_test_livetalk,20270848,local_residual_normalized_k10,0.9137931034482759,2.9009391423170516,3.339833853503747,-0.025862068965517238,0.24346700868057702,0.35094041036325674
dnsmos,nisqa_test_livetalk,20270848,local_residual_mondrian_k25,0.9396551724137931,2.6770105176958543,3.0058746440657256,0.0,0.019538384059379688,0.016981200925235473
dnsmos,nisqa_test_livetalk,20270848,local_residual_normalized_k25,0.9094827586206896,2.6999150768678883,3.1437114826655543,-0.030172413793103536,0.04244294323141373,0.15481803952506423
dnsmos,nisqa_test_livetalk,20270848,local_residual_mondrian_k50,0.9353448275862069,2.6778876617037017,3.006260388884051,-0.004310344827586299,0.02041552806722713,0.01736694574356079
dnsmos,nisqa_test_livetalk,20270848,local_residual_normalized_k50,0.9137931034482759,2.621668485435352,3.022493374460169,-0.025862068965517238,-0.035803648201122584,0.033599931319678866
dnsmos,nisqa_test_p501,20270848,mahalanobis_mondrian,0.8458333333333333,2.6566482206185658,3.3119225819905598,0.0,-0.0008239130179088505,0.021311374505360803
dnsmos,nisqa_test_p501,20270848,predicted_mos_mondrian,0.8291666666666667,2.661012876033783,3.395423012971878,-0.016666666666666607,0.003540742397308172,0.1048118054866789
dnsmos,nisqa_test_p501,20270848,mos_extremity_mondrian,0.8458333333333333,2.678704861799876,3.274906490246455,0.0,0.021232728163401493,-0.015704717238743893
dnsmos,nisqa_test_p501,20270848,local_residual_mondrian_k10,0.8458333333333333,2.6729840556780498,3.2982393821080525,0.0,0.015511922041575144,0.007628174622853479
dnsmos,nisqa_test_p501,20270848,local_residual_normalized_k10,0.8666666666666667,3.0517528847002904,3.6302723351423976,0.02083333333333337,0.39428075106381577,0.3396611276571986
dnsmos,nisqa_test_p501,20270848,local_residual_mondrian_k25,0.8458333333333333,2.695038843154907,3.2772908091545103,0.0,0.03756670951843244,-0.013320398330688654
dnsmos,nisqa_test_p501,20270848,local_residual_normalized_k25,0.8708333333333333,2.827685675906535,3.364484056780624,0.025000000000000022,0.17021354227006036,0.07387284929542481
dnsmos,nisqa_test_p501,20270848,local_residual_mondrian_k50,0.8375,2.6879353324572244,3.305234452088674,-0.008333333333333304,0.03046319882074977,0.014623244603475083
dnsmos,nisqa_test_p501,20270848,local_residual_normalized_k50,0.8458333333333333,2.711108836458556,3.3845959632339953,0.0,0.05363670282208144,0.09398475574879628
dnsmos,nisqa_val_sim,20270849,mahalanobis_mondrian,0.8848,2.7076065658569335,3.2096232456207274,0.0024000000000000687,-0.009311664199829206,0.011524597549438464
dnsmos,nisqa_val_sim,20270849,predicted_mos_mondrian,0.8856,2.7332024972915647,3.1883291757583616,0.0032000000000000917,0.01628426723480203,-0.009769472312927352
dnsmos,nisqa_val_sim,20270849,mos_extremity_mondrian,0.8896,2.7751854471206663,3.1695809244155884,0.007199999999999984,0.05826721706390359,-0.0285177236557006
dnsmos,nisqa_val_sim,20270849,local_residual_mondrian_k10,0.8992,2.766707265853882,3.1979009437561037,0.016800000000000037,0.04978903579711913,-0.00019770431518528753
dnsmos,nisqa_val_sim,20270849,local_residual_normalized_k10,0.8928,2.7518542259207264,3.3031482801105834,0.010400000000000076,0.034935995863963676,0.1050496320392944
dnsmos,nisqa_val_sim,20270849,local_residual_mondrian_k25,0.8888,2.728525589752197,3.215823935317993,0.006400000000000072,0.011607359695434472,0.01772528724670419
dnsmos,nisqa_val_sim,20270849,local_residual_normalized_k25,0.892,2.683558899632473,3.2056298460022536,0.009600000000000053,-0.033359330424289624,0.007531197930964684
dnsmos,nisqa_val_sim,20270849,local_residual_mondrian_k50,0.8928,2.7305559158325194,3.171755331039429,0.010400000000000076,0.013637685775756747,-0.026343317031860103
dnsmos,nisqa_val_sim,20270849,local_residual_normalized_k50,0.8984,2.7206641007696573,3.1860797428091385,0.016000000000000014,0.003745870712894561,-0.012018905262150437
dnsmos,nisqa_train_live,20270849,mahalanobis_mondrian,0.9862745098039216,2.6162803490956623,2.657965977051679,-0.0039215686274509665,-0.10063788096110038,-0.0877992017596374
dnsmos,nisqa_train_live,20270849,predicted_mos_mondrian,0.9823529411764705,2.6759814540545146,2.721071105611091,-0.007843137254902044,-0.0409367760022481,-0.024694073200225652
dnsmos,nisqa_train_live,20270849,mos_extremity_mondrian,0.9823529411764705,2.673374922135297,2.718728762514451,-0.007843137254902044,-0.04354330792146577,-0.027036416296865262
dnsmos,nisqa_train_live,20270849,local_residual_mondrian_k10,0.9882352941176471,2.743692100281809,2.7739130856944065,-0.0019607843137254832,0.02677387022504618,0.0281479068830901
dnsmos,nisqa_train_live,20270849,local_residual_normalized_k10,0.9696078431372549,2.584987337946466,2.7171221445930733,-0.020588235294117685,-0.13193089211029685,-0.028643034218243102
dnsmos,nisqa_train_live,20270849,local_residual_mondrian_k25,0.9872549019607844,2.689980308448567,2.7242420212895264,-0.002941176470588225,-0.026937921608195747,-0.021523157521790015
dnsmos,nisqa_train_live,20270849,local_residual_normalized_k25,0.9735294117647059,2.56732647115347,2.657287452137308,-0.01666666666666672,-0.14959175890329268,-0.08847772667400822
dnsmos,nisqa_train_live,20270849,local_residual_mondrian_k50,0.9901960784313726,2.7117262340059467,2.74116782207115,0.0,-0.005191996050815995,-0.0045973567401662585
dnsmos,nisqa_train_live,20270849,local_residual_normalized_k50,0.9823529411764705,2.6321545088366363,2.684028180109079,-0.007843137254902044,-0.08476372122012643,-0.06173699870223759
dnsmos,nisqa_val_live,20270849,mahalanobis_mondrian,0.995,2.614927976131439,2.6159566926956175,-0.0050000000000000044,-0.10199025392532368,-0.10096153736114521
dnsmos,nisqa_val_live,20270849,predicted_mos_mondrian,0.995,2.6872293436527253,2.6902008736133576,-0.0050000000000000044,-0.02968888640403744,-0.026717356443405116
dnsmos,nisqa_val_live,20270849,mos_extremity_mondrian,0.995,2.6821641445159914,2.6851356744766237,-0.0050000000000000044,-0.03475408554077131,-0.03178255558013898
dnsmos,nisqa_val_live,20270849,local_residual_mondrian_k10,1.0,2.7516217720508576,2.7516217720508576,0.0,0.034703541994094866,0.034703541994094866
dnsmos,nisqa_val_live,20270849,local_residual_normalized_k10,0.99,2.582330027044563,2.6336877128491367,-0.010000000000000009,-0.13458820301219987,-0.08323051720762598
dnsmos,nisqa_val_live,20270849,local_residual_mondrian_k25,1.0,2.6852586340904234,2.6852586340904234,0.0,-0.03165959596633927,-0.03165959596633927
dnsmos,nisqa_val_live,20270849,local_residual_normalized_k25,0.995,2.5801799297311265,2.5978979670297564,-0.0050000000000000044,-0.13673830032563616,-0.1190202630270063
dnsmos,nisqa_val_live,20270849,local_residual_mondrian_k50,0.995,2.7193217206001283,2.720350437164307,-0.0050000000000000044,0.0024034905433656384,0.003432207107544105
dnsmos,nisqa_val_live,20270849,local_residual_normalized_k50,0.995,2.6383479834184818,2.6528924563966876,-0.0050000000000000044,-0.07857024663828094,-0.06402577366007511
dnsmos,nisqa_test_for,20270849,mahalanobis_mondrian,0.8791666666666667,2.6536803017059962,3.193573918938637,-0.02083333333333337,-0.06323792835076647,-0.021374318003654302
dnsmos,nisqa_test_for,20270849,predicted_mos_mondrian,0.9208333333333333,2.7452816635370256,3.155560142795245,0.02083333333333326,0.028363433480262934,-0.05938809414704638
dnsmos,nisqa_test_for,20270849,mos_extremity_mondrian,0.9125,2.78562835752964,3.127885589003563,0.012499999999999956,0.06871012747287741,-0.08706264793872842
dnsmos,nisqa_test_for,20270849,local_residual_mondrian_k10,0.9,2.7676873058080673,3.189400608340899,0.0,0.050769075751304626,-0.025547628601392258
dnsmos,nisqa_test_for,20270849,local_residual_normalized_k10,0.8958333333333334,2.8073731815945004,3.289853951309779,-0.004166666666666652,0.09045495153773775,0.07490571436748761
dnsmos,nisqa_test_for,20270849,local_residual_mondrian_k25,0.8833333333333333,2.7070981194575627,3.189042869210243,-0.01666666666666672,-0.00982011059919996,-0.025905367732048212
dnsmos,nisqa_test_for,20270849,local_residual_normalized_k25,0.8875,2.6980640848039656,3.1219330527476896,-0.012500000000000067,-0.01885414525279705,-0.09301518419460164
dnsmos,nisqa_test_for,20270849,local_residual_mondrian_k50,0.9,2.744860917329788,3.184439241886139,0.0,0.027942687273025513,-0.030508995056152344
dnsmos,nisqa_test_for,20270849,local_residual_normalized_k50,0.8958333333333334,2.6961881737176374,3.1502992111698336,-0.004166666666666652,-0.02073005633912528,-0.06464902577245768
dnsmos,nisqa_test_livetalk,20270849,mahalanobis_mondrian,0.9310344827586207,2.6173812120125213,2.9825300358492752,-0.012931034482758674,-0.09953701804424142,-0.03148272633552551
dnsmos,nisqa_test_livetalk,20270849,predicted_mos_mondrian,0.9439655172413793,2.697108073481198,2.970500212291191,0.0,-0.01981015657556462,-0.04351254989360953
dnsmos,nisqa_test_livetalk,20270849,mos_extremity_mondrian,0.9482758620689655,2.712177351630967,2.974874855115496,0.004310344827586188,-0.004740878425795625,-0.039137907069304756
dnsmos,nisqa_test_livetalk,20270849,local_residual_mondrian_k10,0.9525862068965517,2.783412079358923,3.0458356995007088,0.008620689655172376,0.06649384930216051,0.03182293731590802
dnsmos,nisqa_test_livetalk,20270849,local_residual_normalized_k10,0.9094827586206896,2.7237281305660717,3.1731945900646736,-0.034482758620689724,0.006809900509308964,0.1591818278798729
dnsmos,nisqa_test_livetalk,20270849,local_residual_mondrian_k25,0.9439655172413793,2.69079749645858,3.01676296673972,0.0,-0.026120733598182788,0.0027502045549194776
dnsmos,nisqa_test_livetalk,20270849,local_residual_normalized_k25,0.9051724137931034,2.619881217154953,3.0510954083225377,-0.03879310344827591,-0.09703701290180966,0.03708264613773693
dnsmos,nisqa_test_livetalk,20270849,local_residual_mondrian_k50,0.9525862068965517,2.732198963905203,2.9952095562014085,0.008620689655172376,0.01528073384844042,-0.018803205983392246
dnsmos,nisqa_test_livetalk,20270849,local_residual_normalized_k50,0.9267241379310345,2.6574541932611657,2.979540694225034,-0.017241379310344862,-0.059464036795596975,-0.03447206795976676
dnsmos,nisqa_test_p501,20270849,mahalanobis_mondrian,0.8666666666666667,2.7027814199527103,3.281149567166964,0.012500000000000067,-0.014136810104052433,0.020031026005745023
dnsmos,nisqa_test_p501,20270849,predicted_mos_mondrian,0.875,2.7439882874488832,3.2288055241107942,0.02083333333333337,0.02707005739212054,-0.032313017050424886
dnsmos,nisqa_test_p501,20270849,mos_extremity_mondrian,0.8666666666666667,2.7851197014252347,3.245255399743716,0.012500000000000067,0.06820147136847199,-0.015863141417503
dnsmos,nisqa_test_p501,20270849,local_residual_mondrian_k10,0.8791666666666667,2.8022171705961227,3.2871200690666833,0.025000000000000022,0.08529894053936005,0.026001527905464172
dnsmos,nisqa_test_p501,20270849,local_residual_normalized_k10,0.8833333333333333,3.0245865700008845,3.585131403702524,0.029166666666666674,0.3076683399441218,0.3240128625413048
dnsmos,nisqa_test_p501,20270849,local_residual_mondrian_k25,0.8625,2.740876991550128,3.2699370473623275,0.008333333333333415,0.023958761493365177,0.008818506201108356
dnsmos,nisqa_test_p501,20270849,local_residual_normalized_k25,0.8791666666666667,2.8474332949441723,3.4146093822243633,0.025000000000000022,0.1305150648874096,0.15349084106314415
dnsmos,nisqa_test_p501,20270849,local_residual_mondrian_k50,0.8666666666666667,2.780523490905762,3.2531192024548847,0.012500000000000067,0.0636052608489992,-0.007999338706334402
dnsmos,nisqa_test_p501,20270849,local_residual_normalized_k50,0.8708333333333333,2.8170167125612022,3.3326887477882274,0.01666666666666672,0.10009848250443953,0.0715702066270083
nisqa,nisqa_val_sim,20270830,mahalanobis_mondrian,0.9152,2.9246783500671385,3.4711791091918944,0.0024000000000000687,0.010334039306640452,-0.013031196975707982
nisqa,nisqa_val_sim,20270830,predicted_mos_mondrian,0.9192,2.8538923038482666,3.3273042568206788,0.006400000000000072,-0.060452006912231404,-0.15690604934692365
nisqa,nisqa_val_sim,20270830,mos_extremity_mondrian,0.9096,2.8519984800338745,3.3951551191329954,-0.0031999999999999806,-0.062345830726623586,-0.08905518703460702
nisqa,nisqa_val_sim,20270830,local_residual_mondrian_k10,0.896,2.575343383026123,3.1630110599517822,-0.016799999999999926,-0.33900092773437507,-0.3211992462158202
nisqa,nisqa_val_sim,20270830,local_residual_normalized_k10,0.8936,2.592361804279515,3.2112956214330457,-0.019199999999999995,-0.32198250648098314,-0.2729146847345567
nisqa,nisqa_val_sim,20270830,local_residual_mondrian_k25,0.912,2.6120045862197876,3.1096153955459593,-0.0007999999999999119,-0.30233972454071045,-0.3745949106216431
nisqa,nisqa_val_sim,20270830,local_residual_normalized_k25,0.8976,2.5134547509147946,3.1304196075584994,-0.015199999999999991,-0.4008895598457034,-0.35379069860910306
nisqa,nisqa_val_sim,20270830,local_residual_mondrian_k50,0.8944,2.511541338920593,3.164569386482239,-0.018399999999999972,-0.4028029718399049,-0.31964091968536357
nisqa,nisqa_val_sim,20270830,local_residual_normalized_k50,0.8968,2.56106637170431,3.1412878204674586,-0.015999999999999903,-0.3532779390561882,-0.34292248570014383
nisqa,nisqa_train_live,20270830,mahalanobis_mondrian,0.9490196078431372,2.2126252464219633,2.435258257622812,-0.044117647058823595,-0.7017190643385347,-0.4921512416764804
nisqa,nisqa_train_live,20270830,predicted_mos_mondrian,0.9901960784313726,3.070297963478986,3.11137261577681,-0.002941176470588225,0.15595365271848793,0.18396311647751729
nisqa,nisqa_train_live,20270830,mos_extremity_mondrian,0.9872549019607844,2.8596021949076187,2.9050066127496605,-0.00588235294117645,-0.05474211585287936,-0.022402886549631962
nisqa,nisqa_train_live,20270830,local_residual_mondrian_k10,0.9598039215686275,2.2912420543969847,2.4323593630510216,-0.033333333333333326,-0.6231022563635134,-0.4950501362482709
nisqa,nisqa_train_live,20270830,local_residual_normalized_k10,0.9362745098039216,2.1909649590268403,2.429774173602644,-0.056862745098039236,-0.7233793517336577,-0.4976353256966486
nisqa,nisqa_train_live,20270830,local_residual_mondrian_k25,0.9725490196078431,2.3304238158113817,2.45972004848368,-0.020588235294117685,-0.5839204949491164,-0.4676894508156124
nisqa,nisqa_train_live,20270830,local_residual_normalized_k25,0.9558823529411765,2.1368008918912684,2.3412427534480917,-0.03725490196078429,-0.7775434188692296,-0.5861667458512008
nisqa,nisqa_train_live,20270830,local_residual_mondrian_k50,0.95,2.120257383935592,2.3201608183337195,-0.04313725490196085,-0.7940869268249062,-0.607248680965573
nisqa,nisqa_train_live,20270830,local_residual_normalized_k50,0.9607843137254902,2.18449831862491,2.3488084128257114,-0.032352941176470584,-0.729845992135588,-0.5786010864735811
nisqa,nisqa_val_live,20270830,mahalanobis_mondrian,0.98,2.203480353355408,2.3260782623291014,-0.015000000000000013,-0.7108639574050901,-0.5972820019721987
nisqa,nisqa_val_live,20270830,predicted_mos_mondrian,1.0,3.146057975292206,3.146057975292206,0.0050000000000000044,0.23171366453170794,0.22269771099090585
nisqa,nisqa_val_live,20270830,mos_extremity_mondrian,0.995,2.9083897364139557,2.918342949151993,0.0,-0.005954574346542341,-0.005017315149307144
nisqa,nisqa_val_live,20270830,local_residual_mondrian_k10,0.975,2.400214277505875,2.475616430044174,-0.020000000000000018,-0.5141300332546233,-0.44774383425712605
nisqa,nisqa_val_live,20270830,local_residual_normalized_k10,0.965,2.325714351097021,2.4565682685959693,-0.030000000000000027,-0.5886299596634772,-0.4667919957053308
nisqa,nisqa_val_live,20270830,local_residual_mondrian_k25,0.97,2.394521851539612,2.4769056272506713,-0.025000000000000022,-0.5198224592208862,-0.4464546370506288
nisqa,nisqa_val_live,20270830,local_residual_normalized_k25,0.955,2.205364259035865,2.3504981231889013,-0.040000000000000036,-0.708980051724633,-0.5728621411123989
nisqa,nisqa_val_live,20270830,local_residual_mondrian_k50,0.965,2.1702582108974457,2.3299275743961334,-0.030000000000000027,-0.7440860998630523,-0.5934326899051667
nisqa,nisqa_val_live,20270830,local_residual_normalized_k50,0.965,2.236717731600666,2.3593757080604307,-0.030000000000000027,-0.6776265791598322,-0.5639845562408694
nisqa,nisqa_test_for,20270830,mahalanobis_mondrian,0.925,2.611940876642863,3.2806194285551706,-0.004166666666666652,-0.30240343411763515,-0.16766324043273917
nisqa,nisqa_test_for,20270830,predicted_mos_mondrian,0.9208333333333333,2.7576985100905103,3.332049920161565,-0.008333333333333415,-0.1566458006699878,-0.1162327488263446
nisqa,nisqa_test_for,20270830,mos_extremity_mondrian,0.925,2.6630433688561124,3.320270288983981,-0.004166666666666652,-0.2513009419043857,-0.12801238000392878
nisqa,nisqa_test_for,20270830,local_residual_mondrian_k10,0.9166666666666666,2.4008046577374142,3.1406443307797116,-0.012500000000000067,-0.5135396530230838,-0.3076383382081982
nisqa,nisqa_test_for,20270830,local_residual_normalized_k10,0.9125,2.3262639525131608,3.15202085349813,-0.01666666666666672,-0.5880803582473373,-0.2962618154897796
nisqa,nisqa_test_for,20270830,local_residual_mondrian_k25,0.9333333333333333,2.434657430648804,3.0342882136503855,0.004166666666666652,-0.47968688011169425,-0.4139944553375243
nisqa,nisqa_test_for,20270830,local_residual_normalized_k25,0.9291666666666667,2.317046015251469,2.9608917220809814,0.0,-0.5972982955090291,-0.4873909469069284
nisqa,nisqa_test_for,20270830,local_residual_mondrian_k50,0.9291666666666667,2.373814211289088,3.0182581007480622,0.0,-0.5405300994714102,-0.4300245682398476
nisqa,nisqa_test_for,20270830,local_residual_normalized_k50,0.9291666666666667,2.4286834637543087,3.0270807324856133,0.0,-0.4856608470061894,-0.42120193650229654
nisqa,nisqa_test_livetalk,20270830,mahalanobis_mondrian,0.8620689655172413,2.2756111169683524,3.0857388582722893,-0.07327586206896552,-0.6387331937921457,-0.1000180388319083
nisqa,nisqa_test_livetalk,20270830,predicted_mos_mondrian,0.9396551724137931,2.9628530103584816,3.2595107534836076,0.004310344827586299,0.04850869959798354,0.07375385637941001
nisqa,nisqa_test_livetalk,20270830,mos_extremity_mondrian,0.9353448275862069,2.914583928626159,3.2541034848525605,0.0,0.0002396178656609571,0.06834658774836289
nisqa,nisqa_test_livetalk,20270830,local_residual_mondrian_k10,0.9137931034482759,2.6401258337086646,3.31884681150831,-0.02155172413793094,-0.27421847705183344,0.13308991440411244
nisqa,nisqa_test_livetalk,20270830,local_residual_normalized_k10,0.8836206896551724,2.659922476492127,3.6628015239317766,-0.051724137931034475,-0.25442183426837106,0.477044626827579
nisqa,nisqa_test_livetalk,20270830,local_residual_mondrian_k25,0.9224137931034483,2.6745180220439515,3.283233272618261,-0.012931034482758563,-0.23982628871654654,0.0974763755140633
nisqa,nisqa_test_livetalk,20270830,local_residual_normalized_k25,0.896551724137931,2.580103908587562,3.3447463636389743,-0.0387931034482758,-0.33424040217293616,0.15898946653477664
nisqa,nisqa_test_livetalk,20270830,local_residual_mondrian_k50,0.9094827586206896,2.5970256698542626,3.2382541237206293,-0.025862068965517238,-0.3173186409062354,0.052497226616431636
nisqa,nisqa_test_livetalk,20270830,local_residual_normalized_k50,0.9224137931034483,2.6326832706202286,3.1829503589645722,-0.012931034482758563,-0.2816610401402695,-0.002806538139625392
nisqa,nisqa_test_p501,20270830,mahalanobis_mondrian,0.9166666666666666,2.599359627564748,2.9556577016909915,-0.054166666666666696,-0.3149846831957501,-0.08931080400943792
nisqa,nisqa_test_p501,20270830,predicted_mos_mondrian,0.95,2.88203986287117,3.023494882384936,-0.02083333333333337,-0.03230444788932818,-0.021473623315493295
nisqa,nisqa_test_p501,20270830,mos_extremity_mondrian,0.9541666666666667,2.8516471644242603,3.024032593766848,-0.016666666666666607,-0.0626971463362378,-0.02093591193358124
nisqa,nisqa_test_p501,20270830,local_residual_mondrian_k10,0.95,2.5455047796169916,2.7069734493891398,-0.02083333333333337,-0.3688395311435064,-0.3379950563112897
nisqa,nisqa_test_p501,20270830,local_residual_normalized_k10,0.9333333333333333,2.5544981032329446,2.9305231793151663,-0.03749999999999998,-0.3598462075275535,-0.11444532638526317
nisqa,nisqa_test_p501,20270830,local_residual_mondrian_k25,0.95,2.613591734568278,2.735108533501625,-0.02083333333333337,-0.30075257619221984,-0.30985997219880446
nisqa,nisqa_test_p501,20270830,local_residual_normalized_k25,0.9458333333333333,2.537510409771933,2.742015060919124,-0.025000000000000022,-0.37683390098856506,-0.3029534447813056
nisqa,nisqa_test_p501,20270830,local_residual_mondrian_k50,0.9583333333333334,2.5596068610747653,2.692142105102539,-0.012499999999999956,-0.35473744968573273,-0.3528264005978903
nisqa,nisqa_test_p501,20270830,local_residual_normalized_k50,0.9625,2.604644290239206,2.726994798831602,-0.008333333333333304,-0.3097000205212921,-0.3179737068688273
nisqa,nisqa_val_sim,20270831,mahalanobis_mondrian,0.9128,2.856142328643799,3.464815470123291,0.011199999999999988,-0.010616494750976369,0.0018343967437743913
nisqa,nisqa_val_sim,20270831,predicted_mos_mondrian,0.8984,2.7887292497634886,3.3010316303253173,-0.0031999999999999806,-0.07802957363128682,-0.16194944305419945
nisqa,nisqa_val_sim,20270831,mos_extremity_mondrian,0.9016,2.7706570056915285,3.3758417486190795,0.0,-0.09610181770324688,-0.08713932476043729
nisqa,nisqa_val_sim,20270831,local_residual_mondrian_k10,0.9056,2.7033950576782226,3.2136102294921876,0.0040000000000000036,-0.16336376571655276,-0.24937084388732922
nisqa,nisqa_val_sim,20270831,local_residual_normalized_k10,0.892,2.631411997023698,3.262647923017032,-0.009599999999999942,-0.23534682637107718,-0.20033315036248478
nisqa,nisqa_val_sim,20270831,local_residual_mondrian_k25,0.916,2.656685732650757,3.1884011085510253,0.01440000000000008,-0.21007309074401848,-0.27457996482849145
nisqa,nisqa_val_sim,20270831,local_residual_normalized_k25,0.9008,2.5791911304082236,3.1391625985913643,-0.0007999999999999119,-0.2875676929865518,-0.3238184747881525
nisqa,nisqa_val_sim,20270831,local_residual_mondrian_k50,0.8992,2.601832868385315,3.1859658601760863,-0.0023999999999999577,-0.26492595500946026,-0.2770152132034305
nisqa,nisqa_val_sim,20270831,local_residual_normalized_k50,0.9016,2.5574238151522586,3.1375427181433557,0.0,-0.3093350082425168,-0.32543835523616105
nisqa,nisqa_train_live,20270831,mahalanobis_mondrian,0.9676470588235294,2.3540153335122502,2.479646020777085,-0.02450980392156865,-0.5127434898825252,-0.4037161789688408
nisqa,nisqa_train_live,20270831,predicted_mos_mondrian,0.9823529411764705,3.0197460747232623,3.110562364494099,-0.009803921568627527,0.1529872513284869,0.22720016474817317
nisqa,nisqa_train_live,20270831,mos_extremity_mondrian,0.9852941176470589,2.7882665657529646,2.861146043796165,-0.006862745098039191,-0.07849225764181078,-0.022216155949760896
nisqa,nisqa_train_live,20270831,local_residual_mondrian_k10,0.9647058823529412,2.5222560143938253,2.6614151421715233,-0.027450980392156876,-0.3445028090009501,-0.2219470575744027
nisqa,nisqa_train_live,20270831,local_residual_normalized_k10,0.9558823529411765,2.382910993259136,2.5641589752050145,-0.03627450980392155,-0.48384783013563926,-0.31920322454091155
nisqa,nisqa_train_live,20270831,local_residual_mondrian_k25,0.9754901960784313,2.441589013267966,2.548772598247902,-0.01666666666666672,-0.42516981012680954,-0.3345896014980241
nisqa,nisqa_train_live,20270831,local_residual_normalized_k25,0.9637254901960784,2.3140974613754866,2.471782269910107,-0.028431372549019618,-0.5526613620192888,-0.41157992983581915
nisqa,nisqa_train_live,20270831,local_residual_mondrian_k50,0.9637254901960784,2.3130323931282644,2.471273627701928,-0.028431372549019618,-0.553726430266511,-0.4120885720439982
nisqa,nisqa_train_live,20270831,local_residual_normalized_k50,0.9705882352941176,2.2847913185043636,2.4155839448667837,-0.021568627450980427,-0.5819675048904118,-0.46777825487914226
nisqa,nisqa_val_live,20270831,mahalanobis_mondrian,0.985,2.3582554149627684,2.4405156183242798,-0.010000000000000009,-0.508503408432007,-0.43763843297958394
nisqa,nisqa_val_live,20270831,predicted_mos_mondrian,0.995,3.1376331627368925,3.185126894712448,0.0,0.27087433934211713,0.30697284340858433
nisqa,nisqa_val_live,20270831,mos_extremity_mondrian,0.995,2.84059193611145,2.8505451488494873,0.0,-0.02616688728332539,-0.027608902454376416
nisqa,nisqa_val_live,20270831,local_residual_mondrian_k10,0.98,2.560299711227417,2.6265773582458496,-0.015000000000000013,-0.3064591121673583,-0.2515766930580141
nisqa,nisqa_val_live,20270831,local_residual_normalized_k10,0.96,2.425735607028664,2.5415650177317755,-0.03500000000000003,-0.4410232163661112,-0.33658903357208825
nisqa,nisqa_val_live,20270831,local_residual_mondrian_k25,0.965,2.516164975166321,2.593046634197235,-0.030000000000000027,-0.3505938482284545,-0.2851074171066288
nisqa,nisqa_val_live,20270831,local_residual_normalized_k25,0.97,2.3908023835421655,2.5067194382746707,-0.025000000000000022,-0.47595643985260994,-0.371434613029193
nisqa,nisqa_val_live,20270831,local_residual_mondrian_k50,0.97,2.39062481880188,2.492611536979675,-0.025000000000000022,-0.47613400459289545,-0.3855425143241886
nisqa,nisqa_val_live,20270831,local_residual_normalized_k50,0.975,2.356223468246198,2.427570628718805,-0.020000000000000018,-0.5105353551485772,-0.4505834225850589
nisqa,nisqa_test_for,20270831,mahalanobis_mondrian,0.9208333333333333,2.6056126912434894,3.3345865666866303,0.008333333333333304,-0.261146132151286,-0.10157442490259783
nisqa,nisqa_test_for,20270831,predicted_mos_mondrian,0.9166666666666666,2.679522169629733,3.3109353413184484,0.004166666666666652,-0.1872366537650425,-0.1252256502707798
nisqa,nisqa_test_for,20270831,mos_extremity_mondrian,0.9083333333333333,2.56551152865092,3.328160498539607,-0.004166666666666652,-0.3012472947438556,-0.10800049304962123
nisqa,nisqa_test_for,20270831,local_residual_mondrian_k10,0.9208333333333333,2.59128133058548,3.3858698070049287,0.008333333333333304,-0.27547749280929557,-0.050291184584299486
nisqa,nisqa_test_for,20270831,local_residual_normalized_k10,0.9125,2.4174868496986535,3.4401567247409277,0.0,-0.44927197369612193,0.003995733151699543
nisqa,nisqa_test_for,20270831,local_residual_mondrian_k25,0.9208333333333333,2.5280344744523364,3.1658666491508485,0.008333333333333304,-0.33872434894243897,-0.2702943424383797
nisqa,nisqa_test_for,20270831,local_residual_normalized_k25,0.9208333333333333,2.4509075401501987,3.190542870379784,0.008333333333333304,-0.41585128324457665,-0.24561812120944415
nisqa,nisqa_test_for,20270831,local_residual_mondrian_k50,0.9291666666666667,2.4984185099601746,3.037793437639872,0.01666666666666672,-0.36834031343460083,-0.3983675539493561
nisqa,nisqa_test_for,20270831,local_residual_normalized_k50,0.925,2.4580871806131817,3.073490600329546,0.012500000000000067,-0.40867164278159374,-0.36267039125968203
nisqa,nisqa_test_livetalk,20270831,mahalanobis_mondrian,0.8922413793103449,2.3865970249833732,2.9711141771283645,-0.04310344827586199,-0.48016179841140216,-0.19782371151036227
nisqa,nisqa_test_livetalk,20270831,predicted_mos_mondrian,0.9310344827586207,2.9194738772408715,3.4017926279840798,-0.004310344827586188,0.052715053846096094,0.23285473934535306
nisqa,nisqa_test_livetalk,20270831,mos_extremity_mondrian,0.9267241379310345,2.8507909600077004,3.2878234684467316,-0.008620689655172376,-0.01596786338707501,0.11888557980800485
nisqa,nisqa_test_livetalk,20270831,local_residual_mondrian_k10,0.9439655172413793,2.8544211346527626,3.294971817526324,0.008620689655172487,-0.012337688742012798,0.12603392888759712
nisqa,nisqa_test_livetalk,20270831,local_residual_normalized_k10,0.9181034482758621,2.9219431348311873,3.506181330531329,-0.01724137931034475,0.05518431143641189,0.33724344189260247
nisqa,nisqa_test_livetalk,20270831,local_residual_mondrian_k25,0.9396551724137931,2.9140404791667542,3.2818217935233283,0.004310344827586299,0.04728165577197885,0.11288390488460154
nisqa,nisqa_test_livetalk,20270831,local_residual_normalized_k25,0.9396551724137931,2.8730160640165803,3.3128920764967855,0.004310344827586299,0.006257240621804883,0.1439541878580588
nisqa,nisqa_test_livetalk,20270831,local_residual_mondrian_k50,0.9439655172413793,2.9091632880013565,3.261812360122286,0.008620689655172487,0.042404464606581094,0.09287447148355943
nisqa,nisqa_test_livetalk,20270831,local_residual_normalized_k50,0.9396551724137931,2.790240991430456,3.1979776619077946,0.004310344827586299,-0.0765178319643196,0.029039773269067926
nisqa,nisqa_test_p501,20270831,mahalanobis_mondrian,0.9291666666666667,2.606911889712016,2.9246808658043544,-0.03749999999999998,-0.2598469336827596,-0.08842085103193931
nisqa,nisqa_test_p501,20270831,predicted_mos_mondrian,0.9166666666666666,2.8274969776471455,3.0799083878596623,-0.050000000000000044,-0.03926184574762992,0.06680667102336857
nisqa,nisqa_test_p501,20270831,mos_extremity_mondrian,0.9416666666666667,2.7771874248981474,3.0249429076910017,-0.025000000000000022,-0.08957139849662799,0.011841190854708028
nisqa,nisqa_test_p501,20270831,local_residual_mondrian_k10,0.975,2.7895785768826804,2.819949592153231,0.008333333333333304,-0.07718024651209499,-0.19315212468306253
nisqa,nisqa_test_p501,20270831,local_residual_normalized_k10,0.9625,2.7725822785459036,2.8977867685098206,-0.004166666666666652,-0.09417654484887183,-0.11531494832647304
nisqa,nisqa_test_p501,20270831,local_residual_mondrian_k25,0.9625,2.7477498789628347,2.8335212459166845,-0.004166666666666652,-0.11900894443194066,-0.17958047091960916
nisqa,nisqa_test_p501,20270831,local_residual_normalized_k25,0.9666666666666667,2.7258100944602295,2.8532633547424386,0.0,-0.1409487289345459,-0.15983836209385505
nisqa,nisqa_test_p501,20270831,local_residual_mondrian_k50,0.9666666666666667,2.7167860319217048,2.8260914236307144,0.0,-0.14997279147307063,-0.18701029320557927
nisqa,nisqa_test_p501,20270831,local_residual_normalized_k50,0.9791666666666666,2.69213851657114,2.764674642322748,0.012499999999999956,-0.17462030682363539,-0.2484270745135455
nisqa,nisqa_val_sim,20270832,mahalanobis_mondrian,0.9192,2.926317817878723,3.42688505191803,0.012800000000000034,0.0016542741775511516,-0.05691441135406494
nisqa,nisqa_val_sim,20270832,predicted_mos_mondrian,0.9056,2.7952791399002077,3.3063779596328735,-0.0008000000000000229,-0.12938440380096417,-0.17742150363922127
nisqa,nisqa_val_sim,20270832,mos_extremity_mondrian,0.9184,2.882593839263916,3.3446960693359373,0.01200000000000001,-0.04206970443725577,-0.13910339393615745
nisqa,nisqa_val_sim,20270832,local_residual_mondrian_k10,0.9104,2.7011787700653076,3.2418326396942136,0.0040000000000000036,-0.22348477363586428,-0.24196682357788113
nisqa,nisqa_val_sim,20270832,local_residual_normalized_k10,0.9064,2.715416719175231,3.302124081132965,0.0,-0.20924682452594068,-0.18167538213912993
nisqa,nisqa_val_sim,20270832,local_residual_mondrian_k25,0.9088,2.71294174079895,3.262195097732544,0.0024000000000000687,-0.21172180290222187,-0.22160436553955076
nisqa,nisqa_val_sim,20270832,local_residual_normalized_k25,0.9064,2.6446896987194735,3.2034100608500826,0.0,-0.2799738449816984,-0.28038940242201216
nisqa,nisqa_val_sim,20270832,local_residual_mondrian_k50,0.9176,2.707462867736816,3.209539728164673,0.011199999999999988,-0.21720067596435566,-0.27425973510742185
nisqa,nisqa_val_sim,20270832,local_residual_normalized_k50,0.9128,2.6657544890157556,3.1800203052735583,0.006399999999999961,-0.25890905468541625,-0.3037791579985365
nisqa,nisqa_train_live,20270832,mahalanobis_mondrian,0.9735294117647059,2.387868043721891,2.5005227180088268,-0.020588235294117685,-0.5367954999792808,-0.43653451999028503
nisqa,nisqa_train_live,20270832,predicted_mos_mondrian,0.984313725490196,2.9811744308939168,3.038278268131555,-0.009803921568627527,0.056510887192744885,0.10122103013244343
nisqa,nisqa_train_live,20270832,mos_extremity_mondrian,0.9862745098039216,2.890320420732685,2.933357271961137,-0.007843137254901933,-0.03434312296848674,-0.0036999660379746224
nisqa,nisqa_train_live,20270832,local_residual_mondrian_k10,0.957843137254902,2.2630662946140063,2.4189554083581064,-0.03627450980392155,-0.6615972490871656,-0.5181018296410054
nisqa,nisqa_train_live,20270832,local_residual_normalized_k10,0.9352941176470588,2.1118140407102994,2.3726113747723305,-0.05882352941176472,-0.8128495029908724,-0.5644458632267813
nisqa,nisqa_train_live,20270832,local_residual_mondrian_k25,0.9549019607843138,2.243473219871521,2.431844265788209,-0.039215686274509776,-0.6811903238296511,-0.5052129722109027
nisqa,nisqa_train_live,20270832,local_residual_normalized_k25,0.9588235294117647,2.182406578626672,2.361077975416968,-0.03529411764705881,-0.7422569650744997,-0.5759792625821438
nisqa,nisqa_train_live,20270832,local_residual_mondrian_k50,0.9794117647058823,2.36733804917803,2.4644234970504164,-0.014705882352941235,-0.5573254945231421,-0.47263374094869537
nisqa,nisqa_train_live,20270832,local_residual_normalized_k50,0.9696078431372549,2.277598893195166,2.393128171596127,-0.02450980392156865,-0.6470646505060058,-0.5439290664029848
nisqa,nisqa_val_live,20270832,mahalanobis_mondrian,0.985,2.3872286450862883,2.462801135778427,-0.010000000000000009,-0.5374348986148836,-0.4703623998165134
nisqa,nisqa_val_live,20270832,predicted_mos_mondrian,0.99,3.0728909754753113,3.110992147922516,-0.0050000000000000044,0.14822743177413944,0.17782861232757563
nisqa,nisqa_val_live,20270832,mos_extremity_mondrian,0.995,2.947474627494812,2.9559746193885803,0.0,0.02281108379363994,0.02281108379363994
nisqa,nisqa_val_live,20270832,local_residual_mondrian_k10,0.965,2.30611167550087,2.4275931775569917,-0.030000000000000027,-0.618551868200302,-0.5055703580379487
nisqa,nisqa_val_live,20270832,local_residual_normalized_k10,0.945,2.1595906913517133,2.376128630379387,-0.050000000000000044,-0.7650728523494585,-0.5570349052155534
nisqa,nisqa_val_live,20270832,local_residual_mondrian_k25,0.965,2.3118729865550995,2.461678341627121,-0.030000000000000027,-0.6127905571460723,-0.4714851939678195
nisqa,nisqa_val_live,20270832,local_residual_normalized_k25,0.965,2.235547741602218,2.3674606960799043,-0.030000000000000027,-0.6891158020989541,-0.5657028395150361
nisqa,nisqa_val_live,20270832,local_residual_mondrian_k50,0.975,2.4045343923568727,2.4630031275749205,-0.020000000000000018,-0.5201291513442992,-0.4701604080200199
nisqa,nisqa_val_live,20270832,local_residual_normalized_k50,0.975,2.3226400474371123,2.4022998956335084,-0.020000000000000018,-0.6020234962640596,-0.5308636399614319
nisqa,nisqa_test_for,20270832,mahalanobis_mondrian,0.9291666666666667,2.6581829329331716,3.323202653725942,0.0,-0.2664806107680002,-0.12808979153633127
nisqa,nisqa_test_for,20270832,predicted_mos_mondrian,0.9208333333333333,2.688694656888644,3.3415264199177424,-0.008333333333333415,-0.23596888681252803,-0.10976602534453095
nisqa,nisqa_test_for,20270832,mos_extremity_mondrian,0.925,2.693164543310801,3.315843896071116,-0.004166666666666652,-0.23149900039037075,-0.13544854919115723
nisqa,nisqa_test_for,20270832,local_residual_mondrian_k10,0.9416666666666667,2.578518258531888,3.1942678461472194,0.012499999999999956,-0.34614528516928367,-0.25702459911505393
nisqa,nisqa_test_for,20270832,local_residual_normalized_k10,0.9375,2.5549280315403764,3.1575630594757325,0.008333333333333304,-0.3697355121607955,-0.29372938578654084
nisqa,nisqa_test_for,20270832,local_residual_mondrian_k25,0.9208333333333333,2.554219337304433,3.0164490759372713,-0.008333333333333415,-0.3704442063967388,-0.434843369325002
nisqa,nisqa_test_for,20270832,local_residual_normalized_k25,0.925,2.4983632813329355,3.0088478884354997,-0.004166666666666652,-0.42630026236823637,-0.44244455682677364
nisqa,nisqa_test_for,20270832,local_residual_mondrian_k50,0.95,2.564229929447174,3.0826649208863577,0.02083333333333326,-0.3604336142539979,-0.3686275243759156
nisqa,nisqa_test_for,20270832,local_residual_normalized_k50,0.9416666666666667,2.522238975130864,3.095908740303159,0.012499999999999956,-0.40242456857030806,-0.3553837049591144
nisqa,nisqa_test_livetalk,20270832,mahalanobis_mondrian,0.9008620689655172,2.4206773145445464,2.9878532763185173,-0.03448275862068961,-0.5039862291566255,-0.20155093587678063
nisqa,nisqa_test_livetalk,20270832,predicted_mos_mondrian,0.9396551724137931,2.9115104048416534,3.2592686178355383,0.004310344827586299,-0.01315313885951852,0.06986440564024043
nisqa,nisqa_test_livetalk,20270832,mos_extremity_mondrian,0.9353448275862069,2.9435627727672973,3.2960339764068864,0.0,0.0188992290661254,0.10662976421158854
nisqa,nisqa_test_livetalk,20270832,local_residual_mondrian_k10,0.9396551724137931,2.8044511141448187,3.2429340502311446,0.004310344827586299,-0.12021242955635314,0.053529838035846655
nisqa,nisqa_test_livetalk,20270832,local_residual_normalized_k10,0.9310344827586207,2.822868340641922,3.294201007451176,-0.004310344827586188,-0.10179520305924994,0.10479679525587793
nisqa,nisqa_test_livetalk,20270832,local_residual_mondrian_k25,0.9439655172413793,2.837507484288051,3.3124685554668822,0.008620689655172487,-0.08715605941312088,0.12306434327158433
nisqa,nisqa_test_livetalk,20270832,local_residual_normalized_k25,0.9267241379310345,2.719368913413259,3.221182033867904,-0.008620689655172376,-0.20529463028791284,0.0317778216726059
nisqa,nisqa_test_livetalk,20270832,local_residual_mondrian_k50,0.9396551724137931,2.8235730220531594,3.2860474853680053,0.004310344827586299,-0.10109052164801247,0.09664327317270738
nisqa,nisqa_test_livetalk,20270832,local_residual_normalized_k50,0.9310344827586207,2.751938785047646,3.253282589344975,-0.004310344827586188,-0.17272475865352588,0.06387837714967715
nisqa,nisqa_test_p501,20270832,mahalanobis_mondrian,0.9375,2.6348262300093968,2.868451468149821,-0.03749999999999998,-0.2898373136917751,-0.18390948375066118
nisqa,nisqa_test_p501,20270832,predicted_mos_mondrian,0.9541666666666667,2.8246351251999537,2.967100324233373,-0.02083333333333326,-0.10002841850121813,-0.08526062766710929
nisqa,nisqa_test_p501,20270832,mos_extremity_mondrian,0.9666666666666667,2.884215154250463,3.0304721027612684,-0.008333333333333304,-0.040448389450709055,-0.02188884913921374
nisqa,nisqa_test_p501,20270832,local_residual_mondrian_k10,0.9833333333333333,2.679288351535797,2.703178499142329,0.008333333333333304,-0.24537519216537484,-0.3491824527581531
nisqa,nisqa_test_p501,20270832,local_residual_normalized_k10,0.9625,2.662907875050154,2.7090859801935,-0.012499999999999956,-0.26175566865101807,-0.34327497170698207
nisqa,nisqa_test_p501,20270832,local_residual_mondrian_k25,0.9583333333333334,2.689544505874316,2.7945252279440562,-0.016666666666666607,-0.23511903782685595,-0.25783572395642596
nisqa,nisqa_test_p501,20270832,local_residual_normalized_k25,0.9666666666666667,2.600092478252828,2.688204337242308,-0.008333333333333304,-0.3245710654483438,-0.36415661465817406
nisqa,nisqa_test_p501,20270832,local_residual_mondrian_k50,0.9708333333333333,2.6733081857363383,2.745581266283989,-0.004166666666666652,-0.25135535796483355,-0.30677968561649305
nisqa,nisqa_test_p501,20270832,local_residual_normalized_k50,0.9708333333333333,2.6355573268852845,2.7207456435352038,-0.004166666666666652,-0.28910621681588733,-0.3316153083652784
nisqa,nisqa_val_sim,20270833,mahalanobis_mondrian,0.8992,2.842511011123657,3.442709321975708,0.018399999999999972,0.03912575340270985,-0.09222251319885233
nisqa,nisqa_val_sim,20270833,predicted_mos_mondrian,0.8784,2.7153904487609863,3.35206626625061,-0.0024000000000000687,-0.08799480895996092,-0.18286556892395023
nisqa,nisqa_val_sim,20270833,mos_extremity_mondrian,0.8848,2.735113667678833,3.4210154220581055,0.0040000000000000036,-0.06827159004211447,-0.11391641311645495
nisqa,nisqa_val_sim,20270833,local_residual_mondrian_k10,0.9008,2.662150220489502,3.2414774433135984,0.020000000000000018,-0.14123503723144548,-0.293454391860962
nisqa,nisqa_val_sim,20270833,local_residual_normalized_k10,0.92,2.9086562339533475,3.4262445749591497,0.03920000000000001,0.10527097623240023,-0.10868726021541075
nisqa,nisqa_val_sim,20270833,local_residual_mondrian_k25,0.892,2.6135598052978515,3.2349931301116945,0.011199999999999988,-0.1898254524230958,-0.2999387050628659
nisqa,nisqa_val_sim,20270833,local_residual_normalized_k25,0.9096,2.7599490164740366,3.293391492060336,0.028799999999999937,-0.0434362412469107,-0.24154034311422423
nisqa,nisqa_val_sim,20270833,local_residual_mondrian_k50,0.8968,2.6548534240722654,3.227740264892578,0.016000000000000014,-0.14853183364868183,-0.3071915702819825
nisqa,nisqa_val_sim,20270833,local_residual_normalized_k50,0.9008,2.6385630003609055,3.2367495963318453,0.020000000000000018,-0.16482225736004175,-0.2981822388427151
nisqa,nisqa_train_live,20270833,mahalanobis_mondrian,0.9509803921568627,2.2104252029867735,2.4200791602041205,-0.03921568627450989,-0.5929600547341738,-0.40525350477181243
nisqa,nisqa_train_live,20270833,predicted_mos_mondrian,0.984313725490196,2.890622296286564,2.932792493642545,-0.005882352941176561,0.08723703856561693,0.10745982866661219
nisqa,nisqa_train_live,20270833,mos_extremity_mondrian,0.9803921568627451,2.7158221628151686,2.783649481044096,-0.009803921568627527,-0.08756309490577863,-0.04168318393183679
nisqa,nisqa_train_live,20270833,local_residual_mondrian_k10,0.9754901960784313,2.401694057969486,2.4785581041784845,-0.014705882352941235,-0.40169119975146117,-0.3467745607974484
nisqa,nisqa_train_live,20270833,local_residual_normalized_k10,0.9607843137254902,2.3299398539017218,2.4410036335227,-0.02941176470588236,-0.4734454038192255,-0.38432903145323305
nisqa,nisqa_train_live,20270833,local_residual_mondrian_k25,0.9745098039215686,2.3634387986332763,2.4485650911050683,-0.015686274509803977,-0.43994645908767094,-0.3767675738708647
nisqa,nisqa_train_live,20270833,local_residual_normalized_k25,0.9607843137254902,2.2106073101956696,2.360771177567825,-0.02941176470588236,-0.5927779475252777,-0.4645614874081079
nisqa,nisqa_train_live,20270833,local_residual_mondrian_k50,0.9803921568627451,2.371123369067323,2.4520666589923934,-0.009803921568627527,-0.43226188865362447,-0.37326600598353954
nisqa,nisqa_train_live,20270833,local_residual_normalized_k50,0.9558823529411765,2.1317621057276726,2.2978031223556634,-0.03431372549019607,-0.6716231519932747,-0.5275295426202695
nisqa,nisqa_val_live,20270833,mahalanobis_mondrian,0.985,2.2042635345458983,2.318850722312927,-0.0050000000000000044,-0.599121723175049,-0.5000134682655335
nisqa,nisqa_val_live,20270833,predicted_mos_mondrian,0.995,2.9672692155838014,2.9940879559516906,0.0050000000000000044,0.16388395786285415,0.17522376537323003
nisqa,nisqa_val_live,20270833,mos_extremity_mondrian,0.985,2.770923659801483,2.8485698318481445,-0.0050000000000000044,-0.032461597919464236,0.02970564126968389
nisqa,nisqa_val_live,20270833,local_residual_mondrian_k10,0.975,2.43751056432724,2.5171820068359376,-0.015000000000000013,-0.36587469339370715,-0.301682183742523
nisqa,nisqa_val_live,20270833,local_residual_normalized_k10,0.965,2.399852457352979,2.5388011446058276,-0.025000000000000022,-0.4035328003679681,-0.280063045972633
nisqa,nisqa_val_live,20270833,local_residual_mondrian_k25,0.975,2.411146733760834,2.453252158164978,-0.015000000000000013,-0.3922385239601134,-0.3656120324134826
nisqa,nisqa_val_live,20270833,local_residual_normalized_k25,0.97,2.260926837345175,2.357636901631858,-0.020000000000000018,-0.5424584203757723,-0.4612272889466027
nisqa,nisqa_val_live,20270833,local_residual_mondrian_k50,0.98,2.403821270465851,2.4850164341926573,-0.010000000000000009,-0.39956398725509645,-0.33384775638580333
nisqa,nisqa_val_live,20270833,local_residual_normalized_k50,0.97,2.177537658538677,2.3172243984272343,-0.020000000000000018,-0.6258475991822703,-0.5016397921512263
nisqa,nisqa_test_for,20270833,mahalanobis_mondrian,0.9166666666666666,2.5540006319681803,3.269397582610448,0.004166666666666652,-0.249384625752767,-0.15884171326955165
nisqa,nisqa_test_for,20270833,predicted_mos_mondrian,0.925,2.6733706255753833,3.2512227753798166,0.012500000000000067,-0.13001463214556397,-0.17701652050018302
nisqa,nisqa_test_for,20270833,mos_extremity_mondrian,0.9208333333333333,2.5374386429786684,3.35747007727623,0.008333333333333304,-0.2659466147422789,-0.07076921860376961
nisqa,nisqa_test_for,20270833,local_residual_mondrian_k10,0.9208333333333333,2.5082387924194336,3.028736174106598,0.008333333333333304,-0.29514646530151367,-0.39950312177340175
nisqa,nisqa_test_for,20270833,local_residual_normalized_k10,0.925,2.631820982626235,3.112932202577042,0.012500000000000067,-0.1715642750947124,-0.3153070933029576
nisqa,nisqa_test_for,20270833,local_residual_mondrian_k25,0.9333333333333333,2.4918341428041457,3.017649500568708,0.02083333333333337,-0.31155111491680154,-0.4105897953112918
nisqa,nisqa_test_for,20270833,local_residual_normalized_k25,0.9458333333333333,2.5755209753285784,3.025744082611275,0.033333333333333326,-0.2278642823923689,-0.4024952132687245
nisqa,nisqa_test_for,20270833,local_residual_mondrian_k50,0.9375,2.5473461627960203,3.0679518560568493,0.025000000000000022,-0.25603909492492694,-0.36028743982315037
nisqa,nisqa_test_for,20270833,local_residual_normalized_k50,0.9416666666666667,2.4645749513151225,2.922629053748674,0.029166666666666674,-0.33881030640582477,-0.5056102421313255
nisqa,nisqa_test_livetalk,20270833,mahalanobis_mondrian,0.8491379310344828,2.2456216401067275,3.091892158163005,-0.0818965517241379,-0.5577636176142198,-0.05649935582588439
nisqa,nisqa_test_livetalk,20270833,predicted_mos_mondrian,0.9310344827586207,2.8359454510540796,3.17721010795955,0.0,0.032560193333132315,0.028818593970660444
nisqa,nisqa_test_livetalk,20270833,mos_extremity_mondrian,0.9094827586206896,2.781690026151723,3.184006189477855,-0.02155172413793105,-0.021695231569224482,0.035614675488965464
nisqa,nisqa_test_livetalk,20270833,local_residual_mondrian_k10,0.9137931034482759,2.7457650468267243,3.2696240626532456,-0.01724137931034475,-0.05762021089422298,0.12123254866435618
nisqa,nisqa_test_livetalk,20270833,local_residual_normalized_k10,0.896551724137931,3.0391782681713657,3.711729287346156,-0.03448275862068961,0.23579301045041845,0.5633377733572664
nisqa,nisqa_test_livetalk,20270833,local_residual_mondrian_k25,0.9224137931034483,2.7310027325975486,3.189392921225778,-0.008620689655172376,-0.07238252512339871,0.04100140723688872
nisqa,nisqa_test_livetalk,20270833,local_residual_normalized_k25,0.9181034482758621,2.9428762805374116,3.5643903674832433,-0.012931034482758563,0.1394910228164643,0.41599885349435395
nisqa,nisqa_test_livetalk,20270833,local_residual_mondrian_k50,0.9310344827586207,2.7502181550552107,3.2054536959220625,0.0,-0.05316710266573654,0.05706218193317314
nisqa,nisqa_test_livetalk,20270833,local_residual_normalized_k50,0.9224137931034483,2.801207078640738,3.366853108878668,-0.008620689655172376,-0.0021781790802091194,0.2184615948897788
nisqa,nisqa_test_p501,20270833,mahalanobis_mondrian,0.9125,2.5271350820859273,2.9051748047272365,-0.054166666666666696,-0.27625017563501997,-0.0656778683265049
nisqa,nisqa_test_p501,20270833,predicted_mos_mondrian,0.95,2.751575154066086,2.9164317816495897,-0.01666666666666672,-0.05181010365486127,-0.05442089140415174
nisqa,nisqa_test_p501,20270833,mos_extremity_mondrian,0.9541666666666667,2.7420171399911246,2.9331281930208206,-0.012499999999999956,-0.06136811772982265,-0.03772448003292084
nisqa,nisqa_test_p501,20270833,local_residual_mondrian_k10,0.9791666666666666,2.694983979066213,2.766411542892456,0.012499999999999956,-0.10840127865473415,-0.2044411301612854
nisqa,nisqa_test_p501,20270833,local_residual_normalized_k10,0.975,2.9484494635632825,3.0245641782993475,0.008333333333333304,0.14506420584233526,0.053711505245606084
nisqa,nisqa_test_p501,20270833,local_residual_mondrian_k25,0.9708333333333333,2.6382868746916452,2.74154344300429,0.004166666666666652,-0.16509838302930202,-0.22930923004945125
nisqa,nisqa_test_p501,20270833,local_residual_normalized_k25,0.975,2.8264312289962636,2.9404860158568047,0.008333333333333304,0.02304597127531638,-0.030366657196936764
nisqa,nisqa_test_p501,20270833,local_residual_mondrian_k50,0.9791666666666666,2.6959939658641816,2.769578383366267,0.012499999999999956,-0.10739129185676566,-0.20127428968747463
nisqa,nisqa_test_p501,20270833,local_residual_normalized_k50,0.9708333333333333,2.71216639246653,2.777137617287925,0.004166666666666652,-0.09121886525441747,-0.1937150557658165
nisqa,nisqa_val_sim,20270834,mahalanobis_mondrian,0.8992,2.8356425636291505,3.4593937480926513,-0.007199999999999984,-0.08533169097900384,-0.08400420494079608
nisqa,nisqa_val_sim,20270834,predicted_mos_mondrian,0.9208,2.905688295173645,3.408186040687561,0.014399999999999968,-0.015285959434509166,-0.13521191234588636
nisqa,nisqa_val_sim,20270834,mos_extremity_mondrian,0.9208,2.91290813369751,3.471054190826416,0.014399999999999968,-0.008066120910644514,-0.07234376220703131
nisqa,nisqa_val_sim,20270834,local_residual_mondrian_k10,0.9192,2.7659313104629515,3.2723374898910524,0.012800000000000034,-0.1550429441452028,-0.27106046314239496
nisqa,nisqa_val_sim,20270834,local_residual_normalized_k10,0.904,2.720912826924299,3.3505143281892917,-0.0023999999999999577,-0.20006142768385526,-0.19288362484415567
nisqa,nisqa_val_sim,20270834,local_residual_mondrian_k25,0.9112,2.6968034917831423,3.243610641670227,0.0048000000000000265,-0.22417076282501203,-0.29978731136322034
nisqa,nisqa_val_sim,20270834,local_residual_normalized_k25,0.9112,2.7094750566353594,3.252475957373909,0.0048000000000000265,-0.21149919797279493,-0.29092199565953836
nisqa,nisqa_val_sim,20270834,local_residual_mondrian_k50,0.9168,2.7191497381210326,3.241408567237854,0.010399999999999965,-0.20182451648712174,-0.30198938579559353
nisqa,nisqa_val_sim,20270834,local_residual_normalized_k50,0.9024,2.641888053548397,3.195757094227891,-0.0040000000000000036,-0.27908620105975723,-0.3476408588055566
nisqa,nisqa_train_live,20270834,mahalanobis_mondrian,0.9666666666666667,2.347097009303523,2.4774961219114418,-0.027450980392156876,-0.5738772453046312,-0.4560888440001243
nisqa,nisqa_train_live,20270834,predicted_mos_mondrian,0.9931372549019608,2.9689450656666474,2.9799446236853506,-0.0009803921568627416,0.0479708110584931,0.04635965777378459
nisqa,nisqa_train_live,20270834,mos_extremity_mondrian,0.9931372549019608,2.883837639350517,2.899097087570265,-0.0009803921568627416,-0.03713661525763712,-0.03448787834130096
nisqa,nisqa_train_live,20270834,local_residual_mondrian_k10,0.9882352941176471,2.583100559898451,2.639702855605705,-0.00588235294117645,-0.3378736947097032,-0.29388211030586087
nisqa,nisqa_train_live,20270834,local_residual_normalized_k10,0.9656862745098039,2.4269789338646883,2.581909294820454,-0.028431372549019618,-0.49399532074346597,-0.3516756710911122
nisqa,nisqa_train_live,20270834,local_residual_mondrian_k25,0.984313725490196,2.5328316618414486,2.5935032694947484,-0.009803921568627527,-0.3881425927667057,-0.3400816964168176
nisqa,nisqa_train_live,20270834,local_residual_normalized_k25,0.9725490196078431,2.439447186224598,2.5344790799551107,-0.021568627450980427,-0.4815270683835564,-0.39910588595645535
nisqa,nisqa_train_live,20270834,local_residual_mondrian_k50,0.9833333333333333,2.501009868173038,2.561974071521385,-0.010784313725490269,-0.41996438643511613,-0.371610894390181
nisqa,nisqa_train_live,20270834,local_residual_normalized_k50,0.9754901960784313,2.4044886297578687,2.4879277289833395,-0.0186274509803922,-0.5164856248502856,-0.44565723692822656
nisqa,nisqa_val_live,20270834,mahalanobis_mondrian,0.985,2.341806652545929,2.42582581281662,-0.010000000000000009,-0.5791676020622254,-0.5038328981399536
nisqa,nisqa_val_live,20270834,predicted_mos_mondrian,0.99,3.0259472155570983,3.0468564653396606,-0.0050000000000000044,0.10497296094894404,0.1171977543830871
nisqa,nisqa_val_live,20270834,mos_extremity_mondrian,0.99,2.911417155265808,2.94451016664505,-0.0050000000000000044,-0.009557099342346387,0.014851455688476456
nisqa,nisqa_val_live,20270834,local_residual_mondrian_k10,0.98,2.6013634741306304,2.6652288854122164,-0.015000000000000013,-0.3196107804775239,-0.2644298255443571
nisqa,nisqa_val_live,20270834,local_residual_normalized_k10,0.945,2.4305918894181904,2.663685133930329,-0.050000000000000044,-0.4903823651899639,-0.26597357702624436
nisqa,nisqa_val_live,20270834,local_residual_mondrian_k25,0.985,2.544122483730316,2.593110432624817,-0.010000000000000009,-0.3768517708778383,-0.3365482783317564
nisqa,nisqa_val_live,20270834,local_residual_normalized_k25,0.975,2.469893439633681,2.570891373214418,-0.020000000000000018,-0.4510808149744734,-0.3587673377421554
nisqa,nisqa_val_live,20270834,local_residual_mondrian_k50,0.98,2.5215442419052123,2.579096221923828,-0.015000000000000013,-0.399430012702942,-0.35056248903274545
nisqa,nisqa_val_live,20270834,local_residual_normalized_k50,0.975,2.4371725964001296,2.54488468298704,-0.020000000000000018,-0.4838016582080247,-0.3847740279695335
nisqa,nisqa_test_for,20270834,mahalanobis_mondrian,0.925,2.5950418253739675,3.2777677019437155,-0.004166666666666652,-0.32593242923418675,-0.1724487006664277
nisqa,nisqa_test_for,20270834,predicted_mos_mondrian,0.9291666666666667,2.790461873014768,3.4828993628422418,0.0,-0.13051238159338618,0.0326829602320986
nisqa,nisqa_test_for,20270834,mos_extremity_mondrian,0.9375,2.763541782895724,3.4630881001551947,0.008333333333333304,-0.15743247171243047,0.012871697545051575
nisqa,nisqa_test_for,20270834,local_residual_mondrian_k10,0.9291666666666667,2.649286928772926,3.3245642711718877,0.0,-0.27168732583522814,-0.1256521314382555
nisqa,nisqa_test_for,20270834,local_residual_normalized_k10,0.9,2.363602047454091,3.3456803720964254,-0.029166666666666674,-0.5573722071540632,-0.10453603051371774
nisqa,nisqa_test_for,20270834,local_residual_mondrian_k25,0.9291666666666667,2.5477704842885336,3.176621401309967,0.0,-0.3732037703196207,-0.2735950013001762
nisqa,nisqa_test_for,20270834,local_residual_normalized_k25,0.9041666666666667,2.420891086018322,3.1788822181970096,-0.025000000000000022,-0.5000831685898324,-0.2713341844131336
nisqa,nisqa_test_for,20270834,local_residual_mondrian_k50,0.925,2.613392803072929,3.325224690635999,-0.004166666666666652,-0.3075814515352251,-0.12499171197414416
nisqa,nisqa_test_for,20270834,local_residual_normalized_k50,0.9125,2.4004868780729485,3.13786196355251,-0.01666666666666672,-0.5204873765352058,-0.3123544390576334
nisqa,nisqa_test_livetalk,20270834,mahalanobis_mondrian,0.8836206896551724,2.390680422042978,3.0109819420452775,-0.051724137931034475,-0.5302938325651763,-0.17711829728093642
nisqa,nisqa_test_livetalk,20270834,predicted_mos_mondrian,0.9655172413793104,2.933295877843068,3.1577380104311583,0.030172413793103536,0.012321623234913481,-0.030362228895055576
nisqa,nisqa_test_livetalk,20270834,mos_extremity_mondrian,0.9525862068965517,2.9315927121145973,3.1654986749435294,0.017241379310344862,0.010618457506442969,-0.022601564382684458
nisqa,nisqa_test_livetalk,20270834,local_residual_mondrian_k10,0.9525862068965517,2.9019980070919824,3.2976378952634744,0.017241379310344862,-0.018976247516171885,0.1095376559372605
nisqa,nisqa_test_livetalk,20270834,local_residual_normalized_k10,0.9439655172413793,3.092578280172905,3.4965829537692863,0.008620689655172487,0.17160402556475063,0.3084827144430724
nisqa,nisqa_test_livetalk,20270834,local_residual_mondrian_k25,0.9396551724137931,2.8848986450968117,3.278117618684111,0.004310344827586299,-0.03607560951134259,0.09001737935789711
nisqa,nisqa_test_livetalk,20270834,local_residual_normalized_k25,0.9439655172413793,3.0646399219224194,3.4517268913161834,0.008620689655172487,0.1436656673142651,0.2636266519899695
nisqa,nisqa_test_livetalk,20270834,local_residual_mondrian_k50,0.9482758620689655,2.876214520684604,3.265455367236302,0.012931034482758674,-0.04475973392355037,0.07735512791008814
nisqa,nisqa_test_livetalk,20270834,local_residual_normalized_k50,0.9525862068965517,2.9515637759870597,3.3457805968185474,0.017241379310344862,0.03058952137890536,0.15768035749233356
nisqa,nisqa_test_p501,20270834,mahalanobis_mondrian,0.9291666666666667,2.584556714693705,2.884285470843315,-0.04166666666666663,-0.3364175399144491,-0.1653792450825371
nisqa,nisqa_test_p501,20270834,predicted_mos_mondrian,0.9708333333333333,2.9053637365500133,2.976592136422793,0.0,-0.015610518058140954,-0.07307257950305912
nisqa,nisqa_test_p501,20270834,mos_extremity_mondrian,0.9708333333333333,2.9174995690584185,3.0180675804615023,0.0,-0.0034746855497358453,-0.03159713546435006
nisqa,nisqa_test_p501,20270834,local_residual_mondrian_k10,0.9708333333333333,2.8104051699241004,2.8907408763964972,0.0,-0.11056908468405391,-0.15892383952935507
nisqa,nisqa_test_p501,20270834,local_residual_normalized_k10,0.975,2.7871269124465,2.9340389049400515,0.004166666666666652,-0.1338473421616544,-0.11562581098580083
nisqa,nisqa_test_p501,20270834,local_residual_mondrian_k25,0.9833333333333333,2.710127263267835,2.760486368338267,0.012499999999999956,-0.21084699134031926,-0.2891783475875851
nisqa,nisqa_test_p501,20270834,local_residual_normalized_k25,0.9708333333333333,2.72365964144246,2.80486506194491,0.0,-0.1973146131656942,-0.24479965398094228
nisqa,nisqa_test_p501,20270834,local_residual_mondrian_k50,0.975,2.7089869817097982,2.784611909588178,0.004166666666666652,-0.21198727289835606,-0.26505280633767425
nisqa,nisqa_test_p501,20270834,local_residual_normalized_k50,0.9666666666666667,2.664092562978679,2.742450031894286,-0.004166666666666652,-0.2568816916294754,-0.30721468403156615
nisqa,nisqa_val_sim,20270835,mahalanobis_mondrian,0.8984,2.8867045455932616,3.443924583053589,0.0,-0.01595010223388682,-0.031134365463256763
nisqa,nisqa_val_sim,20270835,predicted_mos_mondrian,0.9176,2.8494546977996826,3.2919972927093504,0.019199999999999995,-0.0531999500274658,-0.18306165580749534
nisqa,nisqa_val_sim,20270835,mos_extremity_mondrian,0.9128,2.8233643272399904,3.381634881782532,0.014399999999999968,-0.07929032058715801,-0.0934240667343138
nisqa,nisqa_val_sim,20270835,local_residual_mondrian_k10,0.9104,2.6550738914489744,3.194691923904419,0.01200000000000001,-0.247580756378174,-0.2803670246124268
nisqa,nisqa_val_sim,20270835,local_residual_normalized_k10,0.9008,2.578424121758304,3.166566794309921,0.0024000000000000687,-0.3242305260688445,-0.3084921542069248
nisqa,nisqa_val_sim,20270835,local_residual_mondrian_k25,0.8976,2.6388262058258056,3.2295146404266357,-0.0008000000000000229,-0.2638284420013428,-0.24554430809021
nisqa,nisqa_val_sim,20270835,local_residual_normalized_k25,0.8808,2.4897983531791903,3.1858574987289674,-0.01759999999999995,-0.41285629464795814,-0.2892014497878783
nisqa,nisqa_val_sim,20270835,local_residual_mondrian_k50,0.8928,2.598271917724609,3.2577757705688475,-0.005599999999999938,-0.30438273010253925,-0.21728317794799823
nisqa,nisqa_val_sim,20270835,local_residual_normalized_k50,0.888,2.5093146559818766,3.177368760189668,-0.010399999999999965,-0.3933399918452718,-0.29769018832717764
nisqa,nisqa_train_live,20270835,mahalanobis_mondrian,0.9558823529411765,2.277438845120224,2.439854580982059,-0.03725490196078429,-0.6252158027069243,-0.4766674871538199
nisqa,nisqa_train_live,20270835,predicted_mos_mondrian,0.9872549019607844,3.0307048984602387,3.0762616003260894,-0.00588235294117645,0.12805025063309028,0.15973953219021064
nisqa,nisqa_train_live,20270835,mos_extremity_mondrian,0.9862745098039216,2.813718744352752,2.8704508379393934,-0.006862745098039191,-0.0889359034743964,-0.0460712301964854
nisqa,nisqa_train_live,20270835,local_residual_mondrian_k10,0.9666666666666667,2.4520646787157245,2.603872875138825,-0.026470588235294135,-0.4505899691114239,-0.31264919299705385
nisqa,nisqa_train_live,20270835,local_residual_normalized_k10,0.9509803921568627,2.2946135832154075,2.478179959037551,-0.04215686274509811,-0.6080410646117409,-0.4383421090983277
nisqa,nisqa_train_live,20270835,local_residual_mondrian_k25,0.9656862745098039,2.4122669916526944,2.537580374175427,-0.027450980392156876,-0.490387656174454,-0.37894169396045196
nisqa,nisqa_train_live,20270835,local_residual_normalized_k25,0.9676470588235294,2.251181420733173,2.390087016982879,-0.025490196078431393,-0.6514732270939754,-0.5264350511529998
nisqa,nisqa_train_live,20270835,local_residual_mondrian_k50,0.9647058823529412,2.2871940893285414,2.3994088649749754,-0.028431372549019618,-0.615460558498607,-0.5171132031609034
nisqa,nisqa_train_live,20270835,local_residual_normalized_k50,0.9735294117647059,2.274619313394674,2.3902387818399884,-0.019607843137254943,-0.6280353344324743,-0.5262832862958904
nisqa,nisqa_val_live,20270835,mahalanobis_mondrian,0.985,2.2693388235569,2.3682157766819,-0.010000000000000009,-0.6333158242702486,-0.5440393078327181
nisqa,nisqa_val_live,20270835,predicted_mos_mondrian,0.995,3.117083042860031,3.123645943403244,0.0,0.2144283950328827,0.2113908588886262
nisqa,nisqa_val_live,20270835,mos_extremity_mondrian,0.985,2.856461354494095,2.898827203512192,-0.010000000000000009,-0.04619329333305355,-0.0134278810024262
nisqa,nisqa_val_live,20270835,local_residual_mondrian_k10,0.97,2.5267557454109193,2.672761435508728,-0.025000000000000022,-0.37589890241622914,-0.23949364900588987
nisqa,nisqa_val_live,20270835,local_residual_normalized_k10,0.975,2.3951805532321373,2.539680348110872,-0.020000000000000018,-0.5074740945950111,-0.37257473640374617
nisqa,nisqa_val_live,20270835,local_residual_mondrian_k25,0.98,2.50985369682312,2.630573296546936,-0.015000000000000013,-0.39280095100402823,-0.28168178796768206
nisqa,nisqa_val_live,20270835,local_residual_normalized_k25,0.97,2.3118708840667774,2.4429030840159975,-0.025000000000000022,-0.590783763760371,-0.46935200049862047
nisqa,nisqa_val_live,20270835,local_residual_mondrian_k50,0.965,2.417239735126495,2.5991206860542295,-0.030000000000000027,-0.4854149127006533,-0.3131343984603885
nisqa,nisqa_val_live,20270835,local_residual_normalized_k50,0.975,2.324536306041316,2.437285720742828,-0.020000000000000018,-0.5781183417858324,-0.4749693637717902
nisqa,nisqa_test_for,20270835,mahalanobis_mondrian,0.9208333333333333,2.604748632510503,3.2995622217655183,-0.008333333333333415,-0.2979060153166455,-0.1453109622001647
nisqa,nisqa_test_for,20270835,predicted_mos_mondrian,0.9166666666666666,2.696450326840083,3.382795000076294,-0.012500000000000067,-0.20620432098706543,-0.06207818388938913
nisqa,nisqa_test_for,20270835,mos_extremity_mondrian,0.9125,2.557469496130943,3.3875760128100714,-0.01666666666666672,-0.34518515169620523,-0.057297171155611615
nisqa,nisqa_test_for,20270835,local_residual_mondrian_k10,0.9166666666666666,2.5001796384652457,3.0990432699521384,-0.012500000000000067,-0.4024750093619027,-0.34582991401354457
nisqa,nisqa_test_for,20270835,local_residual_normalized_k10,0.9125,2.465339742889418,3.1688455021536837,-0.01666666666666672,-0.4373149049377303,-0.2760276818119993
nisqa,nisqa_test_for,20270835,local_residual_mondrian_k25,0.9166666666666666,2.526614856719971,3.1875117937723796,-0.012500000000000067,-0.37603979110717756,-0.2573613901933034
nisqa,nisqa_test_for,20270835,local_residual_normalized_k25,0.9291666666666667,2.405749851464928,3.099778731040794,0.0,-0.4969047963622204,-0.34509445292488916
nisqa,nisqa_test_for,20270835,local_residual_mondrian_k50,0.9291666666666667,2.4668260355790457,3.0766508618990582,0.0,-0.43582861224810276,-0.36822232206662475
nisqa,nisqa_test_for,20270835,local_residual_normalized_k50,0.9375,2.438242279758458,2.975069366596358,0.008333333333333304,-0.46441236806869046,-0.46980381736932486
nisqa,nisqa_test_livetalk,20270835,mahalanobis_mondrian,0.8706896551724138,2.3172969530368674,3.0665820816467546,-0.06465517241379304,-0.585357694790281,-0.11504312424824192
nisqa,nisqa_test_livetalk,20270835,predicted_mos_mondrian,0.9353448275862069,2.938014491878707,3.2515121092056405,0.0,0.035359844051558564,0.06988690331064396
nisqa,nisqa_test_livetalk,20270835,mos_extremity_mondrian,0.9310344827586207,2.876016837769541,3.274045186823812,-0.004310344827586188,-0.026637810057607236,0.09241998092881554
nisqa,nisqa_test_livetalk,20270835,local_residual_mondrian_k10,0.9396551724137931,2.8621473394591233,3.3438915939166627,0.004310344827586299,-0.040507308368025186,0.16226638802166615
nisqa,nisqa_test_livetalk,20270835,local_residual_normalized_k10,0.9310344827586207,2.7714692857784455,3.3132709071715785,-0.004310344827586188,-0.1311853620487029,0.13164570127658193
nisqa,nisqa_test_livetalk,20270835,local_residual_mondrian_k25,0.9224137931034483,2.798202629747062,3.2856457973348685,-0.012931034482758563,-0.10445201808008653,0.10402059143987197
nisqa,nisqa_test_livetalk,20270835,local_residual_normalized_k25,0.9224137931034483,2.63913993216113,3.2076104037252637,-0.012931034482758563,-0.26351471566601825,0.025985197830267204
nisqa,nisqa_test_livetalk,20270835,local_residual_mondrian_k50,0.9267241379310345,2.780774548135955,3.3551149162752876,-0.008620689655172376,-0.12188009969119351,0.17348971038029104
nisqa,nisqa_test_livetalk,20270835,local_residual_normalized_k50,0.9396551724137931,2.681883166071691,3.19730329576658,0.004310344827586299,-0.22077148175545735,0.015678089871583367
nisqa,nisqa_test_p501,20270835,mahalanobis_mondrian,0.9291666666666667,2.5747674812873202,2.8683585782845813,-0.03749999999999998,-0.3278871665398282,-0.16867368817329442
nisqa,nisqa_test_p501,20270835,predicted_mos_mondrian,0.9625,2.8752047677834827,3.0156645586093265,-0.004166666666666652,-0.027449880043665775,-0.021367707848549244
nisqa,nisqa_test_p501,20270835,mos_extremity_mondrian,0.95,2.81572694281737,3.0344193895657856,-0.01666666666666672,-0.08692770500977831,-0.00261287689209011
nisqa,nisqa_test_p501,20270835,local_residual_mondrian_k10,0.9583333333333334,2.7464089433352155,2.953851102789243,-0.008333333333333304,-0.15624570449193298,-0.0831811636686326
nisqa,nisqa_test_p501,20270835,local_residual_normalized_k10,0.9541666666666667,2.720431780048884,2.8942462473442467,-0.012499999999999956,-0.18222286777826424,-0.14278601911362898
nisqa,nisqa_test_p501,20270835,local_residual_mondrian_k25,0.9541666666666667,2.727463001012802,2.91337893307209,-0.012499999999999956,-0.1751916468143464,-0.12365333338578566
nisqa,nisqa_test_p501,20270835,local_residual_normalized_k25,0.9625,2.63705818113191,2.753959180104074,-0.004166666666666652,-0.2655964666952384,-0.2830730863538018
nisqa,nisqa_test_p501,20270835,local_residual_mondrian_k50,0.9666666666666667,2.7269070863723757,2.8541808148225147,0.0,-0.17574756145477277,-0.18285145163536098
nisqa,nisqa_test_p501,20270835,local_residual_normalized_k50,0.975,2.6514963152826856,2.7391062714936227,0.008333333333333304,-0.25115833254446285,-0.297925994964253
nisqa,nisqa_val_sim,20270836,mahalanobis_mondrian,0.8928,2.840283642959595,3.4901944229125976,-0.007199999999999984,-0.07048701171874994,0.002182229232788213
nisqa,nisqa_val_sim,20270836,predicted_mos_mondrian,0.9104,2.833005632209778,3.319559024620056,0.010399999999999965,-0.07776502246856687,-0.16845316905975327
nisqa,nisqa_val_sim,20270836,mos_extremity_mondrian,0.896,2.768816523361206,3.3806832626342773,-0.0040000000000000036,-0.14195413131713863,-0.1073289310455321
nisqa,nisqa_val_sim,20270836,local_residual_mondrian_k10,0.9048,2.6120676765441893,3.229476364135742,0.0048000000000000265,-0.2987029781341555,-0.2585358295440674
nisqa,nisqa_val_sim,20270836,local_residual_normalized_k10,0.8976,2.620439890209861,3.2658613772708924,-0.0024000000000000687,-0.2903307644684836,-0.22215081640891698
nisqa,nisqa_val_sim,20270836,local_residual_mondrian_k25,0.9072,2.6622354930877687,3.202178995513916,0.007199999999999984,-0.24853516159057598,-0.28583319816589325
nisqa,nisqa_val_sim,20270836,local_residual_normalized_k25,0.8952,2.5589501189843613,3.207147386857688,-0.0048000000000000265,-0.3518205356939834,-0.28086480682212134
nisqa,nisqa_val_sim,20270836,local_residual_mondrian_k50,0.9032,2.640446127510071,3.224684866523743,0.0031999999999999806,-0.27032452716827393,-0.26332732715606655
nisqa,nisqa_val_sim,20270836,local_residual_normalized_k50,0.8976,2.574843088631904,3.192499715170462,-0.0024000000000000687,-0.3359275660464407,-0.29551247850934725
nisqa,nisqa_train_live,20270836,mahalanobis_mondrian,0.9147058823529411,1.9477066166260664,2.388554186446994,-0.07843137254901966,-0.9630640380522784,-0.535526907677744
nisqa,nisqa_train_live,20270836,predicted_mos_mondrian,0.984313725490196,3.006499033114489,3.0697204760476655,-0.008823529411764786,0.09572837843614446,0.14563938192292758
nisqa,nisqa_train_live,20270836,mos_extremity_mondrian,0.984313725490196,2.7794429937998455,2.851169715675653,-0.008823529411764786,-0.13132766087849923,-0.07291137844908491
nisqa,nisqa_train_live,20270836,local_residual_mondrian_k10,0.9558823529411765,2.214531028504465,2.4069434750313854,-0.03725490196078429,-0.6962396261738797,-0.5171376190933525
nisqa,nisqa_train_live,20270836,local_residual_normalized_k10,0.9294117647058824,2.096183768633854,2.3811273538127153,-0.06372549019607843,-0.8145868860444909,-0.5429537403120226
nisqa,nisqa_train_live,20270836,local_residual_mondrian_k25,0.95,2.1493691023658306,2.3716208682340736,-0.04313725490196085,-0.7614015523125142,-0.5524602258906643
nisqa,nisqa_train_live,20270836,local_residual_normalized_k25,0.9450980392156862,2.0372955556589343,2.278864930858308,-0.04803921568627456,-0.8734750990194105,-0.6452161632664297
nisqa,nisqa_train_live,20270836,local_residual_mondrian_k50,0.9450980392156862,2.0888965139202043,2.3542263447069653,-0.04803921568627456,-0.8218741407581405,-0.5698547494177726
nisqa,nisqa_train_live,20270836,local_residual_normalized_k50,0.9627450980392157,2.1013117291685384,2.300864016433905,-0.0303921568627451,-0.8094589255098064,-0.6232170776908328
nisqa,nisqa_val_live,20270836,mahalanobis_mondrian,0.92,1.9470467734336854,2.2121256399154663,-0.07499999999999996,-0.9637238812446594,-0.707839651107788
nisqa,nisqa_val_live,20270836,predicted_mos_mondrian,0.995,3.104159845113754,3.1439348351955414,0.0,0.19338919043540947,0.2239695441722871
nisqa,nisqa_val_live,20270836,mos_extremity_mondrian,0.985,2.828385488986969,2.870751338005066,-0.010000000000000009,-0.08238516569137566,-0.04921395301818832
nisqa,nisqa_val_live,20270836,local_residual_mondrian_k10,0.965,2.291151297092438,2.445526134967804,-0.030000000000000027,-0.6196193575859068,-0.4744391560554502
nisqa,nisqa_val_live,20270836,local_residual_normalized_k10,0.945,2.1859873380344164,2.456793519815948,-0.050000000000000044,-0.7247833166439284,-0.46317177120730646
nisqa,nisqa_val_live,20270836,local_residual_mondrian_k25,0.965,2.239688115119934,2.414313678741455,-0.030000000000000027,-0.6710825395584106,-0.5056516122817993
nisqa,nisqa_val_live,20270836,local_residual_normalized_k25,0.955,2.110120696689325,2.2867233824881366,-0.040000000000000036,-0.8006499579890196,-0.6332419085351177
nisqa,nisqa_val_live,20270836,local_residual_mondrian_k50,0.965,2.150015251636505,2.3117087054252625,-0.030000000000000027,-0.7607554030418395,-0.6082565855979918
nisqa,nisqa_val_live,20270836,local_residual_normalized_k50,0.975,2.1364833949529025,2.260449063990987,-0.020000000000000018,-0.7742872597254422,-0.6595162270322672
nisqa,nisqa_test_for,20270836,mahalanobis_mondrian,0.875,2.4331055621306104,3.304330422480901,-0.054166666666666696,-0.47766509254773437,-0.1429099301497141
nisqa,nisqa_test_for,20270836,predicted_mos_mondrian,0.9125,2.689419648051262,3.3189046492179233,-0.01666666666666672,-0.22135100662708274,-0.12833570341269196
nisqa,nisqa_test_for,20270836,mos_extremity_mondrian,0.9208333333333333,2.5390155255794524,3.3837634066740674,-0.008333333333333415,-0.3717551290988923,-0.06347694595654785
nisqa,nisqa_test_for,20270836,local_residual_mondrian_k10,0.9333333333333333,2.502348703145981,3.1417372743288676,0.004166666666666652,-0.4084219515323637,-0.3055030783017476
nisqa,nisqa_test_for,20270836,local_residual_normalized_k10,0.925,2.5305465178309037,3.2410266473757456,-0.004166666666666652,-0.38022413684744105,-0.2062137052548696
nisqa,nisqa_test_for,20270836,local_residual_mondrian_k25,0.9375,2.5159756352504092,2.916970442732175,0.008333333333333304,-0.3947950194279355,-0.5302699098984403
nisqa,nisqa_test_for,20270836,local_residual_normalized_k25,0.925,2.4600059301096313,2.960620354272741,-0.004166666666666652,-0.4507647245687134,-0.4866199983578743
nisqa,nisqa_test_for,20270836,local_residual_mondrian_k50,0.9416666666666667,2.5367937127749127,2.966123753786087,0.012499999999999956,-0.373976941903432,-0.4811165988445283
nisqa,nisqa_test_for,20270836,local_residual_normalized_k50,0.9416666666666667,2.5138757951776864,3.0075504746753285,0.012499999999999956,-0.3968948595006583,-0.4396898779552867
nisqa,nisqa_test_livetalk,20270836,mahalanobis_mondrian,0.7758620689655172,2.0144644338509132,3.368652397188647,-0.1594827586206896,-0.8963062208274315,0.18415860266521022
nisqa,nisqa_test_livetalk,20270836,predicted_mos_mondrian,0.9353448275862069,2.9427962097628364,3.3576741239120222,0.0,0.032025555084491675,0.17318032938858563
nisqa,nisqa_test_livetalk,20270836,mos_extremity_mondrian,0.9267241379310345,2.844451406906391,3.2563008501611908,-0.008620689655172376,-0.06631924777195364,0.07180705563775414
nisqa,nisqa_test_livetalk,20270836,local_residual_mondrian_k10,0.9137931034482759,2.7187023841101547,3.221222022484089,-0.02155172413793094,-0.19206827056818998,0.03672822796065223
nisqa,nisqa_test_livetalk,20270836,local_residual_normalized_k10,0.896551724137931,2.749056490486282,3.3485782549814247,-0.0387931034482758,-0.16171416419206253,0.16408446045798808
nisqa,nisqa_test_livetalk,20270836,local_residual_mondrian_k25,0.9137931034482759,2.793010769219234,3.3157099403184036,-0.02155172413793094,-0.11775988545911087,0.131216145794967
nisqa,nisqa_test_livetalk,20270836,local_residual_normalized_k25,0.9137931034482759,2.675333315036877,3.2846876506223484,-0.02155172413793094,-0.2354373396414675,0.10019385609891174
nisqa,nisqa_test_livetalk,20270836,local_residual_mondrian_k50,0.9181034482758621,2.85371585652746,3.434083723816378,-0.01724137931034475,-0.05705479815088488,0.24958992929294155
nisqa,nisqa_test_livetalk,20270836,local_residual_normalized_k50,0.9267241379310345,2.697073697483624,3.2417157240688272,-0.008620689655172376,-0.21369695719472093,0.057221929545390626
nisqa,nisqa_test_p501,20270836,mahalanobis_mondrian,0.8666666666666667,2.444257116317749,3.0763579815626145,-0.09999999999999998,-0.4665135383605956,0.03391504387060795
nisqa,nisqa_test_p501,20270836,predicted_mos_mondrian,0.95,2.8549421687920886,3.0209491958220798,-0.01666666666666672,-0.05582848588625611,-0.021493741869926808
nisqa,nisqa_test_p501,20270836,mos_extremity_mondrian,0.9416666666666667,2.7939658840497335,3.0231403837601345,-0.025000000000000022,-0.11680477062861128,-0.01930255393187208
nisqa,nisqa_test_p501,20270836,local_residual_mondrian_k10,0.9708333333333333,2.654030485947927,2.736641972263654,0.004166666666666652,-0.25674016873041783,-0.30580096542835244
nisqa,nisqa_test_p501,20270836,local_residual_normalized_k10,0.9666666666666667,2.6942767933213263,2.8164524970796063,0.0,-0.21649386135701842,-0.22599044061240026
nisqa,nisqa_test_p501,20270836,local_residual_mondrian_k25,0.9708333333333333,2.704186404744784,2.7753967543443046,0.004166666666666652,-0.20658424993356084,-0.267046183347702
nisqa,nisqa_test_p501,20270836,local_residual_normalized_k25,0.9708333333333333,2.60555834970959,2.6891012381518484,0.004166666666666652,-0.30521230496875473,-0.35334169954015815
nisqa,nisqa_test_p501,20270836,local_residual_mondrian_k50,0.9708333333333333,2.690449669957161,2.7701553950707116,0.004166666666666652,-0.22032098472118378,-0.27228754262129495
nisqa,nisqa_test_p501,20270836,local_residual_normalized_k50,0.9791666666666666,2.6224552738327636,2.670654898428451,0.012499999999999956,-0.28831538084558117,-0.3717880392635555
nisqa,nisqa_val_sim,20270837,mahalanobis_mondrian,0.9008,2.8877593315124512,3.4384959381103517,-0.0040000000000000036,-0.026125785064697205,-0.07473598785400393
nisqa,nisqa_val_sim,20270837,predicted_mos_mondrian,0.9216,2.9296062915802,3.3439553287506105,0.016799999999999926,0.0157211750030517,-0.1692765972137451
nisqa,nisqa_val_sim,20270837,mos_extremity_mondrian,0.9056,2.814119212150574,3.386390543937683,0.0007999999999999119,-0.09976590442657463,-0.12684138202667272
nisqa,nisqa_val_sim,20270837,local_residual_mondrian_k10,0.9128,2.7901103015899658,3.295691775894165,0.007999999999999896,-0.12377481498718268,-0.21754015007019056
nisqa,nisqa_val_sim,20270837,local_residual_normalized_k10,0.9136,2.774408552592706,3.3093478445397997,0.008799999999999919,-0.13947656398444241,-0.20388408142455594
nisqa,nisqa_val_sim,20270837,local_residual_mondrian_k25,0.9152,2.7014709436416626,3.224918762397766,0.010399999999999965,-0.2124141729354858,-0.28831316356658965
nisqa,nisqa_val_sim,20270837,local_residual_normalized_k25,0.8968,2.5600527546697847,3.1621317990683595,-0.008000000000000007,-0.3538323619073638,-0.3511001268959961
nisqa,nisqa_val_sim,20270837,local_residual_mondrian_k50,0.9176,2.7096190082550047,3.181963469696045,0.012799999999999923,-0.20426610832214376,-0.3312684562683108
nisqa,nisqa_val_sim,20270837,local_residual_normalized_k50,0.924,2.728252377746293,3.158535115981145,0.019199999999999995,-0.18563273883085563,-0.35469680998321085
nisqa,nisqa_train_live,20270837,mahalanobis_mondrian,0.9607843137254902,2.3225815057754517,2.462199626716913,-0.032352941176470584,-0.5913036108016967,-0.4647821917253383
nisqa,nisqa_train_live,20270837,predicted_mos_mondrian,0.996078431372549,3.1533230765193117,3.1596916084196054,0.002941176470588225,0.23943795994216321,0.23270978997735403
nisqa,nisqa_train_live,20270837,mos_extremity_mondrian,0.9862745098039216,2.8058754327250464,2.8653843945147943,-0.006862745098039191,-0.10800968385210208,-0.06159742392745704
nisqa,nisqa_train_live,20270837,local_residual_mondrian_k10,0.9764705882352941,2.585055586870979,2.688661074638367,-0.01666666666666672,-0.3288295297061694,-0.23832074380388457
nisqa,nisqa_train_live,20270837,local_residual_normalized_k10,0.9627450980392157,2.398626359087189,2.574668239004953,-0.0303921568627451,-0.5152587574899594,-0.35231357943729824
nisqa,nisqa_train_live,20270837,local_residual_mondrian_k25,0.9764705882352941,2.4919317839192408,2.5576760787589876,-0.01666666666666672,-0.4219533326579077,-0.36930573968326375
nisqa,nisqa_train_live,20270837,local_residual_normalized_k25,0.9558823529411765,2.2194207275478375,2.388162422363167,-0.03725490196078429,-0.694464389029311,-0.5388193960790844
nisqa,nisqa_train_live,20270837,local_residual_mondrian_k50,0.9754901960784313,2.4401721601392707,2.5347739198628596,-0.01764705882352946,-0.4737129564378777,-0.39220789857939176
nisqa,nisqa_train_live,20270837,local_residual_normalized_k50,0.9784313725490196,2.3362594118138174,2.4310618955848833,-0.014705882352941235,-0.5776257047633311,-0.4959199228573681
nisqa,nisqa_val_live,20270837,mahalanobis_mondrian,0.985,2.325048648118973,2.412507115602493,-0.010000000000000009,-0.5888364684581755,-0.5104169142246247
nisqa,nisqa_val_live,20270837,predicted_mos_mondrian,0.995,3.2332742369174956,3.243794695138931,0.0,0.31938912034034717,0.3208706653118134
nisqa,nisqa_val_live,20270837,mos_extremity_mondrian,0.995,2.8506322741508483,2.859132266044617,0.0,-0.06325284242630014,-0.06379176378250095
nisqa,nisqa_val_live,20270837,local_residual_mondrian_k10,0.98,2.640583016872406,2.6569344544410707,-0.015000000000000013,-0.2733020997047424,-0.26598957538604706
nisqa,nisqa_val_live,20270837,local_residual_normalized_k10,0.97,2.475478825806686,2.5860635718956497,-0.025000000000000022,-0.43840629077046245,-0.336860457931468
nisqa,nisqa_val_live,20270837,local_residual_mondrian_k25,0.98,2.5018573999404907,2.5385541319847107,-0.015000000000000013,-0.4120277166366577,-0.38436989784240705
nisqa,nisqa_val_live,20270837,local_residual_normalized_k25,0.965,2.2459561172343454,2.389348102690504,-0.030000000000000027,-0.667928999342803,-0.5335759271366136
nisqa,nisqa_val_live,20270837,local_residual_mondrian_k50,0.975,2.4780115616321563,2.523553146123886,-0.020000000000000018,-0.43587355494499214,-0.3993708837032317
nisqa,nisqa_val_live,20270837,local_residual_normalized_k50,0.975,2.3626713575887375,2.4514283175184515,-0.020000000000000018,-0.551213758988411,-0.47149571230866627
nisqa,nisqa_test_for,20270837,mahalanobis_mondrian,0.9333333333333333,2.6105035463968913,3.2767554740111033,0.004166666666666652,-0.30338157018025713,-0.17139326333999616
nisqa,nisqa_test_for,20270837,predicted_mos_mondrian,0.9458333333333333,2.920569324493408,3.4034847259521483,0.016666666666666607,0.006684207916259677,-0.04466401139895115
nisqa,nisqa_test_for,20270837,mos_extremity_mondrian,0.9166666666666666,2.613459755976995,3.3250831067562103,-0.012500000000000067,-0.30042536060015346,-0.12306563059488917
nisqa,nisqa_test_for,20270837,local_residual_mondrian_k10,0.9208333333333333,2.700741734107335,3.3338487406571704,-0.008333333333333415,-0.21314338246981324,-0.1142999966939291
nisqa,nisqa_test_for,20270837,local_residual_normalized_k10,0.9166666666666666,2.65654323532322,3.322997129824769,-0.012500000000000067,-0.2573418812539283,-0.12515160752633037
nisqa,nisqa_test_for,20270837,local_residual_mondrian_k25,0.9416666666666667,2.5994574785232545,3.1084675252437592,0.012499999999999956,-0.31442763805389395,-0.33968121210734026
nisqa,nisqa_test_for,20270837,local_residual_normalized_k25,0.9208333333333333,2.447473635926424,3.135804335953549,-0.008333333333333415,-0.46641148065072446,-0.3123444013975507
nisqa,nisqa_test_for,20270837,local_residual_mondrian_k50,0.9416666666666667,2.624856792887052,3.1548772384723027,0.012499999999999956,-0.28902832369009657,-0.2932714988787968
nisqa,nisqa_test_for,20270837,local_residual_normalized_k50,0.9458333333333333,2.6016051373421933,3.1363616284495137,0.016666666666666607,-0.3122799792349551,-0.3117871089015858
nisqa,nisqa_test_livetalk,20270837,mahalanobis_mondrian,0.8836206896551724,2.368530128536553,2.988542391308423,-0.051724137931034475,-0.5453549880405952,-0.19705220440338378
nisqa,nisqa_test_livetalk,20270837,predicted_mos_mondrian,0.9655172413793104,3.0460555296519707,3.2645522325203338,0.030172413793103536,0.13217041307482225,0.07895763680852719
nisqa,nisqa_test_livetalk,20270837,mos_extremity_mondrian,0.9310344827586207,2.8645143025907975,3.2587260120901567,-0.004310344827586188,-0.0493708139863509,0.07313141637835008
nisqa,nisqa_test_livetalk,20270837,local_residual_mondrian_k10,0.9482758620689655,2.9946142805033715,3.3774009203088693,0.012931034482758674,0.08072916392622309,0.1918063245970627
nisqa,nisqa_test_livetalk,20270837,local_residual_normalized_k10,0.9482758620689655,3.0220103955182567,3.496912099250554,0.012931034482758674,0.10812527894110824,0.31131750353874743
nisqa,nisqa_test_livetalk,20270837,local_residual_mondrian_k25,0.9439655172413793,2.8994915845065283,3.3245345261590233,0.008620689655172487,-0.014393532070620108,0.13893993044721675
nisqa,nisqa_test_livetalk,20270837,local_residual_normalized_k25,0.9224137931034483,2.789536455127374,3.378857207552693,-0.012931034482758563,-0.12434866144977441,0.19326261184088622
nisqa,nisqa_test_livetalk,20270837,local_residual_mondrian_k50,0.9396551724137931,2.89603728878087,3.2550854436282455,0.004310344827586299,-0.01784782779627836,0.06949084791643889
nisqa,nisqa_test_livetalk,20270837,local_residual_normalized_k50,0.9353448275862069,2.9330218494658395,3.3768406653050294,0.0,0.01913673288869111,0.19124606959322277
nisqa,nisqa_test_p501,20270837,mahalanobis_mondrian,0.9333333333333333,2.6086805373430253,2.9041131993134814,-0.03749999999999998,-0.30520457923412314,-0.14053004384040868
nisqa,nisqa_test_p501,20270837,predicted_mos_mondrian,0.9541666666666667,2.9795784930388134,3.069118621945381,-0.016666666666666607,0.06569337646166495,0.024475378791490865
nisqa,nisqa_test_p501,20270837,mos_extremity_mondrian,0.9583333333333334,2.80178514222304,3.009569551547368,-0.012499999999999956,-0.11209997435410823,-0.03507369160652196
nisqa,nisqa_test_p501,20270837,local_residual_mondrian_k10,0.9625,2.737568787733714,2.7931646277507145,-0.008333333333333304,-0.17631632884343462,-0.2514786154031756
nisqa,nisqa_test_p501,20270837,local_residual_normalized_k10,0.9583333333333334,2.75891422717355,2.887996503947465,-0.012499999999999956,-0.15497088940359838,-0.15664673920642525
nisqa,nisqa_test_p501,20270837,local_residual_mondrian_k25,0.9666666666666667,2.692287890116374,2.7587547530730565,-0.004166666666666652,-0.22159722646077462,-0.2858884900808336
nisqa,nisqa_test_p501,20270837,local_residual_normalized_k25,0.9666666666666667,2.58997920435687,2.73468710768423,-0.004166666666666652,-0.3239059122202783,-0.30995613546966005
nisqa,nisqa_test_p501,20270837,local_residual_mondrian_k50,0.9666666666666667,2.7075790772835413,2.7975426127513248,-0.004166666666666652,-0.20630603929360714,-0.24710063040256536
nisqa,nisqa_test_p501,20270837,local_residual_normalized_k50,0.9833333333333333,2.7705612561056716,2.8336326123841373,0.012499999999999956,-0.14332386047147683,-0.2110106307697528
nisqa,nisqa_val_sim,20270838,mahalanobis_mondrian,0.9096,2.888015898704529,3.4796169233322143,0.0023999999999999577,-0.052131501197814956,-0.046985690116882584
nisqa,nisqa_val_sim,20270838,predicted_mos_mondrian,0.8944,2.8524837741851807,3.396086398124695,-0.012800000000000034,-0.08766362571716302,-0.13051621532440194
nisqa,nisqa_val_sim,20270838,mos_extremity_mondrian,0.8992,2.874611675453186,3.4738648750305177,-0.008000000000000007,-0.06553572444915767,-0.052737738418579205
nisqa,nisqa_val_sim,20270838,local_residual_mondrian_k10,0.8976,2.6649795120239257,3.250895573425293,-0.009600000000000053,-0.27516788787841806,-0.275707040023804
nisqa,nisqa_val_sim,20270838,local_residual_normalized_k10,0.8984,2.7524707514843434,3.3440532303438943,-0.00880000000000003,-0.18767664841800036,-0.18254938310520252
nisqa,nisqa_val_sim,20270838,local_residual_mondrian_k25,0.8944,2.59992088432312,3.2188146926879884,-0.012800000000000034,-0.3402265155792237,-0.3077879207611085
nisqa,nisqa_val_sim,20270838,local_residual_normalized_k25,0.916,2.719805562743238,3.2642467155253594,0.00880000000000003,-0.22034183715910594,-0.2623558979237375
nisqa,nisqa_val_sim,20270838,local_residual_mondrian_k50,0.8896,2.638444459152222,3.273403046798706,-0.01760000000000006,-0.30170294075012194,-0.253199566650391
nisqa,nisqa_val_sim,20270838,local_residual_normalized_k50,0.9024,2.649648198616839,3.2569627382512882,-0.0048000000000000265,-0.29049920128550477,-0.26963987519780863
nisqa,nisqa_train_live,20270838,mahalanobis_mondrian,0.9490196078431372,2.1889961051005944,2.4167391837811936,-0.045098039215686336,-0.7511512948017494,-0.5348910953484332
nisqa,nisqa_train_live,20270838,predicted_mos_mondrian,0.9892156862745098,3.018561544371586,3.0781252839986015,-0.004901960784313708,0.07841414446924233,0.1264950048689748
nisqa,nisqa_train_live,20270838,mos_extremity_mondrian,0.9892156862745098,2.8996679724431504,2.9531701955140806,-0.004901960784313708,-0.04047942745919331,0.0015399163844538322
nisqa,nisqa_train_live,20270838,local_residual_mondrian_k10,0.9627450980392157,2.226525883581124,2.39349936690985,-0.03137254901960784,-0.7136215163212198,-0.5581309122197768
nisqa,nisqa_train_live,20270838,local_residual_normalized_k10,0.9166666666666666,2.0320951009100217,2.3609878501817803,-0.07745098039215692,-0.9080522989923221,-0.5906424289478465
nisqa,nisqa_train_live,20270838,local_residual_mondrian_k25,0.9598039215686275,2.135154233259313,2.3258841131247725,-0.03431372549019607,-0.8049931666430306,-0.6257461660048542
nisqa,nisqa_train_live,20270838,local_residual_normalized_k25,0.9431372549019608,2.112796768942036,2.3421123904111867,-0.050980392156862786,-0.8273506309603076,-0.60951788871844
nisqa,nisqa_train_live,20270838,local_residual_mondrian_k50,0.9509803921568627,2.135886924640805,2.326796237861409,-0.04313725490196085,-0.8042604752615388,-0.6248340412682176
nisqa,nisqa_train_live,20270838,local_residual_normalized_k50,0.9558823529411765,2.1502341966180434,2.3359388723650514,-0.038235294117647034,-0.7899132032843004,-0.6156914067645753
nisqa,nisqa_val_live,20270838,mahalanobis_mondrian,0.985,2.181775155067444,2.2988858366012574,-0.010000000000000009,-0.7583722448349,-0.6489873623847959
nisqa,nisqa_val_live,20270838,predicted_mos_mondrian,1.0,3.078251612186432,3.078251612186432,0.0050000000000000044,0.1381042122840883,0.13037841320037868
nisqa,nisqa_val_live,20270838,mos_extremity_mondrian,1.0,2.9520625948905943,2.9520625948905943,0.0050000000000000044,0.011915194988250555,0.004189395904540927
nisqa,nisqa_val_live,20270838,local_residual_mondrian_k10,0.975,2.307897630929947,2.4236336743831632,-0.020000000000000018,-0.6322497689723967,-0.5242395246028901
nisqa,nisqa_val_live,20270838,local_residual_normalized_k10,0.96,2.135023672904854,2.320694522156798,-0.03500000000000003,-0.8051237269974898,-0.6271786768292555
nisqa,nisqa_val_live,20270838,local_residual_mondrian_k25,0.975,2.2046322453022005,2.3011722671985626,-0.020000000000000018,-0.7355151546001433,-0.6467009317874908
nisqa,nisqa_val_live,20270838,local_residual_normalized_k25,0.97,2.190757706778263,2.3121149882702254,-0.025000000000000022,-0.7493896931240807,-0.6357582107158279
nisqa,nisqa_val_live,20270838,local_residual_mondrian_k50,0.965,2.179158478975296,2.310639184713364,-0.030000000000000027,-0.7609889209270477,-0.6372340142726896
nisqa,nisqa_val_live,20270838,local_residual_normalized_k50,0.97,2.195978356860436,2.2980172125977196,-0.025000000000000022,-0.7441690430419077,-0.6498559863883338
nisqa,nisqa_test_for,20270838,mahalanobis_mondrian,0.9166666666666666,2.5781924585501352,3.290685619910558,-0.012500000000000067,-0.3619549413522085,-0.16512295007705724
nisqa,nisqa_test_for,20270838,predicted_mos_mondrian,0.925,2.7172559599081674,3.295984278122584,-0.004166666666666652,-0.22289143999417638,-0.15982429186503122
nisqa,nisqa_test_for,20270838,mos_extremity_mondrian,0.9208333333333333,2.683469942212105,3.311333518226941,-0.008333333333333415,-0.25667745769023886,-0.14447505176067388
nisqa,nisqa_test_for,20270838,local_residual_mondrian_k10,0.9125,2.405906915664673,3.2615120907624564,-0.01666666666666672,-0.5342404842376709,-0.1942964792251587
nisqa,nisqa_test_for,20270838,local_residual_normalized_k10,0.9166666666666666,2.370163175408665,3.3134722390273907,-0.012500000000000067,-0.5699842244936786,-0.14233633096022436
nisqa,nisqa_test_for,20270838,local_residual_mondrian_k25,0.9208333333333333,2.3407183299462,3.0951464881499606,-0.008333333333333415,-0.5994290699561438,-0.36066208183765447
nisqa,nisqa_test_for,20270838,local_residual_normalized_k25,0.9291666666666667,2.377801730196306,3.153343698592711,0.0,-0.5623456697060378,-0.3024648713949043
nisqa,nisqa_test_for,20270838,local_residual_mondrian_k50,0.9208333333333333,2.3729186137517293,3.0486943403879803,-0.008333333333333415,-0.5672287861506145,-0.40711422959963484
nisqa,nisqa_test_for,20270838,local_residual_normalized_k50,0.9375,2.3891447038830345,3.082583599129514,0.008333333333333304,-0.5510026960193093,-0.373224970858101
nisqa,nisqa_test_livetalk,20270838,mahalanobis_mondrian,0.853448275862069,2.2406131450472206,3.0838677502911667,-0.0818965517241379,-0.6995342548551231,-0.11100920418213134
nisqa,nisqa_test_livetalk,20270838,predicted_mos_mondrian,0.9353448275862069,2.9405379017879225,3.3265176857339926,0.0,0.00039050188557876453,0.13164073126069464
nisqa,nisqa_test_livetalk,20270838,mos_extremity_mondrian,0.9224137931034483,2.9437246826188317,3.35769819905018,-0.012931034482758563,0.0035772827164879395,0.16282124457688196
nisqa,nisqa_test_livetalk,20270838,local_residual_mondrian_k10,0.8922413793103449,2.5705608499461206,3.3035376852956313,-0.04310344827586199,-0.3695865499562232,0.1086607308223333
nisqa,nisqa_test_livetalk,20270838,local_residual_normalized_k10,0.8577586206896551,2.6099695678691197,3.6892255316655733,-0.07758620689655171,-0.33017783203322404,0.4943485771922753
nisqa,nisqa_test_livetalk,20270838,local_residual_mondrian_k25,0.9051724137931034,2.6197342153253227,3.302132347534443,-0.030172413793103425,-0.32041318457702106,0.10725539306114484
nisqa,nisqa_test_livetalk,20270838,local_residual_normalized_k25,0.9008620689655172,2.753679411185489,3.443868339236382,-0.03448275862068961,-0.18646798871685455,0.2489913847630838
nisqa,nisqa_test_livetalk,20270838,local_residual_mondrian_k50,0.9051724137931034,2.731177413258059,3.3604521556147215,-0.030172413793103425,-0.20896998664428468,0.16557520114142354
nisqa,nisqa_test_livetalk,20270838,local_residual_normalized_k50,0.9137931034482759,2.7396559080078005,3.2870447483674883,-0.02155172413793094,-0.2004914918945433,0.09216779389419028
nisqa,nisqa_test_p501,20270838,mahalanobis_mondrian,0.9125,2.5461929976940154,2.9185029357671737,-0.0625,-0.39395440220832834,-0.1454709082841874
nisqa,nisqa_test_p501,20270838,predicted_mos_mondrian,0.9416666666666667,2.832995642224948,3.0528020401795706,-0.033333333333333326,-0.10715175767739593,-0.011171803871790509
nisqa,nisqa_test_p501,20270838,mos_extremity_mondrian,0.9416666666666667,2.849898846944173,3.094936487078667,-0.033333333333333326,-0.09024855295817069,0.03096264302730578
nisqa,nisqa_test_p501,20270838,local_residual_mondrian_k10,0.95,2.604881163438161,2.7150308301051456,-0.025000000000000022,-0.33526623646418274,-0.3489430139462155
nisqa,nisqa_test_p501,20270838,local_residual_normalized_k10,0.9291666666666667,2.7277559336152604,3.0204619457927757,-0.04583333333333328,-0.21239146628708339,-0.04351189825858537
nisqa,nisqa_test_p501,20270838,local_residual_mondrian_k25,0.9458333333333333,2.5709654788176217,2.7485184222459793,-0.029166666666666674,-0.36918192108472203,-0.3154554218053818
nisqa,nisqa_test_p501,20270838,local_residual_normalized_k25,0.95,2.724088098385986,2.9780392449330004,-0.025000000000000022,-0.21605930151635766,-0.08593459911836066
nisqa,nisqa_test_p501,20270838,local_residual_mondrian_k50,0.9458333333333333,2.618806925415993,2.8349574327468874,-0.029166666666666674,-0.32134047448635084,-0.2290164113044737
nisqa,nisqa_test_p501,20270838,local_residual_normalized_k50,0.9583333333333334,2.666251009661387,2.8627071022806074,-0.016666666666666607,-0.2738963902409566,-0.20126674177075365
nisqa,nisqa_val_sim,20270839,mahalanobis_mondrian,0.9144,2.9382470371246336,3.402193928909302,-0.0008000000000000229,-0.09539620857238784,-0.09243187408447229
nisqa,nisqa_val_sim,20270839,predicted_mos_mondrian,0.9272,2.9338212898254397,3.3048591678619386,0.01200000000000001,-0.09982195587158182,-0.18976663513183567
nisqa,nisqa_val_sim,20270839,mos_extremity_mondrian,0.9256,2.924322594642639,3.387536770820618,0.010399999999999965,-0.10932065105438227,-0.10708903217315635
nisqa,nisqa_val_sim,20270839,local_residual_mondrian_k10,0.9112,2.673671248626709,3.1736979553222655,-0.0040000000000000036,-0.35997199707031236,-0.3209278476715087
nisqa,nisqa_val_sim,20270839,local_residual_normalized_k10,0.9136,2.7879165624283675,3.256424142509258,-0.0016000000000000458,-0.245726683268654,-0.23820166048451608
nisqa,nisqa_val_sim,20270839,local_residual_mondrian_k25,0.9192,2.6864437992095946,3.1479863578796388,0.0040000000000000036,-0.34719944648742684,-0.34663944511413547
nisqa,nisqa_val_sim,20270839,local_residual_normalized_k25,0.9256,2.7281998039843165,3.145558256121019,0.010399999999999965,-0.305443441712705,-0.3490675468727553
nisqa,nisqa_val_sim,20270839,local_residual_mondrian_k50,0.92,2.6691521263122557,3.15873423576355,0.0048000000000000265,-0.36449111938476575,-0.3358915672302243
nisqa,nisqa_val_sim,20270839,local_residual_normalized_k50,0.9152,2.6582206038723712,3.1106292558013147,0.0,-0.37542264182465024,-0.38399654719245957
nisqa,nisqa_train_live,20270839,mahalanobis_mondrian,0.953921568627451,2.2726200330491158,2.4460718260091894,-0.042156862745098,-0.7610232126479057,-0.5947424147643297
nisqa,nisqa_train_live,20270839,predicted_mos_mondrian,0.9941176470588236,3.0604515129444647,3.0819297287978378,-0.0019607843137254832,0.02680826724744323,0.04111548802431875
nisqa,nisqa_train_live,20270839,mos_extremity_mondrian,0.9941176470588236,2.899385272287855,2.9176262804106172,-0.0019607843137254832,-0.13425797340916645,-0.1231879603629018
nisqa,nisqa_train_live,20270839,local_residual_mondrian_k10,0.9813725490196078,2.437704080693862,2.5271636542151956,-0.014705882352941235,-0.5959391650031596,-0.5136505865583234
nisqa,nisqa_train_live,20270839,local_residual_normalized_k10,0.9647058823529412,2.384641149304915,2.5388475174570786,-0.03137254901960784,-0.6490020963921066,-0.5019667233164404
nisqa,nisqa_train_live,20270839,local_residual_mondrian_k25,0.9754901960784313,2.362890763610017,2.463302036126455,-0.020588235294117685,-0.6707524820870043,-0.5775122046470642
nisqa,nisqa_train_live,20270839,local_residual_normalized_k25,0.9725490196078431,2.3094743593881244,2.432628664812069,-0.02352941176470591,-0.7241688863088971,-0.6081855759614498
nisqa,nisqa_train_live,20270839,local_residual_mondrian_k50,0.9725490196078431,2.3138448198636374,2.4128342270851135,-0.02352941176470591,-0.719798425833384,-0.6279800136884055
nisqa,nisqa_train_live,20270839,local_residual_normalized_k50,0.9676470588235294,2.246669912510283,2.386354503478382,-0.028431372549019618,-0.7869733331867383,-0.6544597372951371
nisqa,nisqa_val_live,20270839,mahalanobis_mondrian,0.985,2.267778797149658,2.3684262228012085,-0.010000000000000009,-0.7658644485473634,-0.6682680296897887
nisqa,nisqa_val_live,20270839,predicted_mos_mondrian,0.995,3.1229087495803833,3.127791657447815,0.0,0.08926550388336185,0.09109740495681784
nisqa,nisqa_val_live,20270839,mos_extremity_mondrian,0.995,2.927731006145477,2.9410111117362976,0.0,-0.10591223955154438,-0.09568314075469964
nisqa,nisqa_val_live,20270839,local_residual_mondrian_k10,0.975,2.538673176765442,2.5923396372795104,-0.020000000000000018,-0.49497006893157947,-0.4443546152114868
nisqa,nisqa_val_live,20270839,local_residual_normalized_k10,0.97,2.4703252218073297,2.608111713510043,-0.025000000000000022,-0.5633180238896918,-0.4285825389809541
nisqa,nisqa_val_live,20270839,local_residual_mondrian_k25,0.965,2.4448820197582246,2.5225352370738983,-0.030000000000000027,-0.5887612259387969,-0.514159015417099
nisqa,nisqa_val_live,20270839,local_residual_normalized_k25,0.965,2.379955766669174,2.520856504330379,-0.030000000000000027,-0.6536874790278473,-0.5158377481606182
nisqa,nisqa_val_live,20270839,local_residual_mondrian_k50,0.975,2.349425914287567,2.4225544834136965,-0.020000000000000018,-0.6842173314094544,-0.6141397690773007
nisqa,nisqa_val_live,20270839,local_residual_normalized_k50,0.965,2.2849347367864317,2.4019190245050375,-0.030000000000000027,-0.7487085089105898,-0.6347752279859598
nisqa,nisqa_test_for,20270839,mahalanobis_mondrian,0.925,2.630728167295456,3.2955882867177326,-0.012499999999999956,-0.4029150784015654,-0.19213970303535488
nisqa,nisqa_test_for,20270839,predicted_mos_mondrian,0.9333333333333333,2.7955426106850307,3.4161657919486363,-0.004166666666666652,-0.23810063501199075,-0.07156219780445117
nisqa,nisqa_test_for,20270839,mos_extremity_mondrian,0.9333333333333333,2.729898718992869,3.372534610827764,-0.004166666666666652,-0.3037445267041523,-0.11519337892532366
nisqa,nisqa_test_for,20270839,local_residual_mondrian_k10,0.95,2.7013557076454164,3.149769010146459,0.012499999999999956,-0.33228753805160505,-0.3379589796066287
nisqa,nisqa_test_for,20270839,local_residual_normalized_k10,0.9541666666666667,2.8991222063787,3.2198909902850783,0.01666666666666672,-0.13452103931832138,-0.2678369994680092
nisqa,nisqa_test_for,20270839,local_residual_mondrian_k25,0.95,2.711643616358439,3.1955313980579376,0.012499999999999956,-0.3219996293385825,-0.2921965916951499
nisqa,nisqa_test_for,20270839,local_residual_normalized_k25,0.9458333333333333,2.817401081054586,3.243401337530912,0.008333333333333304,-0.2162421646424355,-0.24432665222217542
nisqa,nisqa_test_for,20270839,local_residual_mondrian_k50,0.9541666666666667,2.6647818237543106,3.175083095828692,0.01666666666666672,-0.3688614219427109,-0.31264489392439554
nisqa,nisqa_test_for,20270839,local_residual_normalized_k50,0.95,2.677121593802982,3.095961968125271,0.012499999999999956,-0.3565216518940395,-0.3917660216278165
nisqa,nisqa_test_livetalk,20270839,mahalanobis_mondrian,0.8793103448275862,2.3222135428724617,3.028994722612973,-0.06465517241379315,-0.7114297028245598,-0.20245714228728717
nisqa,nisqa_test_livetalk,20270839,predicted_mos_mondrian,0.9655172413793104,3.0141118785430647,3.226797971232184,0.02155172413793105,-0.019531367153956758,-0.0046538936680762255
nisqa,nisqa_test_livetalk,20270839,mos_extremity_mondrian,0.9568965517241379,2.95529155279028,3.201339577806407,0.012931034482758563,-0.07835169290674138,-0.030112287093853052
nisqa,nisqa_test_livetalk,20270839,local_residual_mondrian_k10,0.9396551724137931,2.858210633540976,3.1916011469117525,-0.004310344827586188,-0.17543261215604566,-0.0398507179885077
nisqa,nisqa_test_livetalk,20270839,local_residual_normalized_k10,0.9310344827586207,3.077573029824891,3.46145440523685,-0.012931034482758674,0.04392978412786963,0.23000254033658996
nisqa,nisqa_test_livetalk,20270839,local_residual_mondrian_k25,0.9439655172413793,2.8740987870199928,3.2404971708511483,0.0,-0.1595444586770287,0.00904530595088815
nisqa,nisqa_test_livetalk,20270839,local_residual_normalized_k25,0.9439655172413793,3.0033001099366214,3.353826109116169,0.0,-0.030343135760400042,0.12237424421590903
nisqa,nisqa_test_livetalk,20270839,local_residual_mondrian_k50,0.9396551724137931,2.8426677821011377,3.2589473508555313,-0.004310344827586188,-0.1909754635958838,0.02749548595527118
nisqa,nisqa_test_livetalk,20270839,local_residual_normalized_k50,0.9310344827586207,2.9130750165071944,3.252501709913101,-0.012931034482758674,-0.12056822918982713,0.021049845012840684
nisqa,nisqa_test_p501,20270839,mahalanobis_mondrian,0.9208333333333333,2.61062317887942,2.9058834741512936,-0.05833333333333335,-0.4230200668176014,-0.23098202248414346
nisqa,nisqa_test_p501,20270839,predicted_mos_mondrian,0.975,2.9203039427598316,3.0298290818929674,-0.004166666666666652,-0.11333930293718986,-0.10703641474246961
nisqa,nisqa_test_p501,20270839,mos_extremity_mondrian,0.9708333333333333,2.9102847963571548,3.0544418931007384,-0.008333333333333304,-0.12335844933986673,-0.08242360353469858
nisqa,nisqa_test_p501,20270839,local_residual_mondrian_k10,0.9666666666666667,2.6679367661476134,2.7437079985936483,-0.012499999999999956,-0.36570647954940805,-0.3931574980417887
nisqa,nisqa_test_p501,20270839,local_residual_normalized_k10,0.9666666666666667,2.825744067195643,2.9537111530014366,-0.012499999999999956,-0.2078991785013784,-0.1831543436340004
nisqa,nisqa_test_p501,20270839,local_residual_mondrian_k25,0.975,2.7251982738574347,2.784477785229683,-0.004166666666666652,-0.30844497183958675,-0.3523877114057541
nisqa,nisqa_test_p501,20270839,local_residual_normalized_k25,0.9833333333333333,2.814091827479752,2.8751351840687196,0.004166666666666652,-0.2195514182172693,-0.2617303125667174
nisqa,nisqa_test_p501,20270839,local_residual_mondrian_k50,0.9708333333333333,2.677364345391591,2.7422914167245227,-0.008333333333333304,-0.3562789003054303,-0.3945740799109143
nisqa,nisqa_test_p501,20270839,local_residual_normalized_k50,0.9833333333333333,2.740413969775442,2.7915049445559976,0.004166666666666652,-0.29322927592157955,-0.3453605520794394
nisqa,nisqa_val_sim,20270840,mahalanobis_mondrian,0.9344,3.0267324157714843,3.4001925464630127,0.00880000000000003,-0.03251746215820317,-0.059913124465942325
nisqa,nisqa_val_sim,20270840,predicted_mos_mondrian,0.9128,2.9219757934570314,3.3152605377197264,-0.012800000000000034,-0.1372740844726561,-0.14484513320922865
nisqa,nisqa_val_sim,20270840,mos_extremity_mondrian,0.9264,3.0047807495117187,3.3799429428100587,0.0008000000000000229,-0.054469128417968804,-0.08016272811889635
nisqa,nisqa_val_sim,20270840,local_residual_mondrian_k10,0.9296,2.8103087913513183,3.1906805183410643,0.0040000000000000036,-0.24894108657836922,-0.2694251525878908
nisqa,nisqa_val_sim,20270840,local_residual_normalized_k10,0.92,2.9021057448763967,3.347102149126648,-0.005599999999999938,-0.15714413305329078,-0.1130035218023071
nisqa,nisqa_val_sim,20270840,local_residual_mondrian_k25,0.9232,2.7826643741607664,3.211492144393921,-0.0023999999999999577,-0.2765855037689211,-0.248613526535034
nisqa,nisqa_val_sim,20270840,local_residual_normalized_k25,0.9208,2.7718424997456577,3.2418864253882056,-0.0048000000000000265,-0.28740737818402984,-0.21821924554074945
nisqa,nisqa_val_sim,20270840,local_residual_mondrian_k50,0.9328,2.813766247558594,3.1756958568573,0.007199999999999984,-0.24548363037109366,-0.2844098140716551
nisqa,nisqa_val_sim,20270840,local_residual_normalized_k50,0.9176,2.7354665662647686,3.158617185244341,-0.008000000000000007,-0.3237833116649189,-0.30148848568461384
nisqa,nisqa_train_live,20270840,mahalanobis_mondrian,0.9774509803921568,2.5480491170696182,2.6270315170288088,-0.020588235294117685,-0.5112007608600693,-0.4386766293469595
nisqa,nisqa_train_live,20270840,predicted_mos_mondrian,0.9931372549019608,3.1755869260021283,3.1862162854157243,-0.004901960784313708,0.11633704807244083,0.12050813903995605
nisqa,nisqa_train_live,20270840,mos_extremity_mondrian,0.9901960784313726,3.001904601910535,3.0146576491056702,-0.007843137254901933,-0.057345276019152625,-0.05105049727009803
nisqa,nisqa_train_live,20270840,local_residual_mondrian_k10,0.9794117647058823,2.395355199365055,2.495346130576788,-0.0186274509803922,-0.6638946785646325,-0.5703620157989802
nisqa,nisqa_train_live,20270840,local_residual_normalized_k10,0.9470588235294117,2.1390497070118375,2.354463875996564,-0.050980392156862786,-0.92020017091785,-0.7112442703792041
nisqa,nisqa_train_live,20270840,local_residual_mondrian_k25,0.9666666666666667,2.31449529096192,2.4484062648287006,-0.03137254901960784,-0.7447545869677676,-0.6173018815470677
nisqa,nisqa_train_live,20270840,local_residual_normalized_k25,0.9509803921568627,2.0983470148037937,2.2890414449055494,-0.04705882352941182,-0.9609028631258938,-0.7766667014702189
nisqa,nisqa_train_live,20270840,local_residual_mondrian_k50,0.9627450980392157,2.2584856683132695,2.3996544333065257,-0.03529411764705881,-0.800764209616418,-0.6660537130692425
nisqa,nisqa_train_live,20270840,local_residual_normalized_k50,0.9549019607843138,2.1133135066168776,2.2894401917014515,-0.04313725490196074,-0.9459363713128099,-0.7762679546743168
nisqa,nisqa_val_live,20270840,mahalanobis_mondrian,0.985,2.5407173788547515,2.5955598986148836,-0.010000000000000009,-0.518532499074936,-0.46546065449714646
nisqa,nisqa_val_live,20270840,predicted_mos_mondrian,0.99,3.263156341314316,3.3037570226192474,-0.0050000000000000044,0.20390646338462837,0.2427364695072174
nisqa,nisqa_val_live,20270840,mos_extremity_mondrian,0.99,3.0527178514003754,3.0752196300029753,-0.0050000000000000044,-0.006532026529312063,0.01419907689094524
nisqa,nisqa_val_live,20270840,local_residual_mondrian_k10,0.985,2.4298584914207457,2.511616609096527,-0.010000000000000009,-0.6293913865089418,-0.549403944015503
nisqa,nisqa_val_live,20270840,local_residual_normalized_k10,0.96,2.204937005275069,2.4212945488053186,-0.03500000000000003,-0.8543128726546185,-0.6397260043067114
nisqa,nisqa_val_live,20270840,local_residual_mondrian_k25,0.975,2.36705176115036,2.451785140037537,-0.020000000000000018,-0.6921981167793274,-0.6092354130744932
nisqa,nisqa_val_live,20270840,local_residual_normalized_k25,0.96,2.1559831745552334,2.32269896744376,-0.03500000000000003,-0.9032667033744541,-0.7383215856682699
nisqa,nisqa_val_live,20270840,local_residual_mondrian_k50,0.985,2.31160516500473,2.403592298030853,-0.010000000000000009,-0.7476447129249575,-0.657428255081177
nisqa,nisqa_val_live,20270840,local_residual_normalized_k50,0.965,2.1569694650570534,2.2956489144696537,-0.030000000000000027,-0.902280412872634,-0.7653716386423763
nisqa,nisqa_test_for,20270840,mahalanobis_mondrian,0.9333333333333333,2.8031260281801225,3.3133509467045466,-0.008333333333333304,-0.25612384974956504,-0.1843203494946164
nisqa,nisqa_test_for,20270840,predicted_mos_mondrian,0.95,2.927500119805336,3.396655312180519,0.008333333333333304,-0.1317497581243514,-0.10101598401864376
nisqa,nisqa_test_for,20270840,mos_extremity_mondrian,0.9333333333333333,2.8310278564691544,3.4654013723134995,-0.008333333333333304,-0.22822202146053305,-0.03226992388566341
nisqa,nisqa_test_for,20270840,local_residual_mondrian_k10,0.9291666666666667,2.6126842558383943,3.2106699009736377,-0.012499999999999956,-0.44656562209129325,-0.28700139522552526
nisqa,nisqa_test_for,20270840,local_residual_normalized_k10,0.9208333333333333,2.5749693244237664,3.3311269048538814,-0.02083333333333337,-0.48428055350592114,-0.16654439134528154
nisqa,nisqa_test_for,20270840,local_residual_mondrian_k25,0.9416666666666667,2.6431972702344257,3.104923508564631,0.0,-0.41605260769526176,-0.3927477876345318
nisqa,nisqa_test_for,20270840,local_residual_normalized_k25,0.9333333333333333,2.5553547856060224,3.077433744960575,-0.008333333333333304,-0.5038950923236651,-0.42023755123858786
nisqa,nisqa_test_for,20270840,local_residual_mondrian_k50,0.9458333333333333,2.687182637055715,3.1072853724161784,0.004166666666666652,-0.3720672408739727,-0.39038592378298453
nisqa,nisqa_test_for,20270840,local_residual_normalized_k50,0.9416666666666667,2.572723078969924,3.0743232020209463,0.0,-0.4865267989597637,-0.4233480941782166
nisqa,nisqa_test_livetalk,20270840,mahalanobis_mondrian,0.9224137931034483,2.597033985729875,3.0448504234182425,-0.025862068965517238,-0.4622158921998123,-0.19872346828723764
nisqa,nisqa_test_livetalk,20270840,predicted_mos_mondrian,0.9612068965517241,3.072284616273025,3.321908642505777,0.012931034482758563,0.013034738343337349,0.07833475080029695
nisqa,nisqa_test_livetalk,20270840,mos_extremity_mondrian,0.9612068965517241,3.066891230385879,3.3123496729752113,0.012931034482758563,0.007641352456191353,0.06877578126973116
nisqa,nisqa_test_livetalk,20270840,local_residual_mondrian_k10,0.9353448275862069,2.853384155651619,3.2875259210323464,-0.012931034482758674,-0.20586572227806865,0.04395202932686626
nisqa,nisqa_test_livetalk,20270840,local_residual_normalized_k10,0.896551724137931,2.932025923797696,3.5585317290790788,-0.051724137931034475,-0.1272239541319915,0.3149578373735986
nisqa,nisqa_test_livetalk,20270840,local_residual_mondrian_k25,0.9353448275862069,2.893070673120433,3.332783653818328,-0.012931034482758674,-0.16617920480925452,0.08920976211284781
nisqa,nisqa_test_livetalk,20270840,local_residual_normalized_k25,0.9181034482758621,2.845637246435282,3.4539619254060985,-0.030172413793103425,-0.21361263149440557,0.21038803370061832
nisqa,nisqa_test_livetalk,20270840,local_residual_mondrian_k50,0.9396551724137931,2.9134720050055405,3.2451034003290635,-0.008620689655172376,-0.145777872924147,0.0015295086235833644
nisqa,nisqa_test_livetalk,20270840,local_residual_normalized_k50,0.9181034482758621,2.7820006836175533,3.2461693728851198,-0.030172413793103425,-0.27724919431213424,0.0025954811796395916
nisqa,nisqa_test_p501,20270840,mahalanobis_mondrian,0.95,2.78204638560613,2.9525364965200422,-0.029166666666666674,-0.27720349232355757,-0.20460091729958885
nisqa,nisqa_test_p501,20270840,predicted_mos_mondrian,0.9375,2.991426536440849,3.105192506313324,-0.04166666666666663,-0.06782334148883828,-0.0519449075063072
nisqa,nisqa_test_p501,20270840,mos_extremity_mondrian,0.9666666666666667,3.0145221014817554,3.09809829890728,-0.012499999999999956,-0.04472777644793213,-0.05903911491235103
nisqa,nisqa_test_p501,20270840,local_residual_mondrian_k10,0.975,2.769502556324005,2.845583564043045,-0.004166666666666652,-0.2897473216056823,-0.31155384977658596
nisqa,nisqa_test_p501,20270840,local_residual_normalized_k10,0.9666666666666667,2.836891938105633,2.9556467681943173,-0.012499999999999956,-0.22235793982405472,-0.20149064562531382
nisqa,nisqa_test_p501,20270840,local_residual_mondrian_k25,0.975,2.831837260723114,2.8810085594654082,-0.004166666666666652,-0.22741261720657358,-0.27612885435422285
nisqa,nisqa_test_p501,20270840,local_residual_normalized_k25,0.9708333333333333,2.818933981146339,2.9038800277680283,-0.008333333333333304,-0.2403158967833483,-0.25325738605160275
nisqa,nisqa_test_p501,20270840,local_residual_mondrian_k50,0.975,2.868472319841385,2.9407336384058,-0.004166666666666652,-0.19077755808830243,-0.21640377541383105
nisqa,nisqa_test_p501,20270840,local_residual_normalized_k50,0.975,2.7984200817291254,2.879395738591696,-0.004166666666666652,-0.2608297962005621,-0.27774167522793514
nisqa,nisqa_val_sim,20270841,mahalanobis_mondrian,0.9016,2.8287178386688234,3.4123069290161134,0.0040000000000000036,-0.03587185249328595,-0.04866999206542966
nisqa,nisqa_val_sim,20270841,predicted_mos_mondrian,0.8944,2.7381490943908693,3.339150336074829,-0.0031999999999999806,-0.1264405967712401,-0.12182658500671417
nisqa,nisqa_val_sim,20270841,mos_extremity_mondrian,0.896,2.7880472692489624,3.3873028310775757,-0.0015999999999999348,-0.07654242191314697,-0.07367409000396741
nisqa,nisqa_val_sim,20270841,local_residual_mondrian_k10,0.8968,2.5751823181152345,3.163553455734253,-0.0007999999999999119,-0.2894073730468749,-0.29742346534729025
nisqa,nisqa_val_sim,20270841,local_residual_normalized_k10,0.904,2.6846175900509066,3.211358372999377,0.006400000000000072,-0.17997210111120276,-0.24961854808216621
nisqa,nisqa_val_sim,20270841,local_residual_mondrian_k25,0.9048,2.560666459655762,3.1399241138458254,0.007200000000000095,-0.3039232315063476,-0.3210528072357177
nisqa,nisqa_val_sim,20270841,local_residual_normalized_k25,0.8984,2.5281881633374685,3.126155917525684,0.0008000000000000229,-0.33640152782464083,-0.334821003555859
nisqa,nisqa_val_sim,20270841,local_residual_mondrian_k50,0.8824,2.536827268600464,3.1679522514343263,-0.015199999999999991,-0.32776242256164556,-0.29302466964721674
nisqa,nisqa_val_sim,20270841,local_residual_normalized_k50,0.8768,2.4626479790370226,3.15744591986424,-0.02079999999999993,-0.4019417121250868,-0.30353100121730314
nisqa,nisqa_train_live,20270841,mahalanobis_mondrian,0.9715686274509804,2.350817673814063,2.4683460913452446,-0.020588235294117685,-0.5137720173480465,-0.41301710418626403
nisqa,nisqa_train_live,20270841,predicted_mos_mondrian,0.9823529411764705,2.8898673436220954,2.957640968584547,-0.009803921568627527,0.025277652459986033,0.07627777305303818
nisqa,nisqa_train_live,20270841,mos_extremity_mondrian,0.9852941176470589,2.8041934342945325,2.864134613906636,-0.006862745098039191,-0.06039625686757688,-0.017228581624872508
nisqa,nisqa_train_live,20270841,local_residual_mondrian_k10,0.9784313725490196,2.539070008315292,2.6202564548043643,-0.013725490196078494,-0.3255196828468172,-0.26110674072714435
nisqa,nisqa_train_live,20270841,local_residual_normalized_k10,0.9666666666666667,2.592186218421393,2.719439329572977,-0.025490196078431393,-0.2724034727407165,-0.1619238659585318
nisqa,nisqa_train_live,20270841,local_residual_mondrian_k25,0.9784313725490196,2.417046628746332,2.508558476672453,-0.013725490196078494,-0.44754306241577746,-0.37280471885905575
nisqa,nisqa_train_live,20270841,local_residual_normalized_k25,0.9666666666666667,2.343089819724992,2.4758785048563468,-0.025490196078431393,-0.5214998714371175,-0.4054846906751619
nisqa,nisqa_train_live,20270841,local_residual_mondrian_k50,0.9725490196078431,2.303941939391342,2.4220902826271806,-0.019607843137254943,-0.5606477517707673,-0.45927291290432803
nisqa,nisqa_train_live,20270841,local_residual_normalized_k50,0.9656862745098039,2.224305619943308,2.3690426984769175,-0.026470588235294135,-0.6402840712188014,-0.5123204970545912
nisqa,nisqa_val_live,20270841,mahalanobis_mondrian,0.985,2.3465549659729006,2.424780697822571,-0.010000000000000009,-0.5180347251892088,-0.45131267786025964
nisqa,nisqa_val_live,20270841,predicted_mos_mondrian,0.99,2.9867496943473815,3.0339956855773926,-0.0050000000000000044,0.12216000318527209,0.157902309894562
nisqa,nisqa_val_live,20270841,mos_extremity_mondrian,0.99,2.8453008270263673,2.8731311058998106,-0.0050000000000000044,-0.019288864135742045,-0.002962269783020055
nisqa,nisqa_val_live,20270841,local_residual_mondrian_k10,0.975,2.580453999042511,2.6494806957244874,-0.020000000000000018,-0.28413569211959855,-0.22661267995834322
nisqa,nisqa_val_live,20270841,local_residual_normalized_k10,0.96,2.664888795500793,2.784246536542107,-0.03500000000000003,-0.1997008956613162,-0.09184683914072345
nisqa,nisqa_val_live,20270841,local_residual_mondrian_k25,0.98,2.4632445299625396,2.526341339349747,-0.015000000000000013,-0.40134516119956976,-0.3497520363330837
nisqa,nisqa_val_live,20270841,local_residual_normalized_k25,0.97,2.404044100632625,2.504890066922359,-0.025000000000000022,-0.4605455905294842,-0.3712033087604718
nisqa,nisqa_val_live,20270841,local_residual_mondrian_k50,0.97,2.3667749190330505,2.4581693315505984,-0.025000000000000022,-0.4978147721290589,-0.4179240441322323
nisqa,nisqa_val_live,20270841,local_residual_normalized_k50,0.97,2.276431256171395,2.387798911204269,-0.025000000000000022,-0.5881584349907145,-0.4882944644785616
nisqa,nisqa_test_for,20270841,mahalanobis_mondrian,0.925,2.5860667248566944,3.3234968304634096,0.012500000000000067,-0.27852296630541495,-0.11239301959673531
nisqa,nisqa_test_for,20270841,predicted_mos_mondrian,0.9,2.5911282638708752,3.3144782721996306,-0.012499999999999956,-0.2734614272912341,-0.12141157786051426
nisqa,nisqa_test_for,20270841,mos_extremity_mondrian,0.9166666666666666,2.5663296312093733,3.324051859974861,0.004166666666666652,-0.2982600599527361,-0.11183799008528394
nisqa,nisqa_test_for,20270841,local_residual_mondrian_k10,0.9208333333333333,2.5499932835499446,3.0960104634364445,0.008333333333333304,-0.3145964076121648,-0.33987938662370043
nisqa,nisqa_test_for,20270841,local_residual_normalized_k10,0.9166666666666666,2.635361431539574,3.190104402886848,0.004166666666666652,-0.22922825962253546,-0.24578544717329676
nisqa,nisqa_test_for,20270841,local_residual_mondrian_k25,0.9416666666666667,2.543282812833786,3.0359882771968842,0.029166666666666674,-0.3213068783283233,-0.39990157286326067
nisqa,nisqa_test_for,20270841,local_residual_normalized_k25,0.9333333333333333,2.5168993635577976,2.9819066648226342,0.02083333333333337,-0.34769032760431173,-0.4539831852375107
nisqa,nisqa_test_for,20270841,local_residual_mondrian_k50,0.9375,2.473661341269811,3.0025077939033507,0.025000000000000022,-0.3909283498922984,-0.43338205615679426
nisqa,nisqa_test_for,20270841,local_residual_normalized_k50,0.9333333333333333,2.436091994589408,2.967952998999128,0.02083333333333337,-0.4284976965727014,-0.4679368510610171
nisqa,nisqa_test_livetalk,20270841,mahalanobis_mondrian,0.8836206896551724,2.3817520655434707,3.0295592587569664,-0.051724137931034475,-0.48283762561863863,-0.13861195383400737
nisqa,nisqa_test_livetalk,20270841,predicted_mos_mondrian,0.9224137931034483,2.8245036889766824,3.273913995972995,-0.012931034482758563,-0.04008600218542702,0.10574278338202125
nisqa,nisqa_test_livetalk,20270841,mos_extremity_mondrian,0.9224137931034483,2.8549032437390296,3.2726775428344466,-0.012931034482758563,-0.00968644742307978,0.10450633024347278
nisqa,nisqa_test_livetalk,20270841,local_residual_mondrian_k10,0.9482758620689655,2.8372692578825456,3.309153825044632,0.012931034482758674,-0.027320433279563794,0.14098261245365817
nisqa,nisqa_test_livetalk,20270841,local_residual_normalized_k10,0.9353448275862069,3.0879451547858996,3.5546496762041695,0.0,0.22335546362379022,0.3864784636131957
nisqa,nisqa_test_livetalk,20270841,local_residual_mondrian_k25,0.9525862068965517,2.86966165180864,3.2639179723016145,0.017241379310344862,0.005071960646530815,0.09574675971064073
nisqa,nisqa_test_livetalk,20270841,local_residual_normalized_k25,0.9439655172413793,2.9083866186299376,3.3308841186796387,0.008620689655172487,0.04379692746782826,0.16271290608866495
nisqa,nisqa_test_livetalk,20270841,local_residual_mondrian_k50,0.9525862068965517,2.9054186200273446,3.296060895097667,0.017241379310344862,0.04082892886523526,0.12788968250669308
nisqa,nisqa_test_livetalk,20270841,local_residual_normalized_k50,0.9439655172413793,2.8175035540378985,3.270137518406068,0.008620689655172487,-0.047086137124210836,0.10196630581509414
nisqa,nisqa_test_p501,20270841,mahalanobis_mondrian,0.9333333333333333,2.549488429228465,2.8201583315928778,-0.033333333333333326,-0.3151012619336444,-0.1914972970883051
nisqa,nisqa_test_p501,20270841,predicted_mos_mondrian,0.9375,2.7453597168127697,2.941503577431043,-0.029166666666666674,-0.11922997434933968,-0.0701520512501399
nisqa,nisqa_test_p501,20270841,mos_extremity_mondrian,0.9416666666666667,2.8010327061017355,3.0300511608521146,-0.025000000000000022,-0.06355698506037388,0.018395532170931705
nisqa,nisqa_test_p501,20270841,local_residual_mondrian_k10,0.9666666666666667,2.5651111801465354,2.677088881532351,0.0,-0.299478511015574,-0.33456674714883183
nisqa,nisqa_test_p501,20270841,local_residual_normalized_k10,0.9666666666666667,2.668997796447553,2.816936633907602,0.0,-0.1955918947145565,-0.1947189947735808
nisqa,nisqa_test_p501,20270841,local_residual_mondrian_k25,0.9583333333333334,2.5598108301560085,2.6686827421188353,-0.008333333333333304,-0.30477886100610085,-0.3429728865623476
nisqa,nisqa_test_p501,20270841,local_residual_normalized_k25,0.9666666666666667,2.542715724823425,2.666200914151228,0.0,-0.32187396633868426,-0.3454547145299549
nisqa,nisqa_test_p501,20270841,local_residual_mondrian_k50,0.9666666666666667,2.570619148015976,2.684977637728055,0.0,-0.29397054314613325,-0.32667799095312766
nisqa,nisqa_test_p501,20270841,local_residual_normalized_k50,0.9541666666666667,2.480814794160068,2.622164971431199,-0.012499999999999956,-0.38377489700204137,-0.38949065724998366
nisqa,nisqa_val_sim,20270842,mahalanobis_mondrian,0.8944,2.8545573951721193,3.52240597076416,0.01759999999999995,0.029826998901367308,-0.06603293304443358
nisqa,nisqa_val_sim,20270842,predicted_mos_mondrian,0.8912,2.8162236618041994,3.378182123565674,0.014399999999999968,-0.00850673446655259,-0.21025678024291983
nisqa,nisqa_val_sim,20270842,mos_extremity_mondrian,0.9016,2.908684197616577,3.4676036674499513,0.024799999999999933,0.08395380134582497,-0.12083523635864246
nisqa,nisqa_val_sim,20270842,local_residual_mondrian_k10,0.8792,2.601876602745056,3.368173721885681,0.0023999999999999577,-0.222853793525696,-0.22026518192291267
nisqa,nisqa_val_sim,20270842,local_residual_normalized_k10,0.892,2.7844828627094502,3.5273179633693754,0.015199999999999991,-0.04024753356130173,-0.06112094043921834
nisqa,nisqa_val_sim,20270842,local_residual_mondrian_k25,0.896,2.6315676092147826,3.332939076805115,0.019199999999999995,-0.19316278705596934,-0.25549982700347895
nisqa,nisqa_val_sim,20270842,local_residual_normalized_k25,0.8736,2.5469479189653117,3.3917358230681276,-0.0031999999999999806,-0.27778247730544026,-0.19670308074046616
nisqa,nisqa_val_sim,20270842,local_residual_mondrian_k50,0.8912,2.627689955329895,3.327967699623108,0.014399999999999968,-0.19704044094085704,-0.26047120418548575
nisqa,nisqa_val_sim,20270842,local_residual_normalized_k50,0.8816,2.549574957109108,3.3613838284080098,0.0048000000000000265,-0.27515543916164376,-0.227055075400584
nisqa,nisqa_train_live,20270842,mahalanobis_mondrian,0.9735294117647059,2.4086259360406914,2.521280610327627,-0.01764705882352946,-0.41610446023006054,-0.32349457086301303
nisqa,nisqa_train_live,20270842,predicted_mos_mondrian,0.9941176470588236,2.937406894272449,2.9464863412520463,0.002941176470588225,0.11267649800169721,0.10171116006140624
nisqa,nisqa_train_live,20270842,mos_extremity_mondrian,0.9921568627450981,2.914707440020991,2.9306865640715056,0.0009803921568627416,0.08997704375023918,0.08591138288086553
nisqa,nisqa_train_live,20270842,local_residual_mondrian_k10,0.957843137254902,2.1696380755480598,2.350704483424916,-0.033333333333333326,-0.6550923207226922,-0.4940706977657241
nisqa,nisqa_train_live,20270842,local_residual_normalized_k10,0.9186274509803921,2.0399759227719825,2.3549382675389605,-0.07254901960784321,-0.7847544734987695,-0.4898369136516796
nisqa,nisqa_train_live,20270842,local_residual_mondrian_k25,0.9676470588235294,2.2652668342870825,2.396886231618769,-0.02352941176470591,-0.5594635619836694,-0.4478889495718712
nisqa,nisqa_train_live,20270842,local_residual_normalized_k25,0.9362745098039216,1.9620427511008476,2.235995236623768,-0.05490196078431375,-0.8626876451699044,-0.608779944566872
nisqa,nisqa_train_live,20270842,local_residual_mondrian_k50,0.9666666666666667,2.238237897555033,2.3833095443015004,-0.02450980392156865,-0.5864924987157187,-0.46146563688913966
nisqa,nisqa_train_live,20270842,local_residual_normalized_k50,0.9441176470588235,2.021188312950204,2.252060778450822,-0.04705882352941182,-0.803542083320548,-0.5927144027398179
nisqa,nisqa_val_live,20270842,mahalanobis_mondrian,0.985,2.404007272720337,2.4795797634124757,-0.010000000000000009,-0.42072312355041497,-0.3586472821235658
nisqa,nisqa_val_live,20270842,predicted_mos_mondrian,0.99,2.99025551199913,3.0056588780879974,-0.0050000000000000044,0.16552511572837814,0.16743183255195593
nisqa,nisqa_val_live,20270842,mos_extremity_mondrian,0.99,2.947103991508484,2.9699808144569397,-0.0050000000000000044,0.12237359523773206,0.1317537689208983
nisqa,nisqa_val_live,20270842,local_residual_mondrian_k10,0.98,2.227927522659302,2.296719281673431,-0.015000000000000013,-0.5968028736114501,-0.5415077638626102
nisqa,nisqa_val_live,20270842,local_residual_normalized_k10,0.955,2.1297368578488602,2.271285009339565,-0.040000000000000036,-0.6949935384218917,-0.5669420361964765
nisqa,nisqa_val_live,20270842,local_residual_mondrian_k25,0.98,2.2926500391960145,2.3726319026947023,-0.015000000000000013,-0.5320803570747374,-0.4655951428413392
nisqa,nisqa_val_live,20270842,local_residual_normalized_k25,0.965,2.008738728542349,2.1774893270350146,-0.030000000000000027,-0.8159916677284031,-0.6607377185010268
nisqa,nisqa_val_live,20270842,local_residual_mondrian_k50,0.985,2.2773063027858735,2.3272274935245516,-0.010000000000000009,-0.5474240934848784,-0.5109995520114898
nisqa,nisqa_val_live,20270842,local_residual_normalized_k50,0.965,2.0628936674400644,2.1991784498465634,-0.030000000000000027,-0.7618367288306875,-0.639048595689478
nisqa,nisqa_test_for,20270842,mahalanobis_mondrian,0.9208333333333333,2.6566668808460236,3.3140118877092997,0.008333333333333304,-0.1680635154247283,-0.11689555048942557
nisqa,nisqa_test_for,20270842,predicted_mos_mondrian,0.9375,2.782382858792941,3.3520762850840886,0.025000000000000022,-0.04234753747781106,-0.07883115311463662
nisqa,nisqa_test_for,20270842,mos_extremity_mondrian,0.9416666666666667,2.7698853353659314,3.4158291657765707,0.029166666666666674,-0.05484506090482055,-0.015078272422154537
nisqa,nisqa_test_for,20270842,local_residual_mondrian_k10,0.9208333333333333,2.4607736706733703,3.2741857608159384,0.008333333333333304,-0.3639567255973817,-0.15672167738278686
nisqa,nisqa_test_for,20270842,local_residual_normalized_k10,0.9208333333333333,2.5506625313814224,3.3273801406913264,0.008333333333333304,-0.27406786488932955,-0.10352729750739886
nisqa,nisqa_test_for,20270842,local_residual_mondrian_k25,0.9416666666666667,2.5018936534722647,3.129798088471095,0.029166666666666674,-0.3228367427984873,-0.30110934972763026
nisqa,nisqa_test_for,20270842,local_residual_normalized_k25,0.9208333333333333,2.375476847624036,3.0668315183830184,0.008333333333333304,-0.44925354864671574,-0.36407591981570686
nisqa,nisqa_test_for,20270842,local_residual_mondrian_k50,0.9416666666666667,2.547907410065333,3.08476615746816,0.029166666666666674,-0.2768229862054188,-0.34614128073056527
nisqa,nisqa_test_for,20270842,local_residual_normalized_k50,0.9291666666666667,2.4019462849257205,3.0488188330257744,0.01666666666666672,-0.42278411134503147,-0.38208860517295085
nisqa,nisqa_test_livetalk,20270842,mahalanobis_mondrian,0.9051724137931034,2.4482682367850996,3.0016435446410346,-0.025862068965517238,-0.3764621594856523,-0.15337232269089762
nisqa,nisqa_test_livetalk,20270842,predicted_mos_mondrian,0.9439655172413793,2.8987095345710885,3.161804703802898,0.012931034482758674,0.07397913830033653,0.00678883647096562
nisqa,nisqa_test_livetalk,20270842,mos_extremity_mondrian,0.9439655172413793,2.9510437722863823,3.2129947481484247,0.012931034482758674,0.1263133760156303,0.057978880816492495
nisqa,nisqa_test_livetalk,20270842,local_residual_mondrian_k10,0.9353448275862069,2.7006013804468614,3.25819220625121,0.004310344827586188,-0.12412901582389058,0.10317633891927791
nisqa,nisqa_test_livetalk,20270842,local_residual_normalized_k10,0.9137931034482759,3.0337052703419847,3.6699853395065634,-0.01724137931034475,0.20897487407123272,0.5149694721746312
nisqa,nisqa_test_livetalk,20270842,local_residual_mondrian_k25,0.9353448275862069,2.774215941799098,3.2446566686548035,0.004310344827586188,-0.050514454471653814,0.08964080132287133
nisqa,nisqa_test_livetalk,20270842,local_residual_normalized_k25,0.9267241379310345,2.781725678055948,3.459847287043464,-0.004310344827586188,-0.043004718214803894,0.3048314197115318
nisqa,nisqa_test_livetalk,20270842,local_residual_mondrian_k50,0.9439655172413793,2.7748603810524117,3.2426263289204957,0.012931034482758674,-0.049870015218340225,0.08761046158856356
nisqa,nisqa_test_livetalk,20270842,local_residual_normalized_k50,0.9267241379310345,2.7383889697784682,3.3232546796380626,-0.004310344827586188,-0.08634142649228371,0.16823881230613047
nisqa,nisqa_test_p501,20270842,mahalanobis_mondrian,0.9416666666666667,2.6645236094792684,2.878642889857292,-0.025000000000000022,-0.1602067867914836,-0.10643987556298606
nisqa,nisqa_test_p501,20270842,predicted_mos_mondrian,0.9625,2.8401554743448894,2.942169166604678,-0.004166666666666652,0.0154250780741374,-0.042913598815600196
nisqa,nisqa_test_p501,20270842,mos_extremity_mondrian,0.9625,2.9148247758547465,3.0331280599037806,-0.004166666666666652,0.09009437958399458,0.04804529448350259
nisqa,nisqa_test_p501,20270842,local_residual_mondrian_k10,0.9666666666666667,2.604830198486646,2.7429525236288708,0.0,-0.21990019778410597,-0.2421302417914073
nisqa,nisqa_test_p501,20270842,local_residual_normalized_k10,0.9625,2.843715698941438,2.9962322097740204,-0.004166666666666652,0.0189853026706861,0.011149444353742322
nisqa,nisqa_test_p501,20270842,local_residual_mondrian_k25,0.975,2.6561492482821145,2.755372002720833,0.008333333333333304,-0.16858114798863744,-0.22971076269944524
nisqa,nisqa_test_p501,20270842,local_residual_normalized_k25,0.9541666666666667,2.615496570623466,2.7865117793808216,-0.012499999999999956,-0.20923382564728588,-0.19857098603945644
nisqa,nisqa_test_p501,20270842,local_residual_mondrian_k50,0.9708333333333333,2.6578217248121896,2.771302724877993,0.004166666666666652,-0.16690867145856236,-0.21378004054228494
nisqa,nisqa_test_p501,20270842,local_residual_normalized_k50,0.9666666666666667,2.5979744991997222,2.734433801912251,0.0,-0.22675589707102972,-0.2506489635080271
nisqa,nisqa_val_sim,20270843,mahalanobis_mondrian,0.9112,2.941095333099365,3.5113928775787353,0.014399999999999968,0.007831554412841779,-0.06290668869018567
nisqa,nisqa_val_sim,20270843,predicted_mos_mondrian,0.9008,2.834360184288025,3.38248148021698,0.0040000000000000036,-0.09890359439849838,-0.19181808605194117
nisqa,nisqa_val_sim,20270843,mos_extremity_mondrian,0.9008,2.86399222278595,3.456779839515686,0.0040000000000000036,-0.06927155590057366,-0.11751972675323508
nisqa,nisqa_val_sim,20270843,local_residual_mondrian_k10,0.9112,2.697459711456299,3.2231764987945555,0.014399999999999968,-0.2358040672302244,-0.3511230674743655
nisqa,nisqa_val_sim,20270843,local_residual_normalized_k10,0.9024,2.663530677667868,3.2335615738607792,0.005599999999999938,-0.2697331010186552,-0.34073799240814173
nisqa,nisqa_val_sim,20270843,local_residual_mondrian_k25,0.9032,2.637347636795044,3.211954169845581,0.006399999999999961,-0.2959161418914795,-0.36234539642333985
nisqa,nisqa_val_sim,20270843,local_residual_normalized_k25,0.8888,2.5463065222387145,3.1781073170269245,-0.008000000000000007,-0.386957256447809,-0.3961922492419965
nisqa,nisqa_val_sim,20270843,local_residual_mondrian_k50,0.9112,2.6460916690826415,3.209085418701172,0.014399999999999968,-0.28717210960388195,-0.36521414756774906
nisqa,nisqa_val_sim,20270843,local_residual_normalized_k50,0.9,2.612303405658694,3.1929502595231134,0.0031999999999999806,-0.3209603730278294,-0.3813493067458076
nisqa,nisqa_train_live,20270843,mahalanobis_mondrian,0.9696078431372549,2.3600516740013573,2.4819906739627613,-0.02450980392156865,-0.5732121046851661,-0.46316090284609324
nisqa,nisqa_train_live,20270843,predicted_mos_mondrian,0.9852941176470589,2.974635162774254,3.0384648325396517,-0.008823529411764675,0.04137138408773078,0.09331325573079718
nisqa,nisqa_train_live,20270843,mos_extremity_mondrian,0.9852941176470589,2.867667985429951,2.924349375332103,-0.008823529411764675,-0.0655957932565725,-0.020802201476751492
nisqa,nisqa_train_live,20270843,local_residual_mondrian_k10,0.9813725490196078,2.55584510307686,2.623302362946903,-0.012745098039215752,-0.37741867560966336,-0.32184921386195153
nisqa,nisqa_train_live,20270843,local_residual_normalized_k10,0.9686274509803922,2.445670711142192,2.5640999473142636,-0.025490196078431393,-0.4875930675443314,-0.3810516294945909
nisqa,nisqa_train_live,20270843,local_residual_mondrian_k25,0.9823529411764705,2.485343646301943,2.5540732082198647,-0.01176470588235301,-0.4479201323845805,-0.3910783685889898
nisqa,nisqa_train_live,20270843,local_residual_normalized_k25,0.9725490196078431,2.3341038542922172,2.4363676466083266,-0.021568627450980427,-0.5991599243943062,-0.5087839302005279
nisqa,nisqa_train_live,20270843,local_residual_mondrian_k50,0.9774509803921568,2.4437799208304463,2.535407345668942,-0.01666666666666672,-0.4894838578560772,-0.40974423113991243
nisqa,nisqa_train_live,20270843,local_residual_normalized_k50,0.9774509803921568,2.3874890127794184,2.4789607278816934,-0.01666666666666672,-0.545774765907105,-0.4661908489271611
nisqa,nisqa_val_live,20270843,mahalanobis_mondrian,0.985,2.356971242427826,2.43748500585556,-0.010000000000000009,-0.5762925362586975,-0.5038487529754638
nisqa,nisqa_val_live,20270843,predicted_mos_mondrian,0.995,3.062866019010544,3.09836262345314,0.0,0.12960224032402046,0.15702886462211607
nisqa,nisqa_val_live,20270843,mos_extremity_mondrian,0.995,2.9307110047340394,2.940616819858551,0.0,-0.0025527739524839888,-0.0007169389724728248
nisqa,nisqa_val_live,20270843,local_residual_mondrian_k10,0.99,2.617924449443817,2.6512025213241577,-0.0050000000000000044,-0.31533932924270625,-0.2901312375068663
nisqa,nisqa_val_live,20270843,local_residual_normalized_k10,0.975,2.555426075050417,2.613972528722668,-0.020000000000000018,-0.37783770363610625,-0.32736123010835616
nisqa,nisqa_val_live,20270843,local_residual_mondrian_k25,0.985,2.545258492231369,2.5841566383838654,-0.010000000000000009,-0.3880052864551544,-0.35717712044715855
nisqa,nisqa_val_live,20270843,local_residual_normalized_k25,0.98,2.390200965888924,2.444771529348376,-0.015000000000000013,-0.5430628127975994,-0.49656222948264794
nisqa,nisqa_val_live,20270843,local_residual_mondrian_k50,0.975,2.465649130344391,2.5293254399299623,-0.020000000000000018,-0.4676146483421326,-0.4120083189010617
nisqa,nisqa_val_live,20270843,local_residual_normalized_k50,0.985,2.413549117330535,2.475192320462369,-0.010000000000000009,-0.5197146613559886,-0.46614143836865507
nisqa,nisqa_test_for,20270843,mahalanobis_mondrian,0.9291666666666667,2.6529933631420137,3.3131247679392497,0.0,-0.2802704155445097,-0.14067607919375114
nisqa,nisqa_test_for,20270843,predicted_mos_mondrian,0.9333333333333333,2.7284805446863176,3.2633957038323085,0.004166666666666652,-0.20478323400020582,-0.19040514330069236
nisqa,nisqa_test_for,20270843,mos_extremity_mondrian,0.925,2.6444802472988767,3.302205084760984,-0.004166666666666652,-0.2887835313876468,-0.151595762372017
nisqa,nisqa_test_for,20270843,local_residual_mondrian_k10,0.925,2.604934157927831,3.2720022916793825,-0.004166666666666652,-0.32832962075869254,-0.18179855545361834
nisqa,nisqa_test_for,20270843,local_residual_normalized_k10,0.9208333333333333,2.516271563956617,3.358205131222528,-0.008333333333333415,-0.41699221472990633,-0.095595715910473
nisqa,nisqa_test_for,20270843,local_residual_mondrian_k25,0.9083333333333333,2.5132604827483496,3.2297831664482755,-0.02083333333333337,-0.42000329593817387,-0.22401768068472538
nisqa,nisqa_test_for,20270843,local_residual_normalized_k25,0.9208333333333333,2.4338064786995903,3.1913421755105125,-0.008333333333333415,-0.4994572999869331,-0.26245867162248837
nisqa,nisqa_test_for,20270843,local_residual_mondrian_k50,0.9208333333333333,2.48023505906264,3.176039496064186,-0.008333333333333415,-0.45302871962388336,-0.27776135106881483
nisqa,nisqa_test_for,20270843,local_residual_normalized_k50,0.9291666666666667,2.5072114271857573,3.158405052619179,0.0,-0.42605235150076615,-0.2953957945138219
nisqa,nisqa_test_livetalk,20270843,mahalanobis_mondrian,0.896551724137931,2.3987201000082083,2.9962139849005074,-0.0387931034482758,-0.5345436786783151,-0.1962299655223716
nisqa,nisqa_test_livetalk,20270843,predicted_mos_mondrian,0.9396551724137931,2.9345105156816285,3.3108297535057725,0.004310344827586299,0.0012467369951050244,0.11838580308289348
nisqa,nisqa_test_livetalk,20270843,mos_extremity_mondrian,0.9267241379310345,2.919587786855369,3.3262194395065308,-0.008620689655172376,-0.013675991831154644,0.13377548908365178
nisqa,nisqa_test_livetalk,20270843,local_residual_mondrian_k10,0.9439655172413793,2.930682065158055,3.2844430824805952,0.008620689655172487,-0.0025817135284684767,0.09199913205771626
nisqa,nisqa_test_livetalk,20270843,local_residual_normalized_k10,0.9439655172413793,3.01589118539483,3.3947279593936117,0.008620689655172487,0.0826274067083066,0.20228400897073273
nisqa,nisqa_test_livetalk,20270843,local_residual_mondrian_k25,0.9568965517241379,2.9029248963142265,3.227004938084504,0.02155172413793105,-0.030338882372296982,0.034560987661624853
nisqa,nisqa_test_livetalk,20270843,local_residual_normalized_k25,0.9482758620689655,2.8328015977220593,3.2588724420431925,0.012931034482758674,-0.10046218096446413,0.0664284916203135
nisqa,nisqa_test_livetalk,20270843,local_residual_mondrian_k50,0.9568965517241379,2.9186373774347634,3.3130457617085556,0.02155172413793105,-0.014626401251760068,0.1206018112856766
nisqa,nisqa_test_livetalk,20270843,local_residual_normalized_k50,0.9568965517241379,2.866729232262965,3.2989326854376144,0.02155172413793105,-0.06653454642355827,0.10648873501473544
nisqa,nisqa_test_p501,20270843,mahalanobis_mondrian,0.9333333333333333,2.624146616458893,2.8773705174525577,-0.04166666666666663,-0.3091171622276305,-0.18144061068693818
nisqa,nisqa_test_p501,20270843,predicted_mos_mondrian,0.9541666666666667,2.8419237176577252,2.9985916803280515,-0.02083333333333326,-0.09134006102879821,-0.06021944781144439
nisqa,nisqa_test_p501,20270843,mos_extremity_mondrian,0.9541666666666667,2.8502183626095454,3.0270283341407778,-0.02083333333333326,-0.08304541607697802,-0.031782793998718084
nisqa,nisqa_test_p501,20270843,local_residual_mondrian_k10,0.9791666666666666,2.7804508646329245,2.841198577483495,0.004166666666666652,-0.15281291405359898,-0.21761255065600071
nisqa,nisqa_test_p501,20270843,local_residual_normalized_k10,0.975,2.8125886126686024,2.9198798153953436,0.0,-0.12067516601792105,-0.13893131274415227
nisqa,nisqa_test_p501,20270843,local_residual_mondrian_k25,0.975,2.7202438443899153,2.819774268070857,0.0,-0.21301993429660815,-0.239036860068639
nisqa,nisqa_test_p501,20270843,local_residual_normalized_k25,0.9708333333333333,2.640432083804235,2.74779208223173,-0.004166666666666652,-0.2928316948822882,-0.31101904590776597
nisqa,nisqa_test_p501,20270843,local_residual_mondrian_k50,0.975,2.768987677494685,2.838531724611918,0.0,-0.16427610119183855,-0.2202794035275777
nisqa,nisqa_test_p501,20270843,local_residual_normalized_k50,0.9708333333333333,2.728530916581808,2.7777634847068784,-0.004166666666666652,-0.20473286210471553,-0.28104764343261746
nisqa,nisqa_val_sim,20270844,mahalanobis_mondrian,0.9176,2.9245500205993653,3.4080037673950194,0.0015999999999999348,-0.11565068969726555,-0.09719753036499013
nisqa,nisqa_val_sim,20270844,predicted_mos_mondrian,0.9168,2.862094968223572,3.3075339712142946,0.0007999999999999119,-0.17810574207305896,-0.19766732654571495
nisqa,nisqa_val_sim,20270844,mos_extremity_mondrian,0.9216,2.88257529296875,3.3602041343688964,0.005599999999999938,-0.15762541732788105,-0.14499716339111313
nisqa,nisqa_val_sim,20270844,local_residual_mondrian_k10,0.9136,2.7239363819122313,3.2327149406433104,-0.0024000000000000687,-0.31626432838439955,-0.2724863571166991
nisqa,nisqa_val_sim,20270844,local_residual_normalized_k10,0.8968,2.672071575795672,3.265425028787873,-0.019199999999999995,-0.36812913450095897,-0.23977626897213655
nisqa,nisqa_val_sim,20270844,local_residual_mondrian_k25,0.9104,2.6666286128997805,3.2122252372741698,-0.005600000000000049,-0.3735720973968504,-0.2929760604858398
nisqa,nisqa_val_sim,20270844,local_residual_normalized_k25,0.9048,2.5987533701895984,3.148470244673601,-0.011199999999999988,-0.44144734010703246,-0.3567310530864085
nisqa,nisqa_val_sim,20270844,local_residual_mondrian_k50,0.908,2.6205778408050535,3.158874811172485,-0.008000000000000007,-0.41962286949157734,-0.3463264865875244
nisqa,nisqa_val_sim,20270844,local_residual_normalized_k50,0.9112,2.5733515601412886,3.1235615247396002,-0.0048000000000000265,-0.46684915015534223,-0.3816397730204093
nisqa,nisqa_train_live,20270844,mahalanobis_mondrian,0.9529411764705882,2.256258803021674,2.4338647218311533,-0.04313725490196085,-0.7839419072749569,-0.6132498280674805
nisqa,nisqa_train_live,20270844,predicted_mos_mondrian,0.9852941176470589,2.9788791193681603,3.0389644907970053,-0.010784313725490158,-0.06132159092847056,-0.008150059101628582
nisqa,nisqa_train_live,20270844,mos_extremity_mondrian,0.9833333333333333,2.857636673310224,2.906830565134684,-0.012745098039215752,-0.182564036986407,-0.14028398476394965
nisqa,nisqa_train_live,20270844,local_residual_mondrian_k10,0.95,2.126208163242714,2.3421981245863672,-0.04607843137254908,-0.9139925470539167,-0.7049164253122666
nisqa,nisqa_train_live,20270844,local_residual_normalized_k10,0.9107843137254902,1.9043968647404896,2.2885694912301306,-0.08529411764705885,-1.1358038455561412,-0.7585450586685032
nisqa,nisqa_train_live,20270844,local_residual_mondrian_k25,0.9509803921568627,2.1053831091114117,2.2890690756779093,-0.045098039215686336,-0.9348176011852192,-0.7580454742207245
nisqa,nisqa_train_live,20270844,local_residual_normalized_k25,0.9274509803921569,1.9508457918721074,2.2273563569658323,-0.06862745098039214,-1.0893549184245235,-0.8197581929328015
nisqa,nisqa_train_live,20270844,local_residual_mondrian_k50,0.9607843137254902,2.160651184530819,2.30786843253117,-0.03529411764705881,-0.8795495257658117,-0.7392461173674638
nisqa,nisqa_train_live,20270844,local_residual_normalized_k50,0.9480392156862745,2.0327007316244248,2.24406540787465,-0.04803921568627456,-1.007499978672206,-0.8030491420239838
nisqa,nisqa_val_live,20270844,mahalanobis_mondrian,0.98,2.2516896188259126,2.3561098754405974,-0.015000000000000013,-0.7885110914707183,-0.686813968420029
nisqa,nisqa_val_live,20270844,predicted_mos_mondrian,0.995,3.081694941520691,3.1160215306282044,0.0,0.04149423122406004,0.07309768676757811
nisqa,nisqa_val_live,20270844,mos_extremity_mondrian,0.985,2.919646375179291,2.9731386947631835,-0.010000000000000009,-0.12055433511733993,-0.06978514909744282
nisqa,nisqa_val_live,20270844,local_residual_mondrian_k10,0.945,2.1355140614509582,2.278856997489929,-0.050000000000000044,-0.9046866488456726,-0.7640668463706972
nisqa,nisqa_val_live,20270844,local_residual_normalized_k10,0.915,1.9460735457261649,2.191476537348968,-0.07999999999999996,-1.094127164570466,-0.8514473065116581
nisqa,nisqa_val_live,20270844,local_residual_mondrian_k25,0.98,2.1238911640644074,2.220229126214981,-0.015000000000000013,-0.9163095462322235,-0.8226947176456454
nisqa,nisqa_val_live,20270844,local_residual_normalized_k25,0.95,1.9679265258614804,2.1371758156811587,-0.04500000000000004,-1.0722741844351504,-0.9057480281794676
nisqa,nisqa_val_live,20270844,local_residual_mondrian_k50,0.98,2.1728162479400637,2.262986798286438,-0.015000000000000013,-0.8673844623565672,-0.7799370455741883
nisqa,nisqa_val_live,20270844,local_residual_normalized_k50,0.955,2.0455552548474296,2.1841984997240216,-0.040000000000000036,-0.9946454554492012,-0.8587253441366047
nisqa,nisqa_test_for,20270844,mahalanobis_mondrian,0.9208333333333333,2.6092500001192094,3.271339894334475,-0.01666666666666672,-0.4309507101774215,-0.21884714464346589
nisqa,nisqa_test_for,20270844,predicted_mos_mondrian,0.9208333333333333,2.7121450940767926,3.3159465928872427,-0.01666666666666672,-0.32805561621983825,-0.17424044609069833
nisqa,nisqa_test_for,20270844,mos_extremity_mondrian,0.9291666666666667,2.6571032643318175,3.367464069525401,-0.008333333333333304,-0.3830974459648133,-0.12272296945254002
nisqa,nisqa_test_for,20270844,local_residual_mondrian_k10,0.925,2.6242934008439383,3.243824028968811,-0.012499999999999956,-0.4159073094526926,-0.24636301000913008
nisqa,nisqa_test_for,20270844,local_residual_normalized_k10,0.9291666666666667,2.6029818333414054,3.282979868668713,-0.008333333333333304,-0.43721887695522543,-0.20720717030922797
nisqa,nisqa_test_for,20270844,local_residual_mondrian_k25,0.9333333333333333,2.5337352484464644,3.044615688920021,-0.004166666666666652,-0.5064654618501665,-0.44557135005792015
nisqa,nisqa_test_for,20270844,local_residual_normalized_k25,0.9333333333333333,2.5132891608911216,3.0274303428372247,-0.004166666666666652,-0.5269115494055092,-0.46275669614071635
nisqa,nisqa_test_for,20270844,local_residual_mondrian_k50,0.9416666666666667,2.5161339898904163,2.973080998659134,0.004166666666666652,-0.5240667204062146,-0.517106040318807
nisqa,nisqa_test_for,20270844,local_residual_normalized_k50,0.9416666666666667,2.496809174859839,2.9789194844589315,0.004166666666666652,-0.543391535436792,-0.5112675545190095
nisqa,nisqa_test_livetalk,20270844,mahalanobis_mondrian,0.875,2.3130574575785934,3.0434611809664758,-0.07327586206896552,-0.7271432527180375,-0.1909165608471839
nisqa,nisqa_test_livetalk,20270844,predicted_mos_mondrian,0.9439655172413793,2.9401929101039626,3.295279164766443,-0.004310344827586188,-0.1000078001926683,0.060901422952783335
nisqa,nisqa_test_livetalk,20270844,mos_extremity_mondrian,0.9353448275862069,2.924585301300575,3.2654430331854987,-0.012931034482758674,-0.11561540899605571,0.031065291371839
nisqa,nisqa_test_livetalk,20270844,local_residual_mondrian_k10,0.9137931034482759,2.671082843994272,3.1926422098587297,-0.03448275862068961,-0.3691178663023589,-0.04173553195492996
nisqa,nisqa_test_livetalk,20270844,local_residual_normalized_k10,0.8922413793103449,2.5447228103559274,3.2421194149591446,-0.05603448275862066,-0.49547789994070346,0.007741673145484906
nisqa,nisqa_test_livetalk,20270844,local_residual_mondrian_k25,0.9224137931034483,2.636617102499666,3.194877720084684,-0.025862068965517238,-0.403583607796965,-0.03950002172897582
nisqa,nisqa_test_livetalk,20270844,local_residual_normalized_k25,0.9094827586206896,2.5292247462997186,3.184903166971854,-0.03879310344827591,-0.5109759639969123,-0.04947457484180573
nisqa,nisqa_test_livetalk,20270844,local_residual_mondrian_k50,0.9137931034482759,2.615897805526339,3.1808365891719688,-0.03448275862068961,-0.424302904770292,-0.0535411526416909
nisqa,nisqa_test_livetalk,20270844,local_residual_normalized_k50,0.9181034482758621,2.568846347751969,3.170498730659549,-0.030172413793103425,-0.4713543625446617,-0.06387901115411054
nisqa,nisqa_test_p501,20270844,mahalanobis_mondrian,0.9166666666666666,2.5819546272357305,2.909813845157623,-0.0625,-0.4582460830609003,-0.23224297761917123
nisqa,nisqa_test_p501,20270844,predicted_mos_mondrian,0.9583333333333334,2.859626785914103,2.9953298876682917,-0.02083333333333326,-0.18057392438252773,-0.14672693510850277
nisqa,nisqa_test_p501,20270844,mos_extremity_mondrian,0.9583333333333334,2.8727444310983024,3.020314191778501,-0.02083333333333326,-0.1674562791983285,-0.12174263099829341
nisqa,nisqa_test_p501,20270844,local_residual_mondrian_k10,0.9833333333333333,2.8180085043112437,2.863779079914093,0.004166666666666652,-0.22219220598538714,-0.27827774286270124
nisqa,nisqa_test_p501,20270844,local_residual_normalized_k10,0.975,2.8089033791030045,2.8901566710554545,-0.004166666666666652,-0.2312973311936264,-0.25190015172133995
nisqa,nisqa_test_p501,20270844,local_residual_mondrian_k25,0.975,2.712940999865532,2.776704677939415,-0.004166666666666652,-0.327259710431099,-0.36535214483737954
nisqa,nisqa_test_p501,20270844,local_residual_normalized_k25,0.9708333333333333,2.6793600025686755,2.7534546958604382,-0.008333333333333304,-0.3608407077279554,-0.3886021269163562
nisqa,nisqa_test_p501,20270844,local_residual_mondrian_k50,0.9666666666666667,2.6663844843705493,2.7400753607352573,-0.012499999999999956,-0.37381622592608155,-0.4019814620415372
nisqa,nisqa_test_p501,20270844,local_residual_normalized_k50,0.9833333333333333,2.652164613075065,2.692883281508983,0.004166666666666652,-0.38803609722156596,-0.4491735412678115
nisqa,nisqa_val_sim,20270845,mahalanobis_mondrian,0.9312,2.9922452709198,3.3897878810882567,0.0016000000000000458,-0.061019585418701006,-0.04720371513366706
nisqa,nisqa_val_sim,20270845,predicted_mos_mondrian,0.9264,2.9147279163360595,3.294939265823364,-0.0031999999999999806,-0.13853694000244143,-0.1420523303985597
nisqa,nisqa_val_sim,20270845,mos_extremity_mondrian,0.9352,3.0190316860198974,3.3970626747131347,0.005600000000000049,-0.03423317031860362,-0.03992892150878902
nisqa,nisqa_val_sim,20270845,local_residual_mondrian_k10,0.9264,2.807338059234619,3.1977045600891114,-0.0031999999999999806,-0.24592679710388188,-0.23928703613281233
nisqa,nisqa_val_sim,20270845,local_residual_normalized_k10,0.9016,2.6717463816116642,3.2560442937622835,-0.028000000000000025,-0.38151847472683675,-0.1809473024596402
nisqa,nisqa_val_sim,20270845,local_residual_mondrian_k25,0.9272,2.681979066467285,3.098551961517334,-0.0023999999999999577,-0.37128578987121585,-0.33843963470458993
nisqa,nisqa_val_sim,20270845,local_residual_normalized_k25,0.9176,2.628787241940925,3.142476162251814,-0.01200000000000001,-0.4244776143975759,-0.2945154339701097
nisqa,nisqa_val_sim,20270845,local_residual_mondrian_k50,0.9304,2.814797602081299,3.1566425575256347,0.0008000000000000229,-0.23846725425720194,-0.280349038696289
nisqa,nisqa_val_sim,20270845,local_residual_normalized_k50,0.9216,2.6421919009907424,3.1082531280089714,-0.008000000000000007,-0.41107295534775856,-0.3287384682129524
nisqa,nisqa_train_live,20270845,mahalanobis_mondrian,0.953921568627451,2.284976506466959,2.4584282994270326,-0.044117647058823484,-0.768288349871542,-0.6014121787220823
nisqa,nisqa_train_live,20270845,predicted_mos_mondrian,0.9921568627450981,3.059805913999969,3.0853073802648807,-0.00588235294117645,0.006541057661467953,0.025466902115765855
nisqa,nisqa_train_live,20270845,mos_extremity_mondrian,0.9941176470588236,3.021903534496532,3.040208782401739,-0.0039215686274509665,-0.03136132184196905,-0.019631695747375666
nisqa,nisqa_train_live,20270845,local_residual_mondrian_k10,0.984313725490196,2.7688637352457235,2.8206490897664835,-0.013725490196078494,-0.2844011210927775,-0.23919138838263132
nisqa,nisqa_train_live,20270845,local_residual_normalized_k10,0.9696078431372549,2.496529769013981,2.6369322556771384,-0.028431372549019618,-0.5567350873245198,-0.42290822247197646
nisqa,nisqa_train_live,20270845,local_residual_mondrian_k25,0.9833333333333333,2.5637814351156645,2.625111400613598,-0.014705882352941235,-0.4894834212228365,-0.43472907753551704
nisqa,nisqa_train_live,20270845,local_residual_normalized_k25,0.9764705882352941,2.446421830097556,2.534325541455083,-0.021568627450980427,-0.606843026240945,-0.5255149366940319
nisqa,nisqa_train_live,20270845,local_residual_mondrian_k50,0.9862745098039216,2.6585332898532643,2.7018918986413993,-0.0117647058823529,-0.39473156648523666,-0.3579485795077155
nisqa,nisqa_train_live,20270845,local_residual_normalized_k50,0.9784313725490196,2.418269095276173,2.5073945611292676,-0.019607843137254943,-0.6349957610623278,-0.5524459170198472
nisqa,nisqa_val_live,20270845,mahalanobis_mondrian,0.985,2.2751332998275755,2.375780725479126,-0.010000000000000009,-0.7781315565109255,-0.679554057121277
nisqa,nisqa_val_live,20270845,predicted_mos_mondrian,0.99,3.1166119527816774,3.134206945896149,-0.0050000000000000044,0.06334709644317638,0.07887216329574587
nisqa,nisqa_val_live,20270845,mos_extremity_mondrian,0.99,3.0600515174865723,3.0927461314201357,-0.0050000000000000044,0.00678666114807136,0.03741134881973274
nisqa,nisqa_val_live,20270845,local_residual_mondrian_k10,0.995,2.7904663002490997,2.8283712780475616,0.0,-0.2627985560894013,-0.2269635045528413
nisqa,nisqa_val_live,20270845,local_residual_normalized_k10,0.975,2.555855695847124,2.670291135475486,-0.020000000000000018,-0.49740916049137684,-0.3850436471249168
nisqa,nisqa_val_live,20270845,local_residual_mondrian_k25,0.985,2.623016698360443,2.6625886869430544,-0.010000000000000009,-0.43024815797805793,-0.3927460956573485
nisqa,nisqa_val_live,20270845,local_residual_normalized_k25,0.985,2.5152717885662588,2.590209950400008,-0.010000000000000009,-0.5379930677722422,-0.46512483220039513
nisqa,nisqa_val_live,20270845,local_residual_mondrian_k50,0.99,2.73122540473938,2.762088367938995,-0.0050000000000000044,-0.32203945159912095,-0.2932464146614078
nisqa,nisqa_val_live,20270845,local_residual_normalized_k50,0.99,2.4780756619266624,2.531013529340206,-0.0050000000000000044,-0.5751891944118386,-0.5243212532601969
nisqa,nisqa_test_for,20270845,mahalanobis_mondrian,0.925,2.672009771068891,3.2963801274696984,-0.016666666666666607,-0.38125508526960994,-0.19879740973313664
nisqa,nisqa_test_for,20270845,predicted_mos_mondrian,0.9375,2.7642210006713865,3.3995481113592785,-0.004166666666666652,-0.28904385566711444,-0.0956294258435566
nisqa,nisqa_test_for,20270845,mos_extremity_mondrian,0.9375,2.764863117535909,3.4250047246615094,-0.004166666666666652,-0.2884017388025919,-0.07017281254132568
nisqa,nisqa_test_for,20270845,local_residual_mondrian_k10,0.9333333333333333,2.6427692939837772,3.2013459374507267,-0.008333333333333304,-0.41049556235472373,-0.2938315997521084
nisqa,nisqa_test_for,20270845,local_residual_normalized_k10,0.9166666666666666,2.449000728942535,3.2503522098962008,-0.025000000000000022,-0.6042641273959659,-0.2448253273066343
nisqa,nisqa_test_for,20270845,local_residual_mondrian_k25,0.9291666666666667,2.507511097192764,3.08168452779452,-0.012499999999999956,-0.5457537591457369,-0.4134930094083149
nisqa,nisqa_test_for,20270845,local_residual_normalized_k25,0.9125,2.427977838506035,3.14858047212918,-0.029166666666666674,-0.6252870178324659,-0.34659706507365495
nisqa,nisqa_test_for,20270845,local_residual_mondrian_k50,0.9208333333333333,2.593368552128474,3.062657715876897,-0.02083333333333337,-0.45989630421002703,-0.432519821325938
nisqa,nisqa_test_for,20270845,local_residual_normalized_k50,0.9291666666666667,2.4169533821886486,3.0994456478954495,-0.012499999999999956,-0.6363114741498523,-0.39573188930738556
nisqa,nisqa_test_livetalk,20270845,mahalanobis_mondrian,0.875,2.33802232454563,3.054153931551966,-0.07327586206896552,-0.715242531792871,-0.1865306393853552
nisqa,nisqa_test_livetalk,20270845,predicted_mos_mondrian,0.9655172413793104,3.0004927968156747,3.2190342031676193,0.017241379310344862,-0.052772059522826265,-0.021650367769701973
nisqa,nisqa_test_livetalk,20270845,mos_extremity_mondrian,0.9525862068965517,3.072155333798507,3.325937102580893,0.004310344827586188,0.01889047746000605,0.0852525316435715
nisqa,nisqa_test_livetalk,20270845,local_residual_mondrian_k10,0.9353448275862069,2.9001692728749635,3.3764608224918105,-0.012931034482758674,-0.15309558346353747,0.13577625155448914
nisqa,nisqa_test_livetalk,20270845,local_residual_normalized_k10,0.9008620689655172,2.776133113084879,3.6303471672490435,-0.04741379310344829,-0.277131743253622,0.3896625963117222
nisqa,nisqa_test_livetalk,20270845,local_residual_mondrian_k25,0.9310344827586207,2.8021108312853453,3.3457545196187906,-0.017241379310344862,-0.25115402505315565,0.10506994868146924
nisqa,nisqa_test_livetalk,20270845,local_residual_normalized_k25,0.9094827586206896,2.787633355218528,3.465464816049546,-0.03879310344827591,-0.265631501119973,0.22478024511222472
nisqa,nisqa_test_livetalk,20270845,local_residual_mondrian_k50,0.9396551724137931,2.895765148360154,3.3802134086345803,-0.008620689655172376,-0.15749970797834711,0.139528837697259
nisqa,nisqa_test_livetalk,20270845,local_residual_normalized_k50,0.9224137931034483,2.767080100871268,3.3987739850184338,-0.025862068965517238,-0.28618475546723277,0.15808941408111243
nisqa,nisqa_test_p501,20270845,mahalanobis_mondrian,0.9208333333333333,2.6349499017000197,2.911096437772115,-0.05833333333333335,-0.41831495463848123,-0.24130283395449315
nisqa,nisqa_test_p501,20270845,predicted_mos_mondrian,0.9666666666666667,2.916014331579208,3.0222273995478948,-0.012499999999999956,-0.13725052475929278,-0.1301718721787135
nisqa,nisqa_test_p501,20270845,mos_extremity_mondrian,0.9625,3.0000060816605885,3.1303673456112544,-0.016666666666666607,-0.05325877467791251,-0.022031926115353873
nisqa,nisqa_test_p501,20270845,local_residual_mondrian_k10,0.975,2.78285855948925,2.86823521455129,-0.004166666666666652,-0.2704062968492509,-0.28416405717531834
nisqa,nisqa_test_p501,20270845,local_residual_normalized_k10,0.9583333333333334,2.6448508745781445,2.866304372168051,-0.02083333333333326,-0.4084139817603565,-0.28609489955855727
nisqa,nisqa_test_p501,20270845,local_residual_mondrian_k25,0.9583333333333334,2.674066319068273,2.778630136450132,-0.02083333333333326,-0.379198537270228,-0.3737691352764765
nisqa,nisqa_test_p501,20270845,local_residual_normalized_k25,0.95,2.638569612264134,2.832099730504267,-0.029166666666666674,-0.414695244074367,-0.32029954122234106
nisqa,nisqa_test_p501,20270845,local_residual_mondrian_k50,0.9708333333333333,2.759241606791814,2.837050250172615,-0.008333333333333304,-0.294023249546687,-0.31534902155399314
nisqa,nisqa_test_p501,20270845,local_residual_normalized_k50,0.9583333333333334,2.6038204251917163,2.754576722732914,-0.02083333333333326,-0.4494444311467847,-0.3978225489936942
nisqa,nisqa_val_sim,20270846,mahalanobis_mondrian,0.9256,3.0045983154296874,3.4293479778289795,0.011199999999999988,0.019032176208495954,-0.05237801818847654
nisqa,nisqa_val_sim,20270846,predicted_mos_mondrian,0.92,2.9384051666259765,3.318907360076904,0.005600000000000049,-0.0471609725952149,-0.1628186359405519
nisqa,nisqa_val_sim,20270846,mos_extremity_mondrian,0.9224,3.0075587921142577,3.4110766792297365,0.008000000000000007,0.02199265289306629,-0.07064931678771957
nisqa,nisqa_val_sim,20270846,local_residual_mondrian_k10,0.9104,2.746406539154053,3.2362755271911623,-0.0040000000000000036,-0.23915960006713854,-0.24545046882629373
nisqa,nisqa_val_sim,20270846,local_residual_normalized_k10,0.9144,2.729287326684625,3.2121137086780687,0.0,-0.2562788125365665,-0.26961228733938736
nisqa,nisqa_val_sim,20270846,local_residual_mondrian_k25,0.912,2.6905954120635984,3.22220368270874,-0.0023999999999999577,-0.294970727157593,-0.2595223133087159
nisqa,nisqa_val_sim,20270846,local_residual_normalized_k25,0.9128,2.6770496882813917,3.170541641770522,-0.0016000000000000458,-0.30851645093979974,-0.3111843542469339
nisqa,nisqa_val_sim,20270846,local_residual_mondrian_k50,0.9072,2.6656903759002684,3.2458756519317626,-0.007199999999999984,-0.31987576332092305,-0.2358503440856934
nisqa,nisqa_val_sim,20270846,local_residual_normalized_k50,0.9112,2.6207176887350134,3.1526655803340407,-0.0031999999999999806,-0.364848450486178,-0.3290604156834154
nisqa,nisqa_train_live,20270846,mahalanobis_mondrian,0.9774509803921568,2.541163753761965,2.618082643256468,-0.0186274509803922,-0.4444023854592265,-0.3765398677657634
nisqa,nisqa_train_live,20270846,predicted_mos_mondrian,0.9901960784313726,3.1718142645031797,3.1970291539734483,-0.00588235294117645,0.1862481252819883,0.20240664295121702
nisqa,nisqa_train_live,20270846,mos_extremity_mondrian,0.9931372549019608,3.037535523667055,3.047980896398133,-0.002941176470588225,0.05196938444586374,0.05335838537590165
nisqa,nisqa_train_live,20270846,local_residual_mondrian_k10,0.9833333333333333,2.5383892515126396,2.6061620186356937,-0.012745098039215752,-0.4471768877085518,-0.38846049238653757
nisqa,nisqa_train_live,20270846,local_residual_normalized_k10,0.9745098039215686,2.5723408701141937,2.683302255313816,-0.021568627450980427,-0.41322526910699775,-0.31132025570841515
nisqa,nisqa_train_live,20270846,local_residual_mondrian_k25,0.9823529411764705,2.480023923808453,2.545322663410037,-0.013725490196078494,-0.5055422154127385,-0.4492998476121941
nisqa,nisqa_train_live,20270846,local_residual_normalized_k25,0.9803921568627451,2.492375314787185,2.5693920658873175,-0.015686274509803977,-0.4931908244340062,-0.4252304451349138
nisqa,nisqa_train_live,20270846,local_residual_mondrian_k50,0.9676470588235294,2.349849916673174,2.4683308491519855,-0.028431372549019618,-0.6357162225480173,-0.5262916618702458
nisqa,nisqa_train_live,20270846,local_residual_normalized_k50,0.9764705882352941,2.4360526669289277,2.5118034073577555,-0.019607843137254943,-0.5495134722922637,-0.4828191036644758
nisqa,nisqa_val_live,20270846,mahalanobis_mondrian,0.985,2.5430981850624086,2.596568021774292,-0.010000000000000009,-0.4424679541587828,-0.3944529795646665
nisqa,nisqa_val_live,20270846,predicted_mos_mondrian,1.0,3.2535065722465517,3.2535065722465517,0.0050000000000000044,0.2679404330253603,0.26248557090759306
nisqa,nisqa_val_live,20270846,mos_extremity_mondrian,1.0,3.0712596201896667,3.0712596201896667,0.0050000000000000044,0.08569348096847529,0.08023861885070804
nisqa,nisqa_val_live,20270846,local_residual_mondrian_k10,0.985,2.5870483601093293,2.6228100383281707,-0.010000000000000009,-0.39851777911186215,-0.36821096301078793
nisqa,nisqa_val_live,20270846,local_residual_normalized_k10,0.975,2.6271088519762884,2.6884668637083826,-0.020000000000000018,-0.358457287244903,-0.30255413763057604
nisqa,nisqa_val_live,20270846,local_residual_mondrian_k25,0.99,2.514106068611145,2.5488188004493715,-0.0050000000000000044,-0.47146007061004624,-0.44220220088958717
nisqa,nisqa_val_live,20270846,local_residual_normalized_k25,0.99,2.5325728303362696,2.5580554493956753,-0.0050000000000000044,-0.45299330888492184,-0.43296555194328334
nisqa,nisqa_val_live,20270846,local_residual_mondrian_k50,0.98,2.431851427555084,2.535662286281586,-0.015000000000000013,-0.5537147116661072,-0.4553587150573728
nisqa,nisqa_val_live,20270846,local_residual_normalized_k50,0.98,2.4851950133879015,2.5336809709674037,-0.015000000000000013,-0.5003711258332899,-0.4573400303715549
nisqa,nisqa_test_for,20270846,mahalanobis_mondrian,0.9375,2.76644858221213,3.3760095288356147,0.004166666666666652,-0.21911755700906133,-0.09404119352499629
nisqa,nisqa_test_for,20270846,predicted_mos_mondrian,0.9458333333333333,2.8881437222162885,3.3593950907389325,0.012499999999999956,-0.09742241700490295,-0.11065563162167846
nisqa,nisqa_test_for,20270846,mos_extremity_mondrian,0.9416666666666667,2.9085955202579497,3.3945249100526174,0.008333333333333304,-0.07697061896324175,-0.0755258123079936
nisqa,nisqa_test_for,20270846,local_residual_mondrian_k10,0.9416666666666667,2.6837680608034136,3.252908306320508,0.008333333333333304,-0.30179807841777784,-0.21714241604010276
nisqa,nisqa_test_for,20270846,local_residual_normalized_k10,0.9375,2.6606608064492523,3.2741402738767262,0.004166666666666652,-0.3249053327719391,-0.19591044848388472
nisqa,nisqa_test_for,20270846,local_residual_mondrian_k25,0.9458333333333333,2.616343027353287,3.144735739628474,0.012499999999999956,-0.3692231118679046,-0.3253149827321371
nisqa,nisqa_test_for,20270846,local_residual_normalized_k25,0.9375,2.587517663187798,3.0783517143172494,0.004166666666666652,-0.39804847603339333,-0.39169900804336155
nisqa,nisqa_test_for,20270846,local_residual_mondrian_k50,0.9458333333333333,2.601771169900894,3.1411049008369445,0.012499999999999956,-0.38379496932029733,-0.32894582152366647
nisqa,nisqa_test_for,20270846,local_residual_normalized_k50,0.9291666666666667,2.547219579881736,3.088119597584058,-0.004166666666666652,-0.4383465593394553,-0.3819311247765529
nisqa,nisqa_test_livetalk,20270846,mahalanobis_mondrian,0.9224137931034483,2.562842490344212,2.989639031475988,-0.017241379310344862,-0.4227236488769792,-0.2225713236578577
nisqa,nisqa_test_livetalk,20270846,predicted_mos_mondrian,0.9439655172413793,3.06600062189431,3.327341616153717,0.004310344827586188,0.0804344826731187,0.11513126101987137
nisqa,nisqa_test_livetalk,20270846,mos_extremity_mondrian,0.9396551724137931,3.0680880721273094,3.308531780695093,0.0,0.08252193290611798,0.09632142556124723
nisqa,nisqa_test_livetalk,20270846,local_residual_mondrian_k10,0.9482758620689655,2.846378765229521,3.103737953408011,0.008620689655172376,-0.13918737399167025,-0.10847240172583472
nisqa,nisqa_test_livetalk,20270846,local_residual_normalized_k10,0.9698275862068966,2.998516877819079,3.1680967288771074,0.030172413793103425,0.012950738597887756,-0.044113626256738314
nisqa,nisqa_test_livetalk,20270846,local_residual_mondrian_k25,0.9310344827586207,2.8259659635609595,3.1801834908025017,-0.008620689655172487,-0.15960017566023188,-0.03202686433134394
nisqa,nisqa_test_livetalk,20270846,local_residual_normalized_k25,0.9482758620689655,2.920291942134214,3.2198408830643475,0.008620689655172376,-0.06527419708697746,0.007630527930501785
nisqa,nisqa_test_livetalk,20270846,local_residual_mondrian_k50,0.9396551724137931,2.912385206798027,3.362682307588643,0.0,-0.07318093242316426,0.15047195245479728
nisqa,nisqa_test_livetalk,20270846,local_residual_normalized_k50,0.9525862068965517,2.824918251732094,3.2015098275442004,0.012931034482758563,-0.1606478874890973,-0.010700527589645237
nisqa,nisqa_test_p501,20270846,mahalanobis_mondrian,0.95,2.7713657220204673,2.9510472963253656,-0.029166666666666674,-0.21420041720072414,-0.1477571576833725
nisqa,nisqa_test_p501,20270846,predicted_mos_mondrian,0.9625,2.988011167446772,3.1065661420424777,-0.016666666666666607,0.002445028225580792,0.0077616880337396665
nisqa,nisqa_test_p501,20270846,mos_extremity_mondrian,0.9666666666666667,3.015338746706645,3.1338637699683507,-0.012499999999999956,0.029772607485453406,0.03505931595961265
nisqa,nisqa_test_p501,20270846,local_residual_mondrian_k10,0.9875,2.8279613614082337,2.852271071076393,0.008333333333333415,-0.15760477781295767,-0.24653338293234484
nisqa,nisqa_test_p501,20270846,local_residual_normalized_k10,0.975,2.894326584289314,2.948941870128855,-0.004166666666666652,-0.09123955493187719,-0.14986258387988327
nisqa,nisqa_test_p501,20270846,local_residual_mondrian_k25,0.9791666666666666,2.75199199616909,2.79008699854215,0.0,-0.23357414305210122,-0.30871745546658813
nisqa,nisqa_test_p501,20270846,local_residual_normalized_k25,0.9708333333333333,2.766131905805,2.8194808205080455,-0.008333333333333304,-0.2194342334161914,-0.27932363350069256
nisqa,nisqa_test_p501,20270846,local_residual_mondrian_k50,0.9791666666666666,2.8422972669204074,2.9124930063883463,0.0,-0.143268872300784,-0.18631144762039176
nisqa,nisqa_test_p501,20270846,local_residual_normalized_k50,0.975,2.7268770951255146,2.7976239897337085,-0.004166666666666652,-0.25868904409567683,-0.30118046427502954
nisqa,nisqa_val_sim,20270847,mahalanobis_mondrian,0.8896,2.8616273094177247,3.5293868213653563,-0.0048000000000000265,-0.022689611816406163,-0.02949055900573727
nisqa,nisqa_val_sim,20270847,predicted_mos_mondrian,0.9016,2.840486331367493,3.3667690366744996,0.007199999999999984,-0.043830589866638014,-0.19210834369659402
nisqa,nisqa_val_sim,20270847,mos_extremity_mondrian,0.8912,2.7292096017837526,3.4712090791702273,-0.0031999999999999806,-0.15510731945037826,-0.08766830120086633
nisqa,nisqa_val_sim,20270847,local_residual_mondrian_k10,0.8728,2.4945636737823484,3.2813762443542482,-0.021599999999999953,-0.3897532474517824,-0.27750113601684534
nisqa,nisqa_val_sim,20270847,local_residual_normalized_k10,0.8888,2.5734364727818355,3.2704732500825817,-0.005599999999999938,-0.31088044845229534,-0.28840413028851186
nisqa,nisqa_val_sim,20270847,local_residual_mondrian_k25,0.888,2.580939503288269,3.2497520433425904,-0.006399999999999961,-0.3033774179458617,-0.3091253370285032
nisqa,nisqa_val_sim,20270847,local_residual_normalized_k25,0.8912,2.5644212209359356,3.2295199343270604,-0.0031999999999999806,-0.31989570029819525,-0.32935744604403316
nisqa,nisqa_val_sim,20270847,local_residual_mondrian_k50,0.8792,2.5224748636245726,3.2512279458999633,-0.015199999999999991,-0.36184205760955823,-0.30764943447113025
nisqa,nisqa_val_sim,20270847,local_residual_normalized_k50,0.8848,2.5430973792246636,3.2043213617673274,-0.009599999999999942,-0.34121954200946725,-0.3545560186037662
nisqa,nisqa_train_live,20270847,mahalanobis_mondrian,0.9509803921568627,2.2927142180648503,2.474749491261501,-0.04117647058823537,-0.5916027031692805,-0.42479370061088995
nisqa,nisqa_train_live,20270847,predicted_mos_mondrian,0.996078431372549,2.9897412776947023,2.9976841716205374,0.0039215686274509665,0.10542435646057147,0.0981409797481465
nisqa,nisqa_train_live,20270847,mos_extremity_mondrian,0.984313725490196,2.725322334439147,2.7612297782710953,-0.007843137254902044,-0.15899458679498402,-0.13831341360129557
nisqa,nisqa_train_live,20270847,local_residual_mondrian_k10,0.9588235294117647,2.2457458926182166,2.4131956030340755,-0.033333333333333326,-0.6385710286159143,-0.4863475888383153
nisqa,nisqa_train_live,20270847,local_residual_normalized_k10,0.9441176470588235,2.2422403763117846,2.464382609062747,-0.04803921568627456,-0.6420765449223462,-0.43516058280964387
nisqa,nisqa_train_live,20270847,local_residual_mondrian_k25,0.9637254901960784,2.2799881289987005,2.4659362811668246,-0.028431372549019618,-0.6043287922354303,-0.43360691070556623
nisqa,nisqa_train_live,20270847,local_residual_normalized_k25,0.9656862745098039,2.262682399159449,2.4112916629388064,-0.026470588235294135,-0.621634522074682,-0.4882515289335845
nisqa,nisqa_train_live,20270847,local_residual_mondrian_k50,0.953921568627451,2.1586677616717767,2.3658058722813924,-0.038235294117647034,-0.7256491595623542,-0.5337373195909985
nisqa,nisqa_train_live,20270847,local_residual_normalized_k50,0.9686274509803922,2.2440564386648485,2.382316209753057,-0.02352941176470591,-0.6402604825692824,-0.5172269821193338
nisqa,nisqa_val_live,20270847,mahalanobis_mondrian,0.985,2.2804624605178834,2.3838307905197142,-0.010000000000000009,-0.6038544607162475,-0.5110034537315369
nisqa,nisqa_val_live,20270847,predicted_mos_mondrian,0.99,3.044585212469101,3.0545847260951997,-0.0050000000000000044,0.16026829123497022,0.15975048184394858
nisqa,nisqa_val_live,20270847,mos_extremity_mondrian,0.985,2.751156004667282,2.8155620777606964,-0.010000000000000009,-0.1331609165668488,-0.07927216649055469
nisqa,nisqa_val_live,20270847,local_residual_mondrian_k10,0.985,2.2846398329734803,2.300353858470917,-0.010000000000000009,-0.5996770882606506,-0.5944803857803342
nisqa,nisqa_val_live,20270847,local_residual_normalized_k10,0.965,2.3068712562969256,2.3836717678143446,-0.030000000000000027,-0.5774456649372053,-0.5111624764369065
nisqa,nisqa_val_live,20270847,local_residual_mondrian_k25,0.96,2.3483152484893797,2.4601356959342957,-0.03500000000000003,-0.5360016727447512,-0.4346985483169554
nisqa,nisqa_val_live,20270847,local_residual_normalized_k25,0.975,2.29656778499884,2.3536692580498455,-0.020000000000000018,-0.5877491362352907,-0.5411649862014056
nisqa,nisqa_val_live,20270847,local_residual_mondrian_k50,0.96,2.1933027720451355,2.3199411725997923,-0.03500000000000003,-0.6910141491889954,-0.5748930716514589
nisqa,nisqa_val_live,20270847,local_residual_normalized_k50,0.97,2.2758275853539605,2.3510958108503117,-0.025000000000000022,-0.6084893358801704,-0.5437384334009394
nisqa,nisqa_test_for,20270847,mahalanobis_mondrian,0.9166666666666666,2.638625501592954,3.2813164283831915,-0.008333333333333415,-0.2456914196411768,-0.15821548402309427
nisqa,nisqa_test_for,20270847,predicted_mos_mondrian,0.9375,2.8265523533026378,3.392590018113454,0.012499999999999956,-0.057764567931493094,-0.04694189429283169
nisqa,nisqa_test_for,20270847,mos_extremity_mondrian,0.9291666666666667,2.6006769806146623,3.464971559246381,0.004166666666666652,-0.2836399406194685,0.025439646840095254
nisqa,nisqa_test_for,20270847,local_residual_mondrian_k10,0.9333333333333333,2.3968341330687206,3.0203851838906606,0.008333333333333304,-0.48748278816541024,-0.4191467285156252
nisqa,nisqa_test_for,20270847,local_residual_normalized_k10,0.925,2.452325383449989,3.0201682255349978,0.0,-0.4319915377841417,-0.419363686871288
nisqa,nisqa_test_for,20270847,local_residual_mondrian_k25,0.9416666666666667,2.4619348535935086,3.038024484117826,0.016666666666666607,-0.42238206764062225,-0.40150742828845987
nisqa,nisqa_test_for,20270847,local_residual_normalized_k25,0.9291666666666667,2.461992905118468,3.0218122295916845,0.004166666666666652,-0.4223240161156627,-0.41771968281460126
nisqa,nisqa_test_for,20270847,local_residual_mondrian_k50,0.925,2.4048205564419427,2.991880640387535,0.0,-0.47949636479218816,-0.44765127201875066
nisqa,nisqa_test_for,20270847,local_residual_normalized_k50,0.9333333333333333,2.4529780609114793,3.0567595790352566,0.008333333333333304,-0.43133886032265156,-0.3827723333710291
nisqa,nisqa_test_livetalk,20270847,mahalanobis_mondrian,0.8793103448275862,2.342336672133413,3.075262679108258,-0.05603448275862066,-0.541980249100718,-0.09988108893920611
nisqa,nisqa_test_livetalk,20270847,predicted_mos_mondrian,0.9612068965517241,2.9320816808733445,3.1718283542271317,0.025862068965517238,0.04776475963921367,-0.0033154138203324024
nisqa,nisqa_test_livetalk,20270847,mos_extremity_mondrian,0.9267241379310345,2.7784316005377936,3.1358787746265016,-0.008620689655172376,-0.10588532069633727,-0.03926499342096257
nisqa,nisqa_test_livetalk,20270847,local_residual_mondrian_k10,0.8793103448275862,2.511880202540036,3.328992950505224,-0.05603448275862066,-0.3724367186940949,0.1538491824577597
nisqa,nisqa_test_livetalk,20270847,local_residual_normalized_k10,0.8706896551724138,2.5986442287089733,3.4859410014464727,-0.06465517241379304,-0.2856726925251576,0.31079723339900855
nisqa,nisqa_test_livetalk,20270847,local_residual_mondrian_k25,0.9137931034482759,2.7028658944984962,3.2488502161256196,-0.02155172413793094,-0.18145102673563462,0.07370644807815552
nisqa,nisqa_test_livetalk,20270847,local_residual_normalized_k25,0.9137931034482759,2.697670613254846,3.248453894133665,-0.02155172413793094,-0.18664630797928483,0.0733101260862008
nisqa,nisqa_test_livetalk,20270847,local_residual_mondrian_k50,0.9267241379310345,2.7764361932359893,3.3478871748365204,-0.008620689655172376,-0.10788072799814152,0.1727434067890563
nisqa,nisqa_test_livetalk,20270847,local_residual_normalized_k50,0.9267241379310345,2.731739266232235,3.2033696250675403,-0.008620689655172376,-0.1525776550018958,0.028225857020076184
nisqa,nisqa_test_p501,20270847,mahalanobis_mondrian,0.9125,2.614538084467252,2.9271215160687762,-0.054166666666666696,-0.26977883676687897,-0.09768559932708776
nisqa,nisqa_test_p501,20270847,predicted_mos_mondrian,0.9583333333333334,2.8887336055437722,2.9949800918499627,-0.008333333333333304,0.004416684309641372,-0.029827023545901277
nisqa,nisqa_test_p501,20270847,mos_extremity_mondrian,0.9625,2.785254940390587,2.938408116499583,-0.004166666666666652,-0.099061980843544,-0.08639899889628122
nisqa,nisqa_test_p501,20270847,local_residual_mondrian_k10,0.9541666666666667,2.52022762298584,2.6492063174645106,-0.012499999999999956,-0.36408929824829084,-0.37560079793135337
nisqa,nisqa_test_p501,20270847,local_residual_normalized_k10,0.975,2.625966803516658,2.7494621442315017,0.008333333333333304,-0.25835011771747274,-0.2753449711643623
nisqa,nisqa_test_p501,20270847,local_residual_mondrian_k25,0.95,2.6208271851142246,2.7407513280709583,-0.01666666666666672,-0.2634897361199062,-0.28405578732490566
nisqa,nisqa_test_p501,20270847,local_residual_normalized_k25,0.9791666666666666,2.6288908509466347,2.704139189336944,0.012499999999999956,-0.2554260702874962,-0.32066792605892
nisqa,nisqa_test_p501,20270847,local_residual_mondrian_k50,0.9583333333333334,2.6112226873636244,2.7428001344203947,-0.008333333333333304,-0.27309423387050646,-0.2820069809754693
nisqa,nisqa_test_p501,20270847,local_residual_normalized_k50,0.975,2.6043202120091897,2.6832562531812374,0.008333333333333304,-0.27999670922494113,-0.3415508622146266
nisqa,nisqa_val_sim,20270848,mahalanobis_mondrian,0.9064,2.9153281887054443,3.5571087463378905,0.009599999999999942,-0.02481921119689945,-0.03189870948791507
nisqa,nisqa_val_sim,20270848,predicted_mos_mondrian,0.9168,2.979664341545105,3.3998217512130737,0.019999999999999907,0.03951694164276143,-0.18918570461273188
nisqa,nisqa_val_sim,20270848,mos_extremity_mondrian,0.9152,2.9842025791168214,3.4709599586486815,0.018399999999999972,0.04405517921447766,-0.11804749717712415
nisqa,nisqa_val_sim,20270848,local_residual_mondrian_k10,0.908,2.696251585197449,3.2663961793899534,0.011199999999999988,-0.24389581470489485,-0.3226112764358522
nisqa,nisqa_val_sim,20270848,local_residual_normalized_k10,0.9016,2.6987402300209427,3.332463313289582,0.0047999999999999154,-0.2414071698814011,-0.2565441425362236
nisqa,nisqa_val_sim,20270848,local_residual_mondrian_k25,0.9152,2.7530431921005247,3.293441171836853,0.018399999999999972,-0.18710420780181902,-0.2955662839889528
nisqa,nisqa_val_sim,20270848,local_residual_normalized_k25,0.9072,2.6828152235342837,3.275095510872665,0.010399999999999965,-0.25733217636806005,-0.3139119449531407
nisqa,nisqa_val_sim,20270848,local_residual_mondrian_k50,0.9136,2.7196183269500733,3.2797893684387205,0.016799999999999926,-0.22052907295227042,-0.3092180873870851
nisqa,nisqa_val_sim,20270848,local_residual_normalized_k50,0.9136,2.687640313064274,3.250356856459109,0.016799999999999926,-0.25250708683806966,-0.3386505993666966
nisqa,nisqa_train_live,20270848,mahalanobis_mondrian,0.9509803921568627,2.245976571008271,2.428011844204921,-0.04313725490196085,-0.6941708288940727,-0.5236184349247055
nisqa,nisqa_train_live,20270848,predicted_mos_mondrian,0.996078431372549,3.146056928354151,3.152009735387914,0.0019607843137254832,0.20590952845180732,0.20037945625828746
nisqa,nisqa_train_live,20270848,mos_extremity_mondrian,0.9931372549019608,2.984312223219404,2.99251046110602,-0.0009803921568627416,0.044164823317060176,0.04088018197639309
nisqa,nisqa_train_live,20270848,local_residual_mondrian_k10,0.961764705882353,2.3802660549388213,2.548389351601694,-0.032352941176470584,-0.5598813449635225,-0.4032409275279325
nisqa,nisqa_train_live,20270848,local_residual_normalized_k10,0.9225490196078432,2.2162703933008183,2.5460957233211627,-0.07156862745098036,-0.7238770066015254,-0.405534555808464
nisqa,nisqa_train_live,20270848,local_residual_mondrian_k25,0.9803921568627451,2.441319587651421,2.5298644776437795,-0.013725490196078494,-0.4988278122509229,-0.4217658014858472
nisqa,nisqa_train_live,20270848,local_residual_normalized_k25,0.9588235294117647,2.2530028095780077,2.457810297948201,-0.03529411764705881,-0.6871445903243361,-0.49381998118142567
nisqa,nisqa_train_live,20270848,local_residual_mondrian_k50,0.9794117647058823,2.40529498983832,2.49297228864595,-0.014705882352941235,-0.534852410064024,-0.4586579904836765
nisqa,nisqa_train_live,20270848,local_residual_normalized_k50,0.9705882352941176,2.291228691529907,2.431909094806396,-0.02352941176470591,-0.6489187083724368,-0.5197211843232306
nisqa,nisqa_val_live,20270848,mahalanobis_mondrian,0.98,2.2445456624031066,2.3508251547813415,-0.015000000000000013,-0.6956017374992371,-0.5970480442047119
nisqa,nisqa_val_live,20270848,predicted_mos_mondrian,1.0,3.198574323654175,3.198574323654175,0.0050000000000000044,0.2584269237518311,0.25070112466812144
nisqa,nisqa_val_live,20270848,mos_extremity_mondrian,0.995,3.0117647194862367,3.0198346996307373,0.0,0.07161731958389295,0.07196150064468387
nisqa,nisqa_val_live,20270848,local_residual_mondrian_k10,0.97,2.4087314081192015,2.4818582487106324,-0.025000000000000022,-0.5314159917831422,-0.46601495027542095
nisqa,nisqa_val_live,20270848,local_residual_normalized_k10,0.955,2.2661135265104746,2.422313848282582,-0.040000000000000036,-0.6740338733918692,-0.5255593507034715
nisqa,nisqa_val_live,20270848,local_residual_mondrian_k25,0.985,2.4721209168434144,2.540380084514618,-0.010000000000000009,-0.46802648305892935,-0.40749311447143555
nisqa,nisqa_val_live,20270848,local_residual_normalized_k25,0.97,2.302534612666712,2.4185988599125334,-0.025000000000000022,-0.6376127872356316,-0.52927433907352
nisqa,nisqa_val_live,20270848,local_residual_mondrian_k50,0.98,2.4276239609718324,2.489050886631012,-0.015000000000000013,-0.5125234389305113,-0.45882231235504145
nisqa,nisqa_val_live,20270848,local_residual_normalized_k50,0.975,2.335972596385809,2.415862222474345,-0.020000000000000018,-0.6041748035165346,-0.5320109765117085
nisqa,nisqa_test_for,20270848,mahalanobis_mondrian,0.9208333333333333,2.601880098382632,3.28041972219944,-0.008333333333333415,-0.33826730151971196,-0.1753888477881751
nisqa,nisqa_test_for,20270848,predicted_mos_mondrian,0.95,2.939686738451322,3.3841974169015883,0.02083333333333326,-0.00046066145102185985,-0.07161115308602684
nisqa,nisqa_test_for,20270848,mos_extremity_mondrian,0.9333333333333333,2.8506832748651503,3.440899236003558,0.004166666666666652,-0.08946412503719348,-0.014909333984057138
nisqa,nisqa_test_for,20270848,local_residual_mondrian_k10,0.95,2.5644614567359287,3.073791977763176,0.02083333333333326,-0.375685943166415,-0.38201659222443896
nisqa,nisqa_test_for,20270848,local_residual_normalized_k10,0.9291666666666667,2.4937641308040503,3.0697523872719072,0.0,-0.4463832690982934,-0.38605618271570785
nisqa,nisqa_test_for,20270848,local_residual_mondrian_k25,0.9458333333333333,2.603753365079562,3.146418806910515,0.016666666666666607,-0.33639403482278185,-0.3093897630771001
nisqa,nisqa_test_for,20270848,local_residual_normalized_k25,0.9375,2.498199822483674,3.0478734920231054,0.008333333333333304,-0.44194757741866963,-0.4079350779645097
nisqa,nisqa_test_for,20270848,local_residual_mondrian_k50,0.95,2.594184332092603,3.122689101099968,0.02083333333333326,-0.34596306780974073,-0.3331194688876473
nisqa,nisqa_test_for,20270848,local_residual_normalized_k50,0.9375,2.519076776885714,3.075180880152165,0.008333333333333304,-0.4210706230166297,-0.38062768983545014
nisqa,nisqa_test_livetalk,20270848,mahalanobis_mondrian,0.8793103448275862,2.29493896509039,3.024011418737214,-0.05603448275862066,-0.6452084348119538,-0.17086553573608398
nisqa,nisqa_test_livetalk,20270848,predicted_mos_mondrian,0.9655172413793104,3.0679324300124726,3.2537965969792726,0.030172413793103536,0.12778503011012887,0.05891964250597459
nisqa,nisqa_test_livetalk,20270848,mos_extremity_mondrian,0.9525862068965517,3.0239152302002084,3.242949053131301,0.017241379310344862,0.08376783029786461,0.04807209865800299
nisqa,nisqa_test_livetalk,20270848,local_residual_mondrian_k10,0.9224137931034483,2.7507267810147384,3.191702218918965,-0.012931034482758563,-0.1894206188876053,-0.003174735554333008
nisqa,nisqa_test_livetalk,20270848,local_residual_normalized_k10,0.9094827586206896,2.80785039293466,3.4444309051614,-0.025862068965517238,-0.13229700696768365,0.24955395068810216
nisqa,nisqa_test_livetalk,20270848,local_residual_mondrian_k25,0.9353448275862069,2.821196787316224,3.2720141852724143,0.0,-0.11895061258611994,0.07713723079911627
nisqa,nisqa_test_livetalk,20270848,local_residual_normalized_k25,0.9267241379310345,2.8516580134406904,3.314848211451494,-0.008620689655172376,-0.08848938646165339,0.1199712569781961
nisqa,nisqa_test_livetalk,20270848,local_residual_mondrian_k50,0.9353448275862069,2.765599152137493,3.2232203894648057,0.0,-0.17454824776485056,0.02834343499150771
nisqa,nisqa_test_livetalk,20270848,local_residual_normalized_k50,0.9310344827586207,2.8263166481960464,3.3221893471246604,-0.004310344827586188,-0.1138307517062973,0.1273123926513624
nisqa,nisqa_test_p501,20270848,mahalanobis_mondrian,0.9166666666666666,2.5713875512282054,2.93036357263724,-0.05833333333333335,-0.36875984867413836,-0.13361027141412096
nisqa,nisqa_test_p501,20270848,predicted_mos_mondrian,0.9708333333333333,3.0072258830070497,3.077443626523018,-0.004166666666666652,0.06707848310470599,0.013469782471656977
nisqa,nisqa_test_p501,20270848,mos_extremity_mondrian,0.9708333333333333,2.990996105472247,3.079432127873103,-0.004166666666666652,0.050848705569903174,0.015458283821741858
nisqa,nisqa_test_p501,20270848,local_residual_mondrian_k10,0.9625,2.626784070332845,2.6907121231158575,-0.012499999999999956,-0.31336332956949864,-0.3732617209355036
nisqa,nisqa_test_p501,20270848,local_residual_normalized_k10,0.9583333333333334,2.5733432748701146,2.6968527822381843,-0.016666666666666607,-0.36680412503222914,-0.36712106181317683
nisqa,nisqa_test_p501,20270848,local_residual_mondrian_k25,0.9708333333333333,2.726454268892606,2.7959716578324634,-0.004166666666666652,-0.21369313100973786,-0.2680021862188977
nisqa,nisqa_test_p501,20270848,local_residual_normalized_k25,0.9541666666666667,2.628893926976785,2.7339338899078967,-0.02083333333333326,-0.31125347292555894,-0.33003995414346443
nisqa,nisqa_test_p501,20270848,local_residual_mondrian_k50,0.975,2.7036434074242908,2.7790953427553178,0.0,-0.23650399247805298,-0.2848785012960433
nisqa,nisqa_test_p501,20270848,local_residual_normalized_k50,0.9625,2.6676385789362294,2.7909245097016395,-0.012499999999999956,-0.2725088209661144,-0.27304933434972156
nisqa,nisqa_val_sim,20270849,mahalanobis_mondrian,0.908,2.87429376411438,3.4664173698425294,0.019199999999999995,0.027506311416626072,-0.03824363517761231
nisqa,nisqa_val_sim,20270849,predicted_mos_mondrian,0.9008,2.782577329826355,3.322617525291443,0.01200000000000001,-0.06421012287139893,-0.18204347972869872
nisqa,nisqa_val_sim,20270849,mos_extremity_mondrian,0.8936,2.731446188354492,3.4000235904693605,0.0047999999999999154,-0.11534126434326186,-0.10463741455078113
nisqa,nisqa_val_sim,20270849,local_residual_mondrian_k10,0.9024,2.654950625228882,3.2144157341003416,0.013599999999999945,-0.19183682746887198,-0.2902452709198
nisqa,nisqa_val_sim,20270849,local_residual_normalized_k10,0.8944,2.615021840026346,3.1978941198861124,0.005599999999999938,-0.23176561267140805,-0.3067668851340293
nisqa,nisqa_val_sim,20270849,local_residual_mondrian_k25,0.904,2.614856441688538,3.1856190015792847,0.015199999999999991,-0.2319310110092161,-0.319042003440857
nisqa,nisqa_val_sim,20270849,local_residual_normalized_k25,0.9112,2.634287674741858,3.1560468666496044,0.022399999999999975,-0.21249977795589592,-0.34861413837053723
nisqa,nisqa_val_sim,20270849,local_residual_mondrian_k50,0.9048,2.6296592399597167,3.1446542541503906,0.016000000000000014,-0.21712821273803717,-0.3600067508697511
nisqa,nisqa_val_sim,20270849,local_residual_normalized_k50,0.904,2.5712518438626253,3.130031420855582,0.015199999999999991,-0.2755356088351286,-0.3746295841645595
nisqa,nisqa_train_live,20270849,mahalanobis_mondrian,0.9529411764705882,2.242142037083121,2.4177920096060808,-0.03921568627450989,-0.604645415614633,-0.44716520145827676
nisqa,nisqa_train_live,20270849,predicted_mos_mondrian,0.9852941176470589,2.9758512524997487,3.0269654376834048,-0.006862745098039191,0.12906379980199478,0.16200822661904724
nisqa,nisqa_train_live,20270849,mos_extremity_mondrian,0.9803921568627451,2.7270169323565914,2.796074181911992,-0.01176470588235301,-0.11977052034116253,-0.06888302915236544
nisqa,nisqa_train_live,20270849,local_residual_mondrian_k10,0.9529411764705882,2.278232457591038,2.471075090707517,-0.03921568627450989,-0.5685549951067159,-0.39388212035684056
nisqa,nisqa_train_live,20270849,local_residual_normalized_k10,0.9117647058823529,2.066507246385049,2.448115607731891,-0.08039215686274515,-0.780280206312705,-0.41684160333246645
nisqa,nisqa_train_live,20270849,local_residual_mondrian_k25,0.9656862745098039,2.2510828020525913,2.40722285602607,-0.026470588235294135,-0.5957046506451626,-0.4577343550382875
nisqa,nisqa_train_live,20270849,local_residual_normalized_k25,0.95,2.1110219845365954,2.358816547162686,-0.04215686274509811,-0.7357654681611585,-0.5061406639016717
nisqa,nisqa_train_live,20270849,local_residual_mondrian_k50,0.9686274509803922,2.2638081770317227,2.398252455860961,-0.02352941176470591,-0.5829792756660312,-0.4667047552033967
nisqa,nisqa_train_live,20270849,local_residual_normalized_k50,0.95,2.120379283893997,2.320709773141936,-0.04215686274509811,-0.7264081688037569,-0.5442474379224214
nisqa,nisqa_val_live,20270849,mahalanobis_mondrian,0.98,2.2397932350635528,2.3425029814243317,-0.015000000000000013,-0.6069942176342011,-0.5166782677173614
nisqa,nisqa_val_live,20270849,predicted_mos_mondrian,0.995,3.0782147419452666,3.1087371957302095,0.0,0.23142728924751266,0.24955594658851643
nisqa,nisqa_val_live,20270849,mos_extremity_mondrian,0.995,2.800692987442017,2.8348658084869385,0.0,-0.04609446525573713,-0.02431544065475455
nisqa,nisqa_val_live,20270849,local_residual_mondrian_k10,0.975,2.325451422929764,2.4309179079532623,-0.020000000000000018,-0.5213360297679901,-0.4282633411884307
nisqa,nisqa_val_live,20270849,local_residual_normalized_k10,0.935,2.150543973509472,2.3689151836523212,-0.05999999999999994,-0.6962434791882819,-0.4902660654893718
nisqa,nisqa_val_live,20270849,local_residual_mondrian_k25,0.965,2.271150563955307,2.378350828886032,-0.030000000000000027,-0.575636888742447,-0.48083042025566103
nisqa,nisqa_val_live,20270849,local_residual_normalized_k25,0.955,2.1547774414366767,2.300636961453462,-0.040000000000000036,-0.6920100112610772,-0.558544287688231
nisqa,nisqa_val_live,20270849,local_residual_mondrian_k50,0.975,2.2783509528636934,2.354473451375961,-0.020000000000000018,-0.5684364998340605,-0.5047077977657319
nisqa,nisqa_val_live,20270849,local_residual_normalized_k50,0.96,2.144086380407422,2.262367504333338,-0.03500000000000003,-0.7027010722903317,-0.596813744808355
nisqa,nisqa_test_for,20270849,mahalanobis_mondrian,0.925,2.565315450231234,3.260574256380399,0.012500000000000067,-0.2814720024665198,-0.17309031387170126
nisqa,nisqa_test_for,20270849,predicted_mos_mondrian,0.9291666666666667,2.7266118347644808,3.2926021933555605,0.01666666666666672,-0.12017561793327314,-0.14106237689654
nisqa,nisqa_test_for,20270849,mos_extremity_mondrian,0.925,2.609304110209147,3.200275719165802,0.012500000000000067,-0.23748334248860692,-0.23338885108629848
nisqa,nisqa_test_for,20270849,local_residual_mondrian_k10,0.9291666666666667,2.541421177983284,3.1141686071952184,0.01666666666666672,-0.3053662747144701,-0.3194959630568821
nisqa,nisqa_test_for,20270849,local_residual_normalized_k10,0.925,2.483856588403306,3.161917239626301,0.012500000000000067,-0.362930864294448,-0.2717473306257996
nisqa,nisqa_test_for,20270849,local_residual_mondrian_k25,0.9291666666666667,2.533626013994217,3.138176574309667,0.01666666666666672,-0.3131614387035371,-0.29548799594243347
nisqa,nisqa_test_for,20270849,local_residual_normalized_k25,0.9375,2.528025324499803,3.1049037551482552,0.025000000000000022,-0.3187621281979509,-0.32876081510384525
nisqa,nisqa_test_for,20270849,local_residual_mondrian_k50,0.9333333333333333,2.5215402603149415,3.0686649243036905,0.02083333333333337,-0.3252471923828124,-0.36499964594840995
nisqa,nisqa_test_for,20270849,local_residual_normalized_k50,0.9333333333333333,2.4696573618647193,3.0623140561500795,0.02083333333333337,-0.3771300908330346,-0.371350514102021
nisqa,nisqa_test_livetalk,20270849,mahalanobis_mondrian,0.8793103448275862,2.2919709425548027,3.011008460973871,-0.05603448275862066,-0.5548165101429512,-0.1508705811253912
nisqa,nisqa_test_livetalk,20270849,predicted_mos_mondrian,0.9353448275862069,2.922874465070922,3.2734222987602495,0.0,0.07608701237316806,0.1115432566609873
nisqa,nisqa_test_livetalk,20270849,mos_extremity_mondrian,0.9051724137931034,2.7951593234621246,3.2860511438599946,-0.030172413793103425,-0.051628129235629316,0.12417210176073246
nisqa,nisqa_test_livetalk,20270849,local_residual_mondrian_k10,0.9267241379310345,2.9209424904708206,3.2898367365886427,-0.008620689655172376,0.07415503777306665,0.12795769448938055
nisqa,nisqa_test_livetalk,20270849,local_residual_normalized_k10,0.9094827586206896,2.988659261525615,3.5824426330930086,-0.025862068965517238,0.1418718088278612,0.4205635909937464
nisqa,nisqa_test_livetalk,20270849,local_residual_mondrian_k25,0.9396551724137931,2.8386412632876428,3.2333633735262115,0.004310344827586299,-0.008146189410111138,0.07148433142694932
nisqa,nisqa_test_livetalk,20270849,local_residual_normalized_k25,0.9310344827586207,2.9546959400934503,3.402463619759543,-0.004310344827586188,0.10790848739569636,0.24058457766028063
nisqa,nisqa_test_livetalk,20270849,local_residual_mondrian_k50,0.9310344827586207,2.83448565314556,3.2762043404168097,-0.004310344827586188,-0.012301799552194126,0.11432529831754756
nisqa,nisqa_test_livetalk,20270849,local_residual_normalized_k50,0.9310344827586207,2.817063993804112,3.2855180535321735,-0.004310344827586188,-0.02972345889364192,0.12363901143291134
nisqa,nisqa_test_p501,20270849,mahalanobis_mondrian,0.9208333333333333,2.551794582605362,2.880882580081622,-0.04583333333333339,-0.29499287009239206,-0.11890488962332402
nisqa,nisqa_test_p501,20270849,predicted_mos_mondrian,0.95,2.8281456887722016,2.984569490949313,-0.01666666666666672,-0.01864176392555228,-0.015217978755633244
nisqa,nisqa_test_p501,20270849,mos_extremity_mondrian,0.9541666666666667,2.742677013079325,2.9564891308546066,-0.012499999999999956,-0.1041104396184287,-0.0432983388503394
nisqa,nisqa_test_p501,20270849,local_residual_mondrian_k10,0.9791666666666666,2.6867116719484327,2.7717158128817876,0.012499999999999956,-0.16007578074932116,-0.22807165682315844
nisqa,nisqa_test_p501,20270849,local_residual_normalized_k10,0.9541666666666667,2.6987416597543112,2.825579550956432,-0.012499999999999956,-0.14804579294344267,-0.17420791874851416
nisqa,nisqa_test_p501,20270849,local_residual_mondrian_k25,0.9791666666666666,2.6401139666636784,2.715834167599678,0.012499999999999956,-0.20667348603407554,-0.2839533021052678
nisqa,nisqa_test_p501,20270849,local_residual_normalized_k25,0.9666666666666667,2.7015383246877396,2.7870295504539198,0.0,-0.14524912801001433,-0.21275791925102627
nisqa,nisqa_test_p501,20270849,local_residual_mondrian_k50,0.9708333333333333,2.6697596202294034,2.7494586100180944,0.004166666666666652,-0.17702783246835052,-0.2503288596868516
nisqa,nisqa_test_p501,20270849,local_residual_normalized_k50,0.975,2.64895602162264,2.7337257819801644,0.008333333333333304,-0.1978314310751137,-0.26606168772478167
utmos,nisqa_val_sim,20270830,mahalanobis_mondrian,0.9152,2.324580736351013,2.9049702913284303,0.010399999999999965,0.08335239429473873,0.022880397987365964
utmos,nisqa_val_sim,20270830,predicted_mos_mondrian,0.9048,2.270870138549805,2.8290851444244383,0.0,0.029641796493530492,-0.0530047489166261
utmos,nisqa_val_sim,20270830,mos_extremity_mondrian,0.9064,2.2619101629257203,2.9719037733078,0.0015999999999999348,0.02068182086944592,0.08981387996673584
utmos,nisqa_val_sim,20270830,local_residual_mondrian_k10,0.8912,2.1577802284240724,2.85528219871521,-0.013600000000000056,-0.08344811363220206,-0.026807694625854417
utmos,nisqa_val_sim,20270830,local_residual_normalized_k10,0.9024,2.23362217601528,2.8916790591128745,-0.0024000000000000687,-0.007606166040994289,0.009589165771810126
utmos,nisqa_val_sim,20270830,local_residual_mondrian_k25,0.9096,2.253966653442383,2.844035606002808,0.0047999999999999154,0.012738311386108592,-0.038054287338256554
utmos,nisqa_val_sim,20270830,local_residual_normalized_k25,0.8984,2.1731038697448266,2.8313580259801165,-0.006400000000000072,-0.0681244723114478,-0.05073186736094781
utmos,nisqa_val_sim,20270830,local_residual_mondrian_k50,0.9048,2.245220568084717,2.8908960403442383,0.0,0.003992226028442403,0.008806147003173947
utmos,nisqa_val_sim,20270830,local_residual_normalized_k50,0.9024,2.2132625234581127,2.836284750410586,-0.0024000000000000687,-0.027965818598161718,-0.045805142930478215
utmos,nisqa_train_live,20270830,mahalanobis_mondrian,0.8147058823529412,2.294105117227517,3.3717529785399343,0.00588235294117645,0.052876775171242674,0.014337517467199579
utmos,nisqa_train_live,20270830,predicted_mos_mondrian,0.8254901960784313,2.332931881792405,3.350759813364814,0.016666666666666607,0.09170353973613077,-0.006655647707920487
utmos,nisqa_train_live,20270830,mos_extremity_mondrian,0.711764705882353,1.918265168573342,4.002467605413175,-0.09705882352941175,-0.32296317348293235,0.6450521443404402
utmos,nisqa_train_live,20270830,local_residual_mondrian_k10,0.7382352941176471,1.968837855610193,3.6311993418955337,-0.07058823529411762,-0.2723904864460813,0.27378388082279903
utmos,nisqa_train_live,20270830,local_residual_normalized_k10,0.7362745098039216,1.9749665370003457,3.697222826696184,-0.0725490196078431,-0.26626180505592867,0.33980736562344926
utmos,nisqa_train_live,20270830,local_residual_mondrian_k25,0.7715686274509804,2.0175014472475237,3.5716460704803468,-0.03725490196078429,-0.22372689480875074,0.21423060940761207
utmos,nisqa_train_live,20270830,local_residual_normalized_k25,0.7598039215686274,1.9745919906705272,3.550403952248289,-0.0490196078431373,-0.26663635138574726,0.19298849117555417
utmos,nisqa_train_live,20270830,local_residual_mondrian_k50,0.7676470588235295,2.09900321820203,3.454655821650636,-0.04117647058823526,-0.14222512385424446,0.09724036057790109
utmos,nisqa_train_live,20270830,local_residual_normalized_k50,0.7647058823529411,2.0449361193426037,3.4549900445371153,-0.044117647058823595,-0.19629222271367075,0.09757458346438064
utmos,nisqa_val_live,20270830,mahalanobis_mondrian,0.805,2.3016265869140624,3.5811339735984804,0.025000000000000022,0.060398244857788,-0.04917055368423462
utmos,nisqa_val_live,20270830,predicted_mos_mondrian,0.805,2.341889135837555,3.603203158378601,0.025000000000000022,0.10066079378128068,-0.027101368904113965
utmos,nisqa_val_live,20270830,mos_extremity_mondrian,0.72,1.9237843704223634,4.271971638202667,-0.06000000000000005,-0.317443971633911,0.6416671109199523
utmos,nisqa_val_live,20270830,local_residual_mondrian_k10,0.735,1.888939391374588,4.097351704835892,-0.04500000000000004,-0.3522889506816864,0.4670471775531766
utmos,nisqa_val_live,20270830,local_residual_normalized_k10,0.72,1.852488739960458,4.216482962406384,-0.06000000000000005,-0.3887396020958165,0.586178435123669
utmos,nisqa_val_live,20270830,local_residual_mondrian_k25,0.775,1.9743026137351989,3.9142662286758423,-0.0050000000000000044,-0.26692572832107553,0.28396170139312726
utmos,nisqa_val_live,20270830,local_residual_normalized_k25,0.755,1.9509862515610157,3.88236581391059,-0.025000000000000022,-0.29024209049525873,0.2520612866278751
utmos,nisqa_val_live,20270830,local_residual_mondrian_k50,0.765,2.107844808101654,3.5306121373176573,-0.015000000000000013,-0.13338353395462033,-0.09969238996505769
utmos,nisqa_val_live,20270830,local_residual_normalized_k50,0.765,2.04017373319999,3.555659055884644,-0.015000000000000013,-0.20105460885628457,-0.0746454713980711
utmos,nisqa_test_for,20270830,mahalanobis_mondrian,0.9291666666666667,2.362759817639987,2.716463455557823,0.008333333333333415,0.12153147558371247,0.0818208942810692
utmos,nisqa_test_for,20270830,predicted_mos_mondrian,0.9416666666666667,2.413632795214653,2.7034724901119866,0.02083333333333337,0.1724044531583786,0.06882992883523276
utmos,nisqa_test_for,20270830,mos_extremity_mondrian,0.925,2.1775624722242357,2.6787897417942683,0.004166666666666763,-0.0636658698320387,0.04414718051751443
utmos,nisqa_test_for,20270830,local_residual_mondrian_k10,0.9125,2.133039260903994,2.664618348081907,-0.008333333333333304,-0.10818908115228032,0.029975786805152893
utmos,nisqa_test_for,20270830,local_residual_normalized_k10,0.9125,2.193331424936334,2.755195312894423,-0.008333333333333304,-0.047896917119940596,0.12055275161766899
utmos,nisqa_test_for,20270830,local_residual_mondrian_k25,0.9208333333333333,2.2645141422748565,2.667015963792801,0.0,0.023285800218582065,0.03237340251604692
utmos,nisqa_test_for,20270830,local_residual_normalized_k25,0.925,2.184045806185238,2.633508832961952,0.004166666666666763,-0.0571825358710365,-0.0011337283148020738
utmos,nisqa_test_for,20270830,local_residual_mondrian_k50,0.9375,2.270677367846171,2.6415038208166757,0.01666666666666672,0.0294490257898965,0.006861259539921782
utmos,nisqa_test_for,20270830,local_residual_normalized_k50,0.925,2.259937453113119,2.6256037005917094,0.004166666666666763,0.018709111056844474,-0.009038860685044448
utmos,nisqa_test_livetalk,20270830,mahalanobis_mondrian,0.6810344827586207,2.2858218160168877,4.449917189006148,0.02155172413793105,0.044593473960613306,-0.10875165256960617
utmos,nisqa_test_livetalk,20270830,predicted_mos_mondrian,0.728448275862069,2.415131762109954,4.078322094062279,0.06896551724137934,0.17390342005367954,-0.48034674751347506
utmos,nisqa_test_livetalk,20270830,mos_extremity_mondrian,0.6077586206896551,2.1193713258052695,4.771457016468048,-0.051724137931034475,-0.12185701625100487,0.21278817489229418
utmos,nisqa_test_livetalk,20270830,local_residual_mondrian_k10,0.5818965517241379,2.080535913335866,5.270697550526981,-0.07758620689655171,-0.16069242872040856,0.7120287089512267
utmos,nisqa_test_livetalk,20270830,local_residual_normalized_k10,0.5991379310344828,2.131913828453012,5.410826477182645,-0.06034482758620685,-0.1093145136032625,0.8521576356068907
utmos,nisqa_test_livetalk,20270830,local_residual_mondrian_k25,0.625,2.146369753212764,4.907814654810675,-0.03448275862068961,-0.09485858884351028,0.3491458132349212
utmos,nisqa_test_livetalk,20270830,local_residual_normalized_k25,0.5991379310344828,2.0896420506373405,4.935489191827365,-0.06034482758620685,-0.15158629141893387,0.3768203502516112
utmos,nisqa_test_livetalk,20270830,local_residual_mondrian_k50,0.6508620689655172,2.2103411308650314,4.607257436061728,-0.008620689655172376,-0.030887211191243047,0.04858859448597386
utmos,nisqa_test_livetalk,20270830,local_residual_normalized_k50,0.6551724137931034,2.21015472874095,4.491453705581654,-0.004310344827586188,-0.031073613315324433,-0.06721513599409956
utmos,nisqa_test_p501,20270830,mahalanobis_mondrian,0.925,2.3376438558101653,2.58763867020607,0.008333333333333415,0.0964155137538909,0.02942020098368303
utmos,nisqa_test_p501,20270830,predicted_mos_mondrian,0.9,2.237305146455765,2.649490507443746,-0.016666666666666607,-0.003923195600509466,0.09127203822135899
utmos,nisqa_test_p501,20270830,mos_extremity_mondrian,0.9416666666666667,2.306441253423691,2.5854854146639505,0.025000000000000022,0.06521291136741647,0.027266945441563717
utmos,nisqa_test_p501,20270830,local_residual_mondrian_k10,0.9,2.104840224981308,2.6492393374443055,-0.016666666666666607,-0.13638811707496634,0.09102086822191868
utmos,nisqa_test_p501,20270830,local_residual_normalized_k10,0.8916666666666667,2.138106386157701,2.666938227144166,-0.02499999999999991,-0.10312195589857343,0.10871975792177935
utmos,nisqa_test_p501,20270830,local_residual_mondrian_k25,0.9208333333333333,2.249634263912837,2.654427327712377,0.004166666666666652,0.008405921856562415,0.09620885848999006
utmos,nisqa_test_p501,20270830,local_residual_normalized_k25,0.9041666666666667,2.139721138625156,2.5939758250959097,-0.012499999999999956,-0.10150720343111841,0.03575735587352291
utmos,nisqa_test_p501,20270830,local_residual_mondrian_k50,0.9208333333333333,2.2726581414540608,2.511933348576228,0.004166666666666652,0.03142979939778634,-0.04628512064615897
utmos,nisqa_test_p501,20270830,local_residual_normalized_k50,0.9291666666666667,2.241191866936824,2.4881585445158376,0.012500000000000067,-3.647511945059634e-05,-0.0700599247065492
utmos,nisqa_val_sim,20270831,mahalanobis_mondrian,0.9096,2.2876553552627565,2.8524075944900513,0.009599999999999942,0.0592098253250124,0.015308616447448742
utmos,nisqa_val_sim,20270831,predicted_mos_mondrian,0.9064,2.291595998764038,2.7934617004394533,0.006399999999999961,0.06315046882629405,-0.04363727760314928
utmos,nisqa_val_sim,20270831,mos_extremity_mondrian,0.9088,2.2641835220336914,2.8590884311676024,0.00880000000000003,0.0357379920959473,0.02198945312499978
utmos,nisqa_val_sim,20270831,local_residual_mondrian_k10,0.9016,2.204585057067871,2.7606953609466554,0.0015999999999999348,-0.02386047286987303,-0.07640361709594723
utmos,nisqa_val_sim,20270831,local_residual_normalized_k10,0.9064,2.286821721696418,2.773653268699379,0.006399999999999961,0.05837619175867381,-0.06344570934322347
utmos,nisqa_val_sim,20270831,local_residual_mondrian_k25,0.9272,2.288397158050537,2.7736568264007566,0.027200000000000002,0.059951628112792754,-0.06344215164184597
utmos,nisqa_val_sim,20270831,local_residual_normalized_k25,0.9096,2.226257005941286,2.7526836135022124,0.009599999999999942,-0.0021885239964580805,-0.08441536454039023
utmos,nisqa_val_sim,20270831,local_residual_mondrian_k50,0.9152,2.2267937686920165,2.74196708946228,0.015199999999999991,-0.0016517612457276343,-0.09513188858032251
utmos,nisqa_val_sim,20270831,local_residual_normalized_k50,0.9048,2.197687322839637,2.733869708985839,0.0048000000000000265,-0.03075820709810717,-0.10322926905676377
utmos,nisqa_train_live,20270831,mahalanobis_mondrian,0.8245098039215686,2.316836440563202,3.265083826523201,0.01764705882352935,0.08839091062545767,-0.10413232808019579
utmos,nisqa_train_live,20270831,predicted_mos_mondrian,0.8352941176470589,2.383467906596614,3.390842031965069,0.028431372549019618,0.15502237665886964,0.021625877361671986
utmos,nisqa_train_live,20270831,mos_extremity_mondrian,0.7745098039215687,2.162544398214303,3.5680573271770104,-0.032352941176470584,-0.06590113172344125,0.19884117257361344
utmos,nisqa_train_live,20270831,local_residual_mondrian_k10,0.7813725490196078,2.087165428610409,3.4393793840034337,-0.025490196078431393,-0.14128010132733504,0.07016322940003672
utmos,nisqa_train_live,20270831,local_residual_normalized_k10,0.7931372549019607,2.1108896775696806,3.522356653728412,-0.013725490196078494,-0.11755585236806354,0.15314049912501515
utmos,nisqa_train_live,20270831,local_residual_mondrian_k25,0.8196078431372549,2.180436994982701,3.2659673251357733,0.012745098039215641,-0.0480085349550432,-0.1032488294676237
utmos,nisqa_train_live,20270831,local_residual_normalized_k25,0.8068627450980392,2.1242166962573106,3.2798794264289177,0.0,-0.10422883368043356,-0.08933672817447924
utmos,nisqa_train_live,20270831,local_residual_mondrian_k50,0.8196078431372549,2.1597973996517705,3.276899573849697,0.012745098039215641,-0.06864813028597361,-0.09231658075370008
utmos,nisqa_train_live,20270831,local_residual_normalized_k50,0.8068627450980392,2.145706107727312,3.2843192660778966,0.0,-0.08273942221043207,-0.08489688852550037
utmos,nisqa_val_live,20270831,mahalanobis_mondrian,0.795,2.32754274725914,3.514784599542618,0.015000000000000013,0.09909721732139598,-0.13085930228233345
utmos,nisqa_val_live,20270831,predicted_mos_mondrian,0.82,2.405015366077423,3.6092123556137086,0.039999999999999925,0.17656983613967903,-0.03643154621124278
utmos,nisqa_val_live,20270831,mos_extremity_mondrian,0.75,2.1462369680404665,3.93140652179718,-0.030000000000000027,-0.08220856189727765,0.28576261997222874
utmos,nisqa_val_live,20270831,local_residual_mondrian_k10,0.735,2.046207940578461,3.753824257850647,-0.04500000000000004,-0.18223758935928336,0.10818035602569553
utmos,nisqa_val_live,20270831,local_residual_normalized_k10,0.755,2.0486107338121995,3.589548026293597,-0.025000000000000022,-0.17983479612554465,-0.05609587553135453
utmos,nisqa_val_live,20270831,local_residual_mondrian_k25,0.8,2.160212414264679,3.4100800919532777,0.020000000000000018,-0.06823311567306511,-0.2355638098716737
utmos,nisqa_val_live,20270831,local_residual_normalized_k25,0.795,2.103031494552772,3.383171097777017,0.015000000000000013,-0.12541403538497198,-0.26247280404793427
utmos,nisqa_val_live,20270831,local_residual_mondrian_k50,0.81,2.149058390855789,3.3311419856548308,0.030000000000000027,-0.07938713908195494,-0.3145019161701206
utmos,nisqa_val_live,20270831,local_residual_normalized_k50,0.8,2.1319649261690468,3.431257845993957,0.020000000000000018,-0.09648060376869738,-0.21438605583099424
utmos,nisqa_test_for,20270831,mahalanobis_mondrian,0.925,2.271537028749784,2.6469796031713484,0.004166666666666763,0.043091498812039664,0.015000127752621939
utmos,nisqa_test_for,20270831,predicted_mos_mondrian,0.9375,2.4875389307737352,2.8249702622493107,0.01666666666666672,0.2590934008359911,0.19299078683058424
utmos,nisqa_test_for,20270831,mos_extremity_mondrian,0.9166666666666666,2.2098729173342386,2.661008354028066,-0.004166666666666652,-0.01857261260350551,0.029028878609339337
utmos,nisqa_test_for,20270831,local_residual_mondrian_k10,0.9208333333333333,2.2008730431397754,2.556834187110265,0.0,-0.027572486797968754,-0.07514528830846157
utmos,nisqa_test_for,20270831,local_residual_normalized_k10,0.925,2.2872405123062447,2.7097534121152007,0.004166666666666763,0.05879498236850056,0.07777393669647426
utmos,nisqa_test_for,20270831,local_residual_mondrian_k25,0.925,2.3964985867341357,2.74550577600797,0.004166666666666763,0.1680530567963916,0.11352630058924351
utmos,nisqa_test_for,20270831,local_residual_normalized_k25,0.9208333333333333,2.3239173085877307,2.6708079168514236,0.0,0.09547177864998657,0.03882844143269715
utmos,nisqa_test_for,20270831,local_residual_mondrian_k50,0.9458333333333333,2.3792202721039453,2.7041462610165277,0.025000000000000022,0.15077474216620113,0.07216678559780121
utmos,nisqa_test_for,20270831,local_residual_normalized_k50,0.9291666666666667,2.313785215185815,2.6531913806294676,0.008333333333333415,0.085339685248071,0.021211905210741122
utmos,nisqa_test_livetalk,20270831,mahalanobis_mondrian,0.6810344827586207,2.3308337269158197,4.347917254628806,0.025862068965517238,0.10238819697807555,-0.24204042862201636
utmos,nisqa_test_livetalk,20270831,predicted_mos_mondrian,0.7241379310344828,2.4837946922614655,4.09751247023714,0.06896551724137934,0.2553491623237214,-0.49244521301368227
utmos,nisqa_test_livetalk,20270831,mos_extremity_mondrian,0.6422413793103449,2.185649871826172,4.582067769149254,-0.012931034482758563,-0.042795658111572266,-0.007889914101568252
utmos,nisqa_test_livetalk,20270831,local_residual_mondrian_k10,0.6508620689655172,2.2144330781081627,4.672385176707959,-0.004310344827586188,-0.01401245182958144,0.08242749345713651
utmos,nisqa_test_livetalk,20270831,local_residual_normalized_k10,0.6767241379310345,2.330576829265672,4.722961952758997,0.02155172413793105,0.10213129932792775,0.13300426950817457
utmos,nisqa_test_livetalk,20270831,local_residual_mondrian_k25,0.7068965517241379,2.3627867637009454,4.403977811336517,0.051724137931034475,0.13434123376320128,-0.18597987191430487
utmos,nisqa_test_livetalk,20270831,local_residual_normalized_k25,0.6810344827586207,2.2887037309281295,4.463539245789673,0.025862068965517238,0.06025820099038537,-0.12641843746114922
utmos,nisqa_test_livetalk,20270831,local_residual_mondrian_k50,0.6810344827586207,2.302640348672867,4.389730908747377,0.025862068965517238,0.07419481873512268,-0.20022677450344517
utmos,nisqa_test_livetalk,20270831,local_residual_normalized_k50,0.6681034482758621,2.2500204380247446,4.450602807751741,0.012931034482758674,0.021574908087000466,-0.1393548754990812
utmos,nisqa_test_p501,20270831,mahalanobis_mondrian,0.9291666666666667,2.311629808942477,2.5818242301543552,0.02083333333333337,0.0831842790047328,0.025018242001533242
utmos,nisqa_test_p501,20270831,predicted_mos_mondrian,0.9125,2.249471374352773,2.602682836850484,0.004166666666666652,0.02102584441502886,0.045876848697662176
utmos,nisqa_test_p501,20270831,mos_extremity_mondrian,0.925,2.2292270004749297,2.5172407070795697,0.01666666666666672,0.0007814705371855801,-0.0395652810732523
utmos,nisqa_test_p501,20270831,local_residual_mondrian_k10,0.9125,2.196406227350235,2.5690486947695415,0.004166666666666652,-0.03203930258750898,0.012242706616719445
utmos,nisqa_test_p501,20270831,local_residual_normalized_k10,0.8875,2.243952759608973,2.6480048068497894,-0.02083333333333337,0.01550722967122864,0.09119881869696744
utmos,nisqa_test_p501,20270831,local_residual_mondrian_k25,0.9083333333333333,2.242250947157542,2.601641911268234,0.0,0.013805417219797889,0.04483592311541207
utmos,nisqa_test_p501,20270831,local_residual_normalized_k25,0.9083333333333333,2.188701964575032,2.5721517073312556,0.0,-0.039743565362712285,0.015345719178433637
utmos,nisqa_test_p501,20270831,local_residual_mondrian_k50,0.9125,2.1990334649880725,2.5164020617802936,0.004166666666666652,-0.029412064949671635,-0.04040392637252843
utmos,nisqa_test_p501,20270831,local_residual_normalized_k50,0.9125,2.1694748958525074,2.4992115906274472,0.004166666666666652,-0.05897063408523673,-0.05759439752537476
utmos,nisqa_val_sim,20270832,mahalanobis_mondrian,0.9208,2.338512844276428,2.8365722562789917,0.0040000000000000036,0.07986015720367412,0.02401688022613513
utmos,nisqa_val_sim,20270832,predicted_mos_mondrian,0.912,2.2868676578521727,2.76702027053833,-0.0047999999999999154,0.028214970779418813,-0.04553510551452655
utmos,nisqa_val_sim,20270832,mos_extremity_mondrian,0.9248,2.31927152633667,2.8024009323120116,0.008000000000000007,0.06061883926391598,-0.010154443740844954
utmos,nisqa_val_sim,20270832,local_residual_mondrian_k10,0.9184,2.2634485204696655,2.723480193901062,0.0016000000000000458,0.004795833396911586,-0.08907518215179433
utmos,nisqa_val_sim,20270832,local_residual_normalized_k10,0.9064,2.244930915201001,2.752965736581992,-0.010399999999999965,-0.013721771871753052,-0.0595896394708646
utmos,nisqa_val_sim,20270832,local_residual_mondrian_k25,0.9024,2.2214375301361082,2.743424258804321,-0.014399999999999968,-0.03721515693664568,-0.06913111724853538
utmos,nisqa_val_sim,20270832,local_residual_normalized_k25,0.9032,2.1887363247727563,2.719394598524001,-0.013599999999999945,-0.06991636229999765,-0.09316077752885565
utmos,nisqa_val_sim,20270832,local_residual_mondrian_k50,0.9088,2.2501237161636354,2.7766536615371704,-0.007999999999999896,-0.008528970909118527,-0.035901714515686134
utmos,nisqa_val_sim,20270832,local_residual_normalized_k50,0.9144,2.2157875371235023,2.7344828704580406,-0.0023999999999999577,-0.04286514994925161,-0.07807250559481593
utmos,nisqa_train_live,20270832,mahalanobis_mondrian,0.8156862745098039,2.3446438380316192,3.373017462795856,0.002941176470588225,0.08599115095886534,0.031140514214833548
utmos,nisqa_train_live,20270832,predicted_mos_mondrian,0.8352941176470589,2.3780112972446514,3.286118881842669,0.022549019607843168,0.11935861017189753,-0.05575806673835304
utmos,nisqa_train_live,20270832,mos_extremity_mondrian,0.8009803921568628,2.2423828447566314,3.411727709396213,-0.0117647058823529,-0.016269842316122496,0.0698507608151906
utmos,nisqa_train_live,20270832,local_residual_mondrian_k10,0.7931372549019607,2.163805796585831,3.355579515064464,-0.019607843137254943,-0.09484689048692285,0.013702566483441814
utmos,nisqa_train_live,20270832,local_residual_normalized_k10,0.7627450980392156,2.0435556126094703,3.6101020077089134,-0.050000000000000044,-0.21509707446328363,0.2682250591278912
utmos,nisqa_train_live,20270832,local_residual_mondrian_k25,0.8068627450980392,2.1636188076991663,3.3252072825151333,-0.00588235294117645,-0.09503387937358765,-0.016669666065888933
utmos,nisqa_train_live,20270832,local_residual_normalized_k25,0.7901960784313725,2.1376801372588945,3.326362785621358,-0.022549019607843168,-0.12097254981385941,-0.015514162959664457
utmos,nisqa_train_live,20270832,local_residual_mondrian_k50,0.7872549019607843,2.138274912974414,3.432834104229422,-0.025490196078431393,-0.12037777409834005,0.0909571556483999
utmos,nisqa_train_live,20270832,local_residual_normalized_k50,0.796078431372549,2.173947478324636,3.3639903786445347,-0.01666666666666672,-0.08470520874811793,0.022113430063512407
utmos,nisqa_val_live,20270832,mahalanobis_mondrian,0.79,2.331518580913544,3.5927090311050414,0.010000000000000009,0.07286589384079001,-0.016686282157897914
utmos,nisqa_val_live,20270832,predicted_mos_mondrian,0.805,2.3836139011383057,3.5197340297698974,0.025000000000000022,0.12496121406555183,-0.08966128349304192
utmos,nisqa_val_live,20270832,mos_extremity_mondrian,0.78,2.2428870892524717,3.705464873313904,0.0,-0.015765597820282196,0.09606956005096468
utmos,nisqa_val_live,20270832,local_residual_mondrian_k10,0.785,2.1397905337810514,3.680836569070816,0.0050000000000000044,-0.11886215329170247,0.07144125580787675
utmos,nisqa_val_live,20270832,local_residual_normalized_k10,0.765,2.003226184661742,3.8102437092313988,-0.015000000000000013,-0.25542650241101184,0.2008483959684595
utmos,nisqa_val_live,20270832,local_residual_mondrian_k25,0.79,2.151573543548584,3.5425314474105836,0.010000000000000009,-0.10707914352417003,-0.06686386585235571
utmos,nisqa_val_live,20270832,local_residual_normalized_k25,0.79,2.1304538486052564,3.56092009883094,0.010000000000000009,-0.12819883846749747,-0.04847521443199909
utmos,nisqa_val_live,20270832,local_residual_mondrian_k50,0.8,2.1537465476989746,3.4636247658729555,0.020000000000000018,-0.10490613937377935,-0.14577054738998374
utmos,nisqa_val_live,20270832,local_residual_normalized_k50,0.785,2.178027144037733,3.4690795317879877,0.0050000000000000044,-0.0806255430350209,-0.1403157814749516
utmos,nisqa_test_for,20270832,mahalanobis_mondrian,0.9208333333333333,2.278366216023763,2.6356397052605947,0.0,0.019713528951009085,-0.002632927894592463
utmos,nisqa_test_for,20270832,predicted_mos_mondrian,0.95,2.4218794743220013,2.6895276149113974,0.029166666666666674,0.16322678724924744,0.05125498175621024
utmos,nisqa_test_for,20270832,mos_extremity_mondrian,0.925,2.287901669740677,2.635721822579702,0.004166666666666763,0.029248982667922974,-0.0025508105754852295
utmos,nisqa_test_for,20270832,local_residual_mondrian_k10,0.9291666666666667,2.307946349183718,2.7812537401914597,0.008333333333333415,0.04929366211096431,0.14298110703627254
utmos,nisqa_test_for,20270832,local_residual_normalized_k10,0.9208333333333333,2.298954967416823,2.856680082965062,0.0,0.04030228034406891,0.2184074498098747
utmos,nisqa_test_for,20270832,local_residual_mondrian_k25,0.925,2.3329602758089703,2.701106576124827,0.004166666666666763,0.07430758873621635,0.06283394296964007
utmos,nisqa_test_for,20270832,local_residual_normalized_k25,0.9291666666666667,2.3449559392138237,2.682993136942687,0.008333333333333415,0.08630325214106982,0.04472050378750003
utmos,nisqa_test_for,20270832,local_residual_mondrian_k50,0.9416666666666667,2.323525563875834,2.7165000597635904,0.02083333333333337,0.06487287680308018,0.07822742660840332
utmos,nisqa_test_for,20270832,local_residual_normalized_k50,0.9375,2.352243360549381,2.686517003596084,0.01666666666666672,0.0935906734766272,0.04824437044089702
utmos,nisqa_test_livetalk,20270832,mahalanobis_mondrian,0.6810344827586207,2.303242490209382,4.543137131066158,0.01724137931034475,0.04458980313662808,0.026114994081956944
utmos,nisqa_test_livetalk,20270832,predicted_mos_mondrian,0.7198275862068966,2.428758432125223,4.075511437037895,0.05603448275862066,0.170105745052469,-0.44151069994630543
utmos,nisqa_test_livetalk,20270832,mos_extremity_mondrian,0.6724137931034483,2.2719094979351966,4.372853410655055,0.008620689655172376,0.01325681086244268,-0.1441687263291458
utmos,nisqa_test_livetalk,20270832,local_residual_mondrian_k10,0.6681034482758621,2.241681088661325,4.727956379282063,0.004310344827586188,-0.0169715984114287,0.21093424229786262
utmos,nisqa_test_livetalk,20270832,local_residual_normalized_k10,0.6293103448275862,2.18015761780695,5.119819352881481,-0.034482758620689724,-0.07849506926580396,0.6027972158972803
utmos,nisqa_test_livetalk,20270832,local_residual_mondrian_k25,0.6551724137931034,2.242354524546656,4.751679856201698,-0.008620689655172487,-0.016298162526097837,0.23465771921749745
utmos,nisqa_test_livetalk,20270832,local_residual_normalized_k25,0.6594827586206896,2.2470705870919634,4.681169458990811,-0.004310344827586299,-0.011582099980790517,0.16414732200661053
utmos,nisqa_test_livetalk,20270832,local_residual_mondrian_k50,0.7025862068965517,2.291500379299295,4.373622440058609,0.0387931034482758,0.03284769222654127,-0.1433996969255915
utmos,nisqa_test_livetalk,20270832,local_residual_normalized_k50,0.6939655172413793,2.3074493282449944,4.3543634292507525,0.030172413793103425,0.048796641172240474,-0.16265870773344826
utmos,nisqa_test_p501,20270832,mahalanobis_mondrian,0.9291666666666667,2.2921300371487936,2.5682436764240264,0.008333333333333415,0.03347735007603969,0.007012271881103427
utmos,nisqa_test_p501,20270832,predicted_mos_mondrian,0.9041666666666667,2.2640137652556103,2.5871109346548717,-0.016666666666666607,0.00536107818285636,0.025879530111948768
utmos,nisqa_test_p501,20270832,mos_extremity_mondrian,0.9291666666666667,2.314355407158534,2.5188624203205108,0.008333333333333415,0.05570272008578003,-0.0423689842224122
utmos,nisqa_test_p501,20270832,local_residual_mondrian_k10,0.9125,2.1969021558761597,2.5985543926556907,-0.008333333333333304,-0.06175053119659424,0.037322988112767685
utmos,nisqa_test_p501,20270832,local_residual_normalized_k10,0.8916666666666667,2.1068462294920183,2.7481088817772816,-0.029166666666666563,-0.15180645758073563,0.18687747723435866
utmos,nisqa_test_p501,20270832,local_residual_mondrian_k25,0.9,2.1926373839378357,2.6599176029364267,-0.02083333333333326,-0.06601530313491821,0.09868619839350368
utmos,nisqa_test_p501,20270832,local_residual_normalized_k25,0.8833333333333333,2.1295787621226103,2.6309223923600893,-0.03749999999999998,-0.12907392495014358,0.06969098781716632
utmos,nisqa_test_p501,20270832,local_residual_mondrian_k50,0.9166666666666666,2.2533330778280893,2.551031615336736,-0.004166666666666652,-0.005319609244664569,-0.010199789206187138
utmos,nisqa_test_p501,20270832,local_residual_normalized_k50,0.9083333333333333,2.1933901899692603,2.4918221626128143,-0.012499999999999956,-0.06526249710349363,-0.06940924193010867
utmos,nisqa_val_sim,20270833,mahalanobis_mondrian,0.8768,2.099669960975647,2.8512108316421507,0.012800000000000034,0.05863573932647714,-0.009505639076233141
utmos,nisqa_val_sim,20270833,predicted_mos_mondrian,0.8848,2.179236553955078,2.8078772037506106,0.02080000000000004,0.13820233230590828,-0.0528392669677733
utmos,nisqa_val_sim,20270833,mos_extremity_mondrian,0.8808,2.1752663171768187,2.8722164991378785,0.016800000000000037,0.1342320955276488,0.011500028419494601
utmos,nisqa_val_sim,20270833,local_residual_mondrian_k10,0.8912,2.138238399505615,2.764641454696655,0.027200000000000002,0.0972041778564452,-0.09607501602172874
utmos,nisqa_val_sim,20270833,local_residual_normalized_k10,0.8936,2.2149019677020805,2.8560965516089323,0.02959999999999996,0.17386774605291055,-0.004619919109451587
utmos,nisqa_val_sim,20270833,local_residual_mondrian_k25,0.8856,2.125474159049988,2.7933792818069456,0.021600000000000064,0.08443993740081801,-0.06733718891143825
utmos,nisqa_val_sim,20270833,local_residual_normalized_k25,0.8816,2.0865160055667404,2.7683390953697185,0.01760000000000006,0.04548178391757052,-0.09237737534866541
utmos,nisqa_val_sim,20270833,local_residual_mondrian_k50,0.884,2.114297919845581,2.7758728900909424,0.020000000000000018,0.07326369819641121,-0.08484358062744146
utmos,nisqa_val_sim,20270833,local_residual_normalized_k50,0.8736,2.027114610656642,2.7497403873553945,0.009600000000000053,-0.013919610992528142,-0.11097608336298936
utmos,nisqa_train_live,20270833,mahalanobis_mondrian,0.7823529411764706,2.1447568150127636,3.4295674165089927,0.027450980392156876,0.10372259336359368,-0.17286581151625668
utmos,nisqa_train_live,20270833,predicted_mos_mondrian,0.8568627450980392,2.48173089167651,3.197916099136951,0.10196078431372546,0.44069667002734025,-0.4045171288882985
utmos,nisqa_train_live,20270833,mos_extremity_mondrian,0.7970588235294118,2.228250684223923,3.4132162456418955,0.04215686274509811,0.187216462574753,-0.18921698238335383
utmos,nisqa_train_live,20270833,local_residual_mondrian_k10,0.7676470588235295,2.0399925238945906,3.6234319020720087,0.012745098039215752,-0.001041697754579296,0.02099867404675937
utmos,nisqa_train_live,20270833,local_residual_normalized_k10,0.7401960784313726,1.9911266757468264,3.856621304493337,-0.014705882352941124,-0.049907545902343475,0.2541880764680875
utmos,nisqa_train_live,20270833,local_residual_mondrian_k25,0.7598039215686274,2.059633683690838,3.5811942147273643,0.004901960784313708,0.01859946204166807,-0.021239013297885023
utmos,nisqa_train_live,20270833,local_residual_normalized_k25,0.7382352941176471,1.9907436201345976,3.677516392862089,-0.016666666666666607,-0.05029060151457232,0.07508316483683952
utmos,nisqa_train_live,20270833,local_residual_mondrian_k50,0.7568627450980392,2.039591883210575,3.622361363616644,0.0019607843137254832,-0.00144233843859487,0.019928135591394724
utmos,nisqa_train_live,20270833,local_residual_normalized_k50,0.7372549019607844,1.9609397213787365,3.7107233592153865,-0.01764705882352935,-0.08009450027043341,0.1082901311901372
utmos,nisqa_val_live,20270833,mahalanobis_mondrian,0.765,2.1564961850643156,3.726034480333328,0.030000000000000027,0.1154619634151457,-0.1767414629459383
utmos,nisqa_val_live,20270833,predicted_mos_mondrian,0.835,2.49118382692337,3.3865036940574647,0.09999999999999998,0.4501496052742002,-0.5162722492218017
utmos,nisqa_val_live,20270833,mos_extremity_mondrian,0.75,2.2196070408821105,3.736746916770935,0.015000000000000013,0.17857281923294055,-0.1660290265083315
utmos,nisqa_val_live,20270833,local_residual_mondrian_k10,0.735,2.030319744348526,3.971808189153671,0.0,-0.01071447730064401,0.06903224587440482
utmos,nisqa_val_live,20270833,local_residual_normalized_k10,0.695,1.9354247388546282,4.455326000484904,-0.040000000000000036,-0.10560948279454174,0.5525500572056377
utmos,nisqa_val_live,20270833,local_residual_mondrian_k25,0.75,2.0604038405418397,3.9306264328956604,0.015000000000000013,0.01936961889266975,0.027850489616394025
utmos,nisqa_val_live,20270833,local_residual_normalized_k25,0.73,1.955864419624112,4.161232878590805,-0.0050000000000000044,-0.08516980202505797,0.25845693531153824
utmos,nisqa_val_live,20270833,local_residual_mondrian_k50,0.725,2.0261431241035464,4.004884150028229,-0.010000000000000009,-0.014891097545623566,0.10210820674896226
utmos,nisqa_val_live,20270833,local_residual_normalized_k50,0.72,1.9519135120609545,4.020603901901941,-0.015000000000000013,-0.08912070958821539,0.1178279586226747
utmos,nisqa_test_for,20270833,mahalanobis_mondrian,0.9041666666666667,2.0963303397099176,2.6280843565861383,0.004166666666666652,0.055296118060747634,0.013753319780031692
utmos,nisqa_test_for,20270833,predicted_mos_mondrian,0.9416666666666667,2.415708049138387,2.7567591110865277,0.04166666666666663,0.3746738274892172,0.14242807428042115
utmos,nisqa_test_for,20270833,mos_extremity_mondrian,0.9083333333333333,2.164167578021685,2.6381460477908454,0.008333333333333304,0.12313335637251521,0.023815010984738816
utmos,nisqa_test_for,20270833,local_residual_mondrian_k10,0.9041666666666667,2.1028062601884208,2.6410245398680368,0.004166666666666652,0.06177203853925084,0.02669350306193019
utmos,nisqa_test_for,20270833,local_residual_normalized_k10,0.8916666666666667,2.1278609921921117,2.6952678956052174,-0.008333333333333304,0.08682677054294174,0.08093685879911083
utmos,nisqa_test_for,20270833,local_residual_mondrian_k25,0.9208333333333333,2.1424606611331303,2.5704616675774257,0.02083333333333326,0.10142643948396035,-0.0438693692286809
utmos,nisqa_test_for,20270833,local_residual_normalized_k25,0.9125,2.1073077439116608,2.5730434149048684,0.012499999999999956,0.06627352226249084,-0.041287621901238136
utmos,nisqa_test_for,20270833,local_residual_mondrian_k50,0.9125,2.1585860828558605,2.580026694138845,0.012499999999999956,0.11755186120669059,-0.03430434266726179
utmos,nisqa_test_for,20270833,local_residual_normalized_k50,0.9125,2.067469359080181,2.599103507052896,0.012499999999999956,0.026435137431011224,-0.015227529753210511
utmos,nisqa_test_livetalk,20270833,mahalanobis_mondrian,0.646551724137931,2.1630394006597586,4.760334508172397,0.034482758620689724,0.12200517901058872,-0.33261205615668477
utmos,nisqa_test_livetalk,20270833,predicted_mos_mondrian,0.7198275862068966,2.442596914439366,4.274488790281888,0.10775862068965525,0.4015626927901961,-0.8184577740471939
utmos,nisqa_test_livetalk,20270833,mos_extremity_mondrian,0.6508620689655172,2.1840593753189874,4.713997483253479,0.03879310344827591,0.1430251536698175,-0.37894908107560266
utmos,nisqa_test_livetalk,20270833,local_residual_mondrian_k10,0.6077586206896551,2.0984669091372656,4.875168308101851,-0.004310344827586188,0.05743268748809571,-0.21777825622723057
utmos,nisqa_test_livetalk,20270833,local_residual_normalized_k10,0.603448275862069,2.1261279554468056,5.12261218421854,-0.008620689655172376,0.08509373379763563,0.029665619889458483
utmos,nisqa_test_livetalk,20270833,local_residual_mondrian_k25,0.6594827586206896,2.1502972615176232,4.692978195075331,0.04741379310344829,0.10926303986845332,-0.39996836925375057
utmos,nisqa_test_livetalk,20270833,local_residual_normalized_k25,0.6120689655172413,2.0627772376123774,4.885326683550708,0.0,0.02174301596320749,-0.207619880778374
utmos,nisqa_test_livetalk,20270833,local_residual_mondrian_k50,0.6379310344827587,2.130228311851107,4.70750644289214,0.02586206896551735,0.08919409020193703,-0.3854401214369414
utmos,nisqa_test_livetalk,20270833,local_residual_normalized_k50,0.5818965517241379,2.0488894273692457,4.901413327840201,-0.030172413793103425,0.007855205720075809,-0.19153323648888065
utmos,nisqa_test_p501,20270833,mahalanobis_mondrian,0.9,2.144583910703659,2.5649622678756714,0.033333333333333326,0.10354968905448914,-0.010502457618713379
utmos,nisqa_test_p501,20270833,predicted_mos_mondrian,0.8833333333333333,2.132523747285207,2.5941293855508167,0.016666666666666607,0.09148952563603707,0.01866466005643197
utmos,nisqa_test_p501,20270833,mos_extremity_mondrian,0.8916666666666667,2.1554232041041055,2.5520685017108917,0.025000000000000022,0.11438898245493556,-0.023396223783493042
utmos,nisqa_test_p501,20270833,local_residual_mondrian_k10,0.875,2.0782911866903304,2.583038408557574,0.008333333333333304,0.037256965041160495,0.007573683063189396
utmos,nisqa_test_p501,20270833,local_residual_normalized_k10,0.8833333333333333,2.0893397962337064,2.6234030764845,0.016666666666666607,0.04830557458453644,0.04793835099011545
utmos,nisqa_test_p501,20270833,local_residual_mondrian_k25,0.8833333333333333,2.0853069106737774,2.587712375322978,0.016666666666666607,0.04427268902460746,0.012247649828593055
utmos,nisqa_test_p501,20270833,local_residual_normalized_k25,0.875,2.0114678981846104,2.536175992517023,0.008333333333333304,-0.029566323464559563,-0.039288732977361907
utmos,nisqa_test_p501,20270833,local_residual_mondrian_k50,0.9041666666666667,2.1060882369677225,2.5349792897701264,0.03749999999999998,0.0650540153185526,-0.040485435724258334
utmos,nisqa_test_p501,20270833,local_residual_normalized_k50,0.8666666666666667,2.0043236791891257,2.4950402652222072,0.0,-0.03671054246004424,-0.08042446027217753
utmos,nisqa_val_sim,20270834,mahalanobis_mondrian,0.9216,2.3079457775115966,2.764149097061157,0.0031999999999999806,0.03916316184997548,0.01219779739379856
utmos,nisqa_val_sim,20270834,predicted_mos_mondrian,0.924,2.320402005004883,2.731720358657837,0.005600000000000049,0.05161938934326171,-0.020230941009521608
utmos,nisqa_val_sim,20270834,mos_extremity_mondrian,0.9288,2.3714508810043333,2.7949018239974976,0.010399999999999965,0.10266826534271223,0.04295052433013913
utmos,nisqa_val_sim,20270834,local_residual_mondrian_k10,0.9232,2.3080641283035277,2.7332938035964967,0.0048000000000000265,0.0392815126419066,-0.018657496070861868
utmos,nisqa_val_sim,20270834,local_residual_normalized_k10,0.9064,2.3718736942474212,2.8971713452138093,-0.01200000000000001,0.10309107858580013,0.14522004554645074
utmos,nisqa_val_sim,20270834,local_residual_mondrian_k25,0.912,2.2351061840057374,2.7273449287414553,-0.006399999999999961,-0.03367643165588374,-0.02460637092590323
utmos,nisqa_val_sim,20270834,local_residual_normalized_k25,0.9088,2.222665558251716,2.76297722325808,-0.009599999999999942,-0.046117057409905016,0.011025923590721298
utmos,nisqa_val_sim,20270834,local_residual_mondrian_k50,0.9104,2.266009443283081,2.7418871879577638,-0.008000000000000007,-0.002773172378540245,-0.010064111709594759
utmos,nisqa_val_sim,20270834,local_residual_normalized_k50,0.9144,2.2515666768375637,2.7520059566540067,-0.0040000000000000036,-0.017215938824057364,5.465698664819385e-05
utmos,nisqa_train_live,20270834,mahalanobis_mondrian,0.8343137254901961,2.346768016908683,3.272323676184112,0.020588235294117685,0.07798540124706177,-0.06072347771887676
utmos,nisqa_train_live,20270834,predicted_mos_mondrian,0.8362745098039216,2.3852445686564727,3.2910282032162534,0.022549019607843168,0.11646195299485163,-0.042018950686735224
utmos,nisqa_train_live,20270834,mos_extremity_mondrian,0.8107843137254902,2.2938027650702235,3.392952263355255,-0.002941176470588225,0.02502014940860242,0.05990510945226646
utmos,nisqa_train_live,20270834,local_residual_mondrian_k10,0.8,2.1630556896621105,3.4072457374310963,-0.013725490196078383,-0.10572692599951061,0.0741985835281076
utmos,nisqa_train_live,20270834,local_residual_normalized_k10,0.7637254901960784,2.036756716434574,3.7930303467239748,-0.050000000000000044,-0.2320258992270472,0.4599831928209861
utmos,nisqa_train_live,20270834,local_residual_mondrian_k25,0.7941176470588235,2.102104318375681,3.3465694310618384,-0.019607843137254943,-0.16667829728593997,0.013522277158849683
utmos,nisqa_train_live,20270834,local_residual_normalized_k25,0.7941176470588235,2.0543515355587036,3.357694024160966,-0.019607843137254943,-0.21443108010291745,0.024646870257977405
utmos,nisqa_train_live,20270834,local_residual_mondrian_k50,0.8127450980392157,2.1817288440816545,3.292180582121307,-0.0009803921568627416,-0.08705377157996663,-0.04086657178168185
utmos,nisqa_train_live,20270834,local_residual_normalized_k50,0.7843137254901961,2.093760087342891,3.3897191548254932,-0.02941176470588236,-0.1750225283187299,0.05667200092250457
utmos,nisqa_val_live,20270834,mahalanobis_mondrian,0.815,2.3583854734897614,3.520130854845047,0.029999999999999916,0.08960285782814026,-0.07726740241050711
utmos,nisqa_val_live,20270834,predicted_mos_mondrian,0.805,2.3902467143535615,3.5257589948177337,0.020000000000000018,0.12146409869194041,-0.0716392624378206
utmos,nisqa_val_live,20270834,mos_extremity_mondrian,0.76,2.2742735135555265,3.683957086801529,-0.025000000000000022,0.005490897893905444,0.08655882954597471
utmos,nisqa_val_live,20270834,local_residual_mondrian_k10,0.785,2.1426369082927703,3.6769798648357392,0.0,-0.12614570736885078,0.07958160758018495
utmos,nisqa_val_live,20270834,local_residual_normalized_k10,0.755,1.988129903024458,3.9308898530206466,-0.030000000000000027,-0.2806527126371632,0.33349159576509235
utmos,nisqa_val_live,20270834,local_residual_mondrian_k25,0.775,2.079083740711212,3.536986231803894,-0.010000000000000009,-0.18969887495040894,-0.060412025451660245
utmos,nisqa_val_live,20270834,local_residual_normalized_k25,0.785,2.031431616589977,3.5496302680158887,0.0,-0.23735099907164425,-0.04776798923966563
utmos,nisqa_val_live,20270834,local_residual_mondrian_k50,0.81,2.1664813804626464,3.343340198993683,0.025000000000000022,-0.10230123519897472,-0.25405805826187144
utmos,nisqa_val_live,20270834,local_residual_normalized_k50,0.81,2.1022185875410515,3.41464285527635,0.025000000000000022,-0.16656402812056958,-0.18275540197920437
utmos,nisqa_test_for,20270834,mahalanobis_mondrian,0.925,2.3036328673362734,2.6639398952325184,0.004166666666666763,0.03485025167465228,0.023556860287984094
utmos,nisqa_test_for,20270834,predicted_mos_mondrian,0.9541666666666667,2.447275181611379,2.6938247084617615,0.03333333333333344,0.17849256594975804,0.05344167351722717
utmos,nisqa_test_for,20270834,mos_extremity_mondrian,0.9333333333333333,2.334405380487442,2.643706061442693,0.012500000000000067,0.06562276482582075,0.003323026498158743
utmos,nisqa_test_for,20270834,local_residual_mondrian_k10,0.9083333333333333,2.2792550692955653,2.708641138672829,-0.012499999999999956,0.010472453633944223,0.06825810372829455
utmos,nisqa_test_for,20270834,local_residual_normalized_k10,0.9166666666666666,2.342591462161186,2.9099056665127705,-0.004166666666666652,0.07380884649956476,0.2695226315682362
utmos,nisqa_test_for,20270834,local_residual_mondrian_k25,0.9208333333333333,2.2927600344022117,2.7101717392603555,0.0,0.02397741874059056,0.06978870431582118
utmos,nisqa_test_for,20270834,local_residual_normalized_k25,0.925,2.3137322950647414,2.731445681901549,0.004166666666666763,0.044949679403120335,0.0910626469570146
utmos,nisqa_test_for,20270834,local_residual_mondrian_k50,0.9375,2.401106244325638,2.7332176824410754,0.01666666666666672,0.1323236286640168,0.09283464749654113
utmos,nisqa_test_for,20270834,local_residual_normalized_k50,0.9291666666666667,2.3715703363940093,2.706651331175826,0.008333333333333415,0.10278772073238818,0.06626829623129149
utmos,nisqa_test_livetalk,20270834,mahalanobis_mondrian,0.6853448275862069,2.3629312042532296,4.26786699993857,0.02155172413793094,0.09414858859160846,-0.22522754710296145
utmos,nisqa_test_livetalk,20270834,predicted_mos_mondrian,0.7370689655172413,2.4438710130494217,4.0355605791355,0.07327586206896541,0.17508839738780058,-0.4575339679060315
utmos,nisqa_test_livetalk,20270834,mos_extremity_mondrian,0.6982758620689655,2.3077246690618582,4.317725099366287,0.03448275862068961,0.03894205340023715,-0.17536944767524432
utmos,nisqa_test_livetalk,20270834,local_residual_mondrian_k10,0.6551724137931034,2.229197336681958,4.714243620634079,-0.008620689655172487,-0.03958527897966313,0.22114907359254765
utmos,nisqa_test_livetalk,20270834,local_residual_normalized_k10,0.6293103448275862,2.2242559926508436,5.355720777163062,-0.034482758620689724,-0.04452662301077748,0.8626262301215304
utmos,nisqa_test_livetalk,20270834,local_residual_mondrian_k25,0.6681034482758621,2.197683543994509,4.748306703978572,0.004310344827586188,-0.07109907166711205,0.25521215693704047
utmos,nisqa_test_livetalk,20270834,local_residual_normalized_k25,0.6767241379310345,2.205283873744964,4.8688487237707365,0.012931034482758563,-0.06349874191665705,0.3757541767292052
utmos,nisqa_test_livetalk,20270834,local_residual_mondrian_k50,0.7112068965517241,2.3287837546447228,4.42209883804979,0.047413793103448176,0.060001138983101665,-0.07099570899174168
utmos,nisqa_test_livetalk,20270834,local_residual_normalized_k50,0.6853448275862069,2.2905881938357497,4.473919508114422,0.02155172413793094,0.021805578174128648,-0.019175038927109256
utmos,nisqa_test_p501,20270834,mahalanobis_mondrian,0.9458333333333333,2.358926975727081,2.5892630656560263,0.025000000000000022,0.09014436006546012,0.025921259323756107
utmos,nisqa_test_p501,20270834,predicted_mos_mondrian,0.9208333333333333,2.2934973746538163,2.575381836295128,0.0,0.024714758992195218,0.012040029962857801
utmos,nisqa_test_p501,20270834,mos_extremity_mondrian,0.95,2.343481730421384,2.494970213373502,0.029166666666666674,0.07469911475976287,-0.06837159295876827
utmos,nisqa_test_p501,20270834,local_residual_mondrian_k10,0.9333333333333333,2.2884774645169577,2.5466792424519857,0.012500000000000067,0.019694848855336566,-0.01666256388028442
utmos,nisqa_test_p501,20270834,local_residual_normalized_k10,0.9166666666666666,2.322691385922219,2.71194157745551,-0.004166666666666652,0.053908770260597816,0.14859977112323985
utmos,nisqa_test_p501,20270834,local_residual_mondrian_k25,0.9166666666666666,2.230842524766922,2.5550444861253103,-0.004166666666666652,-0.037940090894699185,-0.008297320206959835
utmos,nisqa_test_p501,20270834,local_residual_normalized_k25,0.9125,2.2062227069912415,2.584388028999228,-0.008333333333333304,-0.06255990867037964,0.02104622266695788
utmos,nisqa_test_p501,20270834,local_residual_mondrian_k50,0.9333333333333333,2.2955434381961823,2.5474807282288867,0.012500000000000067,0.026760822534561246,-0.01586107810338344
utmos,nisqa_test_p501,20270834,local_residual_normalized_k50,0.9333333333333333,2.2687938655456388,2.5254160297363586,0.012500000000000067,1.1249884017683343e-05,-0.037925776595911564
utmos,nisqa_val_sim,20270835,mahalanobis_mondrian,0.876,2.1412456052780153,2.9377418573379517,0.007199999999999984,0.09858441524505634,0.011963880348205613
utmos,nisqa_val_sim,20270835,predicted_mos_mondrian,0.8744,2.134557462310791,2.847741569137573,0.005599999999999938,0.09189627227783204,-0.07803640785217292
utmos,nisqa_val_sim,20270835,mos_extremity_mondrian,0.8816,2.1287924375534057,2.879299990653992,0.012800000000000034,0.08613124752044676,-0.046477986335754284
utmos,nisqa_val_sim,20270835,local_residual_mondrian_k10,0.8768,2.1321929512023927,2.9136165256500246,0.008000000000000007,0.08953176116943373,-0.012161451339721463
utmos,nisqa_val_sim,20270835,local_residual_normalized_k10,0.8736,2.1196095275461455,2.9037176399149227,0.0048000000000000265,0.07694833751318653,-0.022060337074823355
utmos,nisqa_val_sim,20270835,local_residual_mondrian_k25,0.8712,2.0528808982849123,2.8565812633514405,0.0023999999999999577,0.010219708251953286,-0.0691967136383056
utmos,nisqa_val_sim,20270835,local_residual_normalized_k25,0.8792,2.084558420986114,2.8493602029361087,0.010399999999999965,0.041897230953154896,-0.07641777405363737
utmos,nisqa_val_sim,20270835,local_residual_mondrian_k50,0.8808,2.089383963394165,2.859344248580933,0.01200000000000001,0.046722773361206116,-0.06643372840881323
utmos,nisqa_val_sim,20270835,local_residual_normalized_k50,0.872,2.054073493667713,2.8363515996912168,0.0031999999999999806,0.011412303634754206,-0.08942637729852931
utmos,nisqa_train_live,20270835,mahalanobis_mondrian,0.7843137254901961,2.223266145294788,3.4473433934006037,0.02941176470588236,0.18060495526182896,-0.15272913540110844
utmos,nisqa_train_live,20270835,predicted_mos_mondrian,0.7950980392156862,2.2176612681033565,3.406438747574301,0.04019607843137252,0.17500007807039752,-0.19363378122741093
utmos,nisqa_train_live,20270835,mos_extremity_mondrian,0.7754901960784314,2.1630784485854355,3.557367911759545,0.020588235294117685,0.12041725855247654,-0.042704617042167214
utmos,nisqa_train_live,20270835,local_residual_mondrian_k10,0.7696078431372549,2.0532837449335584,3.624593124436397,0.014705882352941235,0.010622554900599379,0.024520595634685005
utmos,nisqa_train_live,20270835,local_residual_normalized_k10,0.7323529411764705,1.9589207282134093,3.948426034162687,-0.022549019607843168,-0.08374046181954964,0.34835350536097476
utmos,nisqa_train_live,20270835,local_residual_mondrian_k25,0.7725490196078432,2.006961949666341,3.5529840749852797,0.01764705882352946,-0.03569924036661787,-0.04708845381643245
utmos,nisqa_train_live,20270835,local_residual_normalized_k25,0.7774509803921569,2.0538541521371094,3.4603521397561474,0.022549019607843168,0.011192962104150439,-0.13972038904556472
utmos,nisqa_train_live,20270835,local_residual_mondrian_k50,0.75,2.0161598869398527,3.6176308482301,-0.004901960784313708,-0.026501303093106277,0.017558319428387925
utmos,nisqa_train_live,20270835,local_residual_normalized_k50,0.7617647058823529,2.006041520745099,3.575861062135646,0.006862745098039191,-0.0366196692878602,-0.024211466666065995
utmos,nisqa_val_live,20270835,mahalanobis_mondrian,0.775,2.2162030684947966,3.6863598215579985,0.040000000000000036,0.17354187846183766,-0.21373162388801603
utmos,nisqa_val_live,20270835,predicted_mos_mondrian,0.76,2.208674703836441,3.701075302362442,0.025000000000000022,0.16601351380348195,-0.1990161430835724
utmos,nisqa_val_live,20270835,mos_extremity_mondrian,0.73,2.1428362274169923,3.948449876308441,-0.0050000000000000044,0.10017503738403333,0.04835843086242653
utmos,nisqa_val_live,20270835,local_residual_mondrian_k10,0.74,2.038844861984253,3.8236557984352113,0.0050000000000000044,-0.003816328048706019,-0.07643564701080319
utmos,nisqa_val_live,20270835,local_residual_normalized_k10,0.735,1.9424388799511128,4.090149851628806,0.0,-0.10022231008184623,0.19005840618279146
utmos,nisqa_val_live,20270835,local_residual_mondrian_k25,0.73,1.9833853244781494,3.8581878662109377,-0.0050000000000000044,-0.05927586555480957,-0.041903579235076815
utmos,nisqa_val_live,20270835,local_residual_normalized_k25,0.75,2.0279070295667703,3.7680343943940486,0.015000000000000013,-0.014754160466188715,-0.13205705105196586
utmos,nisqa_val_live,20270835,local_residual_mondrian_k50,0.785,2.026427502632141,3.7606900048255922,0.050000000000000044,-0.016233687400817765,-0.13940144062042226
utmos,nisqa_val_live,20270835,local_residual_normalized_k50,0.745,2.007715904131391,3.7606047454333624,0.010000000000000009,-0.0349452859015682,-0.13948670001265207
utmos,nisqa_test_for,20270835,mahalanobis_mondrian,0.9041666666666667,2.0891712973515193,2.6124434540669124,0.004166666666666652,0.04651010731856031,-0.0018875827391942046
utmos,nisqa_test_for,20270835,predicted_mos_mondrian,0.9041666666666667,2.197336502869924,2.5841329872608183,0.004166666666666652,0.1546753128369649,-0.030198049545288264
utmos,nisqa_test_for,20270835,mos_extremity_mondrian,0.9,2.102002716064453,2.6054030915101367,0.0,0.05934152603149423,-0.008927945295969852
utmos,nisqa_test_for,20270835,local_residual_mondrian_k10,0.9083333333333333,2.1389559994141263,2.661416718363762,0.008333333333333304,0.0962948093811673,0.047085681557655246
utmos,nisqa_test_for,20270835,local_residual_normalized_k10,0.9041666666666667,2.1431032545824724,2.660778224259471,0.004166666666666652,0.10044206454951343,0.046447187453364513
utmos,nisqa_test_for,20270835,local_residual_mondrian_k25,0.8958333333333334,2.105396060148875,2.7375494321187337,-0.004166666666666652,0.06273487011591605,0.12321839531262713
utmos,nisqa_test_for,20270835,local_residual_normalized_k25,0.9083333333333333,2.1684568058652096,2.6663506297728827,0.008333333333333304,0.12579561583225063,0.05201959296677616
utmos,nisqa_test_for,20270835,local_residual_mondrian_k50,0.9083333333333333,2.156753448645274,2.68711604475975,0.008333333333333304,0.11409225861231498,0.07278500795364362
utmos,nisqa_test_for,20270835,local_residual_normalized_k50,0.925,2.140205122981513,2.6462952731202423,0.025000000000000022,0.0975439329485539,0.0319642363141357
utmos,nisqa_test_livetalk,20270835,mahalanobis_mondrian,0.6551724137931034,2.1970576859753708,4.789896308348097,0.0431034482758621,0.15439649594241178,-0.2983657090828329
utmos,nisqa_test_livetalk,20270835,predicted_mos_mondrian,0.6637931034482759,2.2021301111270644,4.617821160061606,0.051724137931034586,0.15946892109410538,-0.47044085736932395
utmos,nisqa_test_livetalk,20270835,mos_extremity_mondrian,0.625,2.1096274996625968,4.900265266155374,0.012931034482758674,0.06696630962963779,-0.1879967512755556
utmos,nisqa_test_livetalk,20270835,local_residual_mondrian_k10,0.6336206896551724,2.1301820781724206,5.215464636169631,0.02155172413793105,0.08752088813946157,0.12720261873870076
utmos,nisqa_test_livetalk,20270835,local_residual_normalized_k10,0.6077586206896551,2.079900479266802,5.3323279564990695,-0.004310344827586188,0.03723928923384312,0.24406593906813967
utmos,nisqa_test_livetalk,20270835,local_residual_mondrian_k25,0.646551724137931,2.086747958742339,4.974056874883586,0.034482758620689724,0.04408676870938022,-0.11420514254734382
utmos,nisqa_test_livetalk,20270835,local_residual_normalized_k25,0.6379310344827587,2.1259258964383503,4.8751260971551185,0.02586206896551735,0.0832647064053913,-0.2131359202758114
utmos,nisqa_test_livetalk,20270835,local_residual_mondrian_k50,0.6508620689655172,2.135548764261706,4.664980201885618,0.03879310344827591,0.09288757422874694,-0.4232818155453115
utmos,nisqa_test_livetalk,20270835,local_residual_normalized_k50,0.6336206896551724,2.123229979433292,4.726028507645241,0.02155172413793105,0.08056878940033307,-0.362233509785689
utmos,nisqa_test_p501,20270835,mahalanobis_mondrian,0.8916666666666667,2.1587912132342657,2.5922410676876706,0.025000000000000022,0.11613002320130672,0.017318664987882038
utmos,nisqa_test_p501,20270835,predicted_mos_mondrian,0.8875,2.0983391354481378,2.552395815650622,0.02083333333333326,0.05567794541517879,-0.022526587049166658
utmos,nisqa_test_p501,20270835,mos_extremity_mondrian,0.9,2.0858743945757547,2.4625783622264863,0.033333333333333326,0.04321320454279576,-0.11234404047330226
utmos,nisqa_test_p501,20270835,local_residual_mondrian_k10,0.8708333333333333,2.0983665933211646,2.7749983221292496,0.004166666666666652,0.05570540328820561,0.200075919429461
utmos,nisqa_test_p501,20270835,local_residual_normalized_k10,0.8625,2.081844415989376,2.8544298756884023,-0.004166666666666652,0.0391832259564171,0.2795074729886138
utmos,nisqa_test_p501,20270835,local_residual_mondrian_k25,0.8625,2.034180160363515,2.678420788049698,-0.004166666666666652,-0.008481029669443974,0.1034983853499094
utmos,nisqa_test_p501,20270835,local_residual_normalized_k25,0.8833333333333333,2.0522060602090515,2.6764042259577683,0.016666666666666607,0.009544870176092513,0.10148182325797972
utmos,nisqa_test_p501,20270835,local_residual_mondrian_k50,0.875,2.061366246143977,2.6904035965601603,0.008333333333333304,0.018705056111017804,0.1154811938603717
utmos,nisqa_test_p501,20270835,local_residual_normalized_k50,0.8708333333333333,2.0272374866836733,2.6268210494899598,0.004166666666666652,-0.015423703349285667,0.0518986467901712
utmos,nisqa_val_sim,20270836,mahalanobis_mondrian,0.9008,2.243138263320923,2.892434054946899,-0.0015999999999999348,0.016872356033325264,0.03435104522705057
utmos,nisqa_val_sim,20270836,predicted_mos_mondrian,0.9088,2.269053596687317,2.81671081943512,0.006400000000000072,0.04278768939971922,-0.04137219028472883
utmos,nisqa_val_sim,20270836,mos_extremity_mondrian,0.8984,2.2296992496490478,2.8844280323028566,-0.0040000000000000036,0.003433342361450098,0.02634502258300797
utmos,nisqa_val_sim,20270836,local_residual_mondrian_k10,0.9104,2.267129392814636,2.788759781074524,0.008000000000000007,0.040863485527038446,-0.0693232286453247
utmos,nisqa_val_sim,20270836,local_residual_normalized_k10,0.8984,2.2728987357488752,2.8940783423840455,-0.0040000000000000036,0.04663282846127759,0.035995332664196855
utmos,nisqa_val_sim,20270836,local_residual_mondrian_k25,0.9024,2.237722916030884,2.775722687149048,0.0,0.011457008743286146,-0.08236032257080073
utmos,nisqa_val_sim,20270836,local_residual_normalized_k25,0.8944,2.1679068777238117,2.775227688790855,-0.008000000000000007,-0.058359029563785914,-0.0828553209289935
utmos,nisqa_val_sim,20270836,local_residual_mondrian_k50,0.896,2.2325699092864992,2.794579512786865,-0.006399999999999961,0.006304001998901576,-0.06350349693298352
utmos,nisqa_val_sim,20270836,local_residual_normalized_k50,0.8944,2.1448244391256246,2.755585321971558,-0.008000000000000007,-0.08144146816197306,-0.10249768774829082
utmos,nisqa_train_live,20270836,mahalanobis_mondrian,0.8156862745098039,2.23343748625587,3.331825078234953,0.009803921568627416,0.007171578968272474,-0.03943282295675843
utmos,nisqa_train_live,20270836,predicted_mos_mondrian,0.8196078431372549,2.307765434770023,3.35916380555022,0.013725490196078383,0.08149952748242528,-0.012094095641491442
utmos,nisqa_train_live,20270836,mos_extremity_mondrian,0.7725490196078432,2.1460941076278686,3.574831839168773,-0.033333333333333326,-0.08017179965972909,0.20357393797706136
utmos,nisqa_train_live,20270836,local_residual_mondrian_k10,0.8254901960784313,2.1795183871306625,3.301485674755246,0.019607843137254832,-0.046747520156935174,-0.06977222643646552
utmos,nisqa_train_live,20270836,local_residual_normalized_k10,0.7862745098039216,2.056627521818644,3.420383885108102,-0.019607843137254943,-0.1696383854689536,0.04912598391639067
utmos,nisqa_train_live,20270836,local_residual_mondrian_k25,0.8176470588235294,2.176721201690973,3.2826090728535373,0.0117647058823529,-0.049544705596624716,-0.08864882833817411
utmos,nisqa_train_live,20270836,local_residual_normalized_k25,0.7892156862745098,2.0723062759197868,3.3101546113405558,-0.01666666666666672,-0.15395963136781088,-0.06110328985115565
utmos,nisqa_train_live,20270836,local_residual_mondrian_k50,0.8205882352941176,2.197025181499182,3.2521618691145204,0.014705882352941124,-0.029240725788415745,-0.119096032077191
utmos,nisqa_train_live,20270836,local_residual_normalized_k50,0.792156862745098,2.1314372702221047,3.360386009994234,-0.013725490196078494,-0.09482863706549294,-0.010871891197477446
utmos,nisqa_val_live,20270836,mahalanobis_mondrian,0.79,2.248011016845703,3.6227766990661623,0.010000000000000009,0.02174510955810538,-0.02548274993896449
utmos,nisqa_val_live,20270836,predicted_mos_mondrian,0.8,2.3107272279262543,3.6157336008548735,0.020000000000000018,0.08446132063865663,-0.03252584815025328
utmos,nisqa_val_live,20270836,mos_extremity_mondrian,0.74,2.124184300899506,3.960997166633606,-0.040000000000000036,-0.10208160638809183,0.31273771762847913
utmos,nisqa_val_live,20270836,local_residual_mondrian_k10,0.76,2.1504023385047915,3.5572735261917114,-0.020000000000000018,-0.0758635687828062,-0.09098592281341533
utmos,nisqa_val_live,20270836,local_residual_normalized_k10,0.73,2.0081885701932425,3.601543605413883,-0.050000000000000044,-0.21807733709435517,-0.04671584359124381
utmos,nisqa_val_live,20270836,local_residual_mondrian_k25,0.76,2.126105589866638,3.592872006893158,-0.020000000000000018,-0.10016031742095954,-0.05538744211196889
utmos,nisqa_val_live,20270836,local_residual_normalized_k25,0.76,2.0368514938212403,3.576980612238574,-0.020000000000000018,-0.18941441346635735,-0.07127883676655289
utmos,nisqa_val_live,20270836,local_residual_mondrian_k50,0.805,2.182127243280411,3.3637339890003206,0.025000000000000022,-0.0441386640071868,-0.28452546000480616
utmos,nisqa_val_live,20270836,local_residual_normalized_k50,0.77,2.1292856724610525,3.5530193360765088,-0.010000000000000009,-0.09698023482654516,-0.095240112928618
utmos,nisqa_test_for,20270836,mahalanobis_mondrian,0.9166666666666666,2.2601217329502106,2.657559057076772,-0.004166666666666652,0.033855825662612915,0.026033669710159302
utmos,nisqa_test_for,20270836,predicted_mos_mondrian,0.9416666666666667,2.3917666504780453,2.682894620299339,0.02083333333333337,0.1655007431904476,0.051369232932726216
utmos,nisqa_test_for,20270836,mos_extremity_mondrian,0.9166666666666666,2.198775502045949,2.6161034027735393,-0.004166666666666652,-0.027490405241648475,-0.015421984593073645
utmos,nisqa_test_for,20270836,local_residual_mondrian_k10,0.9166666666666666,2.2646613200505574,2.675874588886897,-0.004166666666666652,0.03839541276295977,0.04434920152028399
utmos,nisqa_test_for,20270836,local_residual_normalized_k10,0.9166666666666666,2.260463794925449,2.760438494565037,-0.004166666666666652,0.034197887637851476,0.1289131071984242
utmos,nisqa_test_for,20270836,local_residual_mondrian_k25,0.925,2.3316733558972675,2.70864772995313,0.004166666666666763,0.10540744860966988,0.07712234258651707
utmos,nisqa_test_for,20270836,local_residual_normalized_k25,0.9291666666666667,2.2821808835875124,2.6675150357428756,0.008333333333333415,0.05591497629991471,0.03598964837626273
utmos,nisqa_test_for,20270836,local_residual_mondrian_k50,0.9416666666666667,2.4167823404073716,2.7236776163180667,0.02083333333333337,0.19051643311977395,0.09215222895145381
utmos,nisqa_test_for,20270836,local_residual_normalized_k50,0.9375,2.281139663321651,2.6534737390784007,0.01666666666666672,0.05487375603405331,0.021948351711787772
utmos,nisqa_test_livetalk,20270836,mahalanobis_mondrian,0.6637931034482759,2.272077940661332,4.463103205993257,0.008620689655172487,0.045812033373734184,-0.13219079478033713
utmos,nisqa_test_livetalk,20270836,predicted_mos_mondrian,0.728448275862069,2.395260015438343,4.1161950292258425,0.07327586206896552,0.16899410815074534,-0.47909897154775205
utmos,nisqa_test_livetalk,20270836,mos_extremity_mondrian,0.6379310344827587,2.16606316484254,4.663563479637277,-0.01724137931034475,-0.060202742445057744,0.06826947886368284
utmos,nisqa_test_livetalk,20270836,local_residual_mondrian_k10,0.6551724137931034,2.2627649420294267,4.611487120389938,0.0,0.03649903474182903,0.016193119616343843
utmos,nisqa_test_livetalk,20270836,local_residual_normalized_k10,0.6508620689655172,2.2620849914783467,4.919200023128161,-0.004310344827586188,0.035819084190749084,0.3239060223545662
utmos,nisqa_test_livetalk,20270836,local_residual_mondrian_k25,0.6896551724137931,2.3132656072748117,4.403194314446942,0.034482758620689724,0.08699969998721402,-0.1920996863266522
utmos,nisqa_test_livetalk,20270836,local_residual_normalized_k25,0.6767241379310345,2.24598086001942,4.468891334897699,0.02155172413793105,0.019714952731822333,-0.12640266587589544
utmos,nisqa_test_livetalk,20270836,local_residual_mondrian_k50,0.7241379310344828,2.383003152649978,4.036245664645886,0.06896551724137934,0.15673724536238032,-0.5590483361277085
utmos,nisqa_test_livetalk,20270836,local_residual_normalized_k50,0.6810344827586207,2.259418461532206,4.3441290465237365,0.025862068965517238,0.03315255424460828,-0.25116495424985796
utmos,nisqa_test_p501,20270836,mahalanobis_mondrian,0.9291666666666667,2.275948464870453,2.557991544405619,0.02083333333333337,0.049682557582855225,0.001367191473642837
utmos,nisqa_test_p501,20270836,predicted_mos_mondrian,0.9083333333333333,2.253005163868268,2.5864850848913195,0.0,0.026739256580670556,0.029860731959343134
utmos,nisqa_test_p501,20270836,mos_extremity_mondrian,0.925,2.201853160063426,2.456531637907028,0.01666666666666672,-0.02441274722417175,-0.10009271502494821
utmos,nisqa_test_p501,20270836,local_residual_mondrian_k10,0.9166666666666666,2.235534291466077,2.6226226697365442,0.008333333333333304,0.009268384178479305,0.06599831680456791
utmos,nisqa_test_p501,20270836,local_residual_normalized_k10,0.9083333333333333,2.2346480968708318,2.692688813962826,0.0,0.008382189583234112,0.13606446103084968
utmos,nisqa_test_p501,20270836,local_residual_mondrian_k25,0.9166666666666666,2.2040555159250896,2.611378171046575,0.008333333333333304,-0.02221039136250802,0.05475381811459856
utmos,nisqa_test_p501,20270836,local_residual_normalized_k25,0.8916666666666667,2.1207343332964896,2.5784956897145253,-0.016666666666666607,-0.10553157399110802,0.021871336782548934
utmos,nisqa_test_p501,20270836,local_residual_mondrian_k50,0.9166666666666666,2.2015110592047376,2.5447414259115857,0.008333333333333304,-0.024754848082860104,-0.011882927020390621
utmos,nisqa_test_p501,20270836,local_residual_normalized_k50,0.9,2.111187044668398,2.5028896941829415,-0.008333333333333304,-0.11507886261919964,-0.053734658749034825
utmos,nisqa_val_sim,20270837,mahalanobis_mondrian,0.8976,2.231274092102051,2.8312683757781985,0.0119999999999999,0.04991790046691902,0.0018985122680668098
utmos,nisqa_val_sim,20270837,predicted_mos_mondrian,0.8928,2.2208643396377563,2.751625343132019,0.007199999999999984,0.03950814800262448,-0.07774452037811264
utmos,nisqa_val_sim,20270837,mos_extremity_mondrian,0.896,2.2689815855026243,2.8498455686569213,0.010399999999999965,0.08762539386749246,0.020475705146789647
utmos,nisqa_val_sim,20270837,local_residual_mondrian_k10,0.904,2.226926494216919,2.7501461406707763,0.018399999999999972,0.04557030258178729,-0.0792237228393553
utmos,nisqa_val_sim,20270837,local_residual_normalized_k10,0.8936,2.1905122486155846,2.768226447292288,0.007999999999999896,0.009156056980452743,-0.061143416217843694
utmos,nisqa_val_sim,20270837,local_residual_mondrian_k25,0.8984,2.19788256111145,2.7283424152374267,0.012799999999999923,0.016526369476318248,-0.10102744827270493
utmos,nisqa_val_sim,20270837,local_residual_normalized_k25,0.8984,2.142887841781511,2.705905260038592,0.012799999999999923,-0.03846834985362069,-0.12346460347153965
utmos,nisqa_val_sim,20270837,local_residual_mondrian_k50,0.8912,2.178774157333374,2.7651141460418702,0.005599999999999938,-0.0025820343017577407,-0.06425571746826142
utmos,nisqa_val_sim,20270837,local_residual_normalized_k50,0.8832,2.1264260117153206,2.7418627667157067,-0.0024000000000000687,-0.054930179919811195,-0.08750709679442492
utmos,nisqa_train_live,20270837,mahalanobis_mondrian,0.8107843137254902,2.2661570560698414,3.3421071854292177,0.021568627450980427,0.08480086443470958,-0.07595681746800764
utmos,nisqa_train_live,20270837,predicted_mos_mondrian,0.8372549019607843,2.372433414178736,3.2789595847036326,0.04803921568627456,0.19107722254360437,-0.13910441819359276
utmos,nisqa_train_live,20270837,mos_extremity_mondrian,0.8009803921568628,2.2574403713731206,3.433819243253446,0.01176470588235301,0.07608417973798876,0.015755240356220668
utmos,nisqa_train_live,20270837,local_residual_mondrian_k10,0.7745098039215687,2.0838073211557724,3.518455972858504,-0.014705882352941124,-0.09754887047935945,0.10039196996127853
utmos,nisqa_train_live,20270837,local_residual_normalized_k10,0.753921568627451,1.9932692143852724,3.6439220342044814,-0.03529411764705881,-0.18808697724985945,0.225858031307256
utmos,nisqa_train_live,20270837,local_residual_mondrian_k25,0.7980392156862746,2.113158980537863,3.392650945046369,0.008823529411764786,-0.06819721109726862,-0.025413057850856458
utmos,nisqa_train_live,20270837,local_residual_normalized_k25,0.7784313725490196,2.045704031232853,3.464631998963983,-0.010784313725490158,-0.1356521604022789,0.046567996066757544
utmos,nisqa_train_live,20270837,local_residual_mondrian_k50,0.7911764705882353,2.074271922018014,3.554559359363481,0.0019607843137254832,-0.10708426961711792,0.13649535646625566
utmos,nisqa_train_live,20270837,local_residual_normalized_k50,0.7735294117647059,2.048780696464574,3.5152094393609374,-0.015686274509803866,-0.132575495170558,0.0971454364637121
utmos,nisqa_val_live,20270837,mahalanobis_mondrian,0.785,2.2616220021247866,3.620070984363556,0.015000000000000013,0.08026581048965475,-0.08304883003234842
utmos,nisqa_val_live,20270837,predicted_mos_mondrian,0.81,2.3819173657894135,3.5150000655651095,0.040000000000000036,0.20056117415428165,-0.18811974883079507
utmos,nisqa_val_live,20270837,mos_extremity_mondrian,0.76,2.2466681587696073,3.7700714099407198,-0.010000000000000009,0.06531196713447551,0.06695159554481522
utmos,nisqa_val_live,20270837,local_residual_mondrian_k10,0.76,2.0774453854560853,3.7327095961570738,-0.010000000000000009,-0.10391080617904658,0.02958978176116922
utmos,nisqa_val_live,20270837,local_residual_normalized_k10,0.75,1.959591547947126,3.858691725438189,-0.020000000000000018,-0.22176464368800586,0.1555719110422844
utmos,nisqa_val_live,20270837,local_residual_mondrian_k25,0.77,2.1299119782447815,3.513596148490906,0.0,-0.051444213390350324,-0.18952366590499858
utmos,nisqa_val_live,20270837,local_residual_normalized_k25,0.75,2.0577430496364184,3.623351727896521,-0.020000000000000018,-0.12361314199871343,-0.07976808649938372
utmos,nisqa_val_live,20270837,local_residual_mondrian_k50,0.805,2.104070074558258,3.4903585267066957,0.03500000000000003,-0.07728611707687394,-0.21276128768920888
utmos,nisqa_val_live,20270837,local_residual_normalized_k50,0.76,2.0653662261235564,3.5900903552764385,-0.010000000000000009,-0.11598996551157548,-0.11302945911946605
utmos,nisqa_test_for,20270837,mahalanobis_mondrian,0.9208333333333333,2.23150963584582,2.650450865427653,0.004166666666666652,0.050153444210688125,0.02743374307950308
utmos,nisqa_test_for,20270837,predicted_mos_mondrian,0.9416666666666667,2.382688906788826,2.7188803027073543,0.025000000000000022,0.20133271515369433,0.09586318035920449
utmos,nisqa_test_for,20270837,mos_extremity_mondrian,0.9208333333333333,2.2379551490147906,2.6560845534006754,0.004166666666666652,0.05659895737965881,0.03306743105252563
utmos,nisqa_test_for,20270837,local_residual_mondrian_k10,0.9083333333333333,2.1504931171735127,2.7317954421043398,-0.008333333333333304,-0.030863074461619178,0.10877831975619001
utmos,nisqa_test_for,20270837,local_residual_normalized_k10,0.8833333333333333,2.1101586170452427,2.868586026647507,-0.033333333333333326,-0.07119757458988918,0.24556890429935718
utmos,nisqa_test_for,20270837,local_residual_mondrian_k25,0.9208333333333333,2.271990515788396,2.7353513022263845,0.004166666666666652,0.09063432415326433,0.11233417987823469
utmos,nisqa_test_for,20270837,local_residual_normalized_k25,0.9166666666666666,2.2129402638090365,2.7337187661687454,0.0,0.03158407217390469,0.11070164382059566
utmos,nisqa_test_for,20270837,local_residual_mondrian_k50,0.9333333333333333,2.3135687172412873,2.768937752644221,0.01666666666666672,0.13221252560615548,0.14592063029607116
utmos,nisqa_test_for,20270837,local_residual_normalized_k50,0.9291666666666667,2.2183231679605067,2.6962138868447334,0.012500000000000067,0.03696697632537482,0.07319676449658363
utmos,nisqa_test_livetalk,20270837,mahalanobis_mondrian,0.6637931034482759,2.2619091601207337,4.527377461564952,0.025862068965517238,0.0805529684856019,-0.18243726574141395
utmos,nisqa_test_livetalk,20270837,predicted_mos_mondrian,0.6939655172413793,2.390736301397455,4.251796778933755,0.05603448275862066,0.20938010976232313,-0.45801794837261056
utmos,nisqa_test_livetalk,20270837,mos_extremity_mondrian,0.6724137931034483,2.231498790198359,4.526043254753639,0.03448275862068961,0.050142598563227114,-0.18377147255272686
utmos,nisqa_test_livetalk,20270837,local_residual_mondrian_k10,0.6379310344827587,2.191734120763581,4.645069428559007,0.0,0.01037792912844937,-0.06474529874735868
utmos,nisqa_test_livetalk,20270837,local_residual_normalized_k10,0.6293103448275862,2.1182337048152933,4.913170049203784,-0.008620689655172487,-0.06312248681983856,0.20335532189741823
utmos,nisqa_test_livetalk,20270837,local_residual_mondrian_k25,0.6508620689655172,2.248905506627313,4.621738894232388,0.012931034482758563,0.06754931499218131,-0.0880758330739777
utmos,nisqa_test_livetalk,20270837,local_residual_normalized_k25,0.6594827586206896,2.181431904335482,4.728555437183422,0.02155172413793094,7.571270035011679e-05,0.018740709877056005
utmos,nisqa_test_livetalk,20270837,local_residual_mondrian_k50,0.6939655172413793,2.276854064957849,4.405013910655318,0.05603448275862066,0.0954978733227172,-0.3048008166510483
utmos,nisqa_test_livetalk,20270837,local_residual_normalized_k50,0.646551724137931,2.1994106977730117,4.529373417191358,0.008620689655172376,0.018054506137879844,-0.18044131011500752
utmos,nisqa_test_p501,20270837,mahalanobis_mondrian,0.9125,2.258983154098193,2.5777555793523788,0.016666666666666607,0.07762696246306122,0.02151201069355002
utmos,nisqa_test_p501,20270837,predicted_mos_mondrian,0.9041666666666667,2.188913635412852,2.54916689991951,0.008333333333333304,0.007557443777720163,-0.00707666873931867
utmos,nisqa_test_p501,20270837,mos_extremity_mondrian,0.9208333333333333,2.229056428869565,2.5357145180304843,0.02499999999999991,0.047700237234433285,-0.020529050628344425
utmos,nisqa_test_p501,20270837,local_residual_mondrian_k10,0.8833333333333333,2.134223409493764,2.7357870221138,-0.012500000000000067,-0.047132782141367624,0.17954345345497114
utmos,nisqa_test_p501,20270837,local_residual_normalized_k10,0.8625,2.060338844114127,2.8292013664138462,-0.033333333333333326,-0.12101734752100501,0.2729577977550175
utmos,nisqa_test_p501,20270837,local_residual_mondrian_k25,0.9,2.1319371859232583,2.600874960422516,0.004166666666666652,-0.04941900571187352,0.044631391763687134
utmos,nisqa_test_p501,20270837,local_residual_normalized_k25,0.8916666666666667,2.077550694465125,2.6227797334478455,-0.004166666666666652,-0.10380549717000687,0.0665361647890168
utmos,nisqa_test_p501,20270837,local_residual_mondrian_k50,0.9208333333333333,2.1567490299542746,2.555784672498703,0.02499999999999991,-0.024607161680857192,-0.0004588961601257324
utmos,nisqa_test_p501,20270837,local_residual_normalized_k50,0.9125,2.1014178882518224,2.535236767459085,0.016666666666666607,-0.07993830338330943,-0.02100680119974374
utmos,nisqa_val_sim,20270838,mahalanobis_mondrian,0.9216,2.3668272274017332,2.8396485717773436,0.0040000000000000036,0.06579230003356917,0.009697134780883854
utmos,nisqa_val_sim,20270838,predicted_mos_mondrian,0.9192,2.395473844909668,2.8189280380249024,0.0016000000000000458,0.09443891754150391,-0.011023398971557352
utmos,nisqa_val_sim,20270838,mos_extremity_mondrian,0.9224,2.3610853786468504,2.8339381313323972,0.0048000000000000265,0.060050451278686356,0.003986694335937457
utmos,nisqa_val_sim,20270838,local_residual_mondrian_k10,0.9216,2.2980614500045777,2.773789200782776,0.0040000000000000036,-0.00297347736358633,-0.05616223621368377
utmos,nisqa_val_sim,20270838,local_residual_normalized_k10,0.9072,2.2539519468313536,2.829365494084524,-0.010399999999999965,-0.04708298053681048,-0.0005859429119356996
utmos,nisqa_val_sim,20270838,local_residual_mondrian_k25,0.9152,2.275605065536499,2.8161776477813723,-0.0023999999999999577,-0.025429861831665068,-0.01377378921508754
utmos,nisqa_val_sim,20270838,local_residual_normalized_k25,0.9104,2.197942385661691,2.779919159577729,-0.007199999999999984,-0.1030925417064732,-0.05003227741873095
utmos,nisqa_val_sim,20270838,local_residual_mondrian_k50,0.9168,2.2999911933898924,2.771585158920288,-0.0008000000000000229,-0.0010437339782716215,-0.058366278076171785
utmos,nisqa_val_sim,20270838,local_residual_normalized_k50,0.912,2.2594520933788225,2.7799714901136157,-0.005599999999999938,-0.041582833989341594,-0.04997994688284413
utmos,nisqa_train_live,20270838,mahalanobis_mondrian,0.8411764705882353,2.37879343289955,3.257183081262252,0.020588235294117685,0.07775850553138586,-0.0493899193464542
utmos,nisqa_train_live,20270838,predicted_mos_mondrian,0.865686274509804,2.542931541742063,3.2953187778884288,0.045098039215686336,0.24189661437389898,-0.01125422272027743
utmos,nisqa_train_live,20270838,mos_extremity_mondrian,0.8264705882352941,2.332719938427794,3.3124196389142204,0.00588235294117645,0.031685011059630064,0.00584663830551424
utmos,nisqa_train_live,20270838,local_residual_mondrian_k10,0.7598039215686274,2.045541845817192,3.575820509826436,-0.0607843137254902,-0.25549308155097217,0.2692475092177298
utmos,nisqa_train_live,20270838,local_residual_normalized_k10,0.6656862745098039,1.7675825769519151,4.198534192209801,-0.15490196078431373,-0.5334523504162489,0.8919611916010952
utmos,nisqa_train_live,20270838,local_residual_mondrian_k25,0.7715686274509804,2.0732027778438495,3.5537079684874593,-0.04901960784313719,-0.22783214952431452,0.2471349678787531
utmos,nisqa_train_live,20270838,local_residual_normalized_k25,0.734313725490196,1.9166733466783774,3.7417544934580156,-0.0862745098039216,-0.38436158068978665,0.4351814928493094
utmos,nisqa_train_live,20270838,local_residual_mondrian_k50,0.8215686274509804,2.2145625869433085,3.334308463218165,0.0009803921568627416,-0.08647234042485552,0.027735462609459027
utmos,nisqa_train_live,20270838,local_residual_normalized_k50,0.7607843137254902,2.021931449604512,3.5573053072429244,-0.05980392156862746,-0.27910347776365185,0.2507323066342182
utmos,nisqa_val_live,20270838,mahalanobis_mondrian,0.8,2.3742364835739136,3.5253352117538452,0.0050000000000000044,0.07320155620574953,-0.03635806322097768
utmos,nisqa_val_live,20270838,predicted_mos_mondrian,0.82,2.5599176573753355,3.478561203479767,0.02499999999999991,0.25888273000717144,-0.08313207149505608
utmos,nisqa_val_live,20270838,mos_extremity_mondrian,0.785,2.332509162425995,3.5757604384422303,-0.010000000000000009,0.03147423505783076,0.01406716346740744
utmos,nisqa_val_live,20270838,local_residual_mondrian_k10,0.74,2.030788801908493,4.014623414278031,-0.05500000000000005,-0.27024612545967086,0.4529301393032079
utmos,nisqa_val_live,20270838,local_residual_normalized_k10,0.65,1.7482545644276295,4.622146839722704,-0.14500000000000002,-0.5527803629405346,1.0604535647478808
utmos,nisqa_val_live,20270838,local_residual_mondrian_k25,0.755,2.0439190566539764,3.800334256887436,-0.040000000000000036,-0.2571158707141876,0.23864098191261318
utmos,nisqa_val_live,20270838,local_residual_normalized_k25,0.73,1.8986697627757771,4.047226267984404,-0.06500000000000006,-0.4023651645923869,0.48553299300958086
utmos,nisqa_val_live,20270838,local_residual_mondrian_k50,0.83,2.1861003172397613,3.4726322543621064,0.03499999999999992,-0.11493461012840278,-0.08906102061271648
utmos,nisqa_val_live,20270838,local_residual_normalized_k50,0.755,2.0089367844134247,3.74348039813716,-0.040000000000000036,-0.29209814295473935,0.18178712316233714
utmos,nisqa_test_for,20270838,mahalanobis_mondrian,0.9458333333333333,2.3957636217276255,2.7118892133235932,0.016666666666666607,0.09472869435946141,0.06262598037719735
utmos,nisqa_test_for,20270838,predicted_mos_mondrian,0.95,2.6285714487234753,2.8607727269331615,0.02083333333333326,0.3275365213553112,0.21150949398676566
utmos,nisqa_test_for,20270838,mos_extremity_mondrian,0.9375,2.3407532215118407,2.6667286694049834,0.008333333333333304,0.03971829414367667,0.017465436458587558
utmos,nisqa_test_for,20270838,local_residual_mondrian_k10,0.9291666666666667,2.2277827044328053,2.6488306403160093,0.0,-0.07325222293535871,-0.0004325926303865302
utmos,nisqa_test_for,20270838,local_residual_normalized_k10,0.8958333333333334,2.1043669014336,2.7454150834091573,-0.033333333333333326,-0.19666802593456412,0.09615185046276142
utmos,nisqa_test_for,20270838,local_residual_mondrian_k25,0.9333333333333333,2.2332082599401475,2.6765945464372636,0.004166666666666652,-0.06782666742801657,0.027331313490867704
utmos,nisqa_test_for,20270838,local_residual_normalized_k25,0.9125,2.1450529969543566,2.6526588018834265,-0.01666666666666672,-0.15598193041380748,0.0033955689370306352
utmos,nisqa_test_for,20270838,local_residual_mondrian_k50,0.9416666666666667,2.436686173081398,2.7418044159809747,0.012499999999999956,0.13565124571323395,0.09254118303457881
utmos,nisqa_test_for,20270838,local_residual_normalized_k50,0.9375,2.2660631973677954,2.640763874351438,0.008333333333333304,-0.034971730000368684,-0.008499358594957762
utmos,nisqa_test_livetalk,20270838,mahalanobis_mondrian,0.6982758620689655,2.3946542719314836,4.224842307896449,0.03448275862068961,0.09361934456331955,-0.19207005459686854
utmos,nisqa_test_livetalk,20270838,predicted_mos_mondrian,0.7672413793103449,2.645827899719107,3.821153463988469,0.10344827586206895,0.34479297235094286,-0.5957588985048492
utmos,nisqa_test_livetalk,20270838,mos_extremity_mondrian,0.6939655172413793,2.3395926089122376,4.274945795536041,0.030172413793103425,0.038557681544073574,-0.14196656695727672
utmos,nisqa_test_livetalk,20270838,local_residual_mondrian_k10,0.6206896551724138,2.2085162873925834,4.654252855942167,-0.0431034482758621,-0.09251863997558063,0.23734049344884944
utmos,nisqa_test_livetalk,20270838,local_residual_normalized_k10,0.6120689655172413,2.082282858804891,5.148688392124825,-0.051724137931034586,-0.21875206856327312,0.731776029631507
utmos,nisqa_test_livetalk,20270838,local_residual_mondrian_k25,0.6681034482758621,2.258072029927681,4.445334454034937,0.004310344827586188,-0.04296289744048298,0.028422091541618677
utmos,nisqa_test_livetalk,20270838,local_residual_normalized_k25,0.625,2.124839832388128,4.730122715833848,-0.03879310344827591,-0.17619509498003616,0.31321035334052993
utmos,nisqa_test_livetalk,20270838,local_residual_mondrian_k50,0.728448275862069,2.438882087839061,4.089355840765196,0.06465517241379304,0.13784716047089685,-0.32755652172812155
utmos,nisqa_test_livetalk,20270838,local_residual_normalized_k50,0.6767241379310345,2.208512176171469,4.392963437516784,0.012931034482758563,-0.09252275119669484,-0.023948924976534336
utmos,nisqa_test_p501,20270838,mahalanobis_mondrian,0.925,2.396181486050288,2.6400726358095805,0.0,0.09514655868212385,0.06933665474255868
utmos,nisqa_test_p501,20270838,predicted_mos_mondrian,0.925,2.3552750209967295,2.654237574338913,0.0,0.05424009362856541,0.08350159327189122
utmos,nisqa_test_p501,20270838,mos_extremity_mondrian,0.9375,2.3537329097588855,2.5735933045546213,0.012499999999999956,0.05269798239072143,0.0028573234875994835
utmos,nisqa_test_p501,20270838,local_residual_mondrian_k10,0.925,2.2240996837615965,2.53259178797404,0.0,-0.07693524360656756,-0.038144193092982004
utmos,nisqa_test_p501,20270838,local_residual_normalized_k10,0.9041666666666667,2.1496291826360783,2.5535235778145964,-0.02083333333333337,-0.1514057447320858,-0.017212403252425457
utmos,nisqa_test_p501,20270838,local_residual_mondrian_k25,0.9333333333333333,2.2647415260473887,2.538666264216105,0.008333333333333304,-0.03629340132077541,-0.03206971685091675
utmos,nisqa_test_p501,20270838,local_residual_normalized_k25,0.9166666666666666,2.1756128855294894,2.530734319142895,-0.008333333333333415,-0.12542204183867467,-0.0400016619241268
utmos,nisqa_test_p501,20270838,local_residual_mondrian_k50,0.9166666666666666,2.2641070316235226,2.525868249932925,-0.008333333333333415,-0.036927895744641503,-0.04486773113409681
utmos,nisqa_test_p501,20270838,local_residual_normalized_k50,0.9458333333333333,2.255868732518129,2.4933619670949736,0.02083333333333326,-0.04516619485003526,-0.07737401397204824
utmos,nisqa_val_sim,20270839,mahalanobis_mondrian,0.8896,2.226170475387573,2.9920564674377443,0.011199999999999988,0.08250039329528791,0.06464102020263685
utmos,nisqa_val_sim,20270839,predicted_mos_mondrian,0.896,2.2408957096099855,2.8494849086761476,0.01760000000000006,0.09722562751770036,-0.07793053855895993
utmos,nisqa_val_sim,20270839,mos_extremity_mondrian,0.8968,2.2113502721786498,2.9008503980636595,0.018400000000000083,0.06768019008636461,-0.026565049171447974
utmos,nisqa_val_sim,20270839,local_residual_mondrian_k10,0.8896,2.1629169927597047,2.8240133672714234,0.011199999999999988,0.01924691066741957,-0.10340207996368411
utmos,nisqa_val_sim,20270839,local_residual_normalized_k10,0.8992,2.2060763987706706,2.808586159594443,0.02080000000000004,0.062406316678385476,-0.11882928764066447
utmos,nisqa_val_sim,20270839,local_residual_mondrian_k25,0.8952,2.186711326980591,2.853273640060425,0.016800000000000037,0.04304124488830574,-0.07414180717468266
utmos,nisqa_val_sim,20270839,local_residual_normalized_k25,0.8944,2.2002677951080236,2.791944265027911,0.016000000000000014,0.05659771301573846,-0.13547118220719634
utmos,nisqa_val_sim,20270839,local_residual_mondrian_k50,0.8872,2.141911090087891,2.8722469341278076,0.00880000000000003,-0.001758992004394333,-0.055168513107299866
utmos,nisqa_val_sim,20270839,local_residual_normalized_k50,0.8808,2.1278965685057476,2.8339023219704513,0.0024000000000000687,-0.015773513586537558,-0.09351312526465616
utmos,nisqa_train_live,20270839,mahalanobis_mondrian,0.7862745098039216,2.17018792442247,3.535774878427094,0.0117647058823529,0.026517842330184838,0.07260317895926693
utmos,nisqa_train_live,20270839,predicted_mos_mondrian,0.8480392156862745,2.4398009791093713,3.26171794498668,0.07352941176470584,0.29613089701708617,-0.20145375448114722
utmos,nisqa_train_live,20270839,mos_extremity_mondrian,0.7980392156862746,2.242333384354909,3.426125554711211,0.02352941176470591,0.09866330226262399,-0.03704614475661616
utmos,nisqa_train_live,20270839,local_residual_mondrian_k10,0.7676470588235295,2.044376822078929,3.44035797960618,-0.006862745098039191,-0.09929326001335603,-0.022813719861647375
utmos,nisqa_train_live,20270839,local_residual_normalized_k10,0.7686274509803922,2.038183871084041,3.4253447719674237,-0.00588235294117645,-0.10548621100824418,-0.03782692750040351
utmos,nisqa_train_live,20270839,local_residual_mondrian_k25,0.8058823529411765,2.144482556745118,3.290400315967261,0.03137254901960784,0.0008124746528328508,-0.17277138350056642
utmos,nisqa_train_live,20270839,local_residual_normalized_k25,0.7852941176470588,2.074577085243686,3.360337296468189,0.010784313725490158,-0.06909299684859915,-0.1028344029996382
utmos,nisqa_train_live,20270839,local_residual_mondrian_k50,0.7872549019607843,2.0781349240564833,3.373051032599281,0.012745098039215641,-0.0655351580358019,-0.09012066686854636
utmos,nisqa_train_live,20270839,local_residual_normalized_k50,0.765686274509804,2.0178784523367828,3.484651419989404,-0.008823529411764675,-0.1257916297555024,0.021479720521576873
utmos,nisqa_val_live,20270839,mahalanobis_mondrian,0.765,2.1842234253883364,3.738838243484497,0.0,0.0405533432960512,-0.013558387756347656
utmos,nisqa_val_live,20270839,predicted_mos_mondrian,0.81,2.4497211384773254,3.4872640657424925,0.04500000000000004,0.30605105638504027,-0.26513256549835207
utmos,nisqa_val_live,20270839,mos_extremity_mondrian,0.75,2.2218362486362455,3.760261265039444,-0.015000000000000013,0.07816616654396036,0.007864633798599474
utmos,nisqa_val_live,20270839,local_residual_mondrian_k10,0.77,2.0512214493751526,3.6569749546051025,0.0050000000000000044,-0.09244863271713255,-0.09542167663574208
utmos,nisqa_val_live,20270839,local_residual_normalized_k10,0.76,2.0132320448376686,3.680406887627243,-0.0050000000000000044,-0.13043803725461656,-0.07198974361360166
utmos,nisqa_val_live,20270839,local_residual_mondrian_k25,0.77,2.129049880504608,3.4822429966926576,0.0050000000000000044,-0.014620201587677073,-0.27015363454818697
utmos,nisqa_val_live,20270839,local_residual_normalized_k25,0.76,2.0581192272419666,3.58714582569317,-0.0050000000000000044,-0.08555085485031855,-0.16525080554767468
utmos,nisqa_val_live,20270839,local_residual_mondrian_k50,0.8,2.0491869270801546,3.4773724377155304,0.03500000000000003,-0.09448315501213056,-0.27502419352531415
utmos,nisqa_val_live,20270839,local_residual_normalized_k50,0.76,1.9969640399210313,3.6685528439519617,-0.0050000000000000044,-0.14670604217125383,-0.08384378728888287
utmos,nisqa_test_for,20270839,mahalanobis_mondrian,0.925,2.2939166049162547,2.7282230973243715,0.01666666666666672,0.15024652282396955,0.110368154446284
utmos,nisqa_test_for,20270839,predicted_mos_mondrian,0.9458333333333333,2.4393102606137593,2.7441465139389036,0.03749999999999998,0.2956401785214742,0.12629157106081612
utmos,nisqa_test_for,20270839,mos_extremity_mondrian,0.9208333333333333,2.211214750011762,2.608575303355853,0.012499999999999956,0.06754466791947689,-0.00927963952223454
utmos,nisqa_test_for,20270839,local_residual_mondrian_k10,0.925,2.196216904123624,2.590445193648338,0.01666666666666672,0.05254682203133898,-0.02740974922974937
utmos,nisqa_test_for,20270839,local_residual_normalized_k10,0.9333333333333333,2.277943479738113,2.6378044595098777,0.025000000000000022,0.13427339764582769,0.01994951663179023
utmos,nisqa_test_for,20270839,local_residual_mondrian_k25,0.9208333333333333,2.2941760102907818,2.6831022878487905,0.012499999999999956,0.15050592819849662,0.06524734497070295
utmos,nisqa_test_for,20270839,local_residual_normalized_k25,0.925,2.2775981673179917,2.6616112681064936,0.01666666666666672,0.13392808522570654,0.04375632522840611
utmos,nisqa_test_for,20270839,local_residual_mondrian_k50,0.9208333333333333,2.243147052327792,2.6744877169529597,0.012499999999999956,0.09947697023550672,0.056632774074872216
utmos,nisqa_test_for,20270839,local_residual_normalized_k50,0.9166666666666666,2.197566242369687,2.6247499643994976,0.008333333333333304,0.05389616027740196,0.006895021521410083
utmos,nisqa_test_livetalk,20270839,mahalanobis_mondrian,0.6637931034482759,2.182618400146221,4.696883076223834,0.030172413793103536,0.03894831805393606,-0.11226632266208991
utmos,nisqa_test_livetalk,20270839,predicted_mos_mondrian,0.7241379310344828,2.4542199928185036,4.11150848865509,0.09051724137931039,0.3105499107262184,-0.6976409102308336
utmos,nisqa_test_livetalk,20270839,mos_extremity_mondrian,0.6336206896551724,2.1983029934866676,4.641410822498387,0.0,0.05463291139438242,-0.16773857638753675
utmos,nisqa_test_livetalk,20270839,local_residual_mondrian_k10,0.646551724137931,2.1616565872882973,4.799852535642427,0.012931034482758674,0.017986505196012192,-0.0092968632434971
utmos,nisqa_test_livetalk,20270839,local_residual_normalized_k10,0.6637931034482759,2.2576686038415166,4.788657177948326,0.030172413793103536,0.11399852174923142,-0.02049222093759795
utmos,nisqa_test_livetalk,20270839,local_residual_mondrian_k25,0.6681034482758621,2.2461987076134515,4.525227785110474,0.034482758620689724,0.10252862552116637,-0.28392161377545033
utmos,nisqa_test_livetalk,20270839,local_residual_normalized_k25,0.6681034482758621,2.2520098045127903,4.486597519235761,0.034482758620689724,0.10833972242050516,-0.3225518796501632
utmos,nisqa_test_livetalk,20270839,local_residual_mondrian_k50,0.6681034482758621,2.2302363042173714,4.494276560586075,0.034482758620689724,0.08656622212508625,-0.31487283829984936
utmos,nisqa_test_livetalk,20270839,local_residual_normalized_k50,0.6508620689655172,2.1811053403211327,4.534064282954406,0.017241379310344862,0.03743525822884752,-0.2750851159315175
utmos,nisqa_test_p501,20270839,mahalanobis_mondrian,0.9083333333333333,2.257193553447723,2.594721335172653,0.012499999999999956,0.11352347135543805,0.03690751194953901
utmos,nisqa_test_p501,20270839,predicted_mos_mondrian,0.9041666666666667,2.191661274433136,2.573712732394536,0.008333333333333304,0.04799119234085092,0.015898909171422115
utmos,nisqa_test_p501,20270839,mos_extremity_mondrian,0.9166666666666666,2.1662037640810015,2.4458061923583347,0.02083333333333326,0.022533681988716303,-0.11200763086477927
utmos,nisqa_test_p501,20270839,local_residual_mondrian_k10,0.9166666666666666,2.165321969985962,2.5625794072945913,0.02083333333333326,0.02165188789367667,0.0047655840714773134
utmos,nisqa_test_p501,20270839,local_residual_normalized_k10,0.9125,2.17251423626835,2.581018078577137,0.016666666666666607,0.028844154176064674,0.02320425535402304
utmos,nisqa_test_p501,20270839,local_residual_mondrian_k25,0.9166666666666666,2.152587072054545,2.6001308023929597,0.02083333333333326,0.00891698996225987,0.04231697916984567
utmos,nisqa_test_p501,20270839,local_residual_normalized_k25,0.9166666666666666,2.1606782537982836,2.580171318782483,0.02083333333333326,0.017008171705998443,0.022357495559369056
utmos,nisqa_test_p501,20270839,local_residual_mondrian_k50,0.9041666666666667,2.1188606053590773,2.5846891035636266,0.008333333333333304,-0.02480947673320788,0.026875280340512564
utmos,nisqa_test_p501,20270839,local_residual_normalized_k50,0.9083333333333333,2.116902561595777,2.5831134655099337,0.012499999999999956,-0.0267675204965081,0.02529964228681969
utmos,nisqa_val_sim,20270840,mahalanobis_mondrian,0.9336,2.4902266639709474,2.925695286178589,0.015199999999999991,0.2004174369812013,0.0750016769409183
utmos,nisqa_val_sim,20270840,predicted_mos_mondrian,0.9008,2.3113406883239747,2.8342389808654787,-0.01759999999999995,0.021531461334228563,-0.016454628372192026
utmos,nisqa_val_sim,20270840,mos_extremity_mondrian,0.9192,2.3560879272460937,2.8667774585723875,0.0008000000000000229,0.06627870025634763,0.01608384933471685
utmos,nisqa_val_sim,20270840,local_residual_mondrian_k10,0.9136,2.2937137866973876,2.8327509552001953,-0.0048000000000000265,0.003904559707641475,-0.017942654037475414
utmos,nisqa_val_sim,20270840,local_residual_normalized_k10,0.8992,2.2303379029430928,2.843171298244991,-0.019199999999999995,-0.05947132404665334,-0.007522310992679859
utmos,nisqa_val_sim,20270840,local_residual_mondrian_k25,0.924,2.3167960781097414,2.786884146118164,0.005600000000000049,0.026986851119995325,-0.06380946311950675
utmos,nisqa_val_sim,20270840,local_residual_normalized_k25,0.9176,2.235592035397963,2.770950778634328,-0.0008000000000000229,-0.05421719159178329,-0.07974283060334253
utmos,nisqa_val_sim,20270840,local_residual_mondrian_k50,0.9096,2.2157086292266848,2.747832837677002,-0.00880000000000003,-0.07410059776306133,-0.10286077156066886
utmos,nisqa_val_sim,20270840,local_residual_normalized_k50,0.9152,2.2413322254967634,2.7619943161493006,-0.0031999999999999806,-0.04847700149298273,-0.0886992930883701
utmos,nisqa_train_live,20270840,mahalanobis_mondrian,0.8637254901960785,2.5326496467870823,3.255400497539371,0.044117647058823595,0.24284041979733617,-0.06011745625851184
utmos,nisqa_train_live,20270840,predicted_mos_mondrian,0.8480392156862745,2.472645846535178,3.345527333839267,0.028431372549019618,0.18283661954543184,0.030009380041384315
utmos,nisqa_train_live,20270840,mos_extremity_mondrian,0.8107843137254902,2.270151671708799,3.3561703719344793,-0.008823529411764675,-0.019657555280947037,0.04065241813659659
utmos,nisqa_train_live,20270840,local_residual_mondrian_k10,0.7911764705882353,2.137768487369313,3.4226464467890123,-0.028431372549019618,-0.1520407396204333,0.10712849299112959
utmos,nisqa_train_live,20270840,local_residual_normalized_k10,0.75,1.9750032485138338,3.695558140002486,-0.06960784313725488,-0.3148059784759123,0.38004018620460345
utmos,nisqa_train_live,20270840,local_residual_mondrian_k25,0.8068627450980392,2.185350649029601,3.401761313980701,-0.012745098039215641,-0.10445857796014524,0.08624336018281831
utmos,nisqa_train_live,20270840,local_residual_normalized_k25,0.7715686274509804,2.086599519750311,3.502796123850305,-0.04803921568627445,-0.2032097072394352,0.18727817005242242
utmos,nisqa_train_live,20270840,local_residual_mondrian_k50,0.7911764705882353,2.1205255742166558,3.430528338282716,-0.028431372549019618,-0.16928365277309032,0.11501038448483314
utmos,nisqa_train_live,20270840,local_residual_normalized_k50,0.7823529411764706,2.1154173161828598,3.4429312134792895,-0.03725490196078429,-0.17439191080688632,0.12741325968140682
utmos,nisqa_val_live,20270840,mahalanobis_mondrian,0.875,2.5265674126148223,3.371007801294327,0.08499999999999996,0.23675818562507622,-0.20275277972221373
utmos,nisqa_val_live,20270840,predicted_mos_mondrian,0.81,2.488841313123703,3.5798220574855804,0.020000000000000018,0.19903208613395673,0.0060614764690396505
utmos,nisqa_val_live,20270840,mos_extremity_mondrian,0.78,2.264541003704071,3.625872299671173,-0.010000000000000009,-0.025268223285674907,0.052111718654632266
utmos,nisqa_val_live,20270840,local_residual_mondrian_k10,0.745,2.1287257182598114,3.673923979997635,-0.04500000000000004,-0.1610835087299347,0.10016339898109416
utmos,nisqa_val_live,20270840,local_residual_normalized_k10,0.695,1.9054616523924215,4.211748272714592,-0.09500000000000008,-0.3843475745973246,0.6379876916980516
utmos,nisqa_val_live,20270840,local_residual_mondrian_k25,0.775,2.1624231219291685,3.6517693996429443,-0.015000000000000013,-0.12738610506057757,0.07800881862640363
utmos,nisqa_val_live,20270840,local_residual_normalized_k25,0.725,2.0419826453084524,3.8572002969925427,-0.06500000000000006,-0.24782658168129368,0.28343971597600204
utmos,nisqa_val_live,20270840,local_residual_mondrian_k50,0.765,2.0891130709648134,3.814335205554962,-0.025000000000000022,-0.20069615602493274,0.2405746245384215
utmos,nisqa_val_live,20270840,local_residual_normalized_k50,0.75,2.0936877292759197,3.751134040093011,-0.040000000000000036,-0.19612149771382636,0.1773734590764704
utmos,nisqa_test_for,20270840,mahalanobis_mondrian,0.9333333333333333,2.4504031012455623,2.716439214348793,0.004166666666666652,0.16059387425581617,0.07045014401276939
utmos,nisqa_test_for,20270840,predicted_mos_mondrian,0.95,2.549914825956027,2.8030391027530035,0.02083333333333326,0.2601055989662808,0.15705003241697968
utmos,nisqa_test_for,20270840,mos_extremity_mondrian,0.9375,2.3362268169720966,2.642326658964157,0.008333333333333304,0.04641758998235046,-0.003662411371866625
utmos,nisqa_test_for,20270840,local_residual_mondrian_k10,0.9333333333333333,2.2094654430945715,2.628853886326154,0.004166666666666652,-0.0803437838951746,-0.017135184009869686
utmos,nisqa_test_for,20270840,local_residual_normalized_k10,0.9041666666666667,2.09395844819012,2.7003752871982782,-0.025000000000000022,-0.1958507787996262,0.05438621686225442
utmos,nisqa_test_for,20270840,local_residual_mondrian_k25,0.9291666666666667,2.292895237604777,2.633806029955546,0.0,0.0030860106150307764,-0.012183040380477905
utmos,nisqa_test_for,20270840,local_residual_normalized_k25,0.925,2.1982760394610055,2.6036979355660606,-0.004166666666666652,-0.09153318752874062,-0.04229113476996327
utmos,nisqa_test_for,20270840,local_residual_mondrian_k50,0.925,2.2574651459852855,2.645317914088567,-0.004166666666666652,-0.03234408100446062,-0.0006711562474568389
utmos,nisqa_test_for,20270840,local_residual_normalized_k50,0.9291666666666667,2.2656732800469395,2.6432858241842894,0.0,-0.02413594694280663,-0.002703246151734451
utmos,nisqa_test_livetalk,20270840,mahalanobis_mondrian,0.7370689655172413,2.5070419650653313,4.089534955805745,0.07327586206896541,0.21723273807558519,-0.3538932851676284
utmos,nisqa_test_livetalk,20270840,predicted_mos_mondrian,0.7543103448275862,2.559563239072931,3.8941722892481705,0.09051724137931028,0.26975401208318495,-0.5492559517252031
utmos,nisqa_test_livetalk,20270840,mos_extremity_mondrian,0.6896551724137931,2.313542462628463,4.309065685190004,0.025862068965517238,0.023733235638716987,-0.13436255578336986
utmos,nisqa_test_livetalk,20270840,local_residual_mondrian_k10,0.6594827586206896,2.2451544393753182,4.5683153096971845,-0.004310344827586299,-0.04465478761442787,0.12488706872381083
utmos,nisqa_test_livetalk,20270840,local_residual_normalized_k10,0.6379310344827587,2.176437723119839,4.94185968047372,-0.025862068965517238,-0.11337150386990702,0.4984314395003464
utmos,nisqa_test_livetalk,20270840,local_residual_mondrian_k25,0.6939655172413793,2.312232930084755,4.16068297624588,0.030172413793103425,0.02242370309500874,-0.2827452647274935
utmos,nisqa_test_livetalk,20270840,local_residual_normalized_k25,0.6508620689655172,2.2146948598679868,4.476379058031957,-0.012931034482758674,-0.07511436712175934,0.03295081705858305
utmos,nisqa_test_livetalk,20270840,local_residual_mondrian_k50,0.6681034482758621,2.2530171871185303,4.4010675035674,0.004310344827586188,-0.03679203987121582,-0.042360737405974014
utmos,nisqa_test_livetalk,20270840,local_residual_normalized_k50,0.6810344827586207,2.2430433998114307,4.377628858410449,0.01724137931034475,-0.046765827178315345,-0.06579938256292461
utmos,nisqa_test_p501,20270840,mahalanobis_mondrian,0.9458333333333333,2.5006645252307256,2.6658163994550703,0.02083333333333326,0.21085529824097948,0.09788684348265297
utmos,nisqa_test_p501,20270840,predicted_mos_mondrian,0.9,2.2642187674840293,2.6755731999874115,-0.025000000000000022,-0.02559045950571681,0.10764364401499416
utmos,nisqa_test_p501,20270840,mos_extremity_mondrian,0.9416666666666667,2.3559435923894245,2.5471192518870036,0.016666666666666607,0.06613436539967843,-0.020810304085413733
utmos,nisqa_test_p501,20270840,local_residual_mondrian_k10,0.9208333333333333,2.29357659916083,2.5831439703702928,-0.004166666666666763,0.003767372171084027,0.015214414397875409
utmos,nisqa_test_p501,20270840,local_residual_normalized_k10,0.9125,2.2215764152971795,2.6233941794918136,-0.012500000000000067,-0.06823281169256656,0.055464623519396294
utmos,nisqa_test_p501,20270840,local_residual_mondrian_k25,0.9458333333333333,2.305400303999583,2.52485368847847,0.02083333333333326,0.015591077009836862,-0.04307586749394732
utmos,nisqa_test_p501,20270840,local_residual_normalized_k25,0.9166666666666666,2.249865147843527,2.514550697611111,-0.008333333333333415,-0.039944079146219114,-0.0533788583613064
utmos,nisqa_test_p501,20270840,local_residual_mondrian_k50,0.925,2.212624651193619,2.521284552415212,0.0,-0.07718457579612714,-0.04664500355720547
utmos,nisqa_test_p501,20270840,local_residual_normalized_k50,0.9291666666666667,2.244889385466247,2.5539376229364366,0.004166666666666652,-0.04491984152349904,-0.013991933035980786
utmos,nisqa_val_sim,20270841,mahalanobis_mondrian,0.8872,2.181595015335083,2.9263310077667235,0.005599999999999938,0.023554014968872217,-0.006281375122070276
utmos,nisqa_val_sim,20270841,predicted_mos_mondrian,0.9008,2.2597215644836424,2.8539226543426515,0.019199999999999995,0.10168056411743143,-0.07868972854614231
utmos,nisqa_val_sim,20270841,mos_extremity_mondrian,0.884,2.1538043630599977,2.92070576839447,0.0023999999999999577,-0.0042366373062132645,-0.01190661449432362
utmos,nisqa_val_sim,20270841,local_residual_mondrian_k10,0.8872,2.1588018529891966,2.897413698005676,0.005599999999999938,0.0007608526229856416,-0.035198684883117615
utmos,nisqa_val_sim,20270841,local_residual_normalized_k10,0.8984,2.2630910592633753,2.9697819260784235,0.016799999999999926,0.10505005889716434,0.03716954318962973
utmos,nisqa_val_sim,20270841,local_residual_mondrian_k25,0.8968,2.175145425605774,2.847827487754822,0.015199999999999991,0.017104425239562904,-0.0847848951339718
utmos,nisqa_val_sim,20270841,local_residual_normalized_k25,0.8912,2.158736056233697,2.8400478740841884,0.009599999999999942,0.0006950558674860829,-0.09256450880460543
utmos,nisqa_val_sim,20270841,local_residual_mondrian_k50,0.8976,2.2159672351837156,2.8454770904541014,0.015999999999999903,0.057926234817504696,-0.08713529243469242
utmos,nisqa_val_sim,20270841,local_residual_normalized_k50,0.8904,2.184827281826946,2.8339279430852176,0.008799999999999919,0.02678628146073514,-0.09868443980357622
utmos,nisqa_train_live,20270841,mahalanobis_mondrian,0.8068627450980392,2.2076930438770965,3.3780515521180394,0.0303921568627451,0.04965204351088559,-0.06716824980343095
utmos,nisqa_train_live,20270841,predicted_mos_mondrian,0.8343137254901961,2.3597258567810058,3.313116328856524,0.05784313725490198,0.20168485641479483,-0.1321034730649462
utmos,nisqa_train_live,20270841,mos_extremity_mondrian,0.7794117647058824,2.1615876602191553,3.5485101926560496,0.002941176470588225,0.003546659852944334,0.10329039073457924
utmos,nisqa_train_live,20270841,local_residual_mondrian_k10,0.7558823529411764,2.0076557028527353,3.6205445415833415,-0.020588235294117685,-0.15038529751347562,0.17532473966187112
utmos,nisqa_train_live,20270841,local_residual_normalized_k10,0.6852941176470588,1.8239623306711017,4.26863550530426,-0.0911764705882353,-0.33407866969510924,0.82341570338279
utmos,nisqa_train_live,20270841,local_residual_mondrian_k25,0.7519607843137255,2.0015901565551757,3.565583605859794,-0.02450980392156865,-0.15645084381103525,0.12036380393832369
utmos,nisqa_train_live,20270841,local_residual_normalized_k25,0.7245098039215686,1.8856941621015948,3.789367374640978,-0.05196078431372553,-0.27234683826461614,0.3441475727195078
utmos,nisqa_train_live,20270841,local_residual_mondrian_k50,0.7607843137254902,2.0389656183766385,3.5896662595225317,-0.015686274509803977,-0.11907538198957246,0.14444645760106134
utmos,nisqa_train_live,20270841,local_residual_normalized_k50,0.75,1.9977851857323663,3.601842463223095,-0.026470588235294135,-0.16025581463384464,0.1566226613016246
utmos,nisqa_val_live,20270841,mahalanobis_mondrian,0.77,2.219688756465912,3.6519132804870607,0.0,0.06164775609970086,-0.08151628255844123
utmos,nisqa_val_live,20270841,predicted_mos_mondrian,0.805,2.3671977019309995,3.566322634220123,0.03500000000000003,0.2091567015647886,-0.1671069288253788
utmos,nisqa_val_live,20270841,mos_extremity_mondrian,0.75,2.1463924968242645,3.9538004004955294,-0.020000000000000018,-0.011648503541946464,0.2203708374500275
utmos,nisqa_val_live,20270841,local_residual_mondrian_k10,0.73,1.9920908498764038,3.8846993374824526,-0.040000000000000036,-0.1659501504898071,0.15126977443695067
utmos,nisqa_val_live,20270841,local_residual_normalized_k10,0.73,1.8032901553137206,4.258988238745336,-0.040000000000000036,-0.3547508450524903,0.525558675699834
utmos,nisqa_val_live,20270841,local_residual_mondrian_k25,0.74,1.9846341395378113,3.7947213554382326,-0.030000000000000027,-0.17340686082839962,0.06129179239273075
utmos,nisqa_val_live,20270841,local_residual_normalized_k25,0.68,1.8570851898286935,3.917703860127426,-0.08999999999999997,-0.3009558105375174,0.18427429708192422
utmos,nisqa_val_live,20270841,local_residual_mondrian_k50,0.775,2.0451950812339783,3.6901713395118714,0.0050000000000000044,-0.11284591913223263,-0.04325822353363051
utmos,nisqa_val_live,20270841,local_residual_normalized_k50,0.77,2.0049075146804864,3.6884237817991594,0.0,-0.1531334856857245,-0.04500578124634247
utmos,nisqa_test_for,20270841,mahalanobis_mondrian,0.9166666666666666,2.1900113503138225,2.6407113949457806,0.004166666666666652,0.03197034994761161,0.021331983804703025
utmos,nisqa_test_for,20270841,predicted_mos_mondrian,0.9458333333333333,2.3915700018405914,2.6945291062196097,0.033333333333333326,0.2335290014743805,0.0751496950785322
utmos,nisqa_test_for,20270841,mos_extremity_mondrian,0.9083333333333333,2.1301901012659075,2.6065718005100886,-0.004166666666666652,-0.027850899100303472,-0.012807610630988897
utmos,nisqa_test_for,20270841,local_residual_mondrian_k10,0.9083333333333333,2.127247067292531,2.630899163087209,-0.004166666666666652,-0.030793933073679725,0.011519751946131418
utmos,nisqa_test_for,20270841,local_residual_normalized_k10,0.9083333333333333,2.154426284080387,2.7898195586683068,-0.004166666666666652,-0.0036147162858237714,0.17044014752722925
utmos,nisqa_test_for,20270841,local_residual_mondrian_k25,0.9166666666666666,2.208948318163554,2.6404527763525647,0.004166666666666652,0.05090731779734314,0.02107336521148717
utmos,nisqa_test_for,20270841,local_residual_normalized_k25,0.9125,2.1488327651776946,2.666999252778945,0.0,-0.009208235188516323,0.04761984163786748
utmos,nisqa_test_for,20270841,local_residual_mondrian_k50,0.9416666666666667,2.2761413852373757,2.702036033074061,0.029166666666666674,0.11810038487116481,0.0826566219329834
utmos,nisqa_test_for,20270841,local_residual_normalized_k50,0.9333333333333333,2.2246293393625676,2.6813807361166506,0.02083333333333337,0.06658833899635663,0.06200132497557309
utmos,nisqa_test_livetalk,20270841,mahalanobis_mondrian,0.6594827586206896,2.2304638480318,4.566827219108055,0.02155172413793094,0.07242284766558926,-0.20408938876513805
utmos,nisqa_test_livetalk,20270841,predicted_mos_mondrian,0.7068965517241379,2.399745026539112,4.134716821127925,0.06896551724137923,0.2417040261729011,-0.6361997867452684
utmos,nisqa_test_livetalk,20270841,mos_extremity_mondrian,0.6120689655172413,2.1237465718696855,4.8185788331360655,-0.02586206896551735,-0.03429442849652542,0.047662225262872226
utmos,nisqa_test_livetalk,20270841,local_residual_mondrian_k10,0.6120689655172413,2.098883193114708,4.8189062784458025,-0.02586206896551735,-0.05915780725150288,0.04798967057260928
utmos,nisqa_test_livetalk,20270841,local_residual_normalized_k10,0.6508620689655172,2.080225284395761,5.169676241488506,0.012931034482758563,-0.07781571597044978,0.3987596336153123
utmos,nisqa_test_livetalk,20270841,local_residual_mondrian_k25,0.6293103448275862,2.147742424545617,4.679230736247424,-0.008620689655172487,-0.010298575820594014,-0.09168587162576891
utmos,nisqa_test_livetalk,20270841,local_residual_normalized_k25,0.6336206896551724,2.08711398060147,4.7702048981656064,-0.004310344827586299,-0.07092701976474114,-0.0007117097075868273
utmos,nisqa_test_livetalk,20270841,local_residual_mondrian_k50,0.6939655172413793,2.2451917899066003,4.290342661841162,0.05603448275862066,0.08715078954038935,-0.4805739460320311
utmos,nisqa_test_livetalk,20270841,local_residual_normalized_k50,0.6681034482758621,2.189713207735381,4.372320715600389,0.030172413793103425,0.0316722073691702,-0.39859589227280434
utmos,nisqa_test_p501,20270841,mahalanobis_mondrian,0.9125,2.2276301622390746,2.556460702419281,0.016666666666666607,0.06958916187286368,-0.0007543325424195224
utmos,nisqa_test_p501,20270841,predicted_mos_mondrian,0.9166666666666666,2.2174956440925597,2.565440797805786,0.02083333333333326,0.05945464372634879,0.008225762844085605
utmos,nisqa_test_p501,20270841,mos_extremity_mondrian,0.9083333333333333,2.1047489593426385,2.441171740492185,0.012499999999999956,-0.053292041023572434,-0.11604329446951533
utmos,nisqa_test_p501,20270841,local_residual_mondrian_k10,0.8791666666666667,2.104545545578003,2.5854001462459566,-0.01666666666666672,-0.05349545478820783,0.02818511128425616
utmos,nisqa_test_p501,20270841,local_residual_normalized_k10,0.8583333333333333,2.1008887626688617,2.7435294009104814,-0.03750000000000009,-0.05715223769734923,0.18631436594878092
utmos,nisqa_test_p501,20270841,local_residual_mondrian_k25,0.9208333333333333,2.1229759673277537,2.571757040421168,0.02499999999999991,-0.035065033038457205,0.0145420054594676
utmos,nisqa_test_p501,20270841,local_residual_normalized_k25,0.9,2.060773394921132,2.636754889403212,0.004166666666666652,-0.09726760544507895,0.07953985444151135
utmos,nisqa_test_p501,20270841,local_residual_mondrian_k50,0.9166666666666666,2.1674337069193523,2.5701740165551503,0.02083333333333326,0.009392706553141394,0.012958981593449881
utmos,nisqa_test_p501,20270841,local_residual_normalized_k50,0.9166666666666666,2.130183494315345,2.5432426158175607,0.02083333333333326,-0.02785750605086612,-0.013972419144139714
utmos,nisqa_val_sim,20270842,mahalanobis_mondrian,0.9144,2.360543419456482,2.9016322942733765,0.006399999999999961,0.0742849603652953,0.017905676460266307
utmos,nisqa_val_sim,20270842,predicted_mos_mondrian,0.9176,2.398120135498047,2.8440386096954344,0.009599999999999942,0.11186167640686051,-0.03968800811767581
utmos,nisqa_val_sim,20270842,mos_extremity_mondrian,0.9208,2.370603609085083,2.921215169906616,0.012799999999999923,0.0843451499938963,0.03748855209350577
utmos,nisqa_val_sim,20270842,local_residual_mondrian_k10,0.92,2.318512830543518,2.8206200330734252,0.01200000000000001,0.032254371452331565,-0.063106584739685
utmos,nisqa_val_sim,20270842,local_residual_normalized_k10,0.9192,2.350052996587557,2.8554990969983174,0.011199999999999988,0.06379453749637065,-0.02822752081479285
utmos,nisqa_val_sim,20270842,local_residual_mondrian_k25,0.9112,2.3268073738098143,2.8400710456848146,0.0031999999999999806,0.04054891471862776,-0.04365557212829563
utmos,nisqa_val_sim,20270842,local_residual_normalized_k25,0.9136,2.2800776496401407,2.7875476017514274,0.005599999999999938,-0.006180809451045821,-0.09617901606168289
utmos,nisqa_val_sim,20270842,local_residual_mondrian_k50,0.92,2.319889179611206,2.8158579944610596,0.01200000000000001,0.0336307205200197,-0.06786862335205068
utmos,nisqa_val_sim,20270842,local_residual_normalized_k50,0.9168,2.2831773411196643,2.8017228486435974,0.008799999999999919,-0.003081117971522218,-0.0820037691695128
utmos,nisqa_train_live,20270842,mahalanobis_mondrian,0.8362745098039216,2.3952230189360826,3.2982579256974014,0.01764705882352946,0.10896455984489606,-0.02013769593893322
utmos,nisqa_train_live,20270842,predicted_mos_mondrian,0.8990196078431373,2.665412314966613,3.136272592871797,0.08039215686274515,0.3791538558754266,-0.18212302876453768
utmos,nisqa_train_live,20270842,mos_extremity_mondrian,0.8676470588235294,2.542500436072256,3.1545761435639625,0.0490196078431373,0.25624197698106954,-0.16381947807237207
utmos,nisqa_train_live,20270842,local_residual_mondrian_k10,0.8196078431372549,2.239037737191892,3.3134227327272003,0.0009803921568627416,-0.04722072189929438,-0.0049728889091342765
utmos,nisqa_train_live,20270842,local_residual_normalized_k10,0.7931372549019607,2.1270892209885726,3.455329576164709,-0.025490196078431393,-0.15916923810261396,0.13693395452837454
utmos,nisqa_train_live,20270842,local_residual_mondrian_k25,0.8196078431372549,2.2302357456263375,3.3221824269668727,0.0009803921568627416,-0.056022713464848994,0.003786805330538101
utmos,nisqa_train_live,20270842,local_residual_normalized_k25,0.7872549019607843,2.154671478032724,3.4051321895528646,-0.03137254901960784,-0.13158698105846245,0.08673656791652995
utmos,nisqa_train_live,20270842,local_residual_mondrian_k50,0.8117647058823529,2.210683885742636,3.3152492677464203,-0.006862745098039191,-0.07557457334855044,-0.003146353889914355
utmos,nisqa_train_live,20270842,local_residual_normalized_k50,0.7990196078431373,2.1550179590742755,3.40220891074811,-0.019607843137254832,-0.131240500016911,0.08381328911177555
utmos,nisqa_val_live,20270842,mahalanobis_mondrian,0.8,2.385029460191727,3.5259791624546053,0.010000000000000009,0.09877100110054027,-0.05168726325035067
utmos,nisqa_val_live,20270842,predicted_mos_mondrian,0.89,2.659595890045166,3.29832168340683,0.09999999999999998,0.3733374309539794,-0.2793447422981261
utmos,nisqa_val_live,20270842,mos_extremity_mondrian,0.855,2.536380317211151,3.3369839930534364,0.06499999999999995,0.25012185811996446,-0.24068243265151956
utmos,nisqa_val_live,20270842,local_residual_mondrian_k10,0.79,2.2170697486400606,3.5764062917232513,0.0,-0.06918871045112596,-0.0012601339817046586
utmos,nisqa_val_live,20270842,local_residual_normalized_k10,0.765,2.0994739156608455,3.6825358549987732,-0.025000000000000022,-0.186784543430341,0.10486942929381726
utmos,nisqa_val_live,20270842,local_residual_mondrian_k25,0.795,2.2261762368679046,3.502541207075119,0.0050000000000000044,-0.06008222222328197,-0.07512521862983679
utmos,nisqa_val_live,20270842,local_residual_normalized_k25,0.78,2.1427393239193773,3.7170291363026524,-0.010000000000000009,-0.14351913517180925,0.13936271059769645
utmos,nisqa_val_live,20270842,local_residual_mondrian_k50,0.81,2.2149962186813354,3.3359015583992004,0.020000000000000018,-0.07126224040985107,-0.24176486730575553
utmos,nisqa_val_live,20270842,local_residual_normalized_k50,0.79,2.162755870953273,3.5702083157402114,0.0,-0.1235025881379137,-0.007458109964744608
utmos,nisqa_test_for,20270842,mahalanobis_mondrian,0.925,2.3211727758248646,2.6475454688072206,-0.004166666666666652,0.034914316733678064,0.002592039108276545
utmos,nisqa_test_for,20270842,predicted_mos_mondrian,0.95,2.5766570270061493,2.771485279003779,0.02083333333333326,0.29039856791496277,0.12653184930483485
utmos,nisqa_test_for,20270842,mos_extremity_mondrian,0.9375,2.4179394682248434,2.6838731805483502,0.008333333333333304,0.13168100913365688,0.03891975084940613
utmos,nisqa_test_for,20270842,local_residual_mondrian_k10,0.9291666666666667,2.3110613505045574,2.682550537586212,0.0,0.024802891413370887,0.03759710788726789
utmos,nisqa_test_for,20270842,local_residual_normalized_k10,0.9291666666666667,2.3284650161234217,2.7805236975505645,0.0,0.04220655703223519,0.1355702678516204
utmos,nisqa_test_for,20270842,local_residual_mondrian_k25,0.9416666666666667,2.374963985880216,2.700850404302279,0.012499999999999956,0.08870552678902932,0.05589697460333509
utmos,nisqa_test_for,20270842,local_residual_normalized_k25,0.9375,2.3405871345193012,2.693207956808708,0.008333333333333304,0.0543286754281147,0.048254527109763856
utmos,nisqa_test_for,20270842,local_residual_mondrian_k50,0.9291666666666667,2.442764953772227,2.7797304153442384,0.0,0.1565064946810404,0.13477698564529428
utmos,nisqa_test_for,20270842,local_residual_normalized_k50,0.9416666666666667,2.3368694009915987,2.689554486582395,0.012499999999999956,0.050610941900412154,0.04460105688345095
utmos,nisqa_test_livetalk,20270842,mahalanobis_mondrian,0.6810344827586207,2.3676828885900565,4.369544140223799,0.01724137931034475,0.08142442949886997,-0.08227125940651714
utmos,nisqa_test_livetalk,20270842,predicted_mos_mondrian,0.7543103448275862,2.608965883994925,3.896755239059185,0.09051724137931028,0.32270742490373827,-0.5550601605711312
utmos,nisqa_test_livetalk,20270842,mos_extremity_mondrian,0.6982758620689655,2.441439550498436,4.29353784281632,0.03448275862068961,0.15518109140724956,-0.1582775568139967
utmos,nisqa_test_livetalk,20270842,local_residual_mondrian_k10,0.6724137931034483,2.3157484079229422,4.515611603342253,0.008620689655172376,0.029489948831755708,0.06379620371193706
utmos,nisqa_test_livetalk,20270842,local_residual_normalized_k10,0.6896551724137931,2.3498406856633105,4.751493683751653,0.025862068965517238,0.06358222657212398,0.29967828412133635
utmos,nisqa_test_livetalk,20270842,local_residual_mondrian_k25,0.6767241379310345,2.317900730618115,4.33594579429462,0.012931034482758563,0.03164227152692867,-0.11586960533569624
utmos,nisqa_test_livetalk,20270842,local_residual_normalized_k25,0.6681034482758621,2.299490242216915,4.385300200417962,0.004310344827586188,0.01323178312572848,-0.06651519921235405
utmos,nisqa_test_livetalk,20270842,local_residual_mondrian_k50,0.7025862068965517,2.4206753619785966,4.118183181203645,0.0387931034482758,0.13441690288741004,-0.3336322184266711
utmos,nisqa_test_livetalk,20270842,local_residual_normalized_k50,0.6853448275862069,2.30911496448679,4.33072513540703,0.02155172413793094,0.022856505395603577,-0.1210902642232865
utmos,nisqa_test_p501,20270842,mahalanobis_mondrian,0.9333333333333333,2.355496539672216,2.590952122211456,0.008333333333333304,0.06923808058102932,0.02391025821367876
utmos,nisqa_test_p501,20270842,predicted_mos_mondrian,0.9416666666666667,2.3517571200927097,2.621385038892428,0.016666666666666607,0.06549866100152313,0.05434317489465057
utmos,nisqa_test_p501,20270842,mos_extremity_mondrian,0.9333333333333333,2.350844856103261,2.5927974045276643,0.008333333333333304,0.06458639701207458,0.025755540529886822
utmos,nisqa_test_p501,20270842,local_residual_mondrian_k10,0.9125,2.3009975880384443,2.6520950426657994,-0.012500000000000067,0.014739128947257818,0.08505317866802198
utmos,nisqa_test_p501,20270842,local_residual_normalized_k10,0.9,2.300128798290821,2.755835147052523,-0.025000000000000022,0.01387033919963443,0.1887932830547454
utmos,nisqa_test_p501,20270842,local_residual_mondrian_k25,0.9333333333333333,2.2855969846248625,2.508322544892629,0.008333333333333304,-0.0006614744663240302,-0.05871931910514849
utmos,nisqa_test_p501,20270842,local_residual_normalized_k25,0.9166666666666666,2.2270195573303133,2.5563102825007538,-0.008333333333333415,-0.05923890176087321,-0.01073158149702369
utmos,nisqa_test_p501,20270842,local_residual_mondrian_k50,0.9416666666666667,2.31206761598587,2.5550197541713713,0.016666666666666607,0.02580915689468366,-0.012022109826406169
utmos,nisqa_test_p501,20270842,local_residual_normalized_k50,0.9333333333333333,2.2754222025931394,2.5442686806732975,0.008333333333333304,-0.010836256498047092,-0.022773183324479973
utmos,nisqa_val_sim,20270843,mahalanobis_mondrian,0.9264,2.390714050102234,2.787064779090881,0.009600000000000053,0.11667454319000248,0.048677024650573664
utmos,nisqa_val_sim,20270843,predicted_mos_mondrian,0.9152,2.381837692832947,2.750038437461853,-0.0015999999999999348,0.10779818592071555,0.011650683021545483
utmos,nisqa_val_sim,20270843,mos_extremity_mondrian,0.9208,2.3108145370483397,2.742348997116089,0.0040000000000000036,0.03677503013610828,0.003961242675781573
utmos,nisqa_val_sim,20270843,local_residual_mondrian_k10,0.9176,2.22101680393219,2.6730334817886354,0.0008000000000000229,-0.053022702980041636,-0.06535427265167204
utmos,nisqa_val_sim,20270843,local_residual_normalized_k10,0.9072,2.218267162087321,2.753527150333996,-0.009599999999999942,-0.05577234482491056,0.015139395893688512
utmos,nisqa_val_sim,20270843,local_residual_mondrian_k25,0.9168,2.2342737558364867,2.6916531198501588,0.0,-0.03976575107574476,-0.046734634590148705
utmos,nisqa_val_sim,20270843,local_residual_normalized_k25,0.9216,2.228946079590642,2.6884225090068927,0.0048000000000000265,-0.045093427321589274,-0.04996524543341474
utmos,nisqa_val_sim,20270843,local_residual_mondrian_k50,0.9104,2.219365200805664,2.6956633518218993,-0.006399999999999961,-0.05467430610656754,-0.04272440261840815
utmos,nisqa_val_sim,20270843,local_residual_normalized_k50,0.9184,2.226372473366306,2.6599038814959424,0.0016000000000000458,-0.047667033545925275,-0.0784838729443651
utmos,nisqa_train_live,20270843,mahalanobis_mondrian,0.8284313725490197,2.402906909643435,3.333597572177064,0.012745098039215752,0.12886740273120356,0.005009813402213403
utmos,nisqa_train_live,20270843,predicted_mos_mondrian,0.8901960784313725,2.6382364394618016,3.2042198307373946,0.07450980392156858,0.3641969325495702,-0.12436792803745611
utmos,nisqa_train_live,20270843,mos_extremity_mondrian,0.8294117647058824,2.383156975110372,3.311163168327481,0.013725490196078494,0.10911746819814061,-0.01742459044736977
utmos,nisqa_train_live,20270843,local_residual_mondrian_k10,0.8,2.174276495213602,3.5211850575372283,-0.015686274509803866,-0.09976301169862944,0.19259729876237763
utmos,nisqa_train_live,20270843,local_residual_normalized_k10,0.7382352941176471,2.0901267724714208,3.927064349350635,-0.07745098039215681,-0.1839127344408107,0.5984765905757845
utmos,nisqa_train_live,20270843,local_residual_mondrian_k25,0.8098039215686275,2.2164516724792183,3.40542754425722,-0.00588235294117645,-0.057587834433013185,0.07683978548236947
utmos,nisqa_train_live,20270843,local_residual_normalized_k25,0.7990196078431373,2.2007572354199536,3.4624930799455678,-0.016666666666666607,-0.07328227149227784,0.13390532117071707
utmos,nisqa_train_live,20270843,local_residual_mondrian_k50,0.8068627450980392,2.228211590823005,3.4169134214812633,-0.008823529411764675,-0.04582791608922632,0.08832566270641262
utmos,nisqa_train_live,20270843,local_residual_normalized_k50,0.8137254901960784,2.2260081381063546,3.343727259496158,-0.0019607843137254832,-0.048031368805876884,0.015139500721307098
utmos,nisqa_val_live,20270843,mahalanobis_mondrian,0.815,2.3848414254188537,3.60138108253479,0.029999999999999916,0.11080191850662224,0.010028250217437584
utmos,nisqa_val_live,20270843,predicted_mos_mondrian,0.85,2.6523261165618894,3.354758343696594,0.06499999999999995,0.378286609649658,-0.23659448862075827
utmos,nisqa_val_live,20270843,mos_extremity_mondrian,0.79,2.3727109265327453,3.5298485708236695,0.0050000000000000044,0.09867141962051384,-0.06150426149368293
utmos,nisqa_val_live,20270843,local_residual_mondrian_k10,0.75,2.165802516937256,3.7686529779434204,-0.03500000000000003,-0.10823698997497555,0.17730014562606788
utmos,nisqa_val_live,20270843,local_residual_normalized_k10,0.73,2.064610751092601,4.1532301044614615,-0.05500000000000005,-0.20942875581963039,0.561877272144109
utmos,nisqa_val_live,20270843,local_residual_mondrian_k25,0.78,2.2285169529914857,3.576592092514038,-0.0050000000000000044,-0.04552255392074578,-0.014760739803314493
utmos,nisqa_val_live,20270843,local_residual_normalized_k25,0.785,2.2058257207196927,3.6889906268077026,0.0,-0.0682137861925387,0.09763779449035015
utmos,nisqa_val_live,20270843,local_residual_mondrian_k50,0.795,2.2109807300567628,3.6238697576522827,0.010000000000000009,-0.06305877685546868,0.032516925334930225
utmos,nisqa_val_live,20270843,local_residual_normalized_k50,0.79,2.2037589005087237,3.577117573988397,0.0050000000000000044,-0.07028060640350775,-0.014235258328955336
utmos,nisqa_test_for,20270843,mahalanobis_mondrian,0.9375,2.445945911606153,2.758946610490481,0.01666666666666672,0.17190640469392138,0.11746838986873653
utmos,nisqa_test_for,20270843,predicted_mos_mondrian,0.9583333333333334,2.667760721842448,2.8592645446459453,0.03750000000000009,0.3937212149302165,0.21778632402420062
utmos,nisqa_test_for,20270843,mos_extremity_mondrian,0.925,2.310119654734929,2.628937111298243,0.004166666666666763,0.03608014782269775,-0.012541109323501498
utmos,nisqa_test_for,20270843,local_residual_mondrian_k10,0.9208333333333333,2.212566695610682,2.610288204749425,0.0,-0.061472811301549246,-0.03119001587231951
utmos,nisqa_test_for,20270843,local_residual_normalized_k10,0.8916666666666667,2.1684406374374436,2.6911858914845834,-0.029166666666666563,-0.1055988694747878,0.04970767086283878
utmos,nisqa_test_for,20270843,local_residual_mondrian_k25,0.9375,2.3115142633517585,2.6995605478684106,0.01666666666666672,0.037474756439527024,0.058082327246665955
utmos,nisqa_test_for,20270843,local_residual_normalized_k25,0.9375,2.310837096740362,2.699224438664753,0.01666666666666672,0.03679758982813075,0.05774621804300839
utmos,nisqa_test_for,20270843,local_residual_mondrian_k50,0.9375,2.3479321161905924,2.7194593211015063,0.01666666666666672,0.07389260927836094,0.0779811004797617
utmos,nisqa_test_for,20270843,local_residual_normalized_k50,0.9333333333333333,2.316734952415748,2.649343520682259,0.012500000000000067,0.04269544550351645,0.007865300060514446
utmos,nisqa_test_livetalk,20270843,mahalanobis_mondrian,0.7025862068965517,2.367105604245745,4.377341082383847,0.0387931034482758,0.09306609733351356,-0.1033363249795185
utmos,nisqa_test_livetalk,20270843,predicted_mos_mondrian,0.7887931034482759,2.6878100962474427,3.7545924577219734,0.125,0.41377058933521127,-0.7260849496413919
utmos,nisqa_test_livetalk,20270843,mos_extremity_mondrian,0.6724137931034483,2.3302436861498603,4.374633036810776,0.008620689655172376,0.05620417923762888,-0.1060443705525893
utmos,nisqa_test_livetalk,20270843,local_residual_mondrian_k10,0.6422413793103449,2.165959927542456,4.928039022560777,-0.02155172413793105,-0.1080795793697753,0.447361615197412
utmos,nisqa_test_livetalk,20270843,local_residual_normalized_k10,0.603448275862069,2.1102104751160415,5.463348735035114,-0.06034482758620696,-0.1638290317961899,0.9826713276717491
utmos,nisqa_test_livetalk,20270843,local_residual_mondrian_k25,0.6724137931034483,2.2659687965080657,4.523213989775757,0.008620689655172376,-0.008070710404165737,0.04253658241239133
utmos,nisqa_test_livetalk,20270843,local_residual_normalized_k25,0.6810344827586207,2.2453107318791155,4.637639910236932,0.01724137931034475,-0.028728775033115994,0.15696250287356683
utmos,nisqa_test_livetalk,20270843,local_residual_mondrian_k50,0.7155172413793104,2.3310632705688477,4.408587665393434,0.051724137931034475,0.05702376365661621,-0.0720897419699309
utmos,nisqa_test_livetalk,20270843,local_residual_normalized_k50,0.7025862068965517,2.2980244477278537,4.34828799099768,0.0387931034482758,0.023984940815622302,-0.1323894163656849
utmos,nisqa_test_p501,20270843,mahalanobis_mondrian,0.9208333333333333,2.420087432861328,2.67024751106898,0.0,0.14604792594909677,0.1058105190594989
utmos,nisqa_test_p501,20270843,predicted_mos_mondrian,0.9041666666666667,2.328508162498474,2.694676601886749,-0.016666666666666607,0.05446865558624259,0.13023960987726824
utmos,nisqa_test_p501,20270843,mos_extremity_mondrian,0.9208333333333333,2.295575972398122,2.5229967097441355,0.0,0.0215364654858905,-0.04144028226534546
utmos,nisqa_test_p501,20270843,local_residual_mondrian_k10,0.9041666666666667,2.180795881152153,2.617958359917005,-0.016666666666666607,-0.09324362576007861,0.05352136790752393
utmos,nisqa_test_p501,20270843,local_residual_normalized_k10,0.8666666666666667,2.166404333035117,2.768616919908179,-0.054166666666666585,-0.10763517387711463,0.2041799278986982
utmos,nisqa_test_p501,20270843,local_residual_mondrian_k25,0.8958333333333334,2.2007174561421077,2.614955034852028,-0.02499999999999991,-0.07332205077012377,0.05051804284254713
utmos,nisqa_test_p501,20270843,local_residual_normalized_k25,0.9041666666666667,2.1903554972097066,2.625513928809393,-0.016666666666666607,-0.08368400970252488,0.06107693679991222
utmos,nisqa_test_p501,20270843,local_residual_mondrian_k50,0.9166666666666666,2.1952327768007915,2.601641384760539,-0.004166666666666652,-0.0788067301114399,0.03720439275105791
utmos,nisqa_test_p501,20270843,local_residual_normalized_k50,0.925,2.2086129042323837,2.5679471334445574,0.004166666666666763,-0.06542660267984779,0.0035101414350764415
utmos,nisqa_val_sim,20270844,mahalanobis_mondrian,0.8984,2.2419896709442138,2.9136557476043703,0.007199999999999984,0.04269271965026844,0.04447566528320346
utmos,nisqa_val_sim,20270844,predicted_mos_mondrian,0.9,2.242612279510498,2.813200128173828,0.00880000000000003,0.04331532821655282,-0.055979954147338695
utmos,nisqa_val_sim,20270844,mos_extremity_mondrian,0.892,2.1603167589187624,2.8589562356948854,0.0008000000000000229,-0.03898019237518291,-0.010223846626281397
utmos,nisqa_val_sim,20270844,local_residual_mondrian_k10,0.8968,2.2096038928985595,2.7648294235229494,0.005600000000000049,0.010306941604614206,-0.10435065879821748
utmos,nisqa_val_sim,20270844,local_residual_normalized_k10,0.9016,2.2885803742554636,2.796606567672419,0.010399999999999965,0.08928342296151826,-0.07257351464874784
utmos,nisqa_val_sim,20270844,local_residual_mondrian_k25,0.904,2.248372370147705,2.8005198711395263,0.012800000000000034,0.04907541885375988,-0.06866021118164056
utmos,nisqa_val_sim,20270844,local_residual_normalized_k25,0.8992,2.2441158869047504,2.779806470444925,0.008000000000000007,0.04481893561080508,-0.08937361187624182
utmos,nisqa_val_sim,20270844,local_residual_mondrian_k50,0.9024,2.2291972118377688,2.775381770706177,0.011199999999999988,0.029900260543823443,-0.09379831161498986
utmos,nisqa_val_sim,20270844,local_residual_normalized_k50,0.8864,2.1722956081583704,2.7770822003682483,-0.0048000000000000265,-0.027001343135574896,-0.09209788195291857
utmos,nisqa_train_live,20270844,mahalanobis_mondrian,0.803921568627451,2.238624476918987,3.4332360707077325,0.010784313725490269,0.039327525625041826,0.034761844896802785
utmos,nisqa_train_live,20270844,predicted_mos_mondrian,0.8490196078431372,2.4160394331988164,3.2554226075901704,0.055882352941176494,0.2167424819048711,-0.1430516182207593
utmos,nisqa_train_live,20270844,mos_extremity_mondrian,0.7872549019607843,2.216499486390282,3.5120542154592624,-0.00588235294117645,0.017202535096336735,0.11357998964833271
utmos,nisqa_train_live,20270844,local_residual_mondrian_k10,0.7696078431372549,2.0787868001881766,3.472136723527721,-0.0235294117647058,-0.12051015110576868,0.07366249771679145
utmos,nisqa_train_live,20270844,local_residual_normalized_k10,0.7019607843137254,1.837845484600893,3.864911697468706,-0.0911764705882353,-0.3614514666930524,0.4664374716577764
utmos,nisqa_train_live,20270844,local_residual_mondrian_k25,0.8058823529411765,2.171412356227052,3.2803647148842905,0.012745098039215752,-0.027884595066893336,-0.11810951092663924
utmos,nisqa_train_live,20270844,local_residual_normalized_k25,0.7666666666666667,2.0073195625596565,3.409595106857293,-0.026470588235294024,-0.19197738873428882,0.01112088104636344
utmos,nisqa_train_live,20270844,local_residual_mondrian_k50,0.796078431372549,2.1297479391098024,3.367678054641275,0.002941176470588225,-0.06954901218414289,-0.03079617116965494
utmos,nisqa_train_live,20270844,local_residual_normalized_k50,0.7764705882352941,2.0457120523800705,3.455457693887181,-0.016666666666666607,-0.15358489891387483,0.05698346807625132
utmos,nisqa_val_live,20270844,mahalanobis_mondrian,0.76,2.2223822474479675,3.7414326310157775,-0.020000000000000018,0.023085296154022217,0.060810434818267645
utmos,nisqa_val_live,20270844,predicted_mos_mondrian,0.815,2.422999300956726,3.4685369515419007,0.03499999999999992,0.2237023496627808,-0.21208524465560918
utmos,nisqa_val_live,20270844,mos_extremity_mondrian,0.75,2.1987291514873504,3.8759838163852693,-0.030000000000000027,-0.0005677998065949375,0.1953616201877595
utmos,nisqa_val_live,20270844,local_residual_mondrian_k10,0.755,2.0742221879959106,3.7540710616111754,-0.025000000000000022,-0.12507476329803469,0.07344886541366558
utmos,nisqa_val_live,20270844,local_residual_normalized_k10,0.68,1.8338840272135892,3.9689625710193766,-0.09999999999999998,-0.3654129240803561,0.2883403748218667
utmos,nisqa_val_live,20270844,local_residual_mondrian_k25,0.795,2.1552872824668885,3.5416986751556396,0.015000000000000013,-0.044009668827056814,-0.13892352104187022
utmos,nisqa_val_live,20270844,local_residual_normalized_k25,0.76,1.9914604206377853,3.495820385376528,-0.020000000000000018,-0.20783653065616003,-0.18480181082098168
utmos,nisqa_val_live,20270844,local_residual_mondrian_k50,0.805,2.1306192302703857,3.4398003125190737,0.025000000000000022,-0.06867772102355962,-0.24082188367843615
utmos,nisqa_val_live,20270844,local_residual_normalized_k50,0.775,2.047244582001137,3.5082228972320757,-0.0050000000000000044,-0.1520523692928082,-0.17239929896543416
utmos,nisqa_test_for,20270844,mahalanobis_mondrian,0.9375,2.2956858972708383,2.6912542581558228,0.02083333333333337,0.09638894597689296,0.06524700919787074
utmos,nisqa_test_for,20270844,predicted_mos_mondrian,0.9416666666666667,2.4163756132125855,2.747374669710795,0.025000000000000022,0.21707866191864023,0.12136742075284301
utmos,nisqa_test_for,20270844,mos_extremity_mondrian,0.9125,2.147423333923022,2.6201801766951878,-0.004166666666666652,-0.05187361737092333,-0.0058270722627642435
utmos,nisqa_test_for,20270844,local_residual_mondrian_k10,0.9125,2.1922341525554656,2.6321603298187255,-0.004166666666666652,-0.007062798738479703,0.0061530808607734855
utmos,nisqa_test_for,20270844,local_residual_normalized_k10,0.9125,2.2305321631688373,2.7894308497303646,-0.004166666666666652,0.031235211874891977,0.16342360077241258
utmos,nisqa_test_for,20270844,local_residual_mondrian_k25,0.9291666666666667,2.3192611555258433,2.6908435146013896,0.012500000000000067,0.11996420423189802,0.06483626564343759
utmos,nisqa_test_for,20270844,local_residual_normalized_k25,0.9333333333333333,2.3387121971949236,2.6997360793184813,0.01666666666666672,0.1394152459009783,0.07372883036052924
utmos,nisqa_test_for,20270844,local_residual_mondrian_k50,0.925,2.3421723703543345,2.707456088066101,0.008333333333333415,0.14287541906038914,0.08144883910814915
utmos,nisqa_test_for,20270844,local_residual_normalized_k50,0.925,2.2753351653176233,2.6670001223836084,0.008333333333333415,0.07603821402367794,0.040992873425656384
utmos,nisqa_test_livetalk,20270844,mahalanobis_mondrian,0.6508620689655172,2.249951492095816,4.6804098075833815,0.008620689655172376,0.050654540801870596,0.01688057595285919
utmos,nisqa_test_livetalk,20270844,predicted_mos_mondrian,0.7155172413793104,2.424964090873455,4.231137127711855,0.07327586206896552,0.2256671395795098,-0.43239210391866756
utmos,nisqa_test_livetalk,20270844,mos_extremity_mondrian,0.6293103448275862,2.1498674442028176,4.804736517626663,-0.012931034482758674,-0.0494295070911277,0.14120728599614107
utmos,nisqa_test_livetalk,20270844,local_residual_mondrian_k10,0.6637931034482759,2.191939705404742,4.599809720598418,0.02155172413793105,-0.007357245889203501,-0.06371951103210449
utmos,nisqa_test_livetalk,20270844,local_residual_normalized_k10,0.646551724137931,2.245784354657363,4.9164969406571295,0.004310344827586188,0.04648740336341772,0.25296770902660715
utmos,nisqa_test_livetalk,20270844,local_residual_mondrian_k25,0.6810344827586207,2.278592518691359,4.323515639222902,0.0387931034482758,0.07929556739741361,-0.34001359240762064
utmos,nisqa_test_livetalk,20270844,local_residual_normalized_k25,0.7025862068965517,2.2754881750116187,4.427304032543476,0.06034482758620685,0.0761912237176734,-0.23622519908704653
utmos,nisqa_test_livetalk,20270844,local_residual_mondrian_k50,0.7068965517241379,2.317698569133364,4.275285891417799,0.06465517241379304,0.11840161783941872,-0.388243340212723
utmos,nisqa_test_livetalk,20270844,local_residual_normalized_k50,0.7025862068965517,2.2586869362707764,4.399913844896951,0.06034482758620685,0.05938998497683112,-0.2636153867335711
utmos,nisqa_test_p501,20270844,mahalanobis_mondrian,0.8916666666666667,2.2442406038443248,2.6816172818342845,-0.004166666666666652,0.044943652550379465,0.12612124482790632
utmos,nisqa_test_p501,20270844,predicted_mos_mondrian,0.9,2.2090882023175555,2.5729531904061633,0.004166666666666652,0.009791251023610226,0.017457153399785152
utmos,nisqa_test_p501,20270844,mos_extremity_mondrian,0.9083333333333333,2.1064102937777838,2.451142916083336,0.012499999999999956,-0.09288665751616154,-0.10435312092304239
utmos,nisqa_test_p501,20270844,local_residual_mondrian_k10,0.9041666666666667,2.1827611635128656,2.610406032204628,0.008333333333333304,-0.01653578778107967,0.054909995198249906
utmos,nisqa_test_p501,20270844,local_residual_normalized_k10,0.8666666666666667,2.212537322362698,2.904486295356719,-0.029166666666666674,0.013240371068752754,0.3489902583503408
utmos,nisqa_test_p501,20270844,local_residual_mondrian_k25,0.9125,2.216842742760976,2.5584711253643038,0.016666666666666607,0.017545791467030725,0.0029750883579255927
utmos,nisqa_test_p501,20270844,local_residual_normalized_k25,0.8916666666666667,2.1887634390858155,2.646068579254245,-0.004166666666666652,-0.010533512208129814,0.09057254224786693
utmos,nisqa_test_p501,20270844,local_residual_mondrian_k50,0.9125,2.2156145215034484,2.5602560579776763,0.016666666666666607,0.016317570209503085,0.004760020971298129
utmos,nisqa_test_p501,20270844,local_residual_normalized_k50,0.8916666666666667,2.159278586127499,2.5794944865163285,-0.004166666666666652,-0.0400183651664463,0.023998449509950337
utmos,nisqa_val_sim,20270845,mahalanobis_mondrian,0.9016,2.229232717895508,2.8251331008911134,0.009599999999999942,0.038533617401123266,0.00809571113586438
utmos,nisqa_val_sim,20270845,predicted_mos_mondrian,0.9,2.218403079223633,2.7467702419281004,0.008000000000000007,0.027703978729248124,-0.0702671478271486
utmos,nisqa_val_sim,20270845,mos_extremity_mondrian,0.8952,2.160634253883362,2.8329226583480835,0.0031999999999999806,-0.030064846611022933,0.015885268592834567
utmos,nisqa_val_sim,20270845,local_residual_mondrian_k10,0.8792,2.122091873931885,2.791040816116333,-0.012800000000000034,-0.06860722656249996,-0.025996573638916054
utmos,nisqa_val_sim,20270845,local_residual_normalized_k10,0.8832,2.199463438484704,2.8519145167620037,-0.00880000000000003,0.00876433799031906,0.034877127006754716
utmos,nisqa_val_sim,20270845,local_residual_mondrian_k25,0.8816,2.133834197425842,2.750910775566101,-0.010399999999999965,-0.05686490306854264,-0.06612661418914811
utmos,nisqa_val_sim,20270845,local_residual_normalized_k25,0.892,2.166009665935646,2.750063434356176,0.0,-0.024689434558738732,-0.06697395539907314
utmos,nisqa_val_sim,20270845,local_residual_mondrian_k50,0.8904,2.1561499362945558,2.7498885112762452,-0.0016000000000000458,-0.03454916419982901,-0.06714887847900375
utmos,nisqa_val_sim,20270845,local_residual_normalized_k50,0.888,2.1596913375313815,2.738387366920959,-0.0040000000000000036,-0.031007762963003227,-0.07865002283429012
utmos,nisqa_train_live,20270845,mahalanobis_mondrian,0.8156862745098039,2.2819093124539243,3.3039937122195373,0.025490196078431393,0.09121021195953949,-0.10377368412765797
utmos,nisqa_train_live,20270845,predicted_mos_mondrian,0.8333333333333334,2.3436312794685366,3.2840952174336304,0.04313725490196085,0.1529321789741518,-0.12367217891356486
utmos,nisqa_train_live,20270845,mos_extremity_mondrian,0.7892156862745098,2.2120832052885318,3.5241859134505775,-0.0009803921568627416,0.021384104794146985,0.11641851710338225
utmos,nisqa_train_live,20270845,local_residual_mondrian_k10,0.7362745098039216,1.9717237304238713,3.751728154631222,-0.0539215686274509,-0.2189753700705135,0.3439607582840267
utmos,nisqa_train_live,20270845,local_residual_normalized_k10,0.6774509803921569,1.8065967107103844,4.4409624992356855,-0.11274509803921562,-0.38410238978400035,1.0331951028884903
utmos,nisqa_train_live,20270845,local_residual_mondrian_k25,0.7441176470588236,1.9846934697207284,3.6795916403041167,-0.04607843137254897,-0.2060056307736564,0.2718242439569214
utmos,nisqa_train_live,20270845,local_residual_normalized_k25,0.7166666666666667,1.8996455470637277,3.832989393200848,-0.07352941176470584,-0.2910535534306571,0.4252219968536526
utmos,nisqa_train_live,20270845,local_residual_mondrian_k50,0.7549019607843137,2.037079722741071,3.591003766714358,-0.03529411764705881,-0.1536193777533139,0.18323637036716267
utmos,nisqa_train_live,20270845,local_residual_normalized_k50,0.7450980392156863,1.9609243452685425,3.6790620293972016,-0.045098039215686225,-0.22977475522584223,0.27129463305000634
utmos,nisqa_val_live,20270845,mahalanobis_mondrian,0.805,2.2948903036117554,3.5273076367378233,0.030000000000000027,0.10419120311737062,-0.163809030056
utmos,nisqa_val_live,20270845,predicted_mos_mondrian,0.815,2.3499448597431183,3.526540631055832,0.039999999999999925,0.15924575924873352,-0.1645760357379915
utmos,nisqa_val_live,20270845,mos_extremity_mondrian,0.73,2.1894393932819365,3.9082058918476106,-0.04500000000000004,-0.00125970721244828,0.21708922505378725
utmos,nisqa_val_live,20270845,local_residual_mondrian_k10,0.72,1.9579244303703307,4.0753043222427365,-0.05500000000000005,-0.23277467012405406,0.3841876554489132
utmos,nisqa_val_live,20270845,local_residual_normalized_k10,0.66,1.7942481070524032,4.602641433823969,-0.11499999999999999,-0.39645099344198154,0.9115247670301456
utmos,nisqa_val_live,20270845,local_residual_mondrian_k25,0.74,1.9782152843475342,3.963247985839844,-0.03500000000000003,-0.21248381614685052,0.2721313190460206
utmos,nisqa_val_live,20270845,local_residual_normalized_k25,0.72,1.8889012091665278,4.073178000373946,-0.05500000000000005,-0.30179789132785695,0.3820613335801224
utmos,nisqa_val_live,20270845,local_residual_mondrian_k50,0.735,2.0262603068351748,3.8301276469230654,-0.040000000000000036,-0.16443879365921,0.13901098012924207
utmos,nisqa_val_live,20270845,local_residual_normalized_k50,0.74,1.9510126319370051,3.8338062704368703,-0.03500000000000003,-0.23968646855737963,0.14268960364304695
utmos,nisqa_test_for,20270845,mahalanobis_mondrian,0.9083333333333333,2.1952572027842203,2.6309012631575266,-0.008333333333333304,0.004558102289835553,0.00632698933283482
utmos,nisqa_test_for,20270845,predicted_mos_mondrian,0.9458333333333333,2.3592652718226117,2.69380272825559,0.029166666666666674,0.16856617132822693,0.06922845443089809
utmos,nisqa_test_for,20270845,mos_extremity_mondrian,0.9083333333333333,2.137802618741989,2.6060303330421446,-0.008333333333333304,-0.05289648175239581,-0.018543940782547175
utmos,nisqa_test_for,20270845,local_residual_mondrian_k10,0.9083333333333333,2.0635163843631745,2.6074128210544587,-0.008333333333333304,-0.12718271613121024,-0.017161452770233065
utmos,nisqa_test_for,20270845,local_residual_normalized_k10,0.8916666666666667,2.0468983627969184,2.775522732018459,-0.02499999999999991,-0.14380073769746637,0.150948458193767
utmos,nisqa_test_for,20270845,local_residual_mondrian_k25,0.9083333333333333,2.101536050438881,2.6018309046824775,-0.008333333333333304,-0.08916305005550385,-0.02274336914221431
utmos,nisqa_test_for,20270845,local_residual_normalized_k25,0.8958333333333334,2.127153513724863,2.655493106274252,-0.02083333333333326,-0.06354558676952182,0.030918832449560174
utmos,nisqa_test_for,20270845,local_residual_mondrian_k50,0.9166666666666666,2.1785319368044536,2.63471888701121,0.0,-0.012167163689931204,0.01014461318651838
utmos,nisqa_test_for,20270845,local_residual_normalized_k50,0.9208333333333333,2.1931930358016607,2.663006719958663,0.004166666666666652,0.0024939353072759296,0.03843244613397134
utmos,nisqa_test_livetalk,20270845,mahalanobis_mondrian,0.6681034482758621,2.300999211853948,4.4327813037510575,0.025862068965517238,0.11030011135956341,-0.25290962950936713
utmos,nisqa_test_livetalk,20270845,predicted_mos_mondrian,0.6896551724137931,2.3667551320174645,4.246875684836815,0.04741379310344829,0.1760560315230797,-0.43881524842360964
utmos,nisqa_test_livetalk,20270845,mos_extremity_mondrian,0.6163793103448276,2.15242178378434,4.802748027546652,-0.025862068965517238,-0.03827731671004475,0.11705709428622768
utmos,nisqa_test_livetalk,20270845,local_residual_mondrian_k10,0.5775862068965517,2.023690710807669,5.193160009795222,-0.06465517241379315,-0.16700838968671583,0.5074690765347976
utmos,nisqa_test_livetalk,20270845,local_residual_normalized_k10,0.5775862068965517,1.9943204955756786,5.7539262383761445,-0.06465517241379315,-0.19637860491870618,1.0682353051157198
utmos,nisqa_test_livetalk,20270845,local_residual_mondrian_k25,0.6206896551724138,2.066257229139065,4.848939892546884,-0.02155172413793105,-0.12444187135531992,0.16324895928645944
utmos,nisqa_test_livetalk,20270845,local_residual_normalized_k25,0.6163793103448276,2.062865882790397,4.860425370629004,-0.025862068965517238,-0.1278332177039876,0.17473443736857952
utmos,nisqa_test_livetalk,20270845,local_residual_mondrian_k50,0.6551724137931034,2.182548231091993,4.405262942971854,0.012931034482758563,-0.008150869402391958,-0.2804279902885707
utmos,nisqa_test_livetalk,20270845,local_residual_normalized_k50,0.6551724137931034,2.187356967698186,4.333737305676515,0.012931034482758563,-0.0033421327961988823,-0.35195362758390925
utmos,nisqa_test_p501,20270845,mahalanobis_mondrian,0.925,2.265795568625132,2.568467696507772,0.029166666666666674,0.07509646813074733,0.012613415718078613
utmos,nisqa_test_p501,20270845,predicted_mos_mondrian,0.9,2.1870500952005387,2.563251734773318,0.004166666666666652,-0.0036490052938460416,0.007397453983624569
utmos,nisqa_test_p501,20270845,mos_extremity_mondrian,0.9041666666666667,2.1263988693555196,2.4578778823216756,0.008333333333333304,-0.06430023113886518,-0.09797639846801776
utmos,nisqa_test_p501,20270845,local_residual_mondrian_k10,0.9,2.1165443658828735,2.548462063074112,0.004166666666666652,-0.07415473461151123,-0.007392217715581406
utmos,nisqa_test_p501,20270845,local_residual_normalized_k10,0.9125,2.202630563772995,2.714038841971607,0.016666666666666607,0.011931463278610277,0.1581845611819137
utmos,nisqa_test_p501,20270845,local_residual_mondrian_k25,0.9,2.12346038321654,2.528246234854062,0.004166666666666652,-0.0672387172778448,-0.027608045935631154
utmos,nisqa_test_p501,20270845,local_residual_normalized_k25,0.9083333333333333,2.1437909548446106,2.5636669567485546,0.012499999999999956,-0.04690814564977419,0.00781267595886126
utmos,nisqa_test_p501,20270845,local_residual_mondrian_k50,0.9083333333333333,2.1496578256289163,2.5270365873972573,0.012499999999999956,-0.04104127486546849,-0.028817693392436006
utmos,nisqa_test_p501,20270845,local_residual_normalized_k50,0.9083333333333333,2.148486087768993,2.556619718965519,0.012499999999999956,-0.042213012725391685,0.00076543817582575
utmos,nisqa_val_sim,20270846,mahalanobis_mondrian,0.9048,2.2452774826049806,2.8940505043029785,0.006400000000000072,0.019683915710449362,-0.008962320709228422
utmos,nisqa_val_sim,20270846,predicted_mos_mondrian,0.904,2.226974814605713,2.8480296031951906,0.005600000000000049,0.0013812477111816435,-0.054983221817016315
utmos,nisqa_val_sim,20270846,mos_extremity_mondrian,0.8976,2.2008242416381836,2.891584930419922,-0.0008000000000000229,-0.024769325256347674,-0.011427894592284993
utmos,nisqa_val_sim,20270846,local_residual_mondrian_k10,0.9016,2.211728245162964,2.811969313049316,0.0031999999999999806,-0.013865321731567182,-0.09104351196289073
utmos,nisqa_val_sim,20270846,local_residual_normalized_k10,0.896,2.324782503921073,2.8835382043044313,-0.0023999999999999577,0.09918893702654197,-0.019474620707775614
utmos,nisqa_val_sim,20270846,local_residual_mondrian_k25,0.9064,2.230502307510376,2.817733819580078,0.008000000000000007,0.0049087406158445646,-0.08527900543212885
utmos,nisqa_val_sim,20270846,local_residual_normalized_k25,0.896,2.1890436358040968,2.807246419873608,-0.0023999999999999577,-0.03654993109043447,-0.09576640513859891
utmos,nisqa_val_sim,20270846,local_residual_mondrian_k50,0.9024,2.2504589294433592,2.8137004245758055,0.0040000000000000036,0.024865362548827985,-0.08931240043640143
utmos,nisqa_val_sim,20270846,local_residual_normalized_k50,0.8912,2.169376219797481,2.7998076533627185,-0.007199999999999984,-0.056217347097050396,-0.10320517164948839
utmos,nisqa_train_live,20270846,mahalanobis_mondrian,0.8264705882352941,2.32275855587978,3.278059342795727,0.020588235294117574,0.09716498898524861,-0.09383134935416448
utmos,nisqa_train_live,20270846,predicted_mos_mondrian,0.8343137254901961,2.364666246432884,3.252554953799528,0.028431372549019618,0.13907267953835278,-0.11933573835036348
utmos,nisqa_train_live,20270846,mos_extremity_mondrian,0.7901960784313725,2.2403174005302726,3.4902691721916197,-0.015686274509803977,0.014723833635741368,0.11837848004172802
utmos,nisqa_train_live,20270846,local_residual_mondrian_k10,0.788235294117647,2.1213740063648596,3.4067419370015464,-0.01764705882352946,-0.10421956052967163,0.034851244851654695
utmos,nisqa_train_live,20270846,local_residual_normalized_k10,0.7950980392156862,2.1190916901990704,3.526333337090763,-0.010784313725490269,-0.10650187669546085,0.15444264494087134
utmos,nisqa_train_live,20270846,local_residual_mondrian_k25,0.788235294117647,2.1781513971440933,3.4362300611009786,-0.01764705882352946,-0.04744216975043791,0.06433936895108694
utmos,nisqa_train_live,20270846,local_residual_normalized_k25,0.7705882352941177,2.077276551657224,3.537262474556137,-0.03529411764705881,-0.14831701523730745,0.1653717824062455
utmos,nisqa_train_live,20270846,local_residual_mondrian_k50,0.8058823529411765,2.1396903669132907,3.415089892873577,0.0,-0.08590319998124052,0.043199200723685216
utmos,nisqa_train_live,20270846,local_residual_normalized_k50,0.7754901960784314,2.0780652269496898,3.518121638199625,-0.0303921568627451,-0.1475283399448415,0.1462309460497333
utmos,nisqa_val_live,20270846,mahalanobis_mondrian,0.815,2.3320729875564576,3.497736909389496,0.03499999999999992,0.1064794206619264,-0.15132934808731058
utmos,nisqa_val_live,20270846,predicted_mos_mondrian,0.795,2.363159489631653,3.482361352443695,0.015000000000000013,0.13756592273712176,-0.1667049050331113
utmos,nisqa_val_live,20270846,mos_extremity_mondrian,0.75,2.225001182556152,3.8619500541687013,-0.030000000000000027,-0.0005923843383790484,0.21288379669189483
utmos,nisqa_val_live,20270846,local_residual_mondrian_k10,0.785,2.1108507323265076,3.7837466645240783,0.0050000000000000044,-0.1147428345680237,0.1346804070472718
utmos,nisqa_val_live,20270846,local_residual_normalized_k10,0.76,2.078061694966473,4.001510177784329,-0.020000000000000018,-0.14753187192805806,0.3524439203075227
utmos,nisqa_val_live,20270846,local_residual_mondrian_k25,0.78,2.1677404081821443,3.6972940480709076,0.0,-0.05785315871238694,0.048227790594101094
utmos,nisqa_val_live,20270846,local_residual_normalized_k25,0.765,2.078708813013707,3.7209788632680327,-0.015000000000000013,-0.14688475388082445,0.07191260579122627
utmos,nisqa_val_live,20270846,local_residual_mondrian_k50,0.79,2.1408530616760255,3.410942533016205,0.010000000000000009,-0.08474050521850574,-0.2381237244606016
utmos,nisqa_val_live,20270846,local_residual_normalized_k50,0.78,2.0777565655517787,3.573537829009938,0.0,-0.14783700134275257,-0.07552842846686847
utmos,nisqa_test_for,20270846,mahalanobis_mondrian,0.9125,2.21932893594106,2.65366971095403,-0.008333333333333304,-0.006264630953471073,0.022284394502639415
utmos,nisqa_test_for,20270846,predicted_mos_mondrian,0.9333333333333333,2.336724344889323,2.660757346947988,0.012500000000000067,0.11113077799479187,0.0293720304965972
utmos,nisqa_test_for,20270846,mos_extremity_mondrian,0.9291666666666667,2.182185943921407,2.631605362892151,0.008333333333333415,-0.04340762297312439,0.00022004644076023538
utmos,nisqa_test_for,20270846,local_residual_mondrian_k10,0.9083333333333333,2.262881604830424,2.7960074226061504,-0.012499999999999956,0.03728803793589286,0.1646221061547597
utmos,nisqa_test_for,20270846,local_residual_normalized_k10,0.9166666666666666,2.454834098778614,3.0366731768458637,-0.004166666666666652,0.2292405318840829,0.40528786039447295
utmos,nisqa_test_for,20270846,local_residual_mondrian_k25,0.925,2.3222231437762577,2.7881140778462092,0.004166666666666763,0.09662957688172646,0.1567287613948185
utmos,nisqa_test_for,20270846,local_residual_normalized_k25,0.9291666666666667,2.3444114057405248,2.7868437476587387,0.008333333333333415,0.1188178388459935,0.15545843120734792
utmos,nisqa_test_for,20270846,local_residual_mondrian_k50,0.9458333333333333,2.4161948959032693,2.768521418174108,0.025000000000000022,0.19060132900873805,0.13713610172271729
utmos,nisqa_test_for,20270846,local_residual_normalized_k50,0.9375,2.319502906642681,2.6913399767721304,0.01666666666666672,0.09390933974814963,0.059954660320739706
utmos,nisqa_test_livetalk,20270846,mahalanobis_mondrian,0.6767241379310345,2.3337918478867103,4.360464622234476,0.02155172413793105,0.1081982809921791,-0.236475453294557
utmos,nisqa_test_livetalk,20270846,predicted_mos_mondrian,0.6767241379310345,2.346786083846257,4.354504396175516,0.02155172413793105,0.12119251695172562,-0.24243567935351695
utmos,nisqa_test_livetalk,20270846,mos_extremity_mondrian,0.6379310344827587,2.1762644977405152,4.703959497912177,-0.01724137931034475,-0.049329069154016025,0.10701942238314377
utmos,nisqa_test_livetalk,20270846,local_residual_mondrian_k10,0.6379310344827587,2.189086988054473,4.658801426147592,-0.01724137931034475,-0.03650657884005826,0.06186135061855946
utmos,nisqa_test_livetalk,20270846,local_residual_normalized_k10,0.7025862068965517,2.3130842603182455,4.870585675635027,0.04741379310344829,0.0874906934237143,0.27364560010599437
utmos,nisqa_test_livetalk,20270846,local_residual_mondrian_k25,0.6853448275862069,2.2812370514047555,4.361489766630633,0.030172413793103425,0.05564348451022427,-0.23545030889839946
utmos,nisqa_test_livetalk,20270846,local_residual_normalized_k25,0.6939655172413793,2.2476635493947414,4.479309031959173,0.03879310344827591,0.022069982500210195,-0.11763104356985998
utmos,nisqa_test_livetalk,20270846,local_residual_mondrian_k50,0.6982758620689655,2.3438117915186387,4.188312269490341,0.0431034482758621,0.11821822462410747,-0.40862780603869187
utmos,nisqa_test_livetalk,20270846,local_residual_normalized_k50,0.6724137931034483,2.260505262770814,4.344969933504737,0.017241379310344862,0.034911695876282955,-0.25197014202429546
utmos,nisqa_test_p501,20270846,mahalanobis_mondrian,0.925,2.299918297926585,2.5895352999369305,0.01666666666666672,0.07432473103205384,0.032966975371043095
utmos,nisqa_test_p501,20270846,predicted_mos_mondrian,0.9083333333333333,2.200682141383489,2.528325645128886,0.0,-0.024911425511042307,-0.028242679437001428
utmos,nisqa_test_p501,20270846,mos_extremity_mondrian,0.9125,2.141379331549009,2.4660205096006393,0.004166666666666652,-0.08421423534552241,-0.09054781496524811
utmos,nisqa_test_p501,20270846,local_residual_mondrian_k10,0.9125,2.135222536325455,2.6006268779436748,0.004166666666666652,-0.09037103056907636,0.0440585533777873
utmos,nisqa_test_p501,20270846,local_residual_normalized_k10,0.8958333333333334,2.1197244076584862,2.824954850548612,-0.012499999999999956,-0.10586915923604501,0.2683865259827245
utmos,nisqa_test_p501,20270846,local_residual_mondrian_k25,0.9125,2.1938250849644345,2.5979479044675826,0.004166666666666652,-0.03176848193009674,0.04137957990169516
utmos,nisqa_test_p501,20270846,local_residual_normalized_k25,0.8916666666666667,2.1005998443830465,2.6367592927708747,-0.016666666666666607,-0.12499372251148477,0.08019096820498728
utmos,nisqa_test_p501,20270846,local_residual_mondrian_k50,0.9166666666666666,2.2462308684984844,2.5549034059047697,0.008333333333333304,0.020637301603953162,-0.0016649186611177313
utmos,nisqa_test_p501,20270846,local_residual_normalized_k50,0.8958333333333334,2.138686964226201,2.59644691938148,-0.012499999999999956,-0.08690660266833028,0.03987859481559264
utmos,nisqa_val_sim,20270847,mahalanobis_mondrian,0.9096,2.2991018592834473,2.80550016708374,-0.0031999999999999806,0.0364609062194825,0.012307072830199939
utmos,nisqa_val_sim,20270847,predicted_mos_mondrian,0.9128,2.2817692104339597,2.7430352054595946,0.0,0.019128257369994905,-0.05015788879394556
utmos,nisqa_val_sim,20270847,mos_extremity_mondrian,0.9144,2.3051796970367433,2.806965213775635,0.0016000000000000458,0.04253874397277846,0.013772119522094783
utmos,nisqa_val_sim,20270847,local_residual_mondrian_k10,0.9192,2.318161283874512,2.7241541580200197,0.006400000000000072,0.05552033081054697,-0.06903893623352042
utmos,nisqa_val_sim,20270847,local_residual_normalized_k10,0.9144,2.3411352942628203,2.7858019571720893,0.0016000000000000458,0.07849434119885546,-0.007391137081450783
utmos,nisqa_val_sim,20270847,local_residual_mondrian_k25,0.9112,2.2917106184005736,2.723474034690857,-0.0015999999999999348,0.029069665336608708,-0.06971905956268332
utmos,nisqa_val_sim,20270847,local_residual_normalized_k25,0.908,2.2421588181295675,2.6963336051748445,-0.0047999999999999154,-0.020482134934397322,-0.09685948907869557
utmos,nisqa_val_sim,20270847,local_residual_mondrian_k50,0.9144,2.271727028656006,2.7135049808502196,0.0016000000000000458,0.009086075592040999,-0.07968811340332049
utmos,nisqa_val_sim,20270847,local_residual_normalized_k50,0.9088,2.25887792039569,2.706778567062637,-0.0039999999999998925,-0.003763032668274935,-0.08641452719090292
utmos,nisqa_train_live,20270847,mahalanobis_mondrian,0.8294117647058824,2.3791387497210037,3.366039350453545,0.01666666666666672,0.11649779665703885,0.027642359453089238
utmos,nisqa_train_live,20270847,predicted_mos_mondrian,0.8313725490196079,2.3535757233114802,3.3054835964651668,0.0186274509803922,0.0909347702475154,-0.032913394535289076
utmos,nisqa_train_live,20270847,mos_extremity_mondrian,0.7990196078431373,2.236822684138429,3.438119387626648,-0.013725490196078383,-0.025818268925535737,0.0997223966261922
utmos,nisqa_train_live,20270847,local_residual_mondrian_k10,0.8088235294117647,2.2274474097233194,3.406261103293475,-0.0039215686274509665,-0.035193543340645395,0.06786411229301903
utmos,nisqa_train_live,20270847,local_residual_normalized_k10,0.7705882352941177,2.0602563181228555,3.6583997991595587,-0.042156862745098,-0.20238463494110936,0.32000280815910287
utmos,nisqa_train_live,20270847,local_residual_mondrian_k25,0.7862745098039216,2.1779041351056567,3.4433602833280377,-0.026470588235294135,-0.08473681795830812,0.10496329232758184
utmos,nisqa_train_live,20270847,local_residual_normalized_k25,0.7735294117647059,2.1105646259582453,3.470763679721533,-0.039215686274509776,-0.1520763271057195,0.13236668872107726
utmos,nisqa_train_live,20270847,local_residual_mondrian_k50,0.7931372549019607,2.182479446074542,3.429929514959747,-0.019607843137254943,-0.08016150698942281,0.09153252395929101
utmos,nisqa_train_live,20270847,local_residual_normalized_k50,0.7813725490196078,2.1325046033422375,3.597270664015243,-0.03137254901960784,-0.13013634972172738,0.25887367301478736
utmos,nisqa_val_live,20270847,mahalanobis_mondrian,0.8,2.35492898106575,3.6180252301692963,0.020000000000000018,0.09228802800178526,0.013415836095810096
utmos,nisqa_val_live,20270847,predicted_mos_mondrian,0.805,2.3633120369911196,3.545709354877472,0.025000000000000022,0.10067108392715474,-0.05890003919601439
utmos,nisqa_val_live,20270847,mos_extremity_mondrian,0.76,2.2272127771377566,3.7320587062835693,-0.020000000000000018,-0.03542817592620828,0.12744931221008304
utmos,nisqa_val_live,20270847,local_residual_mondrian_k10,0.785,2.222952687740326,3.720271146297455,0.0050000000000000044,-0.039688265323639005,0.11566175222396868
utmos,nisqa_val_live,20270847,local_residual_normalized_k10,0.75,2.0750410292902743,3.877637655207443,-0.030000000000000027,-0.1875999237736905,0.27302826113395673
utmos,nisqa_val_live,20270847,local_residual_mondrian_k25,0.78,2.1608263075351717,3.6979182183742525,0.0,-0.10181464552879316,0.09330882430076626
utmos,nisqa_val_live,20270847,local_residual_normalized_k25,0.765,2.0971046335705648,3.7262323574679477,-0.015000000000000013,-0.16553631949340009,0.12162296339446144
utmos,nisqa_val_live,20270847,local_residual_mondrian_k50,0.78,2.194321632385254,3.530178654193878,0.0,-0.06831932067871094,-0.07443073987960824
utmos,nisqa_val_live,20270847,local_residual_normalized_k50,0.75,2.1365952004232103,3.7938916472435587,-0.030000000000000027,-0.12604575264075457,0.1892822531700724
utmos,nisqa_test_for,20270847,mahalanobis_mondrian,0.9166666666666666,2.2539898147185644,2.635643709699313,-0.004166666666666652,-0.008651138345400433,-0.0034598122040430113
utmos,nisqa_test_for,20270847,predicted_mos_mondrian,0.95,2.4058602452278137,2.6859631538391113,0.029166666666666674,0.14321929216384888,0.046859631935755264
utmos,nisqa_test_for,20270847,mos_extremity_mondrian,0.9208333333333333,2.2764338135719298,2.6186140457789104,0.0,0.01379286050796491,-0.020489476124445627
utmos,nisqa_test_for,20270847,local_residual_mondrian_k10,0.9416666666666667,2.338981831073761,2.6979623675346374,0.02083333333333337,0.07634087800979605,0.0588588456312813
utmos,nisqa_test_for,20270847,local_residual_normalized_k10,0.9333333333333333,2.33785902083112,2.8282607729272304,0.012500000000000067,0.075218067767155,0.18915725102387437
utmos,nisqa_test_for,20270847,local_residual_mondrian_k25,0.9333333333333333,2.3951651732126873,2.8050256450970967,0.012500000000000067,0.13252422014872245,0.16592212319374067
utmos,nisqa_test_for,20270847,local_residual_normalized_k25,0.9375,2.3671349669550663,2.8124958017131774,0.01666666666666672,0.10449401389110147,0.1733922798098213
utmos,nisqa_test_for,20270847,local_residual_mondrian_k50,0.9416666666666667,2.3546824057896933,2.7601622144381204,0.02083333333333337,0.0920414527257285,0.12105869253476431
utmos,nisqa_test_for,20270847,local_residual_normalized_k50,0.9375,2.347696887678768,2.764798321674251,0.01666666666666672,0.08505593461480299,0.12569479977089504
utmos,nisqa_test_livetalk,20270847,mahalanobis_mondrian,0.6767241379310345,2.3348669008962037,4.530162797919635,0.012931034482758563,0.0722259478322389,0.022561220259501802
utmos,nisqa_test_livetalk,20270847,predicted_mos_mondrian,0.7155172413793104,2.4054748333733658,4.110349057049587,0.051724137931034475,0.14283388030940092,-0.3972525206105466
utmos,nisqa_test_livetalk,20270847,mos_extremity_mondrian,0.6896551724137931,2.258647721389244,4.398001011075644,0.025862068965517238,-0.003993231674720654,-0.10960056658448902
utmos,nisqa_test_livetalk,20270847,local_residual_mondrian_k10,0.7198275862068966,2.3309151160305945,4.182473647183385,0.05603448275862066,0.06827416296662969,-0.32512793047674826
utmos,nisqa_test_livetalk,20270847,local_residual_normalized_k10,0.7413793103448276,2.3571786755753057,4.267650868822048,0.07758620689655171,0.09453772251134085,-0.23995070883808545
utmos,nisqa_test_livetalk,20270847,local_residual_mondrian_k25,0.7068965517241379,2.3179275783999214,4.284804860065723,0.04310344827586199,0.05528662533595652,-0.22279671759441033
utmos,nisqa_test_livetalk,20270847,local_residual_normalized_k25,0.7155172413793104,2.305721585545252,4.2819616087798025,0.051724137931034475,0.04308063248128713,-0.22563996888033078
utmos,nisqa_test_livetalk,20270847,local_residual_mondrian_k50,0.7025862068965517,2.3445422649383545,4.141672270051364,0.0387931034482758,0.08190131187438965,-0.36592930760876907
utmos,nisqa_test_livetalk,20270847,local_residual_normalized_k50,0.7198275862068966,2.3360078087236373,4.074399041138603,0.05603448275862066,0.07336685565967249,-0.43320253652152996
utmos,nisqa_test_p501,20270847,mahalanobis_mondrian,0.9166666666666666,2.3140921453634897,2.6192656219005586,-0.004166666666666652,0.051451192299524884,0.05720332860946664
utmos,nisqa_test_p501,20270847,predicted_mos_mondrian,0.925,2.254907655715942,2.5499936024347942,0.004166666666666763,-0.007733297348022639,-0.012068690856297692
utmos,nisqa_test_p501,20270847,mos_extremity_mondrian,0.9375,2.2897956411043805,2.4827605923016867,0.01666666666666672,0.027154688040415653,-0.07930170098940525
utmos,nisqa_test_p501,20270847,local_residual_mondrian_k10,0.9125,2.2517067392667136,2.613551219304403,-0.008333333333333304,-0.010934213797251235,0.0514889260133109
utmos,nisqa_test_p501,20270847,local_residual_normalized_k10,0.9083333333333333,2.201936689329246,2.746362907945681,-0.012499999999999956,-0.06070426373471882,0.1843006146545889
utmos,nisqa_test_p501,20270847,local_residual_mondrian_k25,0.925,2.2646373003721236,2.5958720336357755,0.004166666666666763,0.0019963473081587857,0.033809740344683537
utmos,nisqa_test_p501,20270847,local_residual_normalized_k25,0.9083333333333333,2.1756365718747874,2.5756031792414813,-0.012499999999999956,-0.08700438118917742,0.01354088595038938
utmos,nisqa_test_p501,20270847,local_residual_mondrian_k50,0.9375,2.24251944621404,2.5658790747324627,0.01666666666666672,-0.020121506849924753,0.0038167814413707646
utmos,nisqa_test_p501,20270847,local_residual_normalized_k50,0.9166666666666666,2.2304621919182708,2.602369905758849,-0.004166666666666652,-0.03217876114569407,0.04030761246775727
utmos,nisqa_val_sim,20270848,mahalanobis_mondrian,0.9264,2.425519343185425,2.8424759567260742,-0.013599999999999945,-0.03074253005981431,0.003978922653198325
utmos,nisqa_val_sim,20270848,predicted_mos_mondrian,0.924,2.3742847467422483,2.761149355506897,-0.015999999999999903,-0.08197712650299094,-0.07734767856597902
utmos,nisqa_val_sim,20270848,mos_extremity_mondrian,0.9384,2.4496646701812743,2.8579272090911867,-0.0015999999999999348,-0.00659720306396494,0.01943017501831079
utmos,nisqa_val_sim,20270848,local_residual_mondrian_k10,0.9408,2.4494592765808108,2.786338817977905,0.0008000000000000229,-0.006802596664428506,-0.05215821609497073
utmos,nisqa_val_sim,20270848,local_residual_normalized_k10,0.9376,2.476475174456195,2.804512585952772,-0.0023999999999999577,0.02021330121095577,-0.03398444812010393
utmos,nisqa_val_sim,20270848,local_residual_mondrian_k25,0.9456,2.4787174142837523,2.808950602912903,0.005600000000000049,0.022455541038512994,-0.029546431159972908
utmos,nisqa_val_sim,20270848,local_residual_normalized_k25,0.9368,2.377668364860961,2.73703362162517,-0.0031999999999999806,-0.07859350838427837,-0.10146341244770607
utmos,nisqa_val_sim,20270848,local_residual_mondrian_k50,0.9448,2.400915580368042,2.7661795574188233,0.0048000000000000265,-0.05534629287719728,-0.07231747665405264
utmos,nisqa_val_sim,20270848,local_residual_normalized_k50,0.9264,2.288557566278394,2.7030380763727657,-0.013599999999999945,-0.16770430696684535,-0.13545895770011018
utmos,nisqa_train_live,20270848,mahalanobis_mondrian,0.842156862745098,2.469297544628966,3.309870577326008,-0.007843137254901933,0.013035671383726743,0.10217607956306596
utmos,nisqa_train_live,20270848,predicted_mos_mondrian,0.8627450980392157,2.4934617781171613,3.3018136992174036,0.012745098039215752,0.03719990487192204,0.09411920145446162
utmos,nisqa_train_live,20270848,mos_extremity_mondrian,0.8323529411764706,2.358229073589923,3.277950380128973,-0.01764705882352935,-0.09803279965531608,0.07025588236603086
utmos,nisqa_train_live,20270848,local_residual_mondrian_k10,0.8490196078431372,2.339257024082483,3.181361085059596,-0.0009803921568627416,-0.11700484916275622,-0.026333412703345882
utmos,nisqa_train_live,20270848,local_residual_normalized_k10,0.8137254901960784,2.2260692250949066,3.3093000234922516,-0.03627450980392155,-0.2301926481503327,0.10160552572930959
utmos,nisqa_train_live,20270848,local_residual_mondrian_k25,0.8578431372549019,2.368127443743687,3.1855260386186486,0.007843137254901933,-0.08813442950155226,-0.02216845914429344
utmos,nisqa_train_live,20270848,local_residual_normalized_k25,0.8401960784313726,2.2706203818455606,3.1918036673558565,-0.009803921568627416,-0.18564149139967867,-0.0158908304070855
utmos,nisqa_train_live,20270848,local_residual_mondrian_k50,0.8294117647058824,2.2209927266719296,3.412029530721552,-0.020588235294117574,-0.23526914657330966,0.20433503295861
utmos,nisqa_train_live,20270848,local_residual_normalized_k50,0.8196078431372549,2.210375823238729,3.2687894663083075,-0.0303921568627451,-0.2458860500065101,0.06109496854536545
utmos,nisqa_val_live,20270848,mahalanobis_mondrian,0.835,2.47043851852417,3.466516389846802,0.0050000000000000044,0.0141766452789307,0.0570945405960086
utmos,nisqa_val_live,20270848,predicted_mos_mondrian,0.83,2.5094476389884948,3.5192990350723266,0.0,0.05318576574325551,0.10987718582153327
utmos,nisqa_val_live,20270848,mos_extremity_mondrian,0.815,2.3592643463611602,3.5211579525470733,-0.015000000000000013,-0.09699752688407903,0.11173610329628003
utmos,nisqa_val_live,20270848,local_residual_mondrian_k10,0.825,2.319969722032547,3.3377287471294403,-0.0050000000000000044,-0.13629215121269223,-0.07169310212135294
utmos,nisqa_val_live,20270848,local_residual_normalized_k10,0.805,2.198257287676622,3.365505019897823,-0.02499999999999991,-0.2580045855686173,-0.043916829352970144
utmos,nisqa_val_live,20270848,local_residual_mondrian_k25,0.83,2.3355247592926025,3.449931309223175,0.0,-0.12073711395263675,0.040509459972381645
utmos,nisqa_val_live,20270848,local_residual_normalized_k25,0.825,2.240729158498536,3.4781609468838597,-0.0050000000000000044,-0.2155327147467032,0.0687390976330664
utmos,nisqa_val_live,20270848,local_residual_mondrian_k50,0.82,2.2056302046775818,3.2599979138374326,-0.010000000000000009,-0.2506316685676575,-0.14942393541336063
utmos,nisqa_val_live,20270848,local_residual_normalized_k50,0.795,2.2024409938906975,3.3329919407805537,-0.03499999999999992,-0.2538208793545418,-0.07642990847023956
utmos,nisqa_test_for,20270848,mahalanobis_mondrian,0.925,2.4107656359672545,2.7264443814754484,-0.02083333333333326,-0.0454962372779848,0.013421920935312581
utmos,nisqa_test_for,20270848,predicted_mos_mondrian,0.95,2.627798686424891,2.8755067586898804,0.004166666666666652,0.17153681317965175,0.16248429814974452
utmos,nisqa_test_for,20270848,mos_extremity_mondrian,0.9458333333333333,2.445671021938324,2.7281050781408944,0.0,-0.010590851306915283,0.015082617600758574
utmos,nisqa_test_for,20270848,local_residual_mondrian_k10,0.9166666666666666,2.3925097783406577,2.7135865092277527,-0.029166666666666674,-0.06375209490458156,0.000564048687616836
utmos,nisqa_test_for,20270848,local_residual_normalized_k10,0.9083333333333333,2.3613557817216333,2.7710113406787213,-0.03749999999999998,-0.09490609152360596,0.0579888801385855
utmos,nisqa_test_for,20270848,local_residual_mondrian_k25,0.9416666666666667,2.49593264957269,2.794987470904986,-0.004166666666666652,0.03967077632745086,0.08196501036485015
utmos,nisqa_test_for,20270848,local_residual_normalized_k25,0.9291666666666667,2.4089233307646443,2.7378907116720277,-0.016666666666666607,-0.04733854248059499,0.02486825113189184
utmos,nisqa_test_for,20270848,local_residual_mondrian_k50,0.9458333333333333,2.4844263583421706,2.8306087841590246,0.0,0.02816448509693137,0.11758632361888877
utmos,nisqa_test_for,20270848,local_residual_normalized_k50,0.9333333333333333,2.361209861447542,2.722204785059856,-0.012499999999999956,-0.0950520117976974,0.009182324519720009
utmos,nisqa_test_livetalk,20270848,mahalanobis_mondrian,0.7198275862068966,2.4461761651367975,4.24001309583927,0.0,-0.010085708108441782,0.14843479723765896
utmos,nisqa_test_livetalk,20270848,predicted_mos_mondrian,0.7844827586206896,2.6174927877968757,3.814962515543247,0.06465517241379304,0.1612309145516364,-0.276615783058364
utmos,nisqa_test_livetalk,20270848,mos_extremity_mondrian,0.7155172413793104,2.4125281952578446,4.17808118051496,-0.004310344827586188,-0.04373367798739469,0.08650288191334887
utmos,nisqa_test_livetalk,20270848,local_residual_mondrian_k10,0.7068965517241379,2.4099425211034973,4.2608834864764376,-0.012931034482758674,-0.04631935214174199,0.1693051878748264
utmos,nisqa_test_livetalk,20270848,local_residual_normalized_k10,0.7068965517241379,2.414822739782974,4.6200610453004725,-0.012931034482758674,-0.04143913346226524,0.5284827466988613
utmos,nisqa_test_livetalk,20270848,local_residual_mondrian_k25,0.7413793103448276,2.4624315161129524,4.207667096935469,0.02155172413793105,0.006169642867713154,0.1160887983338581
utmos,nisqa_test_livetalk,20270848,local_residual_normalized_k25,0.6939655172413793,2.3766324588478094,4.365494184777119,-0.025862068965517238,-0.07962941439742988,0.2739158861755078
utmos,nisqa_test_livetalk,20270848,local_residual_mondrian_k50,0.7068965517241379,2.451109139056041,4.137674686209909,-0.012931034482758674,-0.005152734189198149,0.04609638760829782
utmos,nisqa_test_livetalk,20270848,local_residual_normalized_k50,0.6810344827586207,2.36065480060382,4.219273638205481,-0.03879310344827591,-0.09560707264141932,0.12769533960386958
utmos,nisqa_test_p501,20270848,mahalanobis_mondrian,0.9458333333333333,2.462113662560781,2.65366136431694,0.0,0.0058517893155416445,0.03078802824020377
utmos,nisqa_test_p501,20270848,predicted_mos_mondrian,0.9166666666666666,2.3469269911448163,2.6718565861384076,-0.029166666666666674,-0.10933488210042297,0.048983250061671146
utmos,nisqa_test_p501,20270848,mos_extremity_mondrian,0.9541666666666667,2.4631104369958243,2.655049294233322,0.008333333333333415,0.006848563750585068,0.03217595815658569
utmos,nisqa_test_p501,20270848,local_residual_mondrian_k10,0.9333333333333333,2.399023378888766,2.653778081138929,-0.012499999999999956,-0.057238494356473435,0.03090474506219243
utmos,nisqa_test_p501,20270848,local_residual_normalized_k10,0.9208333333333333,2.379720023496709,2.7981093842696336,-0.025000000000000022,-0.0765418497485304,0.17523604819289718
utmos,nisqa_test_p501,20270848,local_residual_mondrian_k25,0.9333333333333333,2.4079789449771245,2.636350694298744,-0.012499999999999956,-0.048282928268114755,0.013477358222007574
utmos,nisqa_test_p501,20270848,local_residual_normalized_k25,0.9125,2.312745433013193,2.5879238336517165,-0.033333333333333326,-0.14351644023204635,-0.03494950242501993
utmos,nisqa_test_p501,20270848,local_residual_mondrian_k50,0.9458333333333333,2.402686749895414,2.6524427781502404,0.0,-0.05357512334982539,0.029569442073503982
utmos,nisqa_test_p501,20270848,local_residual_normalized_k50,0.9333333333333333,2.2904352215815065,2.5811578615050172,-0.012499999999999956,-0.16582665166373278,-0.0417154745717192
utmos,nisqa_val_sim,20270849,mahalanobis_mondrian,0.9288,2.398032575416565,2.8560297258377076,0.005599999999999938,0.0696353013992308,0.01314924983978294
utmos,nisqa_val_sim,20270849,predicted_mos_mondrian,0.9184,2.350037866973877,2.785857082748413,-0.0048000000000000265,0.02164059295654308,-0.05702339324951167
utmos,nisqa_val_sim,20270849,mos_extremity_mondrian,0.9176,2.3777893381118775,2.8479080514907835,-0.005600000000000049,0.04939206409454355,0.005027575492858816
utmos,nisqa_val_sim,20270849,local_residual_mondrian_k10,0.9048,2.2561313898086546,2.7793729288101194,-0.018399999999999972,-0.07226588420867941,-0.06350754718780527
utmos,nisqa_val_sim,20270849,local_residual_normalized_k10,0.9128,2.3143776701192973,2.817667997329446,-0.010400000000000076,-0.014019603898036692,-0.025212478668478866
utmos,nisqa_val_sim,20270849,local_residual_mondrian_k25,0.916,2.320905859565735,2.812505566215515,-0.007199999999999984,-0.0074914144515991765,-0.03037490978240953
utmos,nisqa_val_sim,20270849,local_residual_normalized_k25,0.9144,2.270595790360549,2.762071555132445,-0.00880000000000003,-0.057801483656784836,-0.08080892086547964
utmos,nisqa_val_sim,20270849,local_residual_mondrian_k50,0.9104,2.2596618255615235,2.7993179878234864,-0.012800000000000034,-0.06873544845581048,-0.04356248817443831
utmos,nisqa_val_sim,20270849,local_residual_normalized_k50,0.9016,2.2409682339443475,2.794754056849291,-0.021600000000000064,-0.08742904007298646,-0.048126419148633914
utmos,nisqa_train_live,20270849,mahalanobis_mondrian,0.842156862745098,2.4115998076457603,3.253122489592608,0.01666666666666672,0.08320253362842633,-0.03237632583169381
utmos,nisqa_train_live,20270849,predicted_mos_mondrian,0.8990196078431373,2.655480349998848,3.1370542519232805,0.07352941176470595,0.327083075981514,-0.14844456350102142
utmos,nisqa_train_live,20270849,mos_extremity_mondrian,0.8480392156862745,2.4848645357524646,3.2708882179914736,0.022549019607843168,0.1564672617351306,-0.014610597432828332
utmos,nisqa_train_live,20270849,local_residual_mondrian_k10,0.7833333333333333,2.1043829340560762,3.5026059835564856,-0.042156862745098,-0.22401433996125775,0.21710716813218367
utmos,nisqa_train_live,20270849,local_residual_normalized_k10,0.7411764705882353,2.01520097451576,3.765178069811263,-0.084313725490196,-0.3131962995015738,0.47967925438696124
utmos,nisqa_train_live,20270849,local_residual_mondrian_k25,0.8068627450980392,2.2351711497587314,3.3702828977622237,-0.01862745098039209,-0.09322612425860255,0.08478408233792178
utmos,nisqa_train_live,20270849,local_residual_normalized_k25,0.7558823529411764,2.0245577447112155,3.6431072091786407,-0.06960784313725488,-0.30383952930611846,0.35760839375433884
utmos,nisqa_train_live,20270849,local_residual_mondrian_k50,0.8088235294117647,2.2288425295960668,3.3224005068049713,-0.016666666666666607,-0.09955474442126722,0.036901691380669455
utmos,nisqa_train_live,20270849,local_residual_normalized_k50,0.7490196078431373,2.0234615242402096,3.665072356632413,-0.07647058823529407,-0.30493574977712434,0.37957354120811093
utmos,nisqa_val_live,20270849,mahalanobis_mondrian,0.8,2.409201947450638,3.453941444158554,0.0050000000000000044,0.08080467343330389,-0.0790213668346409
utmos,nisqa_val_live,20270849,predicted_mos_mondrian,0.89,2.6470535457134248,3.302045315504074,0.09499999999999997,0.3186562716960908,-0.23091749548912066
utmos,nisqa_val_live,20270849,mos_extremity_mondrian,0.82,2.4689728629589083,3.4846534621715546,0.02499999999999991,0.1405755889415743,-0.048309348821640175
utmos,nisqa_val_live,20270849,local_residual_mondrian_k10,0.745,2.080769650936127,3.922472529411316,-0.050000000000000044,-0.24762762308120712,0.3895097184181213
utmos,nisqa_val_live,20270849,local_residual_normalized_k10,0.72,1.9795667800965446,4.150800603967792,-0.07500000000000007,-0.34883049392078935,0.6178377929745968
utmos,nisqa_val_live,20270849,local_residual_mondrian_k25,0.8,2.2180531573295594,3.7254291009902953,0.0050000000000000044,-0.11034411668777455,0.19246628999710058
utmos,nisqa_val_live,20270849,local_residual_normalized_k25,0.74,2.010843689675678,3.9682273479526593,-0.05500000000000005,-0.31755358434165615,0.43526453695946454
utmos,nisqa_val_live,20270849,local_residual_mondrian_k50,0.77,2.21503032207489,3.6260140991210936,-0.025000000000000022,-0.11336695194244406,0.09305128812789887
utmos,nisqa_val_live,20270849,local_residual_normalized_k50,0.735,2.014057380420006,3.990366712488873,-0.06000000000000005,-0.31433989359732806,0.45740390149567833
utmos,nisqa_test_for,20270849,mahalanobis_mondrian,0.9416666666666667,2.396663091580073,2.6884238640467326,0.008333333333333304,0.06826581756273908,0.030656588077545344
utmos,nisqa_test_for,20270849,predicted_mos_mondrian,0.9541666666666667,2.566724059979121,2.748974092801412,0.02083333333333337,0.23832678596178702,0.09120681683222465
utmos,nisqa_test_for,20270849,mos_extremity_mondrian,0.9291666666666667,2.39124888976415,2.651146270831426,-0.004166666666666652,0.06285161574681597,-0.0066210051377613155
utmos,nisqa_test_for,20270849,local_residual_mondrian_k10,0.9125,2.2115216195583343,2.7491538166999816,-0.02083333333333337,-0.11687565445899972,0.09138654073079433
utmos,nisqa_test_for,20270849,local_residual_normalized_k10,0.8791666666666667,2.2431094753173086,2.839997924867593,-0.054166666666666696,-0.08528779870002534,0.1822306488984058
utmos,nisqa_test_for,20270849,local_residual_mondrian_k25,0.9375,2.338972784082095,2.6722366978724796,0.004166666666666652,0.010575510064760874,0.014469421903292368
utmos,nisqa_test_for,20270849,local_residual_normalized_k25,0.9208333333333333,2.2545731716755855,2.6669357743103315,-0.012500000000000067,-0.07382410234174852,0.009168498341144193
utmos,nisqa_test_for,20270849,local_residual_mondrian_k50,0.9375,2.3028221130371094,2.644374986489614,0.004166666666666652,-0.02557516098022461,-0.013392289479573272
utmos,nisqa_test_for,20270849,local_residual_normalized_k50,0.925,2.2067715155156664,2.6039653606011695,-0.008333333333333304,-0.12162575850166757,-0.053801915368017816
utmos,nisqa_test_livetalk,20270849,mahalanobis_mondrian,0.6982758620689655,2.4014317167216332,4.2186169480455336,0.030172413793103425,0.07303444270429926,-0.13400463400215923
utmos,nisqa_test_livetalk,20270849,predicted_mos_mondrian,0.7543103448275862,2.5977295164404244,3.9144224175091447,0.08620689655172409,0.2693322424230904,-0.4381991645385481
utmos,nisqa_test_livetalk,20270849,mos_extremity_mondrian,0.7068965517241379,2.3978346504014114,4.261647762923405,0.0387931034482758,0.06943737638407743,-0.09097381912428748
utmos,nisqa_test_livetalk,20270849,local_residual_mondrian_k10,0.6508620689655172,2.179418311036866,4.769118091155743,-0.017241379310344862,-0.14897896298046787,0.41649650910805036
utmos,nisqa_test_livetalk,20270849,local_residual_normalized_k10,0.6336206896551724,2.2101974356897545,5.0005793945696055,-0.034482758620689724,-0.11819983832757952,0.6479578125219128
utmos,nisqa_test_livetalk,20270849,local_residual_mondrian_k25,0.6810344827586207,2.3009494337542304,4.454489820990069,0.012931034482758563,-0.02744784026310354,0.10186823894237662
utmos,nisqa_test_livetalk,20270849,local_residual_normalized_k25,0.6767241379310345,2.223553649805385,4.708751015276247,0.008620689655172376,-0.10484362421194904,0.3561294332285545
utmos,nisqa_test_livetalk,20270849,local_residual_mondrian_k50,0.6594827586206896,2.2860142650275397,4.417115589668011,-0.008620689655172487,-0.0423830089897943,0.06449400762031843
utmos,nisqa_test_livetalk,20270849,local_residual_normalized_k50,0.6508620689655172,2.1837030025579387,4.616627145385973,-0.017241379310344862,-0.14469427145939529,0.26400556333828007
utmos,nisqa_test_p501,20270849,mahalanobis_mondrian,0.9375,2.403626329700152,2.608200427889824,0.012499999999999956,0.07522905568281812,0.030623860160509775
utmos,nisqa_test_p501,20270849,predicted_mos_mondrian,0.9208333333333333,2.306875533858935,2.600164966781934,-0.004166666666666763,-0.021521740158398917,0.022588399052619668
utmos,nisqa_test_p501,20270849,mos_extremity_mondrian,0.9416666666666667,2.3333549708127976,2.499598146478335,0.016666666666666607,0.004957696795463651,-0.07797842125097931
utmos,nisqa_test_p501,20270849,local_residual_mondrian_k10,0.925,2.227008471886317,2.649529149134954,0.0,-0.1013888021310172,0.07195258140563965
utmos,nisqa_test_p501,20270849,local_residual_normalized_k10,0.9,2.293816779598173,2.7957952648181057,-0.025000000000000022,-0.03458049441916078,0.21821869708879138
utmos,nisqa_test_p501,20270849,local_residual_mondrian_k25,0.9208333333333333,2.306146862109502,2.544677209854126,-0.004166666666666763,-0.022250411907831946,-0.03289935787518816
utmos,nisqa_test_p501,20270849,local_residual_normalized_k25,0.9208333333333333,2.2617455269856404,2.6303041677613157,-0.004166666666666763,-0.06665174703169363,0.05272760003200139
utmos,nisqa_test_p501,20270849,local_residual_mondrian_k50,0.9291666666666667,2.2457025766372682,2.5127119541168215,0.004166666666666652,-0.08269469738006574,-0.06486461361249285
utmos,nisqa_test_p501,20270849,local_residual_normalized_k50,0.9333333333333333,2.240203581230982,2.528613303101578,0.008333333333333304,-0.08819369278635181,-0.04896326462773626
