filepath,sample_id,system_id,mos,dataset,ref_dnsmos_ovrl,ref_nisqa_mos,ref_utmos
C:\Users\rffela\OneDrive - GN Store Nord\Documents\Jabra\2026\Development\2027 ICASSP\data\URGENT2025_SQA_scaled\audio\urgent25_blind_test_fileid_000029.flac,urgent25_blind_test_fileid_000029,urgent25_blind_test_submission_716,1.375,urgent2025_sqa_scaled,1.4475988149642944,1.3729451894760132,1.2405225038528442
C:\Users\rffela\OneDrive - GN Store Nord\Documents\Jabra\2026\Development\2027 ICASSP\data\URGENT2025_SQA_scaled\audio\urgent25_blind_test_fileid_000178.flac,urgent25_blind_test_fileid_000178,urgent25_blind_test_submission_716,1.125,urgent2025_sqa_scaled,1.2878034114837646,1.308005452156067,1.2298946380615234
C:\Users\rffela\OneDrive - GN Store Nord\Documents\Jabra\2026\Development\2027 ICASSP\data\URGENT2025_SQA_scaled\audio\urgent25_blind_test_fileid_000238.flac,urgent25_blind_test_fileid_000238,urgent25_blind_test_submission_716,1.5,urgent2025_sqa_scaled,1.126291036605835,1.8003915548324585,1.2733430862426758
C:\Users\rffela\OneDrive - GN Store Nord\Documents\Jabra\2026\Development\2027 ICASSP\data\URGENT2025_SQA_scaled\audio\urgent25_blind_test_fileid_000239.flac,urgent25_blind_test_fileid_000239,urgent25_blind_test_submission_716,2.125,urgent2025_sqa_scaled,2.331216812133789,2.202807664871216,1.4869917631149292
C:\Users\rffela\OneDrive - GN Store Nord\Documents\Jabra\2026\Development\2027 ICASSP\data\URGENT2025_SQA_scaled\audio\urgent25_blind_test_fileid_000270.flac,urgent25_blind_test_fileid_000270,urgent25_blind_test_submission_716,1.625,urgent2025_sqa_scaled,1.1239137649536133,1.173952579498291,1.270897388458252
C:\Users\rffela\OneDrive - GN Store Nord\Documents\Jabra\2026\Development\2027 ICASSP\data\URGENT2025_SQA_scaled\audio\urgent25_blind_test_fileid_000345.flac,urgent25_blind_test_fileid_000345,urgent25_blind_test_submission_716,1.25,urgent2025_sqa_scaled,1.3986915349960327,1.1358824968338013,1.3159723281860352
C:\Users\rffela\OneDrive - GN Store Nord\Documents\Jabra\2026\Development\2027 ICASSP\data\URGENT2025_SQA_scaled\audio\urgent25_blind_test_fileid_000373.flac,urgent25_blind_test_fileid_000373,urgent25_blind_test_submission_716,2.375,urgent2025_sqa_scaled,1.8586819171905518,1.818779468536377,1.28183913230896
C:\Users\rffela\OneDrive - GN Store Nord\Documents\Jabra\2026\Development\2027 ICASSP\data\URGENT2025_SQA_scaled\audio\urgent25_blind_test_fileid_000531.flac,urgent25_blind_test_fileid_000531,urgent25_blind_test_submission_716,1.0,urgent2025_sqa_scaled,1.074498176574707,0.5971880555152893,1.3443914651870728
C:\Users\rffela\OneDrive - GN Store Nord\Documents\Jabra\2026\Development\2027 ICASSP\data\URGENT2025_SQA_scaled\audio\urgent25_blind_test_fileid_000618.flac,urgent25_blind_test_fileid_000618,urgent25_blind_test_submission_716,2.25,urgent2025_sqa_scaled,1.8283969163894653,1.0964937210083008,1.2909369468688965
C:\Users\rffela\OneDrive - GN Store Nord\Documents\Jabra\2026\Development\2027 ICASSP\data\URGENT2025_SQA_scaled\audio\urgent25_blind_test_fileid_000668.flac,urgent25_blind_test_fileid_000668,urgent25_blind_test_submission_716,3.25,urgent2025_sqa_scaled,2.7103066444396973,2.8531038761138916,3.0880701541900635
C:\Users\rffela\OneDrive - GN Store Nord\Documents\Jabra\2026\Development\2027 ICASSP\data\URGENT2025_SQA_scaled\audio\urgent25_blind_test_fileid_000748.flac,urgent25_blind_test_fileid_000748,urgent25_blind_test_submission_716,2.75,urgent2025_sqa_scaled,2.8906140327453613,2.1633002758026123,2.590212345123291
C:\Users\rffela\OneDrive - GN Store Nord\Documents\Jabra\2026\Development\2027 ICASSP\data\URGENT2025_SQA_scaled\audio\urgent25_blind_test_fileid_000762.flac,urgent25_blind_test_fileid_000762,urgent25_blind_test_submission_716,1.625,urgent2025_sqa_scaled,1.4773677587509155,1.000388264656067,1.2577465772628784
C:\Users\rffela\OneDrive - GN Store Nord\Documents\Jabra\2026\Development\2027 ICASSP\data\URGENT2025_SQA_scaled\audio\urgent25_blind_test_fileid_000772.flac,urgent25_blind_test_fileid_000772,urgent25_blind_test_submission_716,2.625,urgent2025_sqa_scaled,3.1041104793548584,1.8735336065292358,1.5183511972427368
C:\Users\rffela\OneDrive - GN Store Nord\Documents\Jabra\2026\Development\2027 ICASSP\data\URGENT2025_SQA_scaled\audio\urgent25_blind_test_fileid_000884.flac,urgent25_blind_test_fileid_000884,urgent25_blind_test_submission_716,1.75,urgent2025_sqa_scaled,2.023493528366089,1.2483606338500977,1.9599803686141968
C:\Users\rffela\OneDrive - GN Store Nord\Documents\Jabra\2026\Development\2027 ICASSP\data\URGENT2025_SQA_scaled\audio\urgent25_blind_test_fileid_000029.flac,urgent25_blind_test_fileid_000029,urgent25_blind_test_submission_719,2.875,urgent2025_sqa_scaled,2.7975289821624756,1.9714752435684204,1.3626412153244019
C:\Users\rffela\OneDrive - GN Store Nord\Documents\Jabra\2026\Development\2027 ICASSP\data\URGENT2025_SQA_scaled\audio\urgent25_blind_test_fileid_000178.flac,urgent25_blind_test_fileid_000178,urgent25_blind_test_submission_719,1.0,urgent2025_sqa_scaled,1.9437005519866943,1.6578854322433472,1.2352100610733032
C:\Users\rffela\OneDrive - GN Store Nord\Documents\Jabra\2026\Development\2027 ICASSP\data\URGENT2025_SQA_scaled\audio\urgent25_blind_test_fileid_000238.flac,urgent25_blind_test_fileid_000238,urgent25_blind_test_submission_719,3.0,urgent2025_sqa_scaled,2.3650758266448975,1.981716513633728,1.284220576286316
C:\Users\rffela\OneDrive - GN Store Nord\Documents\Jabra\2026\Development\2027 ICASSP\data\URGENT2025_SQA_scaled\audio\urgent25_blind_test_fileid_000239.flac,urgent25_blind_test_fileid_000239,urgent25_blind_test_submission_719,3.375,urgent2025_sqa_scaled,3.2565078735351562,3.3314931392669678,2.857081174850464
C:\Users\rffela\OneDrive - GN Store Nord\Documents\Jabra\2026\Development\2027 ICASSP\data\URGENT2025_SQA_scaled\audio\urgent25_blind_test_fileid_000270.flac,urgent25_blind_test_fileid_000270,urgent25_blind_test_submission_719,2.625,urgent2025_sqa_scaled,2.759885311126709,2.6875503063201904,1.3233164548873901
C:\Users\rffela\OneDrive - GN Store Nord\Documents\Jabra\2026\Development\2027 ICASSP\data\URGENT2025_SQA_scaled\audio\urgent25_blind_test_fileid_000345.flac,urgent25_blind_test_fileid_000345,urgent25_blind_test_submission_719,1.625,urgent2025_sqa_scaled,2.518141269683838,1.8178383111953735,1.3161828517913818
C:\Users\rffela\OneDrive - GN Store Nord\Documents\Jabra\2026\Development\2027 ICASSP\data\URGENT2025_SQA_scaled\audio\urgent25_blind_test_fileid_000373.flac,urgent25_blind_test_fileid_000373,urgent25_blind_test_submission_719,2.375,urgent2025_sqa_scaled,2.827752113342285,1.7255581617355347,1.305586576461792
C:\Users\rffela\OneDrive - GN Store Nord\Documents\Jabra\2026\Development\2027 ICASSP\data\URGENT2025_SQA_scaled\audio\urgent25_blind_test_fileid_000531.flac,urgent25_blind_test_fileid_000531,urgent25_blind_test_submission_719,1.75,urgent2025_sqa_scaled,2.9466042518615723,2.1209800243377686,1.2607123851776123
C:\Users\rffela\OneDrive - GN Store Nord\Documents\Jabra\2026\Development\2027 ICASSP\data\URGENT2025_SQA_scaled\audio\urgent25_blind_test_fileid_000618.flac,urgent25_blind_test_fileid_000618,urgent25_blind_test_submission_719,2.0,urgent2025_sqa_scaled,2.9385626316070557,1.7986623048782349,1.5299763679504395
C:\Users\rffela\OneDrive - GN Store Nord\Documents\Jabra\2026\Development\2027 ICASSP\data\URGENT2025_SQA_scaled\audio\urgent25_blind_test_fileid_000668.flac,urgent25_blind_test_fileid_000668,urgent25_blind_test_submission_719,3.75,urgent2025_sqa_scaled,2.9567933082580566,3.455216407775879,3.1994340419769287
C:\Users\rffela\OneDrive - GN Store Nord\Documents\Jabra\2026\Development\2027 ICASSP\data\URGENT2025_SQA_scaled\audio\urgent25_blind_test_fileid_000748.flac,urgent25_blind_test_fileid_000748,urgent25_blind_test_submission_719,3.875,urgent2025_sqa_scaled,3.1543357372283936,1.9992176294326782,2.582385301589966
C:\Users\rffela\OneDrive - GN Store Nord\Documents\Jabra\2026\Development\2027 ICASSP\data\URGENT2025_SQA_scaled\audio\urgent25_blind_test_fileid_000762.flac,urgent25_blind_test_fileid_000762,urgent25_blind_test_submission_719,2.125,urgent2025_sqa_scaled,2.4973013401031494,1.9779123067855835,1.3521761894226074
C:\Users\rffela\OneDrive - GN Store Nord\Documents\Jabra\2026\Development\2027 ICASSP\data\URGENT2025_SQA_scaled\audio\urgent25_blind_test_fileid_000772.flac,urgent25_blind_test_fileid_000772,urgent25_blind_test_submission_719,3.625,urgent2025_sqa_scaled,2.9632136821746826,2.7165863513946533,1.8159334659576416
C:\Users\rffela\OneDrive - GN Store Nord\Documents\Jabra\2026\Development\2027 ICASSP\data\URGENT2025_SQA_scaled\audio\urgent25_blind_test_fileid_000884.flac,urgent25_blind_test_fileid_000884,urgent25_blind_test_submission_719,2.25,urgent2025_sqa_scaled,2.612212657928467,2.5387485027313232,1.8143763542175293
C:\Users\rffela\OneDrive - GN Store Nord\Documents\Jabra\2026\Development\2027 ICASSP\data\URGENT2025_SQA_scaled\audio\urgent25_blind_test_fileid_000029.flac,urgent25_blind_test_fileid_000029,urgent25_blind_test_submission_728,3.0,urgent2025_sqa_scaled,2.5768651962280273,1.8536123037338257,1.362740159034729
C:\Users\rffela\OneDrive - GN Store Nord\Documents\Jabra\2026\Development\2027 ICASSP\data\URGENT2025_SQA_scaled\audio\urgent25_blind_test_fileid_000178.flac,urgent25_blind_test_fileid_000178,urgent25_blind_test_submission_728,1.25,urgent2025_sqa_scaled,2.440746307373047,1.040948510169983,1.3369594812393188
C:\Users\rffela\OneDrive - GN Store Nord\Documents\Jabra\2026\Development\2027 ICASSP\data\URGENT2025_SQA_scaled\audio\urgent25_blind_test_fileid_000238.flac,urgent25_blind_test_fileid_000238,urgent25_blind_test_submission_728,2.125,urgent2025_sqa_scaled,2.2821221351623535,1.41055166721344,1.2542580366134644
C:\Users\rffela\OneDrive - GN Store Nord\Documents\Jabra\2026\Development\2027 ICASSP\data\URGENT2025_SQA_scaled\audio\urgent25_blind_test_fileid_000239.flac,urgent25_blind_test_fileid_000239,urgent25_blind_test_submission_728,4.0,urgent2025_sqa_scaled,3.222614288330078,3.4853744506835938,2.0257205963134766
C:\Users\rffela\OneDrive - GN Store Nord\Documents\Jabra\2026\Development\2027 ICASSP\data\URGENT2025_SQA_scaled\audio\urgent25_blind_test_fileid_000270.flac,urgent25_blind_test_fileid_000270,urgent25_blind_test_submission_728,1.125,urgent2025_sqa_scaled,2.5758204460144043,1.1384607553482056,1.2854384183883667
C:\Users\rffela\OneDrive - GN Store Nord\Documents\Jabra\2026\Development\2027 ICASSP\data\URGENT2025_SQA_scaled\audio\urgent25_blind_test_fileid_000345.flac,urgent25_blind_test_fileid_000345,urgent25_blind_test_submission_728,1.5,urgent2025_sqa_scaled,1.7257429361343384,0.9536874890327454,1.320579171180725
C:\Users\rffela\OneDrive - GN Store Nord\Documents\Jabra\2026\Development\2027 ICASSP\data\URGENT2025_SQA_scaled\audio\urgent25_blind_test_fileid_000373.flac,urgent25_blind_test_fileid_000373,urgent25_blind_test_submission_728,2.25,urgent2025_sqa_scaled,2.645289897918701,1.4980939626693726,1.3235334157943726
C:\Users\rffela\OneDrive - GN Store Nord\Documents\Jabra\2026\Development\2027 ICASSP\data\URGENT2025_SQA_scaled\audio\urgent25_blind_test_fileid_000531.flac,urgent25_blind_test_fileid_000531,urgent25_blind_test_submission_728,1.875,urgent2025_sqa_scaled,2.075019598007202,2.1940982341766357,1.2421680688858032
C:\Users\rffela\OneDrive - GN Store Nord\Documents\Jabra\2026\Development\2027 ICASSP\data\URGENT2025_SQA_scaled\audio\urgent25_blind_test_fileid_000618.flac,urgent25_blind_test_fileid_000618,urgent25_blind_test_submission_728,2.25,urgent2025_sqa_scaled,2.612680435180664,1.1764894723892212,1.3296881914138794
C:\Users\rffela\OneDrive - GN Store Nord\Documents\Jabra\2026\Development\2027 ICASSP\data\URGENT2025_SQA_scaled\audio\urgent25_blind_test_fileid_000668.flac,urgent25_blind_test_fileid_000668,urgent25_blind_test_submission_728,3.375,urgent2025_sqa_scaled,2.832672357559204,3.74969482421875,3.2181644439697266
C:\Users\rffela\OneDrive - GN Store Nord\Documents\Jabra\2026\Development\2027 ICASSP\data\URGENT2025_SQA_scaled\audio\urgent25_blind_test_fileid_000748.flac,urgent25_blind_test_fileid_000748,urgent25_blind_test_submission_728,4.125,urgent2025_sqa_scaled,2.9903903007507324,2.774646759033203,2.469731569290161
C:\Users\rffela\OneDrive - GN Store Nord\Documents\Jabra\2026\Development\2027 ICASSP\data\URGENT2025_SQA_scaled\audio\urgent25_blind_test_fileid_000762.flac,urgent25_blind_test_fileid_000762,urgent25_blind_test_submission_728,1.375,urgent2025_sqa_scaled,1.7702847719192505,1.0398497581481934,1.318316102027893
C:\Users\rffela\OneDrive - GN Store Nord\Documents\Jabra\2026\Development\2027 ICASSP\data\URGENT2025_SQA_scaled\audio\urgent25_blind_test_fileid_000772.flac,urgent25_blind_test_fileid_000772,urgent25_blind_test_submission_728,3.625,urgent2025_sqa_scaled,2.8763720989227295,2.201423406600952,1.5254322290420532
C:\Users\rffela\OneDrive - GN Store Nord\Documents\Jabra\2026\Development\2027 ICASSP\data\URGENT2025_SQA_scaled\audio\urgent25_blind_test_fileid_000884.flac,urgent25_blind_test_fileid_000884,urgent25_blind_test_submission_728,1.625,urgent2025_sqa_scaled,2.3447890281677246,1.1756436824798584,1.7231851816177368
C:\Users\rffela\OneDrive - GN Store Nord\Documents\Jabra\2026\Development\2027 ICASSP\data\URGENT2025_SQA_scaled\audio\urgent25_blind_test_fileid_000029.flac,urgent25_blind_test_fileid_000029,urgent25_blind_test_submission_729,3.125,urgent2025_sqa_scaled,2.8688251972198486,2.603229284286499,1.374794840812683
C:\Users\rffela\OneDrive - GN Store Nord\Documents\Jabra\2026\Development\2027 ICASSP\data\URGENT2025_SQA_scaled\audio\urgent25_blind_test_fileid_000178.flac,urgent25_blind_test_fileid_000178,urgent25_blind_test_submission_729,1.25,urgent2025_sqa_scaled,2.7589571475982666,1.5092437267303467,1.2592164278030396
C:\Users\rffela\OneDrive - GN Store Nord\Documents\Jabra\2026\Development\2027 ICASSP\data\URGENT2025_SQA_scaled\audio\urgent25_blind_test_fileid_000238.flac,urgent25_blind_test_fileid_000238,urgent25_blind_test_submission_729,2.625,urgent2025_sqa_scaled,2.632567882537842,2.1748363971710205,1.2767285108566284
C:\Users\rffela\OneDrive - GN Store Nord\Documents\Jabra\2026\Development\2027 ICASSP\data\URGENT2025_SQA_scaled\audio\urgent25_blind_test_fileid_000239.flac,urgent25_blind_test_fileid_000239,urgent25_blind_test_submission_729,4.125,urgent2025_sqa_scaled,3.330817222595215,4.458789348602295,2.9137794971466064
C:\Users\rffela\OneDrive - GN Store Nord\Documents\Jabra\2026\Development\2027 ICASSP\data\URGENT2025_SQA_scaled\audio\urgent25_blind_test_fileid_000270.flac,urgent25_blind_test_fileid_000270,urgent25_blind_test_submission_729,2.75,urgent2025_sqa_scaled,2.8063015937805176,3.0095083713531494,1.358494520187378
C:\Users\rffela\OneDrive - GN Store Nord\Documents\Jabra\2026\Development\2027 ICASSP\data\URGENT2025_SQA_scaled\audio\urgent25_blind_test_fileid_000345.flac,urgent25_blind_test_fileid_000345,urgent25_blind_test_submission_729,1.375,urgent2025_sqa_scaled,2.7234878540039062,2.2315514087677,1.374084711074829
C:\Users\rffela\OneDrive - GN Store Nord\Documents\Jabra\2026\Development\2027 ICASSP\data\URGENT2025_SQA_scaled\audio\urgent25_blind_test_fileid_000373.flac,urgent25_blind_test_fileid_000373,urgent25_blind_test_submission_729,1.875,urgent2025_sqa_scaled,3.1103758811950684,2.221423864364624,1.3342399597167969
C:\Users\rffela\OneDrive - GN Store Nord\Documents\Jabra\2026\Development\2027 ICASSP\data\URGENT2025_SQA_scaled\audio\urgent25_blind_test_fileid_000531.flac,urgent25_blind_test_fileid_000531,urgent25_blind_test_submission_729,1.875,urgent2025_sqa_scaled,2.9352543354034424,3.485896348953247,1.2797203063964844
C:\Users\rffela\OneDrive - GN Store Nord\Documents\Jabra\2026\Development\2027 ICASSP\data\URGENT2025_SQA_scaled\audio\urgent25_blind_test_fileid_000618.flac,urgent25_blind_test_fileid_000618,urgent25_blind_test_submission_729,2.375,urgent2025_sqa_scaled,2.9283852577209473,1.7499388456344604,1.7367544174194336
C:\Users\rffela\OneDrive - GN Store Nord\Documents\Jabra\2026\Development\2027 ICASSP\data\URGENT2025_SQA_scaled\audio\urgent25_blind_test_fileid_000668.flac,urgent25_blind_test_fileid_000668,urgent25_blind_test_submission_729,3.125,urgent2025_sqa_scaled,2.6986610889434814,2.938123941421509,3.112893581390381
C:\Users\rffela\OneDrive - GN Store Nord\Documents\Jabra\2026\Development\2027 ICASSP\data\URGENT2025_SQA_scaled\audio\urgent25_blind_test_fileid_000748.flac,urgent25_blind_test_fileid_000748,urgent25_blind_test_submission_729,3.625,urgent2025_sqa_scaled,3.0240447521209717,2.867173194885254,2.675462484359741
C:\Users\rffela\OneDrive - GN Store Nord\Documents\Jabra\2026\Development\2027 ICASSP\data\URGENT2025_SQA_scaled\audio\urgent25_blind_test_fileid_000762.flac,urgent25_blind_test_fileid_000762,urgent25_blind_test_submission_729,2.5,urgent2025_sqa_scaled,2.4591612815856934,1.8084899187088013,1.361396312713623
C:\Users\rffela\OneDrive - GN Store Nord\Documents\Jabra\2026\Development\2027 ICASSP\data\URGENT2025_SQA_scaled\audio\urgent25_blind_test_fileid_000772.flac,urgent25_blind_test_fileid_000772,urgent25_blind_test_submission_729,2.5,urgent2025_sqa_scaled,2.9648799896240234,2.064316987991333,1.5496749877929688
C:\Users\rffela\OneDrive - GN Store Nord\Documents\Jabra\2026\Development\2027 ICASSP\data\URGENT2025_SQA_scaled\audio\urgent25_blind_test_fileid_000884.flac,urgent25_blind_test_fileid_000884,urgent25_blind_test_submission_729,1.75,urgent2025_sqa_scaled,2.7342684268951416,2.958277463912964,2.1626040935516357
C:\Users\rffela\OneDrive - GN Store Nord\Documents\Jabra\2026\Development\2027 ICASSP\data\URGENT2025_SQA_scaled\audio\urgent25_blind_test_fileid_000029.flac,urgent25_blind_test_fileid_000029,urgent25_blind_test_submission_734,1.75,urgent2025_sqa_scaled,3.0505189895629883,1.9995180368423462,1.3756661415100098
C:\Users\rffela\OneDrive - GN Store Nord\Documents\Jabra\2026\Development\2027 ICASSP\data\URGENT2025_SQA_scaled\audio\urgent25_blind_test_fileid_000178.flac,urgent25_blind_test_fileid_000178,urgent25_blind_test_submission_734,1.0,urgent2025_sqa_scaled,1.1807992458343506,1.3849693536758423,1.2400869131088257
C:\Users\rffela\OneDrive - GN Store Nord\Documents\Jabra\2026\Development\2027 ICASSP\data\URGENT2025_SQA_scaled\audio\urgent25_blind_test_fileid_000238.flac,urgent25_blind_test_fileid_000238,urgent25_blind_test_submission_734,2.375,urgent2025_sqa_scaled,2.315056562423706,2.117288827896118,1.2924103736877441
C:\Users\rffela\OneDrive - GN Store Nord\Documents\Jabra\2026\Development\2027 ICASSP\data\URGENT2025_SQA_scaled\audio\urgent25_blind_test_fileid_000239.flac,urgent25_blind_test_fileid_000239,urgent25_blind_test_submission_734,4.0,urgent2025_sqa_scaled,3.401583671569824,3.8247692584991455,2.9116592407226562
C:\Users\rffela\OneDrive - GN Store Nord\Documents\Jabra\2026\Development\2027 ICASSP\data\URGENT2025_SQA_scaled\audio\urgent25_blind_test_fileid_000270.flac,urgent25_blind_test_fileid_000270,urgent25_blind_test_submission_734,1.5,urgent2025_sqa_scaled,2.5446324348449707,1.670079231262207,1.3173991441726685
C:\Users\rffela\OneDrive - GN Store Nord\Documents\Jabra\2026\Development\2027 ICASSP\data\URGENT2025_SQA_scaled\audio\urgent25_blind_test_fileid_000345.flac,urgent25_blind_test_fileid_000345,urgent25_blind_test_submission_734,1.25,urgent2025_sqa_scaled,2.169494390487671,1.022322654724121,1.2922554016113281
C:\Users\rffela\OneDrive - GN Store Nord\Documents\Jabra\2026\Development\2027 ICASSP\data\URGENT2025_SQA_scaled\audio\urgent25_blind_test_fileid_000373.flac,urgent25_blind_test_fileid_000373,urgent25_blind_test_submission_734,2.625,urgent2025_sqa_scaled,3.227727174758911,1.9043664932250977,1.36887788772583
C:\Users\rffela\OneDrive - GN Store Nord\Documents\Jabra\2026\Development\2027 ICASSP\data\URGENT2025_SQA_scaled\audio\urgent25_blind_test_fileid_000531.flac,urgent25_blind_test_fileid_000531,urgent25_blind_test_submission_734,1.625,urgent2025_sqa_scaled,2.626066207885742,1.9627891778945923,1.283191204071045
C:\Users\rffela\OneDrive - GN Store Nord\Documents\Jabra\2026\Development\2027 ICASSP\data\URGENT2025_SQA_scaled\audio\urgent25_blind_test_fileid_000618.flac,urgent25_blind_test_fileid_000618,urgent25_blind_test_submission_734,2.25,urgent2025_sqa_scaled,3.101917028427124,1.4470691680908203,1.6243938207626343
C:\Users\rffela\OneDrive - GN Store Nord\Documents\Jabra\2026\Development\2027 ICASSP\data\URGENT2025_SQA_scaled\audio\urgent25_blind_test_fileid_000668.flac,urgent25_blind_test_fileid_000668,urgent25_blind_test_submission_734,3.5,urgent2025_sqa_scaled,2.777884006500244,3.7104077339172363,3.2581233978271484
C:\Users\rffela\OneDrive - GN Store Nord\Documents\Jabra\2026\Development\2027 ICASSP\data\URGENT2025_SQA_scaled\audio\urgent25_blind_test_fileid_000748.flac,urgent25_blind_test_fileid_000748,urgent25_blind_test_submission_734,3.875,urgent2025_sqa_scaled,3.0964717864990234,2.655439615249634,2.640143394470215
C:\Users\rffela\OneDrive - GN Store Nord\Documents\Jabra\2026\Development\2027 ICASSP\data\URGENT2025_SQA_scaled\audio\urgent25_blind_test_fileid_000762.flac,urgent25_blind_test_fileid_000762,urgent25_blind_test_submission_734,2.375,urgent2025_sqa_scaled,2.6158602237701416,1.6850532293319702,1.404354453086853
C:\Users\rffela\OneDrive - GN Store Nord\Documents\Jabra\2026\Development\2027 ICASSP\data\URGENT2025_SQA_scaled\audio\urgent25_blind_test_fileid_000772.flac,urgent25_blind_test_fileid_000772,urgent25_blind_test_submission_734,3.25,urgent2025_sqa_scaled,2.97121000289917,2.8951451778411865,1.8199546337127686
C:\Users\rffela\OneDrive - GN Store Nord\Documents\Jabra\2026\Development\2027 ICASSP\data\URGENT2025_SQA_scaled\audio\urgent25_blind_test_fileid_000884.flac,urgent25_blind_test_fileid_000884,urgent25_blind_test_submission_734,2.125,urgent2025_sqa_scaled,2.790165662765503,2.4842278957366943,1.7486776113510132
C:\Users\rffela\OneDrive - GN Store Nord\Documents\Jabra\2026\Development\2027 ICASSP\data\URGENT2025_SQA_scaled\audio\urgent25_blind_test_fileid_000029.flac,urgent25_blind_test_fileid_000029,urgent25_blind_test_submission_738,3.25,urgent2025_sqa_scaled,2.585163116455078,1.8847252130508423,1.3622645139694214
C:\Users\rffela\OneDrive - GN Store Nord\Documents\Jabra\2026\Development\2027 ICASSP\data\URGENT2025_SQA_scaled\audio\urgent25_blind_test_fileid_000178.flac,urgent25_blind_test_fileid_000178,urgent25_blind_test_submission_738,1.0,urgent2025_sqa_scaled,2.073936700820923,0.8001409769058228,1.2331745624542236
C:\Users\rffela\OneDrive - GN Store Nord\Documents\Jabra\2026\Development\2027 ICASSP\data\URGENT2025_SQA_scaled\audio\urgent25_blind_test_fileid_000238.flac,urgent25_blind_test_fileid_000238,urgent25_blind_test_submission_738,2.5,urgent2025_sqa_scaled,2.306622266769409,2.0083653926849365,1.287362813949585
C:\Users\rffela\OneDrive - GN Store Nord\Documents\Jabra\2026\Development\2027 ICASSP\data\URGENT2025_SQA_scaled\audio\urgent25_blind_test_fileid_000239.flac,urgent25_blind_test_fileid_000239,urgent25_blind_test_submission_738,3.875,urgent2025_sqa_scaled,3.254850387573242,4.603427886962891,2.7971231937408447
C:\Users\rffela\OneDrive - GN Store Nord\Documents\Jabra\2026\Development\2027 ICASSP\data\URGENT2025_SQA_scaled\audio\urgent25_blind_test_fileid_000270.flac,urgent25_blind_test_fileid_000270,urgent25_blind_test_submission_738,1.625,urgent2025_sqa_scaled,2.562206268310547,2.4568045139312744,1.310640573501587
C:\Users\rffela\OneDrive - GN Store Nord\Documents\Jabra\2026\Development\2027 ICASSP\data\URGENT2025_SQA_scaled\audio\urgent25_blind_test_fileid_000345.flac,urgent25_blind_test_fileid_000345,urgent25_blind_test_submission_738,1.0,urgent2025_sqa_scaled,1.955204963684082,1.842198133468628,1.3731135129928589
C:\Users\rffela\OneDrive - GN Store Nord\Documents\Jabra\2026\Development\2027 ICASSP\data\URGENT2025_SQA_scaled\audio\urgent25_blind_test_fileid_000373.flac,urgent25_blind_test_fileid_000373,urgent25_blind_test_submission_738,1.75,urgent2025_sqa_scaled,2.9943926334381104,1.9493125677108765,1.3081427812576294
C:\Users\rffela\OneDrive - GN Store Nord\Documents\Jabra\2026\Development\2027 ICASSP\data\URGENT2025_SQA_scaled\audio\urgent25_blind_test_fileid_000531.flac,urgent25_blind_test_fileid_000531,urgent25_blind_test_submission_738,1.5,urgent2025_sqa_scaled,2.5774543285369873,1.997827172279358,1.2522811889648438
C:\Users\rffela\OneDrive - GN Store Nord\Documents\Jabra\2026\Development\2027 ICASSP\data\URGENT2025_SQA_scaled\audio\urgent25_blind_test_fileid_000618.flac,urgent25_blind_test_fileid_000618,urgent25_blind_test_submission_738,2.375,urgent2025_sqa_scaled,2.8467040061950684,1.5410677194595337,1.4261183738708496
C:\Users\rffela\OneDrive - GN Store Nord\Documents\Jabra\2026\Development\2027 ICASSP\data\URGENT2025_SQA_scaled\audio\urgent25_blind_test_fileid_000668.flac,urgent25_blind_test_fileid_000668,urgent25_blind_test_submission_738,3.75,urgent2025_sqa_scaled,3.036705732345581,3.573396682739258,3.200611114501953
C:\Users\rffela\OneDrive - GN Store Nord\Documents\Jabra\2026\Development\2027 ICASSP\data\URGENT2025_SQA_scaled\audio\urgent25_blind_test_fileid_000748.flac,urgent25_blind_test_fileid_000748,urgent25_blind_test_submission_738,4.625,urgent2025_sqa_scaled,3.164886713027954,3.0267536640167236,2.601367473602295
C:\Users\rffela\OneDrive - GN Store Nord\Documents\Jabra\2026\Development\2027 ICASSP\data\URGENT2025_SQA_scaled\audio\urgent25_blind_test_fileid_000762.flac,urgent25_blind_test_fileid_000762,urgent25_blind_test_submission_738,2.125,urgent2025_sqa_scaled,2.434523344039917,2.005335807800293,1.334124207496643
C:\Users\rffela\OneDrive - GN Store Nord\Documents\Jabra\2026\Development\2027 ICASSP\data\URGENT2025_SQA_scaled\audio\urgent25_blind_test_fileid_000772.flac,urgent25_blind_test_fileid_000772,urgent25_blind_test_submission_738,3.625,urgent2025_sqa_scaled,2.936652660369873,3.1661503314971924,1.711031198501587
C:\Users\rffela\OneDrive - GN Store Nord\Documents\Jabra\2026\Development\2027 ICASSP\data\URGENT2025_SQA_scaled\audio\urgent25_blind_test_fileid_000884.flac,urgent25_blind_test_fileid_000884,urgent25_blind_test_submission_738,2.125,urgent2025_sqa_scaled,2.8002750873565674,2.3277041912078857,2.2188940048217773
C:\Users\rffela\OneDrive - GN Store Nord\Documents\Jabra\2026\Development\2027 ICASSP\data\URGENT2025_SQA_scaled\audio\urgent25_blind_test_fileid_000029.flac,urgent25_blind_test_fileid_000029,urgent25_blind_test_submission_740,2.875,urgent2025_sqa_scaled,3.0923523902893066,2.7852299213409424,1.3887622356414795
C:\Users\rffela\OneDrive - GN Store Nord\Documents\Jabra\2026\Development\2027 ICASSP\data\URGENT2025_SQA_scaled\audio\urgent25_blind_test_fileid_000178.flac,urgent25_blind_test_fileid_000178,urgent25_blind_test_submission_740,1.25,urgent2025_sqa_scaled,2.86318302154541,1.8436490297317505,1.2343614101409912
C:\Users\rffela\OneDrive - GN Store Nord\Documents\Jabra\2026\Development\2027 ICASSP\data\URGENT2025_SQA_scaled\audio\urgent25_blind_test_fileid_000238.flac,urgent25_blind_test_fileid_000238,urgent25_blind_test_submission_740,3.75,urgent2025_sqa_scaled,2.6574320793151855,1.9511964321136475,1.285730004310608
C:\Users\rffela\OneDrive - GN Store Nord\Documents\Jabra\2026\Development\2027 ICASSP\data\URGENT2025_SQA_scaled\audio\urgent25_blind_test_fileid_000239.flac,urgent25_blind_test_fileid_000239,urgent25_blind_test_submission_740,3.875,urgent2025_sqa_scaled,3.279552459716797,4.171468734741211,2.8855350017547607
C:\Users\rffela\OneDrive - GN Store Nord\Documents\Jabra\2026\Development\2027 ICASSP\data\URGENT2025_SQA_scaled\audio\urgent25_blind_test_fileid_000270.flac,urgent25_blind_test_fileid_000270,urgent25_blind_test_submission_740,2.0,urgent2025_sqa_scaled,2.9888482093811035,2.74149227142334,1.3375813961029053
C:\Users\rffela\OneDrive - GN Store Nord\Documents\Jabra\2026\Development\2027 ICASSP\data\URGENT2025_SQA_scaled\audio\urgent25_blind_test_fileid_000345.flac,urgent25_blind_test_fileid_000345,urgent25_blind_test_submission_740,1.875,urgent2025_sqa_scaled,2.4765377044677734,2.113929033279419,1.3866432905197144
C:\Users\rffela\OneDrive - GN Store Nord\Documents\Jabra\2026\Development\2027 ICASSP\data\URGENT2025_SQA_scaled\audio\urgent25_blind_test_fileid_000373.flac,urgent25_blind_test_fileid_000373,urgent25_blind_test_submission_740,2.625,urgent2025_sqa_scaled,2.9063940048217773,1.86542546749115,1.3188745975494385
C:\Users\rffela\OneDrive - GN Store Nord\Documents\Jabra\2026\Development\2027 ICASSP\data\URGENT2025_SQA_scaled\audio\urgent25_blind_test_fileid_000531.flac,urgent25_blind_test_fileid_000531,urgent25_blind_test_submission_740,2.0,urgent2025_sqa_scaled,2.93241548538208,3.637676477432251,1.2693614959716797
C:\Users\rffela\OneDrive - GN Store Nord\Documents\Jabra\2026\Development\2027 ICASSP\data\URGENT2025_SQA_scaled\audio\urgent25_blind_test_fileid_000618.flac,urgent25_blind_test_fileid_000618,urgent25_blind_test_submission_740,3.125,urgent2025_sqa_scaled,3.1282076835632324,1.795148491859436,1.6657119989395142
C:\Users\rffela\OneDrive - GN Store Nord\Documents\Jabra\2026\Development\2027 ICASSP\data\URGENT2025_SQA_scaled\audio\urgent25_blind_test_fileid_000668.flac,urgent25_blind_test_fileid_000668,urgent25_blind_test_submission_740,3.375,urgent2025_sqa_scaled,2.8943841457366943,3.8363993167877197,3.0890536308288574
C:\Users\rffela\OneDrive - GN Store Nord\Documents\Jabra\2026\Development\2027 ICASSP\data\URGENT2025_SQA_scaled\audio\urgent25_blind_test_fileid_000748.flac,urgent25_blind_test_fileid_000748,urgent25_blind_test_submission_740,4.0,urgent2025_sqa_scaled,3.1242098808288574,3.036025047302246,2.5050082206726074
C:\Users\rffela\OneDrive - GN Store Nord\Documents\Jabra\2026\Development\2027 ICASSP\data\URGENT2025_SQA_scaled\audio\urgent25_blind_test_fileid_000762.flac,urgent25_blind_test_fileid_000762,urgent25_blind_test_submission_740,2.875,urgent2025_sqa_scaled,2.6856698989868164,2.142864942550659,1.6194219589233398
C:\Users\rffela\OneDrive - GN Store Nord\Documents\Jabra\2026\Development\2027 ICASSP\data\URGENT2025_SQA_scaled\audio\urgent25_blind_test_fileid_000772.flac,urgent25_blind_test_fileid_000772,urgent25_blind_test_submission_740,3.625,urgent2025_sqa_scaled,2.983590602874756,2.9339582920074463,1.8016984462738037
C:\Users\rffela\OneDrive - GN Store Nord\Documents\Jabra\2026\Development\2027 ICASSP\data\URGENT2025_SQA_scaled\audio\urgent25_blind_test_fileid_000884.flac,urgent25_blind_test_fileid_000884,urgent25_blind_test_submission_740,2.25,urgent2025_sqa_scaled,2.6190004348754883,3.477376699447632,1.974624752998352
C:\Users\rffela\OneDrive - GN Store Nord\Documents\Jabra\2026\Development\2027 ICASSP\data\URGENT2025_SQA_scaled\audio\urgent25_blind_test_fileid_000029.flac,urgent25_blind_test_fileid_000029,urgent25_blind_test_submission_747,2.875,urgent2025_sqa_scaled,2.693364381790161,1.5598894357681274,1.3346738815307617
C:\Users\rffela\OneDrive - GN Store Nord\Documents\Jabra\2026\Development\2027 ICASSP\data\URGENT2025_SQA_scaled\audio\urgent25_blind_test_fileid_000178.flac,urgent25_blind_test_fileid_000178,urgent25_blind_test_submission_747,1.625,urgent2025_sqa_scaled,2.2064287662506104,1.0688787698745728,1.2411340475082397
C:\Users\rffela\OneDrive - GN Store Nord\Documents\Jabra\2026\Development\2027 ICASSP\data\URGENT2025_SQA_scaled\audio\urgent25_blind_test_fileid_000238.flac,urgent25_blind_test_fileid_000238,urgent25_blind_test_submission_747,2.75,urgent2025_sqa_scaled,2.149137496948242,1.7382851839065552,1.2825556993484497
C:\Users\rffela\OneDrive - GN Store Nord\Documents\Jabra\2026\Development\2027 ICASSP\data\URGENT2025_SQA_scaled\audio\urgent25_blind_test_fileid_000239.flac,urgent25_blind_test_fileid_000239,urgent25_blind_test_submission_747,4.0,urgent2025_sqa_scaled,3.1280312538146973,2.8480093479156494,2.582594394683838
C:\Users\rffela\OneDrive - GN Store Nord\Documents\Jabra\2026\Development\2027 ICASSP\data\URGENT2025_SQA_scaled\audio\urgent25_blind_test_fileid_000270.flac,urgent25_blind_test_fileid_000270,urgent25_blind_test_submission_747,2.125,urgent2025_sqa_scaled,2.483102321624756,2.1343722343444824,1.2859935760498047
C:\Users\rffela\OneDrive - GN Store Nord\Documents\Jabra\2026\Development\2027 ICASSP\data\URGENT2025_SQA_scaled\audio\urgent25_blind_test_fileid_000345.flac,urgent25_blind_test_fileid_000345,urgent25_blind_test_submission_747,1.75,urgent2025_sqa_scaled,1.8815526962280273,1.2491707801818848,1.2414758205413818
C:\Users\rffela\OneDrive - GN Store Nord\Documents\Jabra\2026\Development\2027 ICASSP\data\URGENT2025_SQA_scaled\audio\urgent25_blind_test_fileid_000373.flac,urgent25_blind_test_fileid_000373,urgent25_blind_test_submission_747,2.5,urgent2025_sqa_scaled,2.91059947013855,1.6749286651611328,1.308561086654663
C:\Users\rffela\OneDrive - GN Store Nord\Documents\Jabra\2026\Development\2027 ICASSP\data\URGENT2025_SQA_scaled\audio\urgent25_blind_test_fileid_000531.flac,urgent25_blind_test_fileid_000531,urgent25_blind_test_submission_747,1.625,urgent2025_sqa_scaled,2.6595964431762695,1.4883114099502563,1.2524733543395996
C:\Users\rffela\OneDrive - GN Store Nord\Documents\Jabra\2026\Development\2027 ICASSP\data\URGENT2025_SQA_scaled\audio\urgent25_blind_test_fileid_000618.flac,urgent25_blind_test_fileid_000618,urgent25_blind_test_submission_747,2.625,urgent2025_sqa_scaled,2.6617283821105957,1.3228870630264282,1.4373925924301147
C:\Users\rffela\OneDrive - GN Store Nord\Documents\Jabra\2026\Development\2027 ICASSP\data\URGENT2025_SQA_scaled\audio\urgent25_blind_test_fileid_000668.flac,urgent25_blind_test_fileid_000668,urgent25_blind_test_submission_747,2.75,urgent2025_sqa_scaled,2.702557325363159,3.311675786972046,3.1372125148773193
C:\Users\rffela\OneDrive - GN Store Nord\Documents\Jabra\2026\Development\2027 ICASSP\data\URGENT2025_SQA_scaled\audio\urgent25_blind_test_fileid_000748.flac,urgent25_blind_test_fileid_000748,urgent25_blind_test_submission_747,3.625,urgent2025_sqa_scaled,3.0970301628112793,2.3657009601593018,2.644413471221924
C:\Users\rffela\OneDrive - GN Store Nord\Documents\Jabra\2026\Development\2027 ICASSP\data\URGENT2025_SQA_scaled\audio\urgent25_blind_test_fileid_000762.flac,urgent25_blind_test_fileid_000762,urgent25_blind_test_submission_747,1.75,urgent2025_sqa_scaled,2.206193447113037,1.202454924583435,1.3043709993362427
C:\Users\rffela\OneDrive - GN Store Nord\Documents\Jabra\2026\Development\2027 ICASSP\data\URGENT2025_SQA_scaled\audio\urgent25_blind_test_fileid_000772.flac,urgent25_blind_test_fileid_000772,urgent25_blind_test_submission_747,3.25,urgent2025_sqa_scaled,2.903656005859375,2.189772605895996,1.7010940313339233
C:\Users\rffela\OneDrive - GN Store Nord\Documents\Jabra\2026\Development\2027 ICASSP\data\URGENT2025_SQA_scaled\audio\urgent25_blind_test_fileid_000884.flac,urgent25_blind_test_fileid_000884,urgent25_blind_test_submission_747,2.0,urgent2025_sqa_scaled,2.946716070175171,2.179865598678589,1.9290978908538818
C:\Users\rffela\OneDrive - GN Store Nord\Documents\Jabra\2026\Development\2027 ICASSP\data\URGENT2025_SQA_scaled\audio\urgent25_blind_test_fileid_000029.flac,urgent25_blind_test_fileid_000029,urgent25_blind_test_submission_753,3.75,urgent2025_sqa_scaled,2.7446277141571045,1.6636241674423218,1.3831431865692139
C:\Users\rffela\OneDrive - GN Store Nord\Documents\Jabra\2026\Development\2027 ICASSP\data\URGENT2025_SQA_scaled\audio\urgent25_blind_test_fileid_000178.flac,urgent25_blind_test_fileid_000178,urgent25_blind_test_submission_753,1.375,urgent2025_sqa_scaled,2.643191337585449,1.1292701959609985,1.2282670736312866
C:\Users\rffela\OneDrive - GN Store Nord\Documents\Jabra\2026\Development\2027 ICASSP\data\URGENT2025_SQA_scaled\audio\urgent25_blind_test_fileid_000238.flac,urgent25_blind_test_fileid_000238,urgent25_blind_test_submission_753,2.625,urgent2025_sqa_scaled,2.578861951828003,1.5792714357376099,1.2874491214752197
C:\Users\rffela\OneDrive - GN Store Nord\Documents\Jabra\2026\Development\2027 ICASSP\data\URGENT2025_SQA_scaled\audio\urgent25_blind_test_fileid_000239.flac,urgent25_blind_test_fileid_000239,urgent25_blind_test_submission_753,3.25,urgent2025_sqa_scaled,3.053331136703491,4.077191352844238,2.7404212951660156
C:\Users\rffela\OneDrive - GN Store Nord\Documents\Jabra\2026\Development\2027 ICASSP\data\URGENT2025_SQA_scaled\audio\urgent25_blind_test_fileid_000270.flac,urgent25_blind_test_fileid_000270,urgent25_blind_test_submission_753,2.125,urgent2025_sqa_scaled,2.6742100715637207,2.318471908569336,1.3123470544815063
C:\Users\rffela\OneDrive - GN Store Nord\Documents\Jabra\2026\Development\2027 ICASSP\data\URGENT2025_SQA_scaled\audio\urgent25_blind_test_fileid_000345.flac,urgent25_blind_test_fileid_000345,urgent25_blind_test_submission_753,1.625,urgent2025_sqa_scaled,1.9378700256347656,1.4585165977478027,1.2698638439178467
C:\Users\rffela\OneDrive - GN Store Nord\Documents\Jabra\2026\Development\2027 ICASSP\data\URGENT2025_SQA_scaled\audio\urgent25_blind_test_fileid_000373.flac,urgent25_blind_test_fileid_000373,urgent25_blind_test_submission_753,3.625,urgent2025_sqa_scaled,3.1886799335479736,1.7512167692184448,1.382704257965088
C:\Users\rffela\OneDrive - GN Store Nord\Documents\Jabra\2026\Development\2027 ICASSP\data\URGENT2025_SQA_scaled\audio\urgent25_blind_test_fileid_000531.flac,urgent25_blind_test_fileid_000531,urgent25_blind_test_submission_753,2.375,urgent2025_sqa_scaled,2.556313991546631,2.8219683170318604,1.2600775957107544
C:\Users\rffela\OneDrive - GN Store Nord\Documents\Jabra\2026\Development\2027 ICASSP\data\URGENT2025_SQA_scaled\audio\urgent25_blind_test_fileid_000618.flac,urgent25_blind_test_fileid_000618,urgent25_blind_test_submission_753,3.0,urgent2025_sqa_scaled,2.928938388824463,1.5565648078918457,1.690820336341858
C:\Users\rffela\OneDrive - GN Store Nord\Documents\Jabra\2026\Development\2027 ICASSP\data\URGENT2025_SQA_scaled\audio\urgent25_blind_test_fileid_000668.flac,urgent25_blind_test_fileid_000668,urgent25_blind_test_submission_753,3.75,urgent2025_sqa_scaled,2.9965014457702637,3.8249213695526123,3.312635898590088
C:\Users\rffela\OneDrive - GN Store Nord\Documents\Jabra\2026\Development\2027 ICASSP\data\URGENT2025_SQA_scaled\audio\urgent25_blind_test_fileid_000748.flac,urgent25_blind_test_fileid_000748,urgent25_blind_test_submission_753,3.875,urgent2025_sqa_scaled,3.1429100036621094,4.2404937744140625,2.563180685043335
C:\Users\rffela\OneDrive - GN Store Nord\Documents\Jabra\2026\Development\2027 ICASSP\data\URGENT2025_SQA_scaled\audio\urgent25_blind_test_fileid_000762.flac,urgent25_blind_test_fileid_000762,urgent25_blind_test_submission_753,1.875,urgent2025_sqa_scaled,2.1558799743652344,1.2777042388916016,1.3973402976989746
C:\Users\rffela\OneDrive - GN Store Nord\Documents\Jabra\2026\Development\2027 ICASSP\data\URGENT2025_SQA_scaled\audio\urgent25_blind_test_fileid_000772.flac,urgent25_blind_test_fileid_000772,urgent25_blind_test_submission_753,3.25,urgent2025_sqa_scaled,3.092398166656494,2.8841781616210938,1.7755204439163208
C:\Users\rffela\OneDrive - GN Store Nord\Documents\Jabra\2026\Development\2027 ICASSP\data\URGENT2025_SQA_scaled\audio\urgent25_blind_test_fileid_000884.flac,urgent25_blind_test_fileid_000884,urgent25_blind_test_submission_753,2.0,urgent2025_sqa_scaled,2.7063963413238525,1.7698001861572266,2.2165634632110596
C:\Users\rffela\OneDrive - GN Store Nord\Documents\Jabra\2026\Development\2027 ICASSP\data\URGENT2025_SQA_scaled\audio\urgent25_blind_test_fileid_000029.flac,urgent25_blind_test_fileid_000029,urgent25_blind_test_submission_757,3.375,urgent2025_sqa_scaled,2.610896110534668,2.108548879623413,1.417790174484253
C:\Users\rffela\OneDrive - GN Store Nord\Documents\Jabra\2026\Development\2027 ICASSP\data\URGENT2025_SQA_scaled\audio\urgent25_blind_test_fileid_000178.flac,urgent25_blind_test_fileid_000178,urgent25_blind_test_submission_757,2.25,urgent2025_sqa_scaled,1.7686433792114258,1.0400261878967285,1.3511320352554321
C:\Users\rffela\OneDrive - GN Store Nord\Documents\Jabra\2026\Development\2027 ICASSP\data\URGENT2025_SQA_scaled\audio\urgent25_blind_test_fileid_000238.flac,urgent25_blind_test_fileid_000238,urgent25_blind_test_submission_757,2.375,urgent2025_sqa_scaled,2.8021464347839355,1.6185270547866821,1.2896249294281006
C:\Users\rffela\OneDrive - GN Store Nord\Documents\Jabra\2026\Development\2027 ICASSP\data\URGENT2025_SQA_scaled\audio\urgent25_blind_test_fileid_000239.flac,urgent25_blind_test_fileid_000239,urgent25_blind_test_submission_757,3.625,urgent2025_sqa_scaled,3.290740489959717,4.157360553741455,2.8521604537963867
C:\Users\rffela\OneDrive - GN Store Nord\Documents\Jabra\2026\Development\2027 ICASSP\data\URGENT2025_SQA_scaled\audio\urgent25_blind_test_fileid_000270.flac,urgent25_blind_test_fileid_000270,urgent25_blind_test_submission_757,1.625,urgent2025_sqa_scaled,2.46746826171875,2.393132448196411,1.3510507345199585
C:\Users\rffela\OneDrive - GN Store Nord\Documents\Jabra\2026\Development\2027 ICASSP\data\URGENT2025_SQA_scaled\audio\urgent25_blind_test_fileid_000345.flac,urgent25_blind_test_fileid_000345,urgent25_blind_test_submission_757,1.5,urgent2025_sqa_scaled,1.7442905902862549,1.1892389059066772,1.3771073818206787
C:\Users\rffela\OneDrive - GN Store Nord\Documents\Jabra\2026\Development\2027 ICASSP\data\URGENT2025_SQA_scaled\audio\urgent25_blind_test_fileid_000373.flac,urgent25_blind_test_fileid_000373,urgent25_blind_test_submission_757,2.625,urgent2025_sqa_scaled,3.102463960647583,1.8185150623321533,1.359434962272644
C:\Users\rffela\OneDrive - GN Store Nord\Documents\Jabra\2026\Development\2027 ICASSP\data\URGENT2025_SQA_scaled\audio\urgent25_blind_test_fileid_000531.flac,urgent25_blind_test_fileid_000531,urgent25_blind_test_submission_757,1.375,urgent2025_sqa_scaled,2.6477601528167725,1.7469905614852905,1.251503348350525
C:\Users\rffela\OneDrive - GN Store Nord\Documents\Jabra\2026\Development\2027 ICASSP\data\URGENT2025_SQA_scaled\audio\urgent25_blind_test_fileid_000618.flac,urgent25_blind_test_fileid_000618,urgent25_blind_test_submission_757,2.375,urgent2025_sqa_scaled,2.4413723945617676,1.272116780281067,1.4994215965270996
C:\Users\rffela\OneDrive - GN Store Nord\Documents\Jabra\2026\Development\2027 ICASSP\data\URGENT2025_SQA_scaled\audio\urgent25_blind_test_fileid_000668.flac,urgent25_blind_test_fileid_000668,urgent25_blind_test_submission_757,3.25,urgent2025_sqa_scaled,2.7858595848083496,2.8149056434631348,3.129049777984619
C:\Users\rffela\OneDrive - GN Store Nord\Documents\Jabra\2026\Development\2027 ICASSP\data\URGENT2025_SQA_scaled\audio\urgent25_blind_test_fileid_000748.flac,urgent25_blind_test_fileid_000748,urgent25_blind_test_submission_757,4.125,urgent2025_sqa_scaled,3.091967821121216,2.746365785598755,2.5945441722869873
C:\Users\rffela\OneDrive - GN Store Nord\Documents\Jabra\2026\Development\2027 ICASSP\data\URGENT2025_SQA_scaled\audio\urgent25_blind_test_fileid_000762.flac,urgent25_blind_test_fileid_000762,urgent25_blind_test_submission_757,1.125,urgent2025_sqa_scaled,2.034749746322632,0.9462153315544128,1.332112193107605
C:\Users\rffela\OneDrive - GN Store Nord\Documents\Jabra\2026\Development\2027 ICASSP\data\URGENT2025_SQA_scaled\audio\urgent25_blind_test_fileid_000772.flac,urgent25_blind_test_fileid_000772,urgent25_blind_test_submission_757,2.875,urgent2025_sqa_scaled,3.0747509002685547,2.670398473739624,1.720899224281311
C:\Users\rffela\OneDrive - GN Store Nord\Documents\Jabra\2026\Development\2027 ICASSP\data\URGENT2025_SQA_scaled\audio\urgent25_blind_test_fileid_000884.flac,urgent25_blind_test_fileid_000884,urgent25_blind_test_submission_757,1.5,urgent2025_sqa_scaled,2.46882963180542,1.423733115196228,1.9273459911346436
C:\Users\rffela\OneDrive - GN Store Nord\Documents\Jabra\2026\Development\2027 ICASSP\data\URGENT2025_SQA_scaled\audio\urgent25_blind_test_fileid_000029.flac,urgent25_blind_test_fileid_000029,urgent25_blind_test_submission_760,2.625,urgent2025_sqa_scaled,3.064574718475342,2.4776713848114014,1.4260027408599854
C:\Users\rffela\OneDrive - GN Store Nord\Documents\Jabra\2026\Development\2027 ICASSP\data\URGENT2025_SQA_scaled\audio\urgent25_blind_test_fileid_000178.flac,urgent25_blind_test_fileid_000178,urgent25_blind_test_submission_760,1.125,urgent2025_sqa_scaled,1.9169219732284546,0.972753643989563,1.2384823560714722
C:\Users\rffela\OneDrive - GN Store Nord\Documents\Jabra\2026\Development\2027 ICASSP\data\URGENT2025_SQA_scaled\audio\urgent25_blind_test_fileid_000238.flac,urgent25_blind_test_fileid_000238,urgent25_blind_test_submission_760,2.875,urgent2025_sqa_scaled,2.5803780555725098,1.8859999179840088,1.2753260135650635
C:\Users\rffela\OneDrive - GN Store Nord\Documents\Jabra\2026\Development\2027 ICASSP\data\URGENT2025_SQA_scaled\audio\urgent25_blind_test_fileid_000239.flac,urgent25_blind_test_fileid_000239,urgent25_blind_test_submission_760,3.625,urgent2025_sqa_scaled,3.2709743976593018,4.471052169799805,2.958132028579712
C:\Users\rffela\OneDrive - GN Store Nord\Documents\Jabra\2026\Development\2027 ICASSP\data\URGENT2025_SQA_scaled\audio\urgent25_blind_test_fileid_000270.flac,urgent25_blind_test_fileid_000270,urgent25_blind_test_submission_760,1.875,urgent2025_sqa_scaled,2.755068302154541,2.3780767917633057,1.301092505455017
C:\Users\rffela\OneDrive - GN Store Nord\Documents\Jabra\2026\Development\2027 ICASSP\data\URGENT2025_SQA_scaled\audio\urgent25_blind_test_fileid_000345.flac,urgent25_blind_test_fileid_000345,urgent25_blind_test_submission_760,1.625,urgent2025_sqa_scaled,2.632608652114868,1.4959460496902466,1.2695789337158203
C:\Users\rffela\OneDrive - GN Store Nord\Documents\Jabra\2026\Development\2027 ICASSP\data\URGENT2025_SQA_scaled\audio\urgent25_blind_test_fileid_000373.flac,urgent25_blind_test_fileid_000373,urgent25_blind_test_submission_760,2.875,urgent2025_sqa_scaled,3.1946260929107666,2.2593305110931396,1.3544046878814697
C:\Users\rffela\OneDrive - GN Store Nord\Documents\Jabra\2026\Development\2027 ICASSP\data\URGENT2025_SQA_scaled\audio\urgent25_blind_test_fileid_000531.flac,urgent25_blind_test_fileid_000531,urgent25_blind_test_submission_760,1.625,urgent2025_sqa_scaled,2.893213987350464,2.003528118133545,1.2537841796875
C:\Users\rffela\OneDrive - GN Store Nord\Documents\Jabra\2026\Development\2027 ICASSP\data\URGENT2025_SQA_scaled\audio\urgent25_blind_test_fileid_000618.flac,urgent25_blind_test_fileid_000618,urgent25_blind_test_submission_760,2.125,urgent2025_sqa_scaled,2.8661746978759766,1.6812416315078735,1.8129589557647705
C:\Users\rffela\OneDrive - GN Store Nord\Documents\Jabra\2026\Development\2027 ICASSP\data\URGENT2025_SQA_scaled\audio\urgent25_blind_test_fileid_000668.flac,urgent25_blind_test_fileid_000668,urgent25_blind_test_submission_760,2.875,urgent2025_sqa_scaled,2.695044994354248,2.9422333240509033,3.078922748565674
C:\Users\rffela\OneDrive - GN Store Nord\Documents\Jabra\2026\Development\2027 ICASSP\data\URGENT2025_SQA_scaled\audio\urgent25_blind_test_fileid_000748.flac,urgent25_blind_test_fileid_000748,urgent25_blind_test_submission_760,3.875,urgent2025_sqa_scaled,3.0270495414733887,2.6503682136535645,2.6318166255950928
C:\Users\rffela\OneDrive - GN Store Nord\Documents\Jabra\2026\Development\2027 ICASSP\data\URGENT2025_SQA_scaled\audio\urgent25_blind_test_fileid_000762.flac,urgent25_blind_test_fileid_000762,urgent25_blind_test_submission_760,2.75,urgent2025_sqa_scaled,2.8116445541381836,2.048074245452881,1.4038017988204956
C:\Users\rffela\OneDrive - GN Store Nord\Documents\Jabra\2026\Development\2027 ICASSP\data\URGENT2025_SQA_scaled\audio\urgent25_blind_test_fileid_000772.flac,urgent25_blind_test_fileid_000772,urgent25_blind_test_submission_760,2.375,urgent2025_sqa_scaled,2.8622283935546875,2.1652653217315674,1.5763908624649048
C:\Users\rffela\OneDrive - GN Store Nord\Documents\Jabra\2026\Development\2027 ICASSP\data\URGENT2025_SQA_scaled\audio\urgent25_blind_test_fileid_000884.flac,urgent25_blind_test_fileid_000884,urgent25_blind_test_submission_760,2.5,urgent2025_sqa_scaled,2.504443407058716,2.966031312942505,2.095095634460449
C:\Users\rffela\OneDrive - GN Store Nord\Documents\Jabra\2026\Development\2027 ICASSP\data\URGENT2025_SQA_scaled\audio\urgent25_blind_test_fileid_000029.flac,urgent25_blind_test_fileid_000029,urgent25_blind_test_submission_761,3.0,urgent2025_sqa_scaled,3.0404069423675537,2.305924892425537,1.433321475982666
C:\Users\rffela\OneDrive - GN Store Nord\Documents\Jabra\2026\Development\2027 ICASSP\data\URGENT2025_SQA_scaled\audio\urgent25_blind_test_fileid_000178.flac,urgent25_blind_test_fileid_000178,urgent25_blind_test_submission_761,1.5,urgent2025_sqa_scaled,2.36201810836792,1.666616678237915,1.2774972915649414
C:\Users\rffela\OneDrive - GN Store Nord\Documents\Jabra\2026\Development\2027 ICASSP\data\URGENT2025_SQA_scaled\audio\urgent25_blind_test_fileid_000238.flac,urgent25_blind_test_fileid_000238,urgent25_blind_test_submission_761,2.625,urgent2025_sqa_scaled,2.3952949047088623,1.6277438402175903,1.2864545583724976
C:\Users\rffela\OneDrive - GN Store Nord\Documents\Jabra\2026\Development\2027 ICASSP\data\URGENT2025_SQA_scaled\audio\urgent25_blind_test_fileid_000239.flac,urgent25_blind_test_fileid_000239,urgent25_blind_test_submission_761,4.125,urgent2025_sqa_scaled,3.1217844486236572,3.989824056625366,2.8714041709899902
C:\Users\rffela\OneDrive - GN Store Nord\Documents\Jabra\2026\Development\2027 ICASSP\data\URGENT2025_SQA_scaled\audio\urgent25_blind_test_fileid_000270.flac,urgent25_blind_test_fileid_000270,urgent25_blind_test_submission_761,2.375,urgent2025_sqa_scaled,2.077322483062744,1.509774088859558,1.2680789232254028
C:\Users\rffela\OneDrive - GN Store Nord\Documents\Jabra\2026\Development\2027 ICASSP\data\URGENT2025_SQA_scaled\audio\urgent25_blind_test_fileid_000345.flac,urgent25_blind_test_fileid_000345,urgent25_blind_test_submission_761,1.75,urgent2025_sqa_scaled,2.4248955249786377,2.5743744373321533,1.3176385164260864
C:\Users\rffela\OneDrive - GN Store Nord\Documents\Jabra\2026\Development\2027 ICASSP\data\URGENT2025_SQA_scaled\audio\urgent25_blind_test_fileid_000373.flac,urgent25_blind_test_fileid_000373,urgent25_blind_test_submission_761,2.875,urgent2025_sqa_scaled,3.116285562515259,2.4632389545440674,1.3482264280319214
C:\Users\rffela\OneDrive - GN Store Nord\Documents\Jabra\2026\Development\2027 ICASSP\data\URGENT2025_SQA_scaled\audio\urgent25_blind_test_fileid_000531.flac,urgent25_blind_test_fileid_000531,urgent25_blind_test_submission_761,2.0,urgent2025_sqa_scaled,2.916273355484009,3.1841909885406494,1.3026117086410522
C:\Users\rffela\OneDrive - GN Store Nord\Documents\Jabra\2026\Development\2027 ICASSP\data\URGENT2025_SQA_scaled\audio\urgent25_blind_test_fileid_000618.flac,urgent25_blind_test_fileid_000618,urgent25_blind_test_submission_761,3.0,urgent2025_sqa_scaled,2.995131015777588,1.7337185144424438,1.699815273284912
C:\Users\rffela\OneDrive - GN Store Nord\Documents\Jabra\2026\Development\2027 ICASSP\data\URGENT2025_SQA_scaled\audio\urgent25_blind_test_fileid_000668.flac,urgent25_blind_test_fileid_000668,urgent25_blind_test_submission_761,3.75,urgent2025_sqa_scaled,2.74719500541687,2.919039487838745,3.11598539352417
C:\Users\rffela\OneDrive - GN Store Nord\Documents\Jabra\2026\Development\2027 ICASSP\data\URGENT2025_SQA_scaled\audio\urgent25_blind_test_fileid_000748.flac,urgent25_blind_test_fileid_000748,urgent25_blind_test_submission_761,3.125,urgent2025_sqa_scaled,3.0443880558013916,2.443772315979004,2.642920970916748
C:\Users\rffela\OneDrive - GN Store Nord\Documents\Jabra\2026\Development\2027 ICASSP\data\URGENT2025_SQA_scaled\audio\urgent25_blind_test_fileid_000762.flac,urgent25_blind_test_fileid_000762,urgent25_blind_test_submission_761,2.0,urgent2025_sqa_scaled,2.2065000534057617,1.7038002014160156,1.4074102640151978
C:\Users\rffela\OneDrive - GN Store Nord\Documents\Jabra\2026\Development\2027 ICASSP\data\URGENT2025_SQA_scaled\audio\urgent25_blind_test_fileid_000772.flac,urgent25_blind_test_fileid_000772,urgent25_blind_test_submission_761,2.875,urgent2025_sqa_scaled,2.9951486587524414,2.0364038944244385,1.681890606880188
C:\Users\rffela\OneDrive - GN Store Nord\Documents\Jabra\2026\Development\2027 ICASSP\data\URGENT2025_SQA_scaled\audio\urgent25_blind_test_fileid_000884.flac,urgent25_blind_test_fileid_000884,urgent25_blind_test_submission_761,2.375,urgent2025_sqa_scaled,2.430665969848633,2.050860643386841,2.370231866836548
C:\Users\rffela\OneDrive - GN Store Nord\Documents\Jabra\2026\Development\2027 ICASSP\data\URGENT2025_SQA_scaled\audio\urgent25_blind_test_fileid_000029.flac,urgent25_blind_test_fileid_000029,urgent25_blind_test_submission_763,2.125,urgent2025_sqa_scaled,2.6697285175323486,1.9236078262329102,1.3593190908432007
C:\Users\rffela\OneDrive - GN Store Nord\Documents\Jabra\2026\Development\2027 ICASSP\data\URGENT2025_SQA_scaled\audio\urgent25_blind_test_fileid_000178.flac,urgent25_blind_test_fileid_000178,urgent25_blind_test_submission_763,2.125,urgent2025_sqa_scaled,2.413365364074707,1.8077207803726196,1.2478331327438354
C:\Users\rffela\OneDrive - GN Store Nord\Documents\Jabra\2026\Development\2027 ICASSP\data\URGENT2025_SQA_scaled\audio\urgent25_blind_test_fileid_000238.flac,urgent25_blind_test_fileid_000238,urgent25_blind_test_submission_763,2.25,urgent2025_sqa_scaled,2.126915693283081,1.8603731393814087,1.2735282182693481
C:\Users\rffela\OneDrive - GN Store Nord\Documents\Jabra\2026\Development\2027 ICASSP\data\URGENT2025_SQA_scaled\audio\urgent25_blind_test_fileid_000239.flac,urgent25_blind_test_fileid_000239,urgent25_blind_test_submission_763,2.5,urgent2025_sqa_scaled,2.8893566131591797,3.564793109893799,2.5891928672790527
C:\Users\rffela\OneDrive - GN Store Nord\Documents\Jabra\2026\Development\2027 ICASSP\data\URGENT2025_SQA_scaled\audio\urgent25_blind_test_fileid_000270.flac,urgent25_blind_test_fileid_000270,urgent25_blind_test_submission_763,2.5,urgent2025_sqa_scaled,2.343863010406494,2.5838186740875244,1.292452096939087
C:\Users\rffela\OneDrive - GN Store Nord\Documents\Jabra\2026\Development\2027 ICASSP\data\URGENT2025_SQA_scaled\audio\urgent25_blind_test_fileid_000345.flac,urgent25_blind_test_fileid_000345,urgent25_blind_test_submission_763,1.625,urgent2025_sqa_scaled,1.6138607263565063,0.9311831593513489,1.3685818910598755
C:\Users\rffela\OneDrive - GN Store Nord\Documents\Jabra\2026\Development\2027 ICASSP\data\URGENT2025_SQA_scaled\audio\urgent25_blind_test_fileid_000373.flac,urgent25_blind_test_fileid_000373,urgent25_blind_test_submission_763,3.375,urgent2025_sqa_scaled,2.4313805103302,1.5142790079116821,1.31950843334198
C:\Users\rffela\OneDrive - GN Store Nord\Documents\Jabra\2026\Development\2027 ICASSP\data\URGENT2025_SQA_scaled\audio\urgent25_blind_test_fileid_000531.flac,urgent25_blind_test_fileid_000531,urgent25_blind_test_submission_763,2.625,urgent2025_sqa_scaled,2.1943600177764893,2.6206257343292236,1.261649489402771
C:\Users\rffela\OneDrive - GN Store Nord\Documents\Jabra\2026\Development\2027 ICASSP\data\URGENT2025_SQA_scaled\audio\urgent25_blind_test_fileid_000618.flac,urgent25_blind_test_fileid_000618,urgent25_blind_test_submission_763,2.75,urgent2025_sqa_scaled,2.956716537475586,1.120874285697937,1.479830026626587
C:\Users\rffela\OneDrive - GN Store Nord\Documents\Jabra\2026\Development\2027 ICASSP\data\URGENT2025_SQA_scaled\audio\urgent25_blind_test_fileid_000668.flac,urgent25_blind_test_fileid_000668,urgent25_blind_test_submission_763,3.625,urgent2025_sqa_scaled,2.9325366020202637,3.786374092102051,3.2653210163116455
C:\Users\rffela\OneDrive - GN Store Nord\Documents\Jabra\2026\Development\2027 ICASSP\data\URGENT2025_SQA_scaled\audio\urgent25_blind_test_fileid_000748.flac,urgent25_blind_test_fileid_000748,urgent25_blind_test_submission_763,3.75,urgent2025_sqa_scaled,3.064138412475586,3.569800615310669,2.427544355392456
C:\Users\rffela\OneDrive - GN Store Nord\Documents\Jabra\2026\Development\2027 ICASSP\data\URGENT2025_SQA_scaled\audio\urgent25_blind_test_fileid_000762.flac,urgent25_blind_test_fileid_000762,urgent25_blind_test_submission_763,2.25,urgent2025_sqa_scaled,1.9475047588348389,1.2717992067337036,1.3195645809173584
C:\Users\rffela\OneDrive - GN Store Nord\Documents\Jabra\2026\Development\2027 ICASSP\data\URGENT2025_SQA_scaled\audio\urgent25_blind_test_fileid_000772.flac,urgent25_blind_test_fileid_000772,urgent25_blind_test_submission_763,3.25,urgent2025_sqa_scaled,2.96760892868042,3.5599005222320557,1.728031039237976
C:\Users\rffela\OneDrive - GN Store Nord\Documents\Jabra\2026\Development\2027 ICASSP\data\URGENT2025_SQA_scaled\audio\urgent25_blind_test_fileid_000884.flac,urgent25_blind_test_fileid_000884,urgent25_blind_test_submission_763,2.0,urgent2025_sqa_scaled,2.5270352363586426,1.74940025806427,1.908289909362793
C:\Users\rffela\OneDrive - GN Store Nord\Documents\Jabra\2026\Development\2027 ICASSP\data\URGENT2025_SQA_scaled\audio\urgent25_blind_test_fileid_000029.flac,urgent25_blind_test_fileid_000029,urgent25_blind_test_submission_774,3.375,urgent2025_sqa_scaled,2.706336259841919,1.5341359376907349,1.3479151725769043
C:\Users\rffela\OneDrive - GN Store Nord\Documents\Jabra\2026\Development\2027 ICASSP\data\URGENT2025_SQA_scaled\audio\urgent25_blind_test_fileid_000178.flac,urgent25_blind_test_fileid_000178,urgent25_blind_test_submission_774,1.25,urgent2025_sqa_scaled,2.5714123249053955,1.09711492061615,1.2279052734375
C:\Users\rffela\OneDrive - GN Store Nord\Documents\Jabra\2026\Development\2027 ICASSP\data\URGENT2025_SQA_scaled\audio\urgent25_blind_test_fileid_000238.flac,urgent25_blind_test_fileid_000238,urgent25_blind_test_submission_774,1.5,urgent2025_sqa_scaled,2.3949432373046875,2.0629212856292725,1.2520134449005127
C:\Users\rffela\OneDrive - GN Store Nord\Documents\Jabra\2026\Development\2027 ICASSP\data\URGENT2025_SQA_scaled\audio\urgent25_blind_test_fileid_000239.flac,urgent25_blind_test_fileid_000239,urgent25_blind_test_submission_774,3.875,urgent2025_sqa_scaled,3.221662759780884,3.304457902908325,1.946707010269165
C:\Users\rffela\OneDrive - GN Store Nord\Documents\Jabra\2026\Development\2027 ICASSP\data\URGENT2025_SQA_scaled\audio\urgent25_blind_test_fileid_000270.flac,urgent25_blind_test_fileid_000270,urgent25_blind_test_submission_774,2.0,urgent2025_sqa_scaled,2.0806143283843994,1.08830726146698,1.2446485757827759
C:\Users\rffela\OneDrive - GN Store Nord\Documents\Jabra\2026\Development\2027 ICASSP\data\URGENT2025_SQA_scaled\audio\urgent25_blind_test_fileid_000345.flac,urgent25_blind_test_fileid_000345,urgent25_blind_test_submission_774,2.0,urgent2025_sqa_scaled,1.8489372730255127,0.9783512353897095,1.2763035297393799
C:\Users\rffela\OneDrive - GN Store Nord\Documents\Jabra\2026\Development\2027 ICASSP\data\URGENT2025_SQA_scaled\audio\urgent25_blind_test_fileid_000373.flac,urgent25_blind_test_fileid_000373,urgent25_blind_test_submission_774,3.375,urgent2025_sqa_scaled,2.6201343536376953,1.6018882989883423,1.3165781497955322
C:\Users\rffela\OneDrive - GN Store Nord\Documents\Jabra\2026\Development\2027 ICASSP\data\URGENT2025_SQA_scaled\audio\urgent25_blind_test_fileid_000531.flac,urgent25_blind_test_fileid_000531,urgent25_blind_test_submission_774,1.25,urgent2025_sqa_scaled,2.231980800628662,1.3136321306228638,1.2448601722717285
C:\Users\rffela\OneDrive - GN Store Nord\Documents\Jabra\2026\Development\2027 ICASSP\data\URGENT2025_SQA_scaled\audio\urgent25_blind_test_fileid_000618.flac,urgent25_blind_test_fileid_000618,urgent25_blind_test_submission_774,2.5,urgent2025_sqa_scaled,2.22202730178833,1.294661521911621,1.3581780195236206
C:\Users\rffela\OneDrive - GN Store Nord\Documents\Jabra\2026\Development\2027 ICASSP\data\URGENT2025_SQA_scaled\audio\urgent25_blind_test_fileid_000668.flac,urgent25_blind_test_fileid_000668,urgent25_blind_test_submission_774,3.5,urgent2025_sqa_scaled,2.769756555557251,3.3387653827667236,3.139005661010742
C:\Users\rffela\OneDrive - GN Store Nord\Documents\Jabra\2026\Development\2027 ICASSP\data\URGENT2025_SQA_scaled\audio\urgent25_blind_test_fileid_000748.flac,urgent25_blind_test_fileid_000748,urgent25_blind_test_submission_774,2.875,urgent2025_sqa_scaled,3.0195984840393066,2.7545177936553955,2.4782214164733887
C:\Users\rffela\OneDrive - GN Store Nord\Documents\Jabra\2026\Development\2027 ICASSP\data\URGENT2025_SQA_scaled\audio\urgent25_blind_test_fileid_000762.flac,urgent25_blind_test_fileid_000762,urgent25_blind_test_submission_774,1.75,urgent2025_sqa_scaled,1.814953327178955,1.0253244638442993,1.2857160568237305
C:\Users\rffela\OneDrive - GN Store Nord\Documents\Jabra\2026\Development\2027 ICASSP\data\URGENT2025_SQA_scaled\audio\urgent25_blind_test_fileid_000772.flac,urgent25_blind_test_fileid_000772,urgent25_blind_test_submission_774,3.125,urgent2025_sqa_scaled,2.795248031616211,2.6829917430877686,1.5516738891601562
C:\Users\rffela\OneDrive - GN Store Nord\Documents\Jabra\2026\Development\2027 ICASSP\data\URGENT2025_SQA_scaled\audio\urgent25_blind_test_fileid_000884.flac,urgent25_blind_test_fileid_000884,urgent25_blind_test_submission_774,1.625,urgent2025_sqa_scaled,2.1789488792419434,1.3524550199508667,1.7278627157211304
C:\Users\rffela\OneDrive - GN Store Nord\Documents\Jabra\2026\Development\2027 ICASSP\data\URGENT2025_SQA_scaled\audio\urgent25_blind_test_fileid_000029.flac,urgent25_blind_test_fileid_000029,urgent25_blind_test_submission_776,2.375,urgent2025_sqa_scaled,3.0016720294952393,3.5856590270996094,1.440730094909668
C:\Users\rffela\OneDrive - GN Store Nord\Documents\Jabra\2026\Development\2027 ICASSP\data\URGENT2025_SQA_scaled\audio\urgent25_blind_test_fileid_000178.flac,urgent25_blind_test_fileid_000178,urgent25_blind_test_submission_776,1.375,urgent2025_sqa_scaled,2.826328992843628,2.351423978805542,1.2345868349075317
C:\Users\rffela\OneDrive - GN Store Nord\Documents\Jabra\2026\Development\2027 ICASSP\data\URGENT2025_SQA_scaled\audio\urgent25_blind_test_fileid_000238.flac,urgent25_blind_test_fileid_000238,urgent25_blind_test_submission_776,2.75,urgent2025_sqa_scaled,2.6340394020080566,2.6009738445281982,1.3577475547790527
C:\Users\rffela\OneDrive - GN Store Nord\Documents\Jabra\2026\Development\2027 ICASSP\data\URGENT2025_SQA_scaled\audio\urgent25_blind_test_fileid_000239.flac,urgent25_blind_test_fileid_000239,urgent25_blind_test_submission_776,3.75,urgent2025_sqa_scaled,3.2892510890960693,4.422369003295898,2.90255069732666
C:\Users\rffela\OneDrive - GN Store Nord\Documents\Jabra\2026\Development\2027 ICASSP\data\URGENT2025_SQA_scaled\audio\urgent25_blind_test_fileid_000270.flac,urgent25_blind_test_fileid_000270,urgent25_blind_test_submission_776,2.5,urgent2025_sqa_scaled,2.927267074584961,3.2693045139312744,1.410722255706787
C:\Users\rffela\OneDrive - GN Store Nord\Documents\Jabra\2026\Development\2027 ICASSP\data\URGENT2025_SQA_scaled\audio\urgent25_blind_test_fileid_000345.flac,urgent25_blind_test_fileid_000345,urgent25_blind_test_submission_776,1.625,urgent2025_sqa_scaled,2.8518786430358887,2.352145195007324,1.313909888267517
C:\Users\rffela\OneDrive - GN Store Nord\Documents\Jabra\2026\Development\2027 ICASSP\data\URGENT2025_SQA_scaled\audio\urgent25_blind_test_fileid_000373.flac,urgent25_blind_test_fileid_000373,urgent25_blind_test_submission_776,2.875,urgent2025_sqa_scaled,3.396653413772583,3.550527334213257,1.4164233207702637
C:\Users\rffela\OneDrive - GN Store Nord\Documents\Jabra\2026\Development\2027 ICASSP\data\URGENT2025_SQA_scaled\audio\urgent25_blind_test_fileid_000531.flac,urgent25_blind_test_fileid_000531,urgent25_blind_test_submission_776,1.875,urgent2025_sqa_scaled,3.0361216068267822,3.7022769451141357,1.2831228971481323
C:\Users\rffela\OneDrive - GN Store Nord\Documents\Jabra\2026\Development\2027 ICASSP\data\URGENT2025_SQA_scaled\audio\urgent25_blind_test_fileid_000618.flac,urgent25_blind_test_fileid_000618,urgent25_blind_test_submission_776,2.5,urgent2025_sqa_scaled,3.241300582885742,2.836871385574341,1.7109081745147705
C:\Users\rffela\OneDrive - GN Store Nord\Documents\Jabra\2026\Development\2027 ICASSP\data\URGENT2025_SQA_scaled\audio\urgent25_blind_test_fileid_000668.flac,urgent25_blind_test_fileid_000668,urgent25_blind_test_submission_776,3.75,urgent2025_sqa_scaled,3.2949366569519043,3.327850818634033,3.5479373931884766
C:\Users\rffela\OneDrive - GN Store Nord\Documents\Jabra\2026\Development\2027 ICASSP\data\URGENT2025_SQA_scaled\audio\urgent25_blind_test_fileid_000748.flac,urgent25_blind_test_fileid_000748,urgent25_blind_test_submission_776,4.125,urgent2025_sqa_scaled,3.258164405822754,3.735929012298584,2.8164424896240234
C:\Users\rffela\OneDrive - GN Store Nord\Documents\Jabra\2026\Development\2027 ICASSP\data\URGENT2025_SQA_scaled\audio\urgent25_blind_test_fileid_000762.flac,urgent25_blind_test_fileid_000762,urgent25_blind_test_submission_776,2.875,urgent2025_sqa_scaled,2.6586012840270996,2.6264808177948,1.4054501056671143
C:\Users\rffela\OneDrive - GN Store Nord\Documents\Jabra\2026\Development\2027 ICASSP\data\URGENT2025_SQA_scaled\audio\urgent25_blind_test_fileid_000772.flac,urgent25_blind_test_fileid_000772,urgent25_blind_test_submission_776,3.875,urgent2025_sqa_scaled,3.334928035736084,4.637022972106934,2.1760106086730957
C:\Users\rffela\OneDrive - GN Store Nord\Documents\Jabra\2026\Development\2027 ICASSP\data\URGENT2025_SQA_scaled\audio\urgent25_blind_test_fileid_000884.flac,urgent25_blind_test_fileid_000884,urgent25_blind_test_submission_776,2.125,urgent2025_sqa_scaled,3.080617666244507,2.6432130336761475,2.044822931289673
C:\Users\rffela\OneDrive - GN Store Nord\Documents\Jabra\2026\Development\2027 ICASSP\data\URGENT2025_SQA_scaled\audio\urgent25_blind_test_fileid_000029.flac,urgent25_blind_test_fileid_000029,urgent25_blind_test_submission_780,2.625,urgent2025_sqa_scaled,3.146742105484009,2.467810869216919,1.5149621963500977
C:\Users\rffela\OneDrive - GN Store Nord\Documents\Jabra\2026\Development\2027 ICASSP\data\URGENT2025_SQA_scaled\audio\urgent25_blind_test_fileid_000178.flac,urgent25_blind_test_fileid_000178,urgent25_blind_test_submission_780,2.5,urgent2025_sqa_scaled,2.618018627166748,2.2706916332244873,1.2685661315917969
C:\Users\rffela\OneDrive - GN Store Nord\Documents\Jabra\2026\Development\2027 ICASSP\data\URGENT2025_SQA_scaled\audio\urgent25_blind_test_fileid_000238.flac,urgent25_blind_test_fileid_000238,urgent25_blind_test_submission_780,2.875,urgent2025_sqa_scaled,2.486419677734375,1.9695402383804321,1.3342876434326172
C:\Users\rffela\OneDrive - GN Store Nord\Documents\Jabra\2026\Development\2027 ICASSP\data\URGENT2025_SQA_scaled\audio\urgent25_blind_test_fileid_000239.flac,urgent25_blind_test_fileid_000239,urgent25_blind_test_submission_780,4.125,urgent2025_sqa_scaled,3.3704357147216797,3.9275543689727783,3.023772954940796
C:\Users\rffela\OneDrive - GN Store Nord\Documents\Jabra\2026\Development\2027 ICASSP\data\URGENT2025_SQA_scaled\audio\urgent25_blind_test_fileid_000270.flac,urgent25_blind_test_fileid_000270,urgent25_blind_test_submission_780,2.125,urgent2025_sqa_scaled,2.370553970336914,2.251047372817993,1.280171275138855
C:\Users\rffela\OneDrive - GN Store Nord\Documents\Jabra\2026\Development\2027 ICASSP\data\URGENT2025_SQA_scaled\audio\urgent25_blind_test_fileid_000345.flac,urgent25_blind_test_fileid_000345,urgent25_blind_test_submission_780,2.25,urgent2025_sqa_scaled,2.3804054260253906,2.826312303543091,1.3578565120697021
C:\Users\rffela\OneDrive - GN Store Nord\Documents\Jabra\2026\Development\2027 ICASSP\data\URGENT2025_SQA_scaled\audio\urgent25_blind_test_fileid_000373.flac,urgent25_blind_test_fileid_000373,urgent25_blind_test_submission_780,2.125,urgent2025_sqa_scaled,2.9057395458221436,2.0662999153137207,1.3678730726242065
C:\Users\rffela\OneDrive - GN Store Nord\Documents\Jabra\2026\Development\2027 ICASSP\data\URGENT2025_SQA_scaled\audio\urgent25_blind_test_fileid_000531.flac,urgent25_blind_test_fileid_000531,urgent25_blind_test_submission_780,3.25,urgent2025_sqa_scaled,2.9815890789031982,3.1152937412261963,1.3271633386611938
C:\Users\rffela\OneDrive - GN Store Nord\Documents\Jabra\2026\Development\2027 ICASSP\data\URGENT2025_SQA_scaled\audio\urgent25_blind_test_fileid_000618.flac,urgent25_blind_test_fileid_000618,urgent25_blind_test_submission_780,2.875,urgent2025_sqa_scaled,2.8373470306396484,1.6776727437973022,1.7190111875534058
C:\Users\rffela\OneDrive - GN Store Nord\Documents\Jabra\2026\Development\2027 ICASSP\data\URGENT2025_SQA_scaled\audio\urgent25_blind_test_fileid_000668.flac,urgent25_blind_test_fileid_000668,urgent25_blind_test_submission_780,3.375,urgent2025_sqa_scaled,2.793166160583496,3.2673792839050293,3.277116537094116
C:\Users\rffela\OneDrive - GN Store Nord\Documents\Jabra\2026\Development\2027 ICASSP\data\URGENT2025_SQA_scaled\audio\urgent25_blind_test_fileid_000748.flac,urgent25_blind_test_fileid_000748,urgent25_blind_test_submission_780,4.5,urgent2025_sqa_scaled,3.0045242309570312,3.230294704437256,2.590945243835449
C:\Users\rffela\OneDrive - GN Store Nord\Documents\Jabra\2026\Development\2027 ICASSP\data\URGENT2025_SQA_scaled\audio\urgent25_blind_test_fileid_000762.flac,urgent25_blind_test_fileid_000762,urgent25_blind_test_submission_780,3.0,urgent2025_sqa_scaled,2.4927330017089844,2.196268081665039,1.6623225212097168
C:\Users\rffela\OneDrive - GN Store Nord\Documents\Jabra\2026\Development\2027 ICASSP\data\URGENT2025_SQA_scaled\audio\urgent25_blind_test_fileid_000772.flac,urgent25_blind_test_fileid_000772,urgent25_blind_test_submission_780,3.75,urgent2025_sqa_scaled,3.0408129692077637,2.7228779792785645,1.8143823146820068
C:\Users\rffela\OneDrive - GN Store Nord\Documents\Jabra\2026\Development\2027 ICASSP\data\URGENT2025_SQA_scaled\audio\urgent25_blind_test_fileid_000884.flac,urgent25_blind_test_fileid_000884,urgent25_blind_test_submission_780,3.125,urgent2025_sqa_scaled,2.7376840114593506,3.7865540981292725,2.573279857635498
C:\Users\rffela\OneDrive - GN Store Nord\Documents\Jabra\2026\Development\2027 ICASSP\data\URGENT2025_SQA_scaled\audio\urgent25_blind_test_fileid_000029.flac,urgent25_blind_test_fileid_000029,urgent25_blind_test_submission_783,2.5,urgent2025_sqa_scaled,3.1681525707244873,2.6589653491973877,1.464528203010559
C:\Users\rffela\OneDrive - GN Store Nord\Documents\Jabra\2026\Development\2027 ICASSP\data\URGENT2025_SQA_scaled\audio\urgent25_blind_test_fileid_000178.flac,urgent25_blind_test_fileid_000178,urgent25_blind_test_submission_783,1.75,urgent2025_sqa_scaled,2.138777017593384,1.722680687904358,1.2718336582183838
C:\Users\rffela\OneDrive - GN Store Nord\Documents\Jabra\2026\Development\2027 ICASSP\data\URGENT2025_SQA_scaled\audio\urgent25_blind_test_fileid_000238.flac,urgent25_blind_test_fileid_000238,urgent25_blind_test_submission_783,2.625,urgent2025_sqa_scaled,2.6056580543518066,1.6218537092208862,1.3160940408706665
C:\Users\rffela\OneDrive - GN Store Nord\Documents\Jabra\2026\Development\2027 ICASSP\data\URGENT2025_SQA_scaled\audio\urgent25_blind_test_fileid_000239.flac,urgent25_blind_test_fileid_000239,urgent25_blind_test_submission_783,4.5,urgent2025_sqa_scaled,3.3028907775878906,4.439431190490723,3.093808650970459
C:\Users\rffela\OneDrive - GN Store Nord\Documents\Jabra\2026\Development\2027 ICASSP\data\URGENT2025_SQA_scaled\audio\urgent25_blind_test_fileid_000270.flac,urgent25_blind_test_fileid_000270,urgent25_blind_test_submission_783,2.625,urgent2025_sqa_scaled,2.616774320602417,2.8427765369415283,1.3528985977172852
C:\Users\rffela\OneDrive - GN Store Nord\Documents\Jabra\2026\Development\2027 ICASSP\data\URGENT2025_SQA_scaled\audio\urgent25_blind_test_fileid_000345.flac,urgent25_blind_test_fileid_000345,urgent25_blind_test_submission_783,2.75,urgent2025_sqa_scaled,2.8997514247894287,2.2948286533355713,1.4637187719345093
C:\Users\rffela\OneDrive - GN Store Nord\Documents\Jabra\2026\Development\2027 ICASSP\data\URGENT2025_SQA_scaled\audio\urgent25_blind_test_fileid_000373.flac,urgent25_blind_test_fileid_000373,urgent25_blind_test_submission_783,2.875,urgent2025_sqa_scaled,3.025028944015503,2.3865065574645996,1.3442275524139404
C:\Users\rffela\OneDrive - GN Store Nord\Documents\Jabra\2026\Development\2027 ICASSP\data\URGENT2025_SQA_scaled\audio\urgent25_blind_test_fileid_000531.flac,urgent25_blind_test_fileid_000531,urgent25_blind_test_submission_783,2.625,urgent2025_sqa_scaled,2.876540422439575,2.2480130195617676,1.3301876783370972
C:\Users\rffela\OneDrive - GN Store Nord\Documents\Jabra\2026\Development\2027 ICASSP\data\URGENT2025_SQA_scaled\audio\urgent25_blind_test_fileid_000618.flac,urgent25_blind_test_fileid_000618,urgent25_blind_test_submission_783,3.875,urgent2025_sqa_scaled,2.9874014854431152,1.774389624595642,1.7794588804244995
C:\Users\rffela\OneDrive - GN Store Nord\Documents\Jabra\2026\Development\2027 ICASSP\data\URGENT2025_SQA_scaled\audio\urgent25_blind_test_fileid_000668.flac,urgent25_blind_test_fileid_000668,urgent25_blind_test_submission_783,2.875,urgent2025_sqa_scaled,2.738424062728882,2.9811923503875732,3.225329875946045
C:\Users\rffela\OneDrive - GN Store Nord\Documents\Jabra\2026\Development\2027 ICASSP\data\URGENT2025_SQA_scaled\audio\urgent25_blind_test_fileid_000748.flac,urgent25_blind_test_fileid_000748,urgent25_blind_test_submission_783,2.75,urgent2025_sqa_scaled,3.080982208251953,3.384366750717163,2.636723756790161
C:\Users\rffela\OneDrive - GN Store Nord\Documents\Jabra\2026\Development\2027 ICASSP\data\URGENT2025_SQA_scaled\audio\urgent25_blind_test_fileid_000762.flac,urgent25_blind_test_fileid_000762,urgent25_blind_test_submission_783,2.25,urgent2025_sqa_scaled,2.6641440391540527,2.139824628829956,1.476965069770813
C:\Users\rffela\OneDrive - GN Store Nord\Documents\Jabra\2026\Development\2027 ICASSP\data\URGENT2025_SQA_scaled\audio\urgent25_blind_test_fileid_000772.flac,urgent25_blind_test_fileid_000772,urgent25_blind_test_submission_783,3.0,urgent2025_sqa_scaled,2.747544288635254,2.34269642829895,1.6775380373001099
C:\Users\rffela\OneDrive - GN Store Nord\Documents\Jabra\2026\Development\2027 ICASSP\data\URGENT2025_SQA_scaled\audio\urgent25_blind_test_fileid_000884.flac,urgent25_blind_test_fileid_000884,urgent25_blind_test_submission_783,3.375,urgent2025_sqa_scaled,2.878246545791626,3.8154542446136475,2.134025812149048
C:\Users\rffela\OneDrive - GN Store Nord\Documents\Jabra\2026\Development\2027 ICASSP\data\URGENT2025_SQA_scaled\audio\urgent25_blind_test_fileid_000029.flac,urgent25_blind_test_fileid_000029,urgent25_blind_test_submission_791,4.0,urgent2025_sqa_scaled,3.1834988594055176,2.519378423690796,1.6278290748596191
C:\Users\rffela\OneDrive - GN Store Nord\Documents\Jabra\2026\Development\2027 ICASSP\data\URGENT2025_SQA_scaled\audio\urgent25_blind_test_fileid_000178.flac,urgent25_blind_test_fileid_000178,urgent25_blind_test_submission_791,2.125,urgent2025_sqa_scaled,2.9023683071136475,2.7699544429779053,1.3319711685180664
C:\Users\rffela\OneDrive - GN Store Nord\Documents\Jabra\2026\Development\2027 ICASSP\data\URGENT2025_SQA_scaled\audio\urgent25_blind_test_fileid_000238.flac,urgent25_blind_test_fileid_000238,urgent25_blind_test_submission_791,3.125,urgent2025_sqa_scaled,2.5039896965026855,1.8626446723937988,1.3435726165771484
C:\Users\rffela\OneDrive - GN Store Nord\Documents\Jabra\2026\Development\2027 ICASSP\data\URGENT2025_SQA_scaled\audio\urgent25_blind_test_fileid_000239.flac,urgent25_blind_test_fileid_000239,urgent25_blind_test_submission_791,4.25,urgent2025_sqa_scaled,3.395250082015991,4.194217681884766,3.062312364578247
C:\Users\rffela\OneDrive - GN Store Nord\Documents\Jabra\2026\Development\2027 ICASSP\data\URGENT2025_SQA_scaled\audio\urgent25_blind_test_fileid_000270.flac,urgent25_blind_test_fileid_000270,urgent25_blind_test_submission_791,2.5,urgent2025_sqa_scaled,2.360100507736206,2.274716854095459,1.302995204925537
C:\Users\rffela\OneDrive - GN Store Nord\Documents\Jabra\2026\Development\2027 ICASSP\data\URGENT2025_SQA_scaled\audio\urgent25_blind_test_fileid_000345.flac,urgent25_blind_test_fileid_000345,urgent25_blind_test_submission_791,2.375,urgent2025_sqa_scaled,2.5511245727539062,3.1250293254852295,1.3671379089355469
C:\Users\rffela\OneDrive - GN Store Nord\Documents\Jabra\2026\Development\2027 ICASSP\data\URGENT2025_SQA_scaled\audio\urgent25_blind_test_fileid_000373.flac,urgent25_blind_test_fileid_000373,urgent25_blind_test_submission_791,3.375,urgent2025_sqa_scaled,2.9353175163269043,2.019812822341919,1.390804409980774
C:\Users\rffela\OneDrive - GN Store Nord\Documents\Jabra\2026\Development\2027 ICASSP\data\URGENT2025_SQA_scaled\audio\urgent25_blind_test_fileid_000531.flac,urgent25_blind_test_fileid_000531,urgent25_blind_test_submission_791,3.0,urgent2025_sqa_scaled,3.050893545150757,3.178898572921753,1.3362284898757935
C:\Users\rffela\OneDrive - GN Store Nord\Documents\Jabra\2026\Development\2027 ICASSP\data\URGENT2025_SQA_scaled\audio\urgent25_blind_test_fileid_000618.flac,urgent25_blind_test_fileid_000618,urgent25_blind_test_submission_791,2.625,urgent2025_sqa_scaled,2.925464391708374,1.6796389818191528,1.8091753721237183
C:\Users\rffela\OneDrive - GN Store Nord\Documents\Jabra\2026\Development\2027 ICASSP\data\URGENT2025_SQA_scaled\audio\urgent25_blind_test_fileid_000668.flac,urgent25_blind_test_fileid_000668,urgent25_blind_test_submission_791,4.0,urgent2025_sqa_scaled,2.835320234298706,3.2880258560180664,3.3696835041046143
C:\Users\rffela\OneDrive - GN Store Nord\Documents\Jabra\2026\Development\2027 ICASSP\data\URGENT2025_SQA_scaled\audio\urgent25_blind_test_fileid_000748.flac,urgent25_blind_test_fileid_000748,urgent25_blind_test_submission_791,3.75,urgent2025_sqa_scaled,2.946695327758789,3.709923505783081,2.6272811889648438
C:\Users\rffela\OneDrive - GN Store Nord\Documents\Jabra\2026\Development\2027 ICASSP\data\URGENT2025_SQA_scaled\audio\urgent25_blind_test_fileid_000762.flac,urgent25_blind_test_fileid_000762,urgent25_blind_test_submission_791,2.625,urgent2025_sqa_scaled,2.5670082569122314,2.3887507915496826,1.8531596660614014
C:\Users\rffela\OneDrive - GN Store Nord\Documents\Jabra\2026\Development\2027 ICASSP\data\URGENT2025_SQA_scaled\audio\urgent25_blind_test_fileid_000772.flac,urgent25_blind_test_fileid_000772,urgent25_blind_test_submission_791,3.75,urgent2025_sqa_scaled,3.0963237285614014,2.7881476879119873,1.7479667663574219
C:\Users\rffela\OneDrive - GN Store Nord\Documents\Jabra\2026\Development\2027 ICASSP\data\URGENT2025_SQA_scaled\audio\urgent25_blind_test_fileid_000884.flac,urgent25_blind_test_fileid_000884,urgent25_blind_test_submission_791,3.75,urgent2025_sqa_scaled,2.7627170085906982,3.788886785507202,2.6254138946533203
C:\Users\rffela\OneDrive - GN Store Nord\Documents\Jabra\2026\Development\2027 ICASSP\data\URGENT2025_SQA_scaled\audio\urgent25_blind_test_fileid_000029.flac,urgent25_blind_test_fileid_000029,urgent25_blind_test_submission_794,2.0,urgent2025_sqa_scaled,2.7663121223449707,2.526954412460327,1.3518304824829102
C:\Users\rffela\OneDrive - GN Store Nord\Documents\Jabra\2026\Development\2027 ICASSP\data\URGENT2025_SQA_scaled\audio\urgent25_blind_test_fileid_000178.flac,urgent25_blind_test_fileid_000178,urgent25_blind_test_submission_794,1.5,urgent2025_sqa_scaled,2.943624973297119,1.4953657388687134,1.2408664226531982
C:\Users\rffela\OneDrive - GN Store Nord\Documents\Jabra\2026\Development\2027 ICASSP\data\URGENT2025_SQA_scaled\audio\urgent25_blind_test_fileid_000238.flac,urgent25_blind_test_fileid_000238,urgent25_blind_test_submission_794,2.0,urgent2025_sqa_scaled,2.504143714904785,3.282627820968628,1.2908068895339966
C:\Users\rffela\OneDrive - GN Store Nord\Documents\Jabra\2026\Development\2027 ICASSP\data\URGENT2025_SQA_scaled\audio\urgent25_blind_test_fileid_000239.flac,urgent25_blind_test_fileid_000239,urgent25_blind_test_submission_794,2.625,urgent2025_sqa_scaled,2.831667184829712,2.648780107498169,2.439239740371704
C:\Users\rffela\OneDrive - GN Store Nord\Documents\Jabra\2026\Development\2027 ICASSP\data\URGENT2025_SQA_scaled\audio\urgent25_blind_test_fileid_000270.flac,urgent25_blind_test_fileid_000270,urgent25_blind_test_submission_794,1.625,urgent2025_sqa_scaled,1.9507696628570557,2.253694534301758,1.2736244201660156
C:\Users\rffela\OneDrive - GN Store Nord\Documents\Jabra\2026\Development\2027 ICASSP\data\URGENT2025_SQA_scaled\audio\urgent25_blind_test_fileid_000345.flac,urgent25_blind_test_fileid_000345,urgent25_blind_test_submission_794,1.875,urgent2025_sqa_scaled,2.3216755390167236,1.569622278213501,1.2582693099975586
C:\Users\rffela\OneDrive - GN Store Nord\Documents\Jabra\2026\Development\2027 ICASSP\data\URGENT2025_SQA_scaled\audio\urgent25_blind_test_fileid_000373.flac,urgent25_blind_test_fileid_000373,urgent25_blind_test_submission_794,2.75,urgent2025_sqa_scaled,3.4409804344177246,3.636969804763794,1.417901873588562
C:\Users\rffela\OneDrive - GN Store Nord\Documents\Jabra\2026\Development\2027 ICASSP\data\URGENT2025_SQA_scaled\audio\urgent25_blind_test_fileid_000531.flac,urgent25_blind_test_fileid_000531,urgent25_blind_test_submission_794,1.125,urgent2025_sqa_scaled,2.6071925163269043,2.67889666557312,1.278212308883667
C:\Users\rffela\OneDrive - GN Store Nord\Documents\Jabra\2026\Development\2027 ICASSP\data\URGENT2025_SQA_scaled\audio\urgent25_blind_test_fileid_000618.flac,urgent25_blind_test_fileid_000618,urgent25_blind_test_submission_794,2.5,urgent2025_sqa_scaled,3.2208285331726074,2.4758694171905518,1.4558683633804321
C:\Users\rffela\OneDrive - GN Store Nord\Documents\Jabra\2026\Development\2027 ICASSP\data\URGENT2025_SQA_scaled\audio\urgent25_blind_test_fileid_000668.flac,urgent25_blind_test_fileid_000668,urgent25_blind_test_submission_794,3.75,urgent2025_sqa_scaled,3.2405037879943848,4.533944129943848,3.5263524055480957
C:\Users\rffela\OneDrive - GN Store Nord\Documents\Jabra\2026\Development\2027 ICASSP\data\URGENT2025_SQA_scaled\audio\urgent25_blind_test_fileid_000748.flac,urgent25_blind_test_fileid_000748,urgent25_blind_test_submission_794,4.0,urgent2025_sqa_scaled,3.062530994415283,4.545905113220215,2.9428882598876953
C:\Users\rffela\OneDrive - GN Store Nord\Documents\Jabra\2026\Development\2027 ICASSP\data\URGENT2025_SQA_scaled\audio\urgent25_blind_test_fileid_000762.flac,urgent25_blind_test_fileid_000762,urgent25_blind_test_submission_794,2.125,urgent2025_sqa_scaled,2.5341315269470215,2.623845338821411,1.4102243185043335
C:\Users\rffela\OneDrive - GN Store Nord\Documents\Jabra\2026\Development\2027 ICASSP\data\URGENT2025_SQA_scaled\audio\urgent25_blind_test_fileid_000772.flac,urgent25_blind_test_fileid_000772,urgent25_blind_test_submission_794,3.75,urgent2025_sqa_scaled,3.1667094230651855,3.3424596786499023,2.2184395790100098
C:\Users\rffela\OneDrive - GN Store Nord\Documents\Jabra\2026\Development\2027 ICASSP\data\URGENT2025_SQA_scaled\audio\urgent25_blind_test_fileid_000884.flac,urgent25_blind_test_fileid_000884,urgent25_blind_test_submission_794,1.75,urgent2025_sqa_scaled,2.7364907264709473,3.526416301727295,1.9873509407043457
C:\Users\rffela\OneDrive - GN Store Nord\Documents\Jabra\2026\Development\2027 ICASSP\data\URGENT2025_SQA_scaled\audio\urgent25_blind_test_fileid_000029.flac,urgent25_blind_test_fileid_000029,urgent25_blind_test_submission_795,3.5,urgent2025_sqa_scaled,3.0859997272491455,2.673553228378296,1.4687119722366333
C:\Users\rffela\OneDrive - GN Store Nord\Documents\Jabra\2026\Development\2027 ICASSP\data\URGENT2025_SQA_scaled\audio\urgent25_blind_test_fileid_000178.flac,urgent25_blind_test_fileid_000178,urgent25_blind_test_submission_795,1.5,urgent2025_sqa_scaled,2.756094217300415,2.040177583694458,1.2970983982086182
C:\Users\rffela\OneDrive - GN Store Nord\Documents\Jabra\2026\Development\2027 ICASSP\data\URGENT2025_SQA_scaled\audio\urgent25_blind_test_fileid_000238.flac,urgent25_blind_test_fileid_000238,urgent25_blind_test_submission_795,2.75,urgent2025_sqa_scaled,2.3111302852630615,1.9588972330093384,1.2866008281707764
C:\Users\rffela\OneDrive - GN Store Nord\Documents\Jabra\2026\Development\2027 ICASSP\data\URGENT2025_SQA_scaled\audio\urgent25_blind_test_fileid_000239.flac,urgent25_blind_test_fileid_000239,urgent25_blind_test_submission_795,4.375,urgent2025_sqa_scaled,3.206749200820923,4.470220565795898,2.951305389404297
C:\Users\rffela\OneDrive - GN Store Nord\Documents\Jabra\2026\Development\2027 ICASSP\data\URGENT2025_SQA_scaled\audio\urgent25_blind_test_fileid_000270.flac,urgent25_blind_test_fileid_000270,urgent25_blind_test_submission_795,2.75,urgent2025_sqa_scaled,2.3905141353607178,2.9508159160614014,1.3245258331298828
C:\Users\rffela\OneDrive - GN Store Nord\Documents\Jabra\2026\Development\2027 ICASSP\data\URGENT2025_SQA_scaled\audio\urgent25_blind_test_fileid_000345.flac,urgent25_blind_test_fileid_000345,urgent25_blind_test_submission_795,2.25,urgent2025_sqa_scaled,2.4760491847991943,2.8096792697906494,1.3186484575271606
C:\Users\rffela\OneDrive - GN Store Nord\Documents\Jabra\2026\Development\2027 ICASSP\data\URGENT2025_SQA_scaled\audio\urgent25_blind_test_fileid_000373.flac,urgent25_blind_test_fileid_000373,urgent25_blind_test_submission_795,3.25,urgent2025_sqa_scaled,3.1415820121765137,2.4865994453430176,1.3534964323043823
C:\Users\rffela\OneDrive - GN Store Nord\Documents\Jabra\2026\Development\2027 ICASSP\data\URGENT2025_SQA_scaled\audio\urgent25_blind_test_fileid_000531.flac,urgent25_blind_test_fileid_000531,urgent25_blind_test_submission_795,2.75,urgent2025_sqa_scaled,3.115084171295166,2.6465485095977783,1.3081437349319458
C:\Users\rffela\OneDrive - GN Store Nord\Documents\Jabra\2026\Development\2027 ICASSP\data\URGENT2025_SQA_scaled\audio\urgent25_blind_test_fileid_000618.flac,urgent25_blind_test_fileid_000618,urgent25_blind_test_submission_795,2.5,urgent2025_sqa_scaled,3.0858633518218994,1.7772191762924194,1.7639341354370117
C:\Users\rffela\OneDrive - GN Store Nord\Documents\Jabra\2026\Development\2027 ICASSP\data\URGENT2025_SQA_scaled\audio\urgent25_blind_test_fileid_000668.flac,urgent25_blind_test_fileid_000668,urgent25_blind_test_submission_795,2.875,urgent2025_sqa_scaled,2.7261080741882324,3.113413095474243,3.0865213871002197
C:\Users\rffela\OneDrive - GN Store Nord\Documents\Jabra\2026\Development\2027 ICASSP\data\URGENT2025_SQA_scaled\audio\urgent25_blind_test_fileid_000748.flac,urgent25_blind_test_fileid_000748,urgent25_blind_test_submission_795,3.25,urgent2025_sqa_scaled,3.064950942993164,2.436906576156616,2.6148428916931152
C:\Users\rffela\OneDrive - GN Store Nord\Documents\Jabra\2026\Development\2027 ICASSP\data\URGENT2025_SQA_scaled\audio\urgent25_blind_test_fileid_000762.flac,urgent25_blind_test_fileid_000762,urgent25_blind_test_submission_795,2.5,urgent2025_sqa_scaled,2.6058311462402344,1.8135727643966675,1.4281929731369019
C:\Users\rffela\OneDrive - GN Store Nord\Documents\Jabra\2026\Development\2027 ICASSP\data\URGENT2025_SQA_scaled\audio\urgent25_blind_test_fileid_000772.flac,urgent25_blind_test_fileid_000772,urgent25_blind_test_submission_795,3.0,urgent2025_sqa_scaled,3.0469632148742676,2.1593713760375977,1.5567355155944824
C:\Users\rffela\OneDrive - GN Store Nord\Documents\Jabra\2026\Development\2027 ICASSP\data\URGENT2025_SQA_scaled\audio\urgent25_blind_test_fileid_000884.flac,urgent25_blind_test_fileid_000884,urgent25_blind_test_submission_795,2.75,urgent2025_sqa_scaled,2.4593873023986816,2.6047980785369873,2.4007699489593506
C:\Users\rffela\OneDrive - GN Store Nord\Documents\Jabra\2026\Development\2027 ICASSP\data\URGENT2025_SQA_scaled\audio\urgent25_blind_test_fileid_000029.flac,urgent25_blind_test_fileid_000029,urgent25_blind_test_submission_796,3.0,urgent2025_sqa_scaled,3.050248622894287,2.227579355239868,1.361332654953003
C:\Users\rffela\OneDrive - GN Store Nord\Documents\Jabra\2026\Development\2027 ICASSP\data\URGENT2025_SQA_scaled\audio\urgent25_blind_test_fileid_000178.flac,urgent25_blind_test_fileid_000178,urgent25_blind_test_submission_796,2.0,urgent2025_sqa_scaled,2.592017650604248,2.062298536300659,1.4679691791534424
C:\Users\rffela\OneDrive - GN Store Nord\Documents\Jabra\2026\Development\2027 ICASSP\data\URGENT2025_SQA_scaled\audio\urgent25_blind_test_fileid_000238.flac,urgent25_blind_test_fileid_000238,urgent25_blind_test_submission_796,3.375,urgent2025_sqa_scaled,2.3958427906036377,1.351179838180542,1.2659876346588135
C:\Users\rffela\OneDrive - GN Store Nord\Documents\Jabra\2026\Development\2027 ICASSP\data\URGENT2025_SQA_scaled\audio\urgent25_blind_test_fileid_000239.flac,urgent25_blind_test_fileid_000239,urgent25_blind_test_submission_796,3.875,urgent2025_sqa_scaled,3.3607869148254395,4.526401519775391,2.6463780403137207
C:\Users\rffela\OneDrive - GN Store Nord\Documents\Jabra\2026\Development\2027 ICASSP\data\URGENT2025_SQA_scaled\audio\urgent25_blind_test_fileid_000270.flac,urgent25_blind_test_fileid_000270,urgent25_blind_test_submission_796,2.875,urgent2025_sqa_scaled,2.5145936012268066,2.83540415763855,1.3287986516952515
C:\Users\rffela\OneDrive - GN Store Nord\Documents\Jabra\2026\Development\2027 ICASSP\data\URGENT2025_SQA_scaled\audio\urgent25_blind_test_fileid_000345.flac,urgent25_blind_test_fileid_000345,urgent25_blind_test_submission_796,2.875,urgent2025_sqa_scaled,2.27152419090271,2.8643600940704346,1.3168388605117798
C:\Users\rffela\OneDrive - GN Store Nord\Documents\Jabra\2026\Development\2027 ICASSP\data\URGENT2025_SQA_scaled\audio\urgent25_blind_test_fileid_000373.flac,urgent25_blind_test_fileid_000373,urgent25_blind_test_submission_796,3.0,urgent2025_sqa_scaled,3.2555291652679443,2.5628232955932617,1.3574626445770264
C:\Users\rffela\OneDrive - GN Store Nord\Documents\Jabra\2026\Development\2027 ICASSP\data\URGENT2025_SQA_scaled\audio\urgent25_blind_test_fileid_000531.flac,urgent25_blind_test_fileid_000531,urgent25_blind_test_submission_796,2.875,urgent2025_sqa_scaled,3.1216983795166016,3.064971685409546,1.2677198648452759
C:\Users\rffela\OneDrive - GN Store Nord\Documents\Jabra\2026\Development\2027 ICASSP\data\URGENT2025_SQA_scaled\audio\urgent25_blind_test_fileid_000618.flac,urgent25_blind_test_fileid_000618,urgent25_blind_test_submission_796,3.0,urgent2025_sqa_scaled,2.9639906883239746,2.2885899543762207,1.6482374668121338
C:\Users\rffela\OneDrive - GN Store Nord\Documents\Jabra\2026\Development\2027 ICASSP\data\URGENT2025_SQA_scaled\audio\urgent25_blind_test_fileid_000668.flac,urgent25_blind_test_fileid_000668,urgent25_blind_test_submission_796,3.625,urgent2025_sqa_scaled,2.7910287380218506,3.376145124435425,2.855316400527954
C:\Users\rffela\OneDrive - GN Store Nord\Documents\Jabra\2026\Development\2027 ICASSP\data\URGENT2025_SQA_scaled\audio\urgent25_blind_test_fileid_000748.flac,urgent25_blind_test_fileid_000748,urgent25_blind_test_submission_796,3.375,urgent2025_sqa_scaled,3.1124985218048096,4.246452331542969,2.446296215057373
C:\Users\rffela\OneDrive - GN Store Nord\Documents\Jabra\2026\Development\2027 ICASSP\data\URGENT2025_SQA_scaled\audio\urgent25_blind_test_fileid_000762.flac,urgent25_blind_test_fileid_000762,urgent25_blind_test_submission_796,3.375,urgent2025_sqa_scaled,2.3763177394866943,2.445358991622925,1.4001941680908203
C:\Users\rffela\OneDrive - GN Store Nord\Documents\Jabra\2026\Development\2027 ICASSP\data\URGENT2025_SQA_scaled\audio\urgent25_blind_test_fileid_000772.flac,urgent25_blind_test_fileid_000772,urgent25_blind_test_submission_796,2.5,urgent2025_sqa_scaled,3.113525867462158,2.3984618186950684,1.6294852495193481
C:\Users\rffela\OneDrive - GN Store Nord\Documents\Jabra\2026\Development\2027 ICASSP\data\URGENT2025_SQA_scaled\audio\urgent25_blind_test_fileid_000884.flac,urgent25_blind_test_fileid_000884,urgent25_blind_test_submission_796,3.625,urgent2025_sqa_scaled,3.06064510345459,3.1886703968048096,1.9252663850784302
C:\Users\rffela\OneDrive - GN Store Nord\Documents\Jabra\2026\Development\2027 ICASSP\data\URGENT2025_SQA_scaled\audio\urgent25_blind_test_fileid_000029.flac,urgent25_blind_test_fileid_000029,urgent25_blind_test_submission_799,3.375,urgent2025_sqa_scaled,3.2333810329437256,3.6269989013671875,2.823120355606079
C:\Users\rffela\OneDrive - GN Store Nord\Documents\Jabra\2026\Development\2027 ICASSP\data\URGENT2025_SQA_scaled\audio\urgent25_blind_test_fileid_000178.flac,urgent25_blind_test_fileid_000178,urgent25_blind_test_submission_799,3.75,urgent2025_sqa_scaled,3.475367546081543,3.752885580062866,2.857825517654419
C:\Users\rffela\OneDrive - GN Store Nord\Documents\Jabra\2026\Development\2027 ICASSP\data\URGENT2025_SQA_scaled\audio\urgent25_blind_test_fileid_000238.flac,urgent25_blind_test_fileid_000238,urgent25_blind_test_submission_799,3.5,urgent2025_sqa_scaled,3.282270669937134,2.764512300491333,2.7513155937194824
C:\Users\rffela\OneDrive - GN Store Nord\Documents\Jabra\2026\Development\2027 ICASSP\data\URGENT2025_SQA_scaled\audio\urgent25_blind_test_fileid_000239.flac,urgent25_blind_test_fileid_000239,urgent25_blind_test_submission_799,2.75,urgent2025_sqa_scaled,3.087592124938965,3.2570509910583496,2.602412223815918
C:\Users\rffela\OneDrive - GN Store Nord\Documents\Jabra\2026\Development\2027 ICASSP\data\URGENT2025_SQA_scaled\audio\urgent25_blind_test_fileid_000270.flac,urgent25_blind_test_fileid_000270,urgent25_blind_test_submission_799,3.25,urgent2025_sqa_scaled,3.3057336807250977,4.019147872924805,3.0037755966186523
C:\Users\rffela\OneDrive - GN Store Nord\Documents\Jabra\2026\Development\2027 ICASSP\data\URGENT2025_SQA_scaled\audio\urgent25_blind_test_fileid_000345.flac,urgent25_blind_test_fileid_000345,urgent25_blind_test_submission_799,2.625,urgent2025_sqa_scaled,3.115323543548584,4.519969940185547,2.8713862895965576
C:\Users\rffela\OneDrive - GN Store Nord\Documents\Jabra\2026\Development\2027 ICASSP\data\URGENT2025_SQA_scaled\audio\urgent25_blind_test_fileid_000373.flac,urgent25_blind_test_fileid_000373,urgent25_blind_test_submission_799,4.25,urgent2025_sqa_scaled,3.355229139328003,4.61400032043457,2.781433582305908
C:\Users\rffela\OneDrive - GN Store Nord\Documents\Jabra\2026\Development\2027 ICASSP\data\URGENT2025_SQA_scaled\audio\urgent25_blind_test_fileid_000531.flac,urgent25_blind_test_fileid_000531,urgent25_blind_test_submission_799,3.375,urgent2025_sqa_scaled,3.423025608062744,4.362892150878906,2.2360680103302
C:\Users\rffela\OneDrive - GN Store Nord\Documents\Jabra\2026\Development\2027 ICASSP\data\URGENT2025_SQA_scaled\audio\urgent25_blind_test_fileid_000618.flac,urgent25_blind_test_fileid_000618,urgent25_blind_test_submission_799,3.0,urgent2025_sqa_scaled,2.9975218772888184,3.1776347160339355,2.2662453651428223
C:\Users\rffela\OneDrive - GN Store Nord\Documents\Jabra\2026\Development\2027 ICASSP\data\URGENT2025_SQA_scaled\audio\urgent25_blind_test_fileid_000668.flac,urgent25_blind_test_fileid_000668,urgent25_blind_test_submission_799,4.0,urgent2025_sqa_scaled,2.963005304336548,3.264357328414917,3.4965176582336426
C:\Users\rffela\OneDrive - GN Store Nord\Documents\Jabra\2026\Development\2027 ICASSP\data\URGENT2025_SQA_scaled\audio\urgent25_blind_test_fileid_000748.flac,urgent25_blind_test_fileid_000748,urgent25_blind_test_submission_799,2.5,urgent2025_sqa_scaled,2.901944398880005,3.230576753616333,2.5993475914001465
C:\Users\rffela\OneDrive - GN Store Nord\Documents\Jabra\2026\Development\2027 ICASSP\data\URGENT2025_SQA_scaled\audio\urgent25_blind_test_fileid_000762.flac,urgent25_blind_test_fileid_000762,urgent25_blind_test_submission_799,2.125,urgent2025_sqa_scaled,2.723134994506836,2.3524577617645264,1.8198760747909546
C:\Users\rffela\OneDrive - GN Store Nord\Documents\Jabra\2026\Development\2027 ICASSP\data\URGENT2025_SQA_scaled\audio\urgent25_blind_test_fileid_000772.flac,urgent25_blind_test_fileid_000772,urgent25_blind_test_submission_799,2.875,urgent2025_sqa_scaled,2.694669723510742,3.2969400882720947,2.012488842010498
C:\Users\rffela\OneDrive - GN Store Nord\Documents\Jabra\2026\Development\2027 ICASSP\data\URGENT2025_SQA_scaled\audio\urgent25_blind_test_fileid_000884.flac,urgent25_blind_test_fileid_000884,urgent25_blind_test_submission_799,3.75,urgent2025_sqa_scaled,3.0929763317108154,3.5178234577178955,2.6959140300750732
C:\Users\rffela\OneDrive - GN Store Nord\Documents\Jabra\2026\Development\2027 ICASSP\data\URGENT2025_SQA_scaled\audio\urgent25_blind_test_fileid_000029.flac,urgent25_blind_test_fileid_000029,urgent25_blind_test_submission_804,2.875,urgent2025_sqa_scaled,2.680849313735962,1.8272509574890137,1.4365673065185547
C:\Users\rffela\OneDrive - GN Store Nord\Documents\Jabra\2026\Development\2027 ICASSP\data\URGENT2025_SQA_scaled\audio\urgent25_blind_test_fileid_000178.flac,urgent25_blind_test_fileid_000178,urgent25_blind_test_submission_804,2.125,urgent2025_sqa_scaled,2.0002171993255615,1.0615545511245728,1.3105788230895996
C:\Users\rffela\OneDrive - GN Store Nord\Documents\Jabra\2026\Development\2027 ICASSP\data\URGENT2025_SQA_scaled\audio\urgent25_blind_test_fileid_000238.flac,urgent25_blind_test_fileid_000238,urgent25_blind_test_submission_804,2.75,urgent2025_sqa_scaled,1.9518036842346191,1.565169334411621,1.2730467319488525
C:\Users\rffela\OneDrive - GN Store Nord\Documents\Jabra\2026\Development\2027 ICASSP\data\URGENT2025_SQA_scaled\audio\urgent25_blind_test_fileid_000239.flac,urgent25_blind_test_fileid_000239,urgent25_blind_test_submission_804,4.5,urgent2025_sqa_scaled,3.2128331661224365,4.233822822570801,2.7344226837158203
C:\Users\rffela\OneDrive - GN Store Nord\Documents\Jabra\2026\Development\2027 ICASSP\data\URGENT2025_SQA_scaled\audio\urgent25_blind_test_fileid_000270.flac,urgent25_blind_test_fileid_000270,urgent25_blind_test_submission_804,2.75,urgent2025_sqa_scaled,2.1661171913146973,1.630437970161438,1.310684323310852
C:\Users\rffela\OneDrive - GN Store Nord\Documents\Jabra\2026\Development\2027 ICASSP\data\URGENT2025_SQA_scaled\audio\urgent25_blind_test_fileid_000345.flac,urgent25_blind_test_fileid_000345,urgent25_blind_test_submission_804,1.875,urgent2025_sqa_scaled,1.5442842245101929,1.2025357484817505,1.29468834400177
C:\Users\rffela\OneDrive - GN Store Nord\Documents\Jabra\2026\Development\2027 ICASSP\data\URGENT2025_SQA_scaled\audio\urgent25_blind_test_fileid_000373.flac,urgent25_blind_test_fileid_000373,urgent25_blind_test_submission_804,2.5,urgent2025_sqa_scaled,2.890620231628418,2.061760425567627,1.3124544620513916
C:\Users\rffela\OneDrive - GN Store Nord\Documents\Jabra\2026\Development\2027 ICASSP\data\URGENT2025_SQA_scaled\audio\urgent25_blind_test_fileid_000531.flac,urgent25_blind_test_fileid_000531,urgent25_blind_test_submission_804,2.0,urgent2025_sqa_scaled,2.414191722869873,2.2364113330841064,1.2626936435699463
C:\Users\rffela\OneDrive - GN Store Nord\Documents\Jabra\2026\Development\2027 ICASSP\data\URGENT2025_SQA_scaled\audio\urgent25_blind_test_fileid_000618.flac,urgent25_blind_test_fileid_000618,urgent25_blind_test_submission_804,2.75,urgent2025_sqa_scaled,2.8202834129333496,1.5323091745376587,1.5344758033752441
C:\Users\rffela\OneDrive - GN Store Nord\Documents\Jabra\2026\Development\2027 ICASSP\data\URGENT2025_SQA_scaled\audio\urgent25_blind_test_fileid_000668.flac,urgent25_blind_test_fileid_000668,urgent25_blind_test_submission_804,3.5,urgent2025_sqa_scaled,2.7702972888946533,3.465505838394165,3.0016205310821533
C:\Users\rffela\OneDrive - GN Store Nord\Documents\Jabra\2026\Development\2027 ICASSP\data\URGENT2025_SQA_scaled\audio\urgent25_blind_test_fileid_000748.flac,urgent25_blind_test_fileid_000748,urgent25_blind_test_submission_804,3.25,urgent2025_sqa_scaled,3.046968936920166,3.4546115398406982,2.4520246982574463
C:\Users\rffela\OneDrive - GN Store Nord\Documents\Jabra\2026\Development\2027 ICASSP\data\URGENT2025_SQA_scaled\audio\urgent25_blind_test_fileid_000762.flac,urgent25_blind_test_fileid_000762,urgent25_blind_test_submission_804,2.625,urgent2025_sqa_scaled,2.317861795425415,2.320176362991333,1.540771245956421
C:\Users\rffela\OneDrive - GN Store Nord\Documents\Jabra\2026\Development\2027 ICASSP\data\URGENT2025_SQA_scaled\audio\urgent25_blind_test_fileid_000772.flac,urgent25_blind_test_fileid_000772,urgent25_blind_test_submission_804,4.0,urgent2025_sqa_scaled,3.0916600227355957,2.6743030548095703,1.7495877742767334
C:\Users\rffela\OneDrive - GN Store Nord\Documents\Jabra\2026\Development\2027 ICASSP\data\URGENT2025_SQA_scaled\audio\urgent25_blind_test_fileid_000884.flac,urgent25_blind_test_fileid_000884,urgent25_blind_test_submission_804,3.25,urgent2025_sqa_scaled,2.5870397090911865,3.3107306957244873,2.1983413696289062
C:\Users\rffela\OneDrive - GN Store Nord\Documents\Jabra\2026\Development\2027 ICASSP\data\URGENT2025_SQA_scaled\audio\urgent25_blind_test_fileid_000029.flac,urgent25_blind_test_fileid_000029,urgent25_blind_test_submission_806,2.375,urgent2025_sqa_scaled,3.064574718475342,2.4776713848114014,1.4260027408599854
C:\Users\rffela\OneDrive - GN Store Nord\Documents\Jabra\2026\Development\2027 ICASSP\data\URGENT2025_SQA_scaled\audio\urgent25_blind_test_fileid_000178.flac,urgent25_blind_test_fileid_000178,urgent25_blind_test_submission_806,1.0,urgent2025_sqa_scaled,1.9169219732284546,0.972753643989563,1.2384823560714722
C:\Users\rffela\OneDrive - GN Store Nord\Documents\Jabra\2026\Development\2027 ICASSP\data\URGENT2025_SQA_scaled\audio\urgent25_blind_test_fileid_000238.flac,urgent25_blind_test_fileid_000238,urgent25_blind_test_submission_806,2.5,urgent2025_sqa_scaled,2.5803780555725098,1.8859999179840088,1.2753260135650635
C:\Users\rffela\OneDrive - GN Store Nord\Documents\Jabra\2026\Development\2027 ICASSP\data\URGENT2025_SQA_scaled\audio\urgent25_blind_test_fileid_000239.flac,urgent25_blind_test_fileid_000239,urgent25_blind_test_submission_806,3.625,urgent2025_sqa_scaled,3.2709743976593018,4.471052169799805,2.958132028579712
C:\Users\rffela\OneDrive - GN Store Nord\Documents\Jabra\2026\Development\2027 ICASSP\data\URGENT2025_SQA_scaled\audio\urgent25_blind_test_fileid_000270.flac,urgent25_blind_test_fileid_000270,urgent25_blind_test_submission_806,2.375,urgent2025_sqa_scaled,2.755068302154541,2.3780767917633057,1.301092505455017
C:\Users\rffela\OneDrive - GN Store Nord\Documents\Jabra\2026\Development\2027 ICASSP\data\URGENT2025_SQA_scaled\audio\urgent25_blind_test_fileid_000345.flac,urgent25_blind_test_fileid_000345,urgent25_blind_test_submission_806,1.25,urgent2025_sqa_scaled,2.632608652114868,1.4959460496902466,1.2695789337158203
C:\Users\rffela\OneDrive - GN Store Nord\Documents\Jabra\2026\Development\2027 ICASSP\data\URGENT2025_SQA_scaled\audio\urgent25_blind_test_fileid_000373.flac,urgent25_blind_test_fileid_000373,urgent25_blind_test_submission_806,2.75,urgent2025_sqa_scaled,3.1946260929107666,2.2593305110931396,1.3544046878814697
C:\Users\rffela\OneDrive - GN Store Nord\Documents\Jabra\2026\Development\2027 ICASSP\data\URGENT2025_SQA_scaled\audio\urgent25_blind_test_fileid_000531.flac,urgent25_blind_test_fileid_000531,urgent25_blind_test_submission_806,1.625,urgent2025_sqa_scaled,2.893213987350464,2.003528118133545,1.2537841796875
C:\Users\rffela\OneDrive - GN Store Nord\Documents\Jabra\2026\Development\2027 ICASSP\data\URGENT2025_SQA_scaled\audio\urgent25_blind_test_fileid_000618.flac,urgent25_blind_test_fileid_000618,urgent25_blind_test_submission_806,1.75,urgent2025_sqa_scaled,2.8661746978759766,1.6812416315078735,1.8129589557647705
C:\Users\rffela\OneDrive - GN Store Nord\Documents\Jabra\2026\Development\2027 ICASSP\data\URGENT2025_SQA_scaled\audio\urgent25_blind_test_fileid_000668.flac,urgent25_blind_test_fileid_000668,urgent25_blind_test_submission_806,3.625,urgent2025_sqa_scaled,2.7909581661224365,3.3206160068511963,3.0169479846954346
C:\Users\rffela\OneDrive - GN Store Nord\Documents\Jabra\2026\Development\2027 ICASSP\data\URGENT2025_SQA_scaled\audio\urgent25_blind_test_fileid_000748.flac,urgent25_blind_test_fileid_000748,urgent25_blind_test_submission_806,3.125,urgent2025_sqa_scaled,3.0270495414733887,2.6503682136535645,2.6318166255950928
C:\Users\rffela\OneDrive - GN Store Nord\Documents\Jabra\2026\Development\2027 ICASSP\data\URGENT2025_SQA_scaled\audio\urgent25_blind_test_fileid_000762.flac,urgent25_blind_test_fileid_000762,urgent25_blind_test_submission_806,2.875,urgent2025_sqa_scaled,2.8116445541381836,2.048074245452881,1.4038019180297852
C:\Users\rffela\OneDrive - GN Store Nord\Documents\Jabra\2026\Development\2027 ICASSP\data\URGENT2025_SQA_scaled\audio\urgent25_blind_test_fileid_000772.flac,urgent25_blind_test_fileid_000772,urgent25_blind_test_submission_806,2.5,urgent2025_sqa_scaled,2.8622283935546875,2.1652653217315674,1.5763908624649048
C:\Users\rffela\OneDrive - GN Store Nord\Documents\Jabra\2026\Development\2027 ICASSP\data\URGENT2025_SQA_scaled\audio\urgent25_blind_test_fileid_000884.flac,urgent25_blind_test_fileid_000884,urgent25_blind_test_submission_806,2.625,urgent2025_sqa_scaled,2.5967612266540527,3.194178342819214,2.2112832069396973
C:\Users\rffela\OneDrive - GN Store Nord\Documents\Jabra\2026\Development\2027 ICASSP\data\URGENT2025_SQA_scaled\audio\urgent25_blind_test_fileid_000029.flac,urgent25_blind_test_fileid_000029,urgent25_blind_test_submission_808,3.625,urgent2025_sqa_scaled,2.8255906105041504,3.2342662811279297,1.3715128898620605
C:\Users\rffela\OneDrive - GN Store Nord\Documents\Jabra\2026\Development\2027 ICASSP\data\URGENT2025_SQA_scaled\audio\urgent25_blind_test_fileid_000178.flac,urgent25_blind_test_fileid_000178,urgent25_blind_test_submission_808,2.375,urgent2025_sqa_scaled,2.0276198387145996,2.0469014644622803,2.661686420440674
C:\Users\rffela\OneDrive - GN Store Nord\Documents\Jabra\2026\Development\2027 ICASSP\data\URGENT2025_SQA_scaled\audio\urgent25_blind_test_fileid_000238.flac,urgent25_blind_test_fileid_000238,urgent25_blind_test_submission_808,3.375,urgent2025_sqa_scaled,2.4976584911346436,1.573248028755188,1.2850781679153442
C:\Users\rffela\OneDrive - GN Store Nord\Documents\Jabra\2026\Development\2027 ICASSP\data\URGENT2025_SQA_scaled\audio\urgent25_blind_test_fileid_000239.flac,urgent25_blind_test_fileid_000239,urgent25_blind_test_submission_808,4.0,urgent2025_sqa_scaled,3.353543758392334,4.604271411895752,2.6262924671173096
C:\Users\rffela\OneDrive - GN Store Nord\Documents\Jabra\2026\Development\2027 ICASSP\data\URGENT2025_SQA_scaled\audio\urgent25_blind_test_fileid_000270.flac,urgent25_blind_test_fileid_000270,urgent25_blind_test_submission_808,2.25,urgent2025_sqa_scaled,2.5828709602355957,2.862217664718628,1.3299293518066406
C:\Users\rffela\OneDrive - GN Store Nord\Documents\Jabra\2026\Development\2027 ICASSP\data\URGENT2025_SQA_scaled\audio\urgent25_blind_test_fileid_000345.flac,urgent25_blind_test_fileid_000345,urgent25_blind_test_submission_808,2.75,urgent2025_sqa_scaled,2.3239028453826904,3.5581724643707275,1.3423327207565308
C:\Users\rffela\OneDrive - GN Store Nord\Documents\Jabra\2026\Development\2027 ICASSP\data\URGENT2025_SQA_scaled\audio\urgent25_blind_test_fileid_000373.flac,urgent25_blind_test_fileid_000373,urgent25_blind_test_submission_808,2.25,urgent2025_sqa_scaled,3.093245267868042,2.668412923812866,1.338995337486267
C:\Users\rffela\OneDrive - GN Store Nord\Documents\Jabra\2026\Development\2027 ICASSP\data\URGENT2025_SQA_scaled\audio\urgent25_blind_test_fileid_000531.flac,urgent25_blind_test_fileid_000531,urgent25_blind_test_submission_808,2.5,urgent2025_sqa_scaled,2.9279284477233887,2.637097120285034,1.286583662033081
C:\Users\rffela\OneDrive - GN Store Nord\Documents\Jabra\2026\Development\2027 ICASSP\data\URGENT2025_SQA_scaled\audio\urgent25_blind_test_fileid_000618.flac,urgent25_blind_test_fileid_000618,urgent25_blind_test_submission_808,1.375,urgent2025_sqa_scaled,3.10758638381958,2.0189549922943115,1.605371117591858
C:\Users\rffela\OneDrive - GN Store Nord\Documents\Jabra\2026\Development\2027 ICASSP\data\URGENT2025_SQA_scaled\audio\urgent25_blind_test_fileid_000668.flac,urgent25_blind_test_fileid_000668,urgent25_blind_test_submission_808,3.25,urgent2025_sqa_scaled,2.7850139141082764,3.781421661376953,2.8166298866271973
C:\Users\rffela\OneDrive - GN Store Nord\Documents\Jabra\2026\Development\2027 ICASSP\data\URGENT2025_SQA_scaled\audio\urgent25_blind_test_fileid_000748.flac,urgent25_blind_test_fileid_000748,urgent25_blind_test_submission_808,3.75,urgent2025_sqa_scaled,3.099761962890625,4.027560234069824,2.471376895904541
C:\Users\rffela\OneDrive - GN Store Nord\Documents\Jabra\2026\Development\2027 ICASSP\data\URGENT2025_SQA_scaled\audio\urgent25_blind_test_fileid_000762.flac,urgent25_blind_test_fileid_000762,urgent25_blind_test_submission_808,3.125,urgent2025_sqa_scaled,2.450733184814453,2.0707478523254395,1.404691219329834
C:\Users\rffela\OneDrive - GN Store Nord\Documents\Jabra\2026\Development\2027 ICASSP\data\URGENT2025_SQA_scaled\audio\urgent25_blind_test_fileid_000772.flac,urgent25_blind_test_fileid_000772,urgent25_blind_test_submission_808,4.25,urgent2025_sqa_scaled,3.10870361328125,2.317417621612549,1.7893879413604736
C:\Users\rffela\OneDrive - GN Store Nord\Documents\Jabra\2026\Development\2027 ICASSP\data\URGENT2025_SQA_scaled\audio\urgent25_blind_test_fileid_000884.flac,urgent25_blind_test_fileid_000884,urgent25_blind_test_submission_808,2.375,urgent2025_sqa_scaled,2.7936410903930664,3.413917303085327,1.8446248769760132
C:\Users\rffela\OneDrive - GN Store Nord\Documents\Jabra\2026\Development\2027 ICASSP\data\URGENT2025_SQA_scaled\audio\urgent25_blind_test_fileid_000029.flac,urgent25_blind_test_fileid_000029,urgent25_blind_test_submission_809,2.5,urgent2025_sqa_scaled,3.05631160736084,2.2088561058044434,1.358039379119873
C:\Users\rffela\OneDrive - GN Store Nord\Documents\Jabra\2026\Development\2027 ICASSP\data\URGENT2025_SQA_scaled\audio\urgent25_blind_test_fileid_000178.flac,urgent25_blind_test_fileid_000178,urgent25_blind_test_submission_809,1.5,urgent2025_sqa_scaled,1.7682174444198608,1.8951926231384277,1.2240720987319946
C:\Users\rffela\OneDrive - GN Store Nord\Documents\Jabra\2026\Development\2027 ICASSP\data\URGENT2025_SQA_scaled\audio\urgent25_blind_test_fileid_000238.flac,urgent25_blind_test_fileid_000238,urgent25_blind_test_submission_809,2.25,urgent2025_sqa_scaled,2.528951406478882,2.164797067642212,1.2935339212417603
C:\Users\rffela\OneDrive - GN Store Nord\Documents\Jabra\2026\Development\2027 ICASSP\data\URGENT2025_SQA_scaled\audio\urgent25_blind_test_fileid_000239.flac,urgent25_blind_test_fileid_000239,urgent25_blind_test_submission_809,4.125,urgent2025_sqa_scaled,3.0051698684692383,4.2004289627075195,2.8258543014526367
C:\Users\rffela\OneDrive - GN Store Nord\Documents\Jabra\2026\Development\2027 ICASSP\data\URGENT2025_SQA_scaled\audio\urgent25_blind_test_fileid_000270.flac,urgent25_blind_test_fileid_000270,urgent25_blind_test_submission_809,2.375,urgent2025_sqa_scaled,2.739048957824707,2.6913955211639404,1.3226300477981567
C:\Users\rffela\OneDrive - GN Store Nord\Documents\Jabra\2026\Development\2027 ICASSP\data\URGENT2025_SQA_scaled\audio\urgent25_blind_test_fileid_000345.flac,urgent25_blind_test_fileid_000345,urgent25_blind_test_submission_809,1.75,urgent2025_sqa_scaled,2.452622652053833,2.0608785152435303,1.3375699520111084
C:\Users\rffela\OneDrive - GN Store Nord\Documents\Jabra\2026\Development\2027 ICASSP\data\URGENT2025_SQA_scaled\audio\urgent25_blind_test_fileid_000373.flac,urgent25_blind_test_fileid_000373,urgent25_blind_test_submission_809,2.875,urgent2025_sqa_scaled,3.205841302871704,1.9761496782302856,1.3333088159561157
C:\Users\rffela\OneDrive - GN Store Nord\Documents\Jabra\2026\Development\2027 ICASSP\data\URGENT2025_SQA_scaled\audio\urgent25_blind_test_fileid_000531.flac,urgent25_blind_test_fileid_000531,urgent25_blind_test_submission_809,1.125,urgent2025_sqa_scaled,2.697233200073242,3.0468952655792236,1.2568286657333374
C:\Users\rffela\OneDrive - GN Store Nord\Documents\Jabra\2026\Development\2027 ICASSP\data\URGENT2025_SQA_scaled\audio\urgent25_blind_test_fileid_000618.flac,urgent25_blind_test_fileid_000618,urgent25_blind_test_submission_809,1.5,urgent2025_sqa_scaled,2.9477577209472656,1.7999382019042969,1.5309855937957764
C:\Users\rffela\OneDrive - GN Store Nord\Documents\Jabra\2026\Development\2027 ICASSP\data\URGENT2025_SQA_scaled\audio\urgent25_blind_test_fileid_000668.flac,urgent25_blind_test_fileid_000668,urgent25_blind_test_submission_809,3.375,urgent2025_sqa_scaled,2.714174747467041,3.8863861560821533,3.122421979904175
C:\Users\rffela\OneDrive - GN Store Nord\Documents\Jabra\2026\Development\2027 ICASSP\data\URGENT2025_SQA_scaled\audio\urgent25_blind_test_fileid_000748.flac,urgent25_blind_test_fileid_000748,urgent25_blind_test_submission_809,3.625,urgent2025_sqa_scaled,3.0812602043151855,2.954195261001587,2.691741466522217
C:\Users\rffela\OneDrive - GN Store Nord\Documents\Jabra\2026\Development\2027 ICASSP\data\URGENT2025_SQA_scaled\audio\urgent25_blind_test_fileid_000762.flac,urgent25_blind_test_fileid_000762,urgent25_blind_test_submission_809,1.5,urgent2025_sqa_scaled,2.7782158851623535,1.8744029998779297,1.3050912618637085
C:\Users\rffela\OneDrive - GN Store Nord\Documents\Jabra\2026\Development\2027 ICASSP\data\URGENT2025_SQA_scaled\audio\urgent25_blind_test_fileid_000772.flac,urgent25_blind_test_fileid_000772,urgent25_blind_test_submission_809,4.0,urgent2025_sqa_scaled,3.0370383262634277,3.045640468597412,1.8483660221099854
C:\Users\rffela\OneDrive - GN Store Nord\Documents\Jabra\2026\Development\2027 ICASSP\data\URGENT2025_SQA_scaled\audio\urgent25_blind_test_fileid_000884.flac,urgent25_blind_test_fileid_000884,urgent25_blind_test_submission_809,2.75,urgent2025_sqa_scaled,2.821335792541504,2.9399545192718506,2.122941017150879
